[4.389s] DEBUG:colcon:Command line arguments: ['/usr/bin/colcon', 'build', '--symlink-install', '--event-handlers', 'console_cohesion+', '--cmake-args', '-DPython3_EXECUTABLE=/usr/bin/python3', '-DPYTHON_EXECUTABLE=/usr/bin/python3', '-DWITH_PTCS_USE=OFF']
[4.389s] DEBUG:colcon:Parsed command line arguments: Namespace(allow_overriding=[], ament_cmake_args=None, base_paths=['.'], build_base='build', catkin_cmake_args=None, catkin_skip_building_tests=False, cmake_args=['-DPython3_EXECUTABLE=/usr/bin/python3', '-DPYTHON_EXECUTABLE=/usr/bin/python3', '-DWITH_PTCS_USE=OFF'], cmake_clean_cache=False, cmake_clean_first=False, cmake_force_configure=False, cmake_target=None, cmake_target_skip_unavailable=False, continue_on_error=False, event_handlers=['console_cohesion+'], executor='parallel', ignore_user_meta=False, install_base='install', log_base=None, log_level=None, main=<bound method BuildVerb.main of <colcon_core.verb.build.BuildVerb object at 0xffff8b7a20a0>>, merge_install=False, metas=['./colcon.meta'], packages_above=None, packages_above_and_dependencies=None, packages_above_depth=None, packages_end=None, packages_ignore=None, packages_ignore_regex=None, packages_select=None, packages_select_build_failed=False, packages_select_by_dep=None, packages_select_regex=None, packages_select_test_failures=False, packages_skip=None, packages_skip_build_finished=False, packages_skip_by_dep=None, packages_skip_regex=None, packages_skip_test_passed=False, packages_skip_up_to=None, packages_start=None, packages_up_to=None, packages_up_to_regex=None, parallel_workers=4, paths=None, symlink_install=True, test_result_base=None, verb_extension=<colcon_core.verb.build.BuildVerb object at 0xffff8b7a20a0>, verb_name='build', verb_parser=<colcon_defaults.argument_parser.defaults.DefaultArgumentsDecorator object at 0xffff8b5c9cd0>)
[4.580s] Level 1:colcon.colcon_core.package_discovery:discover_packages(colcon_meta) check parameters
[4.581s] Level 1:colcon.colcon_core.package_discovery:discover_packages(recursive) check parameters
[4.581s] Level 1:colcon.colcon_core.package_discovery:discover_packages(ignore) check parameters
[4.581s] Level 1:colcon.colcon_core.package_discovery:discover_packages(path) check parameters
[4.581s] Level 1:colcon.colcon_core.package_discovery:discover_packages(colcon_meta) discover
[4.581s] Level 1:colcon.colcon_core.package_discovery:discover_packages(recursive) discover
[4.581s] INFO:colcon.colcon_core.package_discovery:Crawling recursively for packages in '/home/unitree/robotscene/ros2_ws'
[4.582s] Level 1:colcon.colcon_core.package_identification:_identify(.) by extensions ['ignore', 'ignore_ament_install']
[4.582s] Level 1:colcon.colcon_core.package_identification:_identify(.) by extension 'ignore'
[4.582s] Level 1:colcon.colcon_core.package_identification:_identify(.) by extension 'ignore_ament_install'
[4.582s] Level 1:colcon.colcon_core.package_identification:_identify(.) by extensions ['colcon_pkg']
[4.582s] Level 1:colcon.colcon_core.package_identification:_identify(.) by extension 'colcon_pkg'
[4.582s] Level 1:colcon.colcon_core.package_identification:_identify(.) by extensions ['colcon_meta']
[4.582s] Level 1:colcon.colcon_core.package_identification:_identify(.) by extension 'colcon_meta'
[4.583s] Level 1:colcon.colcon_core.package_identification:_identify(.) by extensions ['ros']
[4.583s] Level 1:colcon.colcon_core.package_identification:_identify(.) by extension 'ros'
[4.606s] Level 1:colcon.colcon_core.package_identification:_identify(.) by extensions ['cmake', 'python']
[4.606s] Level 1:colcon.colcon_core.package_identification:_identify(.) by extension 'cmake'
[4.607s] Level 1:colcon.colcon_core.package_identification:_identify(.) by extension 'python'
[4.607s] Level 1:colcon.colcon_core.package_identification:_identify(.) by extensions ['python_setup_py']
[4.607s] Level 1:colcon.colcon_core.package_identification:_identify(.) by extension 'python_setup_py'
[4.607s] Level 1:colcon.colcon_core.package_identification:_identify(build) by extensions ['ignore', 'ignore_ament_install']
[4.607s] Level 1:colcon.colcon_core.package_identification:_identify(build) by extension 'ignore'
[4.607s] Level 1:colcon.colcon_core.package_identification:_identify(build) ignored
[4.608s] Level 1:colcon.colcon_core.package_identification:_identify(install) by extensions ['ignore', 'ignore_ament_install']
[4.608s] Level 1:colcon.colcon_core.package_identification:_identify(install) by extension 'ignore'
[4.608s] Level 1:colcon.colcon_core.package_identification:_identify(install) ignored
[4.608s] Level 1:colcon.colcon_core.package_identification:_identify(log) by extensions ['ignore', 'ignore_ament_install']
[4.608s] Level 1:colcon.colcon_core.package_identification:_identify(log) by extension 'ignore'
[4.608s] Level 1:colcon.colcon_core.package_identification:_identify(log) ignored
[4.609s] Level 1:colcon.colcon_core.package_identification:_identify(src) by extensions ['ignore', 'ignore_ament_install']
[4.609s] Level 1:colcon.colcon_core.package_identification:_identify(src) by extension 'ignore'
[4.609s] Level 1:colcon.colcon_core.package_identification:_identify(src) by extension 'ignore_ament_install'
[4.609s] Level 1:colcon.colcon_core.package_identification:_identify(src) by extensions ['colcon_pkg']
[4.609s] Level 1:colcon.colcon_core.package_identification:_identify(src) by extension 'colcon_pkg'
[4.609s] Level 1:colcon.colcon_core.package_identification:_identify(src) by extensions ['colcon_meta']
[4.609s] Level 1:colcon.colcon_core.package_identification:_identify(src) by extension 'colcon_meta'
[4.609s] Level 1:colcon.colcon_core.package_identification:_identify(src) by extensions ['ros']
[4.609s] Level 1:colcon.colcon_core.package_identification:_identify(src) by extension 'ros'
[4.610s] Level 1:colcon.colcon_core.package_identification:_identify(src) by extensions ['cmake', 'python']
[4.610s] Level 1:colcon.colcon_core.package_identification:_identify(src) by extension 'cmake'
[4.610s] Level 1:colcon.colcon_core.package_identification:_identify(src) by extension 'python'
[4.610s] Level 1:colcon.colcon_core.package_identification:_identify(src) by extensions ['python_setup_py']
[4.610s] Level 1:colcon.colcon_core.package_identification:_identify(src) by extension 'python_setup_py'
[4.610s] Level 1:colcon.colcon_core.package_identification:_identify(src/go2w_camera_bridge) by extensions ['ignore', 'ignore_ament_install']
[4.611s] Level 1:colcon.colcon_core.package_identification:_identify(src/go2w_camera_bridge) by extension 'ignore'
[4.611s] Level 1:colcon.colcon_core.package_identification:_identify(src/go2w_camera_bridge) by extension 'ignore_ament_install'
[4.611s] Level 1:colcon.colcon_core.package_identification:_identify(src/go2w_camera_bridge) by extensions ['colcon_pkg']
[4.611s] Level 1:colcon.colcon_core.package_identification:_identify(src/go2w_camera_bridge) by extension 'colcon_pkg'
[4.611s] Level 1:colcon.colcon_core.package_identification:_identify(src/go2w_camera_bridge) by extensions ['colcon_meta']
[4.611s] Level 1:colcon.colcon_core.package_identification:_identify(src/go2w_camera_bridge) by extension 'colcon_meta'
[4.611s] Level 1:colcon.colcon_core.package_identification:_identify(src/go2w_camera_bridge) by extensions ['ros']
[4.611s] Level 1:colcon.colcon_core.package_identification:_identify(src/go2w_camera_bridge) by extension 'ros'
[4.617s] DEBUG:colcon.colcon_core.package_identification:Package 'src/go2w_camera_bridge' with type 'ros.ament_python' and name 'go2w_camera_bridge'
[4.618s] Level 1:colcon.colcon_core.package_identification:_identify(src/go2w_cmd_vel_bridge) by extensions ['ignore', 'ignore_ament_install']
[4.618s] Level 1:colcon.colcon_core.package_identification:_identify(src/go2w_cmd_vel_bridge) by extension 'ignore'
[4.618s] Level 1:colcon.colcon_core.package_identification:_identify(src/go2w_cmd_vel_bridge) by extension 'ignore_ament_install'
[4.618s] Level 1:colcon.colcon_core.package_identification:_identify(src/go2w_cmd_vel_bridge) by extensions ['colcon_pkg']
[4.618s] Level 1:colcon.colcon_core.package_identification:_identify(src/go2w_cmd_vel_bridge) by extension 'colcon_pkg'
[4.618s] Level 1:colcon.colcon_core.package_identification:_identify(src/go2w_cmd_vel_bridge) by extensions ['colcon_meta']
[4.618s] Level 1:colcon.colcon_core.package_identification:_identify(src/go2w_cmd_vel_bridge) by extension 'colcon_meta'
[4.619s] Level 1:colcon.colcon_core.package_identification:_identify(src/go2w_cmd_vel_bridge) by extensions ['ros']
[4.619s] Level 1:colcon.colcon_core.package_identification:_identify(src/go2w_cmd_vel_bridge) by extension 'ros'
[4.620s] DEBUG:colcon.colcon_core.package_identification:Package 'src/go2w_cmd_vel_bridge' with type 'ros.ament_python' and name 'go2w_cmd_vel_bridge'
[4.620s] Level 1:colcon.colcon_core.package_identification:_identify(src/go2w_control_arbiter) by extensions ['ignore', 'ignore_ament_install']
[4.620s] Level 1:colcon.colcon_core.package_identification:_identify(src/go2w_control_arbiter) by extension 'ignore'
[4.620s] Level 1:colcon.colcon_core.package_identification:_identify(src/go2w_control_arbiter) by extension 'ignore_ament_install'
[4.620s] Level 1:colcon.colcon_core.package_identification:_identify(src/go2w_control_arbiter) by extensions ['colcon_pkg']
[4.621s] Level 1:colcon.colcon_core.package_identification:_identify(src/go2w_control_arbiter) by extension 'colcon_pkg'
[4.621s] Level 1:colcon.colcon_core.package_identification:_identify(src/go2w_control_arbiter) by extensions ['colcon_meta']
[4.621s] Level 1:colcon.colcon_core.package_identification:_identify(src/go2w_control_arbiter) by extension 'colcon_meta'
[4.621s] Level 1:colcon.colcon_core.package_identification:_identify(src/go2w_control_arbiter) by extensions ['ros']
[4.621s] Level 1:colcon.colcon_core.package_identification:_identify(src/go2w_control_arbiter) by extension 'ros'
[4.622s] DEBUG:colcon.colcon_core.package_identification:Package 'src/go2w_control_arbiter' with type 'ros.ament_python' and name 'go2w_control_arbiter'
[4.622s] Level 1:colcon.colcon_core.package_identification:_identify(src/go2w_description) by extensions ['ignore', 'ignore_ament_install']
[4.622s] Level 1:colcon.colcon_core.package_identification:_identify(src/go2w_description) by extension 'ignore'
[4.622s] Level 1:colcon.colcon_core.package_identification:_identify(src/go2w_description) by extension 'ignore_ament_install'
[4.622s] Level 1:colcon.colcon_core.package_identification:_identify(src/go2w_description) by extensions ['colcon_pkg']
[4.622s] Level 1:colcon.colcon_core.package_identification:_identify(src/go2w_description) by extension 'colcon_pkg'
[4.622s] Level 1:colcon.colcon_core.package_identification:_identify(src/go2w_description) by extensions ['colcon_meta']
[4.623s] Level 1:colcon.colcon_core.package_identification:_identify(src/go2w_description) by extension 'colcon_meta'
[4.623s] Level 1:colcon.colcon_core.package_identification:_identify(src/go2w_description) by extensions ['ros']
[4.623s] Level 1:colcon.colcon_core.package_identification:_identify(src/go2w_description) by extension 'ros'
[4.624s] DEBUG:colcon.colcon_core.package_identification:Package 'src/go2w_description' with type 'ros.ament_python' and name 'go2w_description'
[4.624s] Level 1:colcon.colcon_core.package_identification:_identify(src/go2w_lidar_preprocessor) by extensions ['ignore', 'ignore_ament_install']
[4.624s] Level 1:colcon.colcon_core.package_identification:_identify(src/go2w_lidar_preprocessor) by extension 'ignore'
[4.624s] Level 1:colcon.colcon_core.package_identification:_identify(src/go2w_lidar_preprocessor) by extension 'ignore_ament_install'
[4.624s] Level 1:colcon.colcon_core.package_identification:_identify(src/go2w_lidar_preprocessor) by extensions ['colcon_pkg']
[4.624s] Level 1:colcon.colcon_core.package_identification:_identify(src/go2w_lidar_preprocessor) by extension 'colcon_pkg'
[4.624s] Level 1:colcon.colcon_core.package_identification:_identify(src/go2w_lidar_preprocessor) by extensions ['colcon_meta']
[4.625s] Level 1:colcon.colcon_core.package_identification:_identify(src/go2w_lidar_preprocessor) by extension 'colcon_meta'
[4.625s] Level 1:colcon.colcon_core.package_identification:_identify(src/go2w_lidar_preprocessor) by extensions ['ros']
[4.625s] Level 1:colcon.colcon_core.package_identification:_identify(src/go2w_lidar_preprocessor) by extension 'ros'
[4.626s] DEBUG:colcon.colcon_core.package_identification:Package 'src/go2w_lidar_preprocessor' with type 'ros.ament_python' and name 'go2w_lidar_preprocessor'
[4.626s] Level 1:colcon.colcon_core.package_identification:_identify(src/go2w_lio_bringup) by extensions ['ignore', 'ignore_ament_install']
[4.626s] Level 1:colcon.colcon_core.package_identification:_identify(src/go2w_lio_bringup) by extension 'ignore'
[4.626s] Level 1:colcon.colcon_core.package_identification:_identify(src/go2w_lio_bringup) by extension 'ignore_ament_install'
[4.626s] Level 1:colcon.colcon_core.package_identification:_identify(src/go2w_lio_bringup) by extensions ['colcon_pkg']
[4.626s] Level 1:colcon.colcon_core.package_identification:_identify(src/go2w_lio_bringup) by extension 'colcon_pkg'
[4.626s] Level 1:colcon.colcon_core.package_identification:_identify(src/go2w_lio_bringup) by extensions ['colcon_meta']
[4.626s] Level 1:colcon.colcon_core.package_identification:_identify(src/go2w_lio_bringup) by extension 'colcon_meta'
[4.627s] Level 1:colcon.colcon_core.package_identification:_identify(src/go2w_lio_bringup) by extensions ['ros']
[4.627s] Level 1:colcon.colcon_core.package_identification:_identify(src/go2w_lio_bringup) by extension 'ros'
[4.628s] DEBUG:colcon.colcon_core.package_identification:Package 'src/go2w_lio_bringup' with type 'ros.ament_python' and name 'go2w_lio_bringup'
[4.628s] Level 1:colcon.colcon_core.package_identification:_identify(src/go2w_rgb_lidar_fusion) by extensions ['ignore', 'ignore_ament_install']
[4.628s] Level 1:colcon.colcon_core.package_identification:_identify(src/go2w_rgb_lidar_fusion) by extension 'ignore'
[4.628s] Level 1:colcon.colcon_core.package_identification:_identify(src/go2w_rgb_lidar_fusion) by extension 'ignore_ament_install'
[4.628s] Level 1:colcon.colcon_core.package_identification:_identify(src/go2w_rgb_lidar_fusion) by extensions ['colcon_pkg']
[4.629s] Level 1:colcon.colcon_core.package_identification:_identify(src/go2w_rgb_lidar_fusion) by extension 'colcon_pkg'
[4.629s] Level 1:colcon.colcon_core.package_identification:_identify(src/go2w_rgb_lidar_fusion) by extensions ['colcon_meta']
[4.629s] Level 1:colcon.colcon_core.package_identification:_identify(src/go2w_rgb_lidar_fusion) by extension 'colcon_meta'
[4.629s] Level 1:colcon.colcon_core.package_identification:_identify(src/go2w_rgb_lidar_fusion) by extensions ['ros']
[4.629s] Level 1:colcon.colcon_core.package_identification:_identify(src/go2w_rgb_lidar_fusion) by extension 'ros'
[4.630s] DEBUG:colcon.colcon_core.package_identification:Package 'src/go2w_rgb_lidar_fusion' with type 'ros.ament_python' and name 'go2w_rgb_lidar_fusion'
[4.630s] Level 1:colcon.colcon_core.package_identification:_identify(src/go2w_sensor_time_bridge) by extensions ['ignore', 'ignore_ament_install']
[4.630s] Level 1:colcon.colcon_core.package_identification:_identify(src/go2w_sensor_time_bridge) by extension 'ignore'
[4.631s] Level 1:colcon.colcon_core.package_identification:_identify(src/go2w_sensor_time_bridge) by extension 'ignore_ament_install'
[4.631s] Level 1:colcon.colcon_core.package_identification:_identify(src/go2w_sensor_time_bridge) by extensions ['colcon_pkg']
[4.631s] Level 1:colcon.colcon_core.package_identification:_identify(src/go2w_sensor_time_bridge) by extension 'colcon_pkg'
[4.631s] Level 1:colcon.colcon_core.package_identification:_identify(src/go2w_sensor_time_bridge) by extensions ['colcon_meta']
[4.631s] Level 1:colcon.colcon_core.package_identification:_identify(src/go2w_sensor_time_bridge) by extension 'colcon_meta'
[4.631s] Level 1:colcon.colcon_core.package_identification:_identify(src/go2w_sensor_time_bridge) by extensions ['ros']
[4.631s] Level 1:colcon.colcon_core.package_identification:_identify(src/go2w_sensor_time_bridge) by extension 'ros'
[4.632s] DEBUG:colcon.colcon_core.package_identification:Package 'src/go2w_sensor_time_bridge' with type 'ros.ament_python' and name 'go2w_sensor_time_bridge'
[4.632s] Level 1:colcon.colcon_core.package_identification:_identify(src/hesai_ros_driver) by extensions ['ignore', 'ignore_ament_install']
[4.632s] Level 1:colcon.colcon_core.package_identification:_identify(src/hesai_ros_driver) by extension 'ignore'
[4.633s] Level 1:colcon.colcon_core.package_identification:_identify(src/hesai_ros_driver) by extension 'ignore_ament_install'
[4.633s] Level 1:colcon.colcon_core.package_identification:_identify(src/hesai_ros_driver) by extensions ['colcon_pkg']
[4.633s] Level 1:colcon.colcon_core.package_identification:_identify(src/hesai_ros_driver) by extension 'colcon_pkg'
[4.633s] Level 1:colcon.colcon_core.package_identification:_identify(src/hesai_ros_driver) by extensions ['colcon_meta']
[4.633s] Level 1:colcon.colcon_core.package_identification:_identify(src/hesai_ros_driver) by extension 'colcon_meta'
[4.633s] Level 1:colcon.colcon_core.package_identification:_identify(src/hesai_ros_driver) by extensions ['ros']
[4.633s] Level 1:colcon.colcon_core.package_identification:_identify(src/hesai_ros_driver) by extension 'ros'
[4.652s] DEBUG:colcon.colcon_core.package_identification:Package 'src/hesai_ros_driver' with type 'ros.ament_cmake' and name 'hesai_ros_driver'
[4.652s] Level 1:colcon.colcon_core.package_identification:_identify(src/robot_scene_live_bridge) by extensions ['ignore', 'ignore_ament_install']
[4.653s] Level 1:colcon.colcon_core.package_identification:_identify(src/robot_scene_live_bridge) by extension 'ignore'
[4.653s] Level 1:colcon.colcon_core.package_identification:_identify(src/robot_scene_live_bridge) by extension 'ignore_ament_install'
[4.653s] Level 1:colcon.colcon_core.package_identification:_identify(src/robot_scene_live_bridge) by extensions ['colcon_pkg']
[4.653s] Level 1:colcon.colcon_core.package_identification:_identify(src/robot_scene_live_bridge) by extension 'colcon_pkg'
[4.653s] Level 1:colcon.colcon_core.package_identification:_identify(src/robot_scene_live_bridge) by extensions ['colcon_meta']
[4.653s] Level 1:colcon.colcon_core.package_identification:_identify(src/robot_scene_live_bridge) by extension 'colcon_meta'
[4.653s] Level 1:colcon.colcon_core.package_identification:_identify(src/robot_scene_live_bridge) by extensions ['ros']
[4.653s] Level 1:colcon.colcon_core.package_identification:_identify(src/robot_scene_live_bridge) by extension 'ros'
[4.655s] DEBUG:colcon.colcon_core.package_identification:Package 'src/robot_scene_live_bridge' with type 'ros.ament_python' and name 'robot_scene_live_bridge'
[4.655s] Level 1:colcon.colcon_core.package_identification:_identify(src/robot_scene_nav_bringup) by extensions ['ignore', 'ignore_ament_install']
[4.655s] Level 1:colcon.colcon_core.package_identification:_identify(src/robot_scene_nav_bringup) by extension 'ignore'
[4.655s] Level 1:colcon.colcon_core.package_identification:_identify(src/robot_scene_nav_bringup) by extension 'ignore_ament_install'
[4.655s] Level 1:colcon.colcon_core.package_identification:_identify(src/robot_scene_nav_bringup) by extensions ['colcon_pkg']
[4.655s] Level 1:colcon.colcon_core.package_identification:_identify(src/robot_scene_nav_bringup) by extension 'colcon_pkg'
[4.655s] Level 1:colcon.colcon_core.package_identification:_identify(src/robot_scene_nav_bringup) by extensions ['colcon_meta']
[4.656s] Level 1:colcon.colcon_core.package_identification:_identify(src/robot_scene_nav_bringup) by extension 'colcon_meta'
[4.656s] Level 1:colcon.colcon_core.package_identification:_identify(src/robot_scene_nav_bringup) by extensions ['ros']
[4.656s] Level 1:colcon.colcon_core.package_identification:_identify(src/robot_scene_nav_bringup) by extension 'ros'
[4.657s] DEBUG:colcon.colcon_core.package_identification:Package 'src/robot_scene_nav_bringup' with type 'ros.ament_cmake' and name 'robot_scene_nav_bringup'
[4.657s] Level 1:colcon.colcon_core.package_discovery:discover_packages(recursive) using defaults
[4.657s] Level 1:colcon.colcon_core.package_discovery:discover_packages(ignore) discover
[4.657s] Level 1:colcon.colcon_core.package_discovery:discover_packages(ignore) using defaults
[4.657s] Level 1:colcon.colcon_core.package_discovery:discover_packages(path) discover
[4.657s] Level 1:colcon.colcon_core.package_discovery:discover_packages(path) using defaults
[5.088s] Level 1:colcon.colcon_core.package_discovery:discover_packages(prefix_path) check parameters
[5.088s] Level 1:colcon.colcon_core.package_discovery:discover_packages(prefix_path) discover
[5.238s] DEBUG:colcon.colcon_installed_package_information.package_discovery:Found 2 installed packages in /home/unitree/robotscene/unitree_go2w_control/ros2_ws/install
[5.310s] DEBUG:colcon.colcon_installed_package_information.package_discovery:Found 3 installed packages in /home/unitree/robotscene/external/unitree_ros2/cyclonedds_ws/install
[5.385s] DEBUG:colcon.colcon_installed_package_information.package_discovery:Found 297 installed packages in /opt/ros/humble
[5.388s] Level 1:colcon.colcon_core.package_discovery:discover_packages(prefix_path) using defaults
[5.678s] Level 5:colcon.colcon_core.verb:set package 'go2w_camera_bridge' build argument 'cmake_args' from command line to '['-DPython3_EXECUTABLE=/usr/bin/python3', '-DPYTHON_EXECUTABLE=/usr/bin/python3', '-DWITH_PTCS_USE=OFF']'
[5.678s] Level 5:colcon.colcon_core.verb:set package 'go2w_camera_bridge' build argument 'cmake_target' from command line to 'None'
[5.679s] Level 5:colcon.colcon_core.verb:set package 'go2w_camera_bridge' build argument 'cmake_target_skip_unavailable' from command line to 'False'
[5.679s] Level 5:colcon.colcon_core.verb:set package 'go2w_camera_bridge' build argument 'cmake_clean_cache' from command line to 'False'
[5.679s] Level 5:colcon.colcon_core.verb:set package 'go2w_camera_bridge' build argument 'cmake_clean_first' from command line to 'False'
[5.679s] Level 5:colcon.colcon_core.verb:set package 'go2w_camera_bridge' build argument 'cmake_force_configure' from command line to 'False'
[5.679s] Level 5:colcon.colcon_core.verb:set package 'go2w_camera_bridge' build argument 'ament_cmake_args' from command line to 'None'
[5.679s] Level 5:colcon.colcon_core.verb:set package 'go2w_camera_bridge' build argument 'catkin_cmake_args' from command line to 'None'
[5.679s] Level 5:colcon.colcon_core.verb:set package 'go2w_camera_bridge' build argument 'catkin_skip_building_tests' from command line to 'False'
[5.679s] DEBUG:colcon.colcon_core.verb:Building package 'go2w_camera_bridge' with the following arguments: {'ament_cmake_args': None, 'build_base': '/home/unitree/robotscene/ros2_ws/build/go2w_camera_bridge', 'catkin_cmake_args': None, 'catkin_skip_building_tests': False, 'cmake_args': ['-DPython3_EXECUTABLE=/usr/bin/python3', '-DPYTHON_EXECUTABLE=/usr/bin/python3', '-DWITH_PTCS_USE=OFF'], 'cmake_clean_cache': False, 'cmake_clean_first': False, 'cmake_force_configure': False, 'cmake_target': None, 'cmake_target_skip_unavailable': False, 'install_base': '/home/unitree/robotscene/ros2_ws/install/go2w_camera_bridge', 'merge_install': False, 'path': '/home/unitree/robotscene/ros2_ws/src/go2w_camera_bridge', 'symlink_install': True, 'test_result_base': None}
[5.794s] Level 5:colcon.colcon_core.verb:set package 'go2w_cmd_vel_bridge' build argument 'cmake_args' from command line to '['-DPython3_EXECUTABLE=/usr/bin/python3', '-DPYTHON_EXECUTABLE=/usr/bin/python3', '-DWITH_PTCS_USE=OFF']'
[5.794s] Level 5:colcon.colcon_core.verb:set package 'go2w_cmd_vel_bridge' build argument 'cmake_target' from command line to 'None'
[5.794s] Level 5:colcon.colcon_core.verb:set package 'go2w_cmd_vel_bridge' build argument 'cmake_target_skip_unavailable' from command line to 'False'
[5.794s] Level 5:colcon.colcon_core.verb:set package 'go2w_cmd_vel_bridge' build argument 'cmake_clean_cache' from command line to 'False'
[5.794s] Level 5:colcon.colcon_core.verb:set package 'go2w_cmd_vel_bridge' build argument 'cmake_clean_first' from command line to 'False'
[5.794s] Level 5:colcon.colcon_core.verb:set package 'go2w_cmd_vel_bridge' build argument 'cmake_force_configure' from command line to 'False'
[5.794s] Level 5:colcon.colcon_core.verb:set package 'go2w_cmd_vel_bridge' build argument 'ament_cmake_args' from command line to 'None'
[5.795s] Level 5:colcon.colcon_core.verb:set package 'go2w_cmd_vel_bridge' build argument 'catkin_cmake_args' from command line to 'None'
[5.795s] Level 5:colcon.colcon_core.verb:set package 'go2w_cmd_vel_bridge' build argument 'catkin_skip_building_tests' from command line to 'False'
[5.795s] DEBUG:colcon.colcon_core.verb:Building package 'go2w_cmd_vel_bridge' with the following arguments: {'ament_cmake_args': None, 'build_base': '/home/unitree/robotscene/ros2_ws/build/go2w_cmd_vel_bridge', 'catkin_cmake_args': None, 'catkin_skip_building_tests': False, 'cmake_args': ['-DPython3_EXECUTABLE=/usr/bin/python3', '-DPYTHON_EXECUTABLE=/usr/bin/python3', '-DWITH_PTCS_USE=OFF'], 'cmake_clean_cache': False, 'cmake_clean_first': False, 'cmake_force_configure': False, 'cmake_target': None, 'cmake_target_skip_unavailable': False, 'install_base': '/home/unitree/robotscene/ros2_ws/install/go2w_cmd_vel_bridge', 'merge_install': False, 'path': '/home/unitree/robotscene/ros2_ws/src/go2w_cmd_vel_bridge', 'symlink_install': True, 'test_result_base': None}
[5.867s] Level 5:colcon.colcon_core.verb:set package 'go2w_control_arbiter' build argument 'cmake_args' from command line to '['-DPython3_EXECUTABLE=/usr/bin/python3', '-DPYTHON_EXECUTABLE=/usr/bin/python3', '-DWITH_PTCS_USE=OFF']'
[5.867s] Level 5:colcon.colcon_core.verb:set package 'go2w_control_arbiter' build argument 'cmake_target' from command line to 'None'
[5.867s] Level 5:colcon.colcon_core.verb:set package 'go2w_control_arbiter' build argument 'cmake_target_skip_unavailable' from command line to 'False'
[5.867s] Level 5:colcon.colcon_core.verb:set package 'go2w_control_arbiter' build argument 'cmake_clean_cache' from command line to 'False'
[5.867s] Level 5:colcon.colcon_core.verb:set package 'go2w_control_arbiter' build argument 'cmake_clean_first' from command line to 'False'
[5.867s] Level 5:colcon.colcon_core.verb:set package 'go2w_control_arbiter' build argument 'cmake_force_configure' from command line to 'False'
[5.867s] Level 5:colcon.colcon_core.verb:set package 'go2w_control_arbiter' build argument 'ament_cmake_args' from command line to 'None'
[5.867s] Level 5:colcon.colcon_core.verb:set package 'go2w_control_arbiter' build argument 'catkin_cmake_args' from command line to 'None'
[5.867s] Level 5:colcon.colcon_core.verb:set package 'go2w_control_arbiter' build argument 'catkin_skip_building_tests' from command line to 'False'
[5.867s] DEBUG:colcon.colcon_core.verb:Building package 'go2w_control_arbiter' with the following arguments: {'ament_cmake_args': None, 'build_base': '/home/unitree/robotscene/ros2_ws/build/go2w_control_arbiter', 'catkin_cmake_args': None, 'catkin_skip_building_tests': False, 'cmake_args': ['-DPython3_EXECUTABLE=/usr/bin/python3', '-DPYTHON_EXECUTABLE=/usr/bin/python3', '-DWITH_PTCS_USE=OFF'], 'cmake_clean_cache': False, 'cmake_clean_first': False, 'cmake_force_configure': False, 'cmake_target': None, 'cmake_target_skip_unavailable': False, 'install_base': '/home/unitree/robotscene/ros2_ws/install/go2w_control_arbiter', 'merge_install': False, 'path': '/home/unitree/robotscene/ros2_ws/src/go2w_control_arbiter', 'symlink_install': True, 'test_result_base': None}
[5.940s] Level 5:colcon.colcon_core.verb:set package 'go2w_description' build argument 'cmake_args' from command line to '['-DPython3_EXECUTABLE=/usr/bin/python3', '-DPYTHON_EXECUTABLE=/usr/bin/python3', '-DWITH_PTCS_USE=OFF']'
[5.940s] Level 5:colcon.colcon_core.verb:set package 'go2w_description' build argument 'cmake_target' from command line to 'None'
[5.940s] Level 5:colcon.colcon_core.verb:set package 'go2w_description' build argument 'cmake_target_skip_unavailable' from command line to 'False'
[5.940s] Level 5:colcon.colcon_core.verb:set package 'go2w_description' build argument 'cmake_clean_cache' from command line to 'False'
[5.940s] Level 5:colcon.colcon_core.verb:set package 'go2w_description' build argument 'cmake_clean_first' from command line to 'False'
[5.940s] Level 5:colcon.colcon_core.verb:set package 'go2w_description' build argument 'cmake_force_configure' from command line to 'False'
[5.940s] Level 5:colcon.colcon_core.verb:set package 'go2w_description' build argument 'ament_cmake_args' from command line to 'None'
[5.940s] Level 5:colcon.colcon_core.verb:set package 'go2w_description' build argument 'catkin_cmake_args' from command line to 'None'
[5.940s] Level 5:colcon.colcon_core.verb:set package 'go2w_description' build argument 'catkin_skip_building_tests' from command line to 'False'
[5.940s] DEBUG:colcon.colcon_core.verb:Building package 'go2w_description' with the following arguments: {'ament_cmake_args': None, 'build_base': '/home/unitree/robotscene/ros2_ws/build/go2w_description', 'catkin_cmake_args': None, 'catkin_skip_building_tests': False, 'cmake_args': ['-DPython3_EXECUTABLE=/usr/bin/python3', '-DPYTHON_EXECUTABLE=/usr/bin/python3', '-DWITH_PTCS_USE=OFF'], 'cmake_clean_cache': False, 'cmake_clean_first': False, 'cmake_force_configure': False, 'cmake_target': None, 'cmake_target_skip_unavailable': False, 'install_base': '/home/unitree/robotscene/ros2_ws/install/go2w_description', 'merge_install': False, 'path': '/home/unitree/robotscene/ros2_ws/src/go2w_description', 'symlink_install': True, 'test_result_base': None}
[6.012s] Level 5:colcon.colcon_core.verb:set package 'go2w_rgb_lidar_fusion' build argument 'cmake_args' from command line to '['-DPython3_EXECUTABLE=/usr/bin/python3', '-DPYTHON_EXECUTABLE=/usr/bin/python3', '-DWITH_PTCS_USE=OFF']'
[6.013s] Level 5:colcon.colcon_core.verb:set package 'go2w_rgb_lidar_fusion' build argument 'cmake_target' from command line to 'None'
[6.013s] Level 5:colcon.colcon_core.verb:set package 'go2w_rgb_lidar_fusion' build argument 'cmake_target_skip_unavailable' from command line to 'False'
[6.013s] Level 5:colcon.colcon_core.verb:set package 'go2w_rgb_lidar_fusion' build argument 'cmake_clean_cache' from command line to 'False'
[6.013s] Level 5:colcon.colcon_core.verb:set package 'go2w_rgb_lidar_fusion' build argument 'cmake_clean_first' from command line to 'False'
[6.013s] Level 5:colcon.colcon_core.verb:set package 'go2w_rgb_lidar_fusion' build argument 'cmake_force_configure' from command line to 'False'
[6.013s] Level 5:colcon.colcon_core.verb:set package 'go2w_rgb_lidar_fusion' build argument 'ament_cmake_args' from command line to 'None'
[6.013s] Level 5:colcon.colcon_core.verb:set package 'go2w_rgb_lidar_fusion' build argument 'catkin_cmake_args' from command line to 'None'
[6.013s] Level 5:colcon.colcon_core.verb:set package 'go2w_rgb_lidar_fusion' build argument 'catkin_skip_building_tests' from command line to 'False'
[6.013s] DEBUG:colcon.colcon_core.verb:Building package 'go2w_rgb_lidar_fusion' with the following arguments: {'ament_cmake_args': None, 'build_base': '/home/unitree/robotscene/ros2_ws/build/go2w_rgb_lidar_fusion', 'catkin_cmake_args': None, 'catkin_skip_building_tests': False, 'cmake_args': ['-DPython3_EXECUTABLE=/usr/bin/python3', '-DPYTHON_EXECUTABLE=/usr/bin/python3', '-DWITH_PTCS_USE=OFF'], 'cmake_clean_cache': False, 'cmake_clean_first': False, 'cmake_force_configure': False, 'cmake_target': None, 'cmake_target_skip_unavailable': False, 'install_base': '/home/unitree/robotscene/ros2_ws/install/go2w_rgb_lidar_fusion', 'merge_install': False, 'path': '/home/unitree/robotscene/ros2_ws/src/go2w_rgb_lidar_fusion', 'symlink_install': True, 'test_result_base': None}
[6.085s] Level 5:colcon.colcon_core.verb:set package 'go2w_sensor_time_bridge' build argument 'cmake_args' from command line to '['-DPython3_EXECUTABLE=/usr/bin/python3', '-DPYTHON_EXECUTABLE=/usr/bin/python3', '-DWITH_PTCS_USE=OFF']'
[6.085s] Level 5:colcon.colcon_core.verb:set package 'go2w_sensor_time_bridge' build argument 'cmake_target' from command line to 'None'
[6.085s] Level 5:colcon.colcon_core.verb:set package 'go2w_sensor_time_bridge' build argument 'cmake_target_skip_unavailable' from command line to 'False'
[6.085s] Level 5:colcon.colcon_core.verb:set package 'go2w_sensor_time_bridge' build argument 'cmake_clean_cache' from command line to 'False'
[6.085s] Level 5:colcon.colcon_core.verb:set package 'go2w_sensor_time_bridge' build argument 'cmake_clean_first' from command line to 'False'
[6.085s] Level 5:colcon.colcon_core.verb:set package 'go2w_sensor_time_bridge' build argument 'cmake_force_configure' from command line to 'False'
[6.085s] Level 5:colcon.colcon_core.verb:set package 'go2w_sensor_time_bridge' build argument 'ament_cmake_args' from command line to 'None'
[6.085s] Level 5:colcon.colcon_core.verb:set package 'go2w_sensor_time_bridge' build argument 'catkin_cmake_args' from command line to 'None'
[6.085s] Level 5:colcon.colcon_core.verb:set package 'go2w_sensor_time_bridge' build argument 'catkin_skip_building_tests' from command line to 'False'
[6.086s] DEBUG:colcon.colcon_core.verb:Building package 'go2w_sensor_time_bridge' with the following arguments: {'ament_cmake_args': None, 'build_base': '/home/unitree/robotscene/ros2_ws/build/go2w_sensor_time_bridge', 'catkin_cmake_args': None, 'catkin_skip_building_tests': False, 'cmake_args': ['-DPython3_EXECUTABLE=/usr/bin/python3', '-DPYTHON_EXECUTABLE=/usr/bin/python3', '-DWITH_PTCS_USE=OFF'], 'cmake_clean_cache': False, 'cmake_clean_first': False, 'cmake_force_configure': False, 'cmake_target': None, 'cmake_target_skip_unavailable': False, 'install_base': '/home/unitree/robotscene/ros2_ws/install/go2w_sensor_time_bridge', 'merge_install': False, 'path': '/home/unitree/robotscene/ros2_ws/src/go2w_sensor_time_bridge', 'symlink_install': True, 'test_result_base': None}
[6.157s] Level 5:colcon.colcon_core.verb:set package 'hesai_ros_driver' build argument 'cmake_args' from command line to '['-DPython3_EXECUTABLE=/usr/bin/python3', '-DPYTHON_EXECUTABLE=/usr/bin/python3', '-DWITH_PTCS_USE=OFF']'
[6.158s] Level 5:colcon.colcon_core.verb:set package 'hesai_ros_driver' build argument 'cmake_target' from command line to 'None'
[6.158s] Level 5:colcon.colcon_core.verb:set package 'hesai_ros_driver' build argument 'cmake_target_skip_unavailable' from command line to 'False'
[6.158s] Level 5:colcon.colcon_core.verb:set package 'hesai_ros_driver' build argument 'cmake_clean_cache' from command line to 'False'
[6.158s] Level 5:colcon.colcon_core.verb:set package 'hesai_ros_driver' build argument 'cmake_clean_first' from command line to 'False'
[6.158s] Level 5:colcon.colcon_core.verb:set package 'hesai_ros_driver' build argument 'cmake_force_configure' from command line to 'False'
[6.158s] Level 5:colcon.colcon_core.verb:set package 'hesai_ros_driver' build argument 'ament_cmake_args' from command line to 'None'
[6.158s] Level 5:colcon.colcon_core.verb:set package 'hesai_ros_driver' build argument 'catkin_cmake_args' from command line to 'None'
[6.158s] Level 5:colcon.colcon_core.verb:set package 'hesai_ros_driver' build argument 'catkin_skip_building_tests' from command line to 'False'
[6.158s] DEBUG:colcon.colcon_core.verb:Building package 'hesai_ros_driver' with the following arguments: {'ament_cmake_args': None, 'build_base': '/home/unitree/robotscene/ros2_ws/build/hesai_ros_driver', 'catkin_cmake_args': None, 'catkin_skip_building_tests': False, 'cmake_args': ['-DPython3_EXECUTABLE=/usr/bin/python3', '-DPYTHON_EXECUTABLE=/usr/bin/python3', '-DWITH_PTCS_USE=OFF'], 'cmake_clean_cache': False, 'cmake_clean_first': False, 'cmake_force_configure': False, 'cmake_target': None, 'cmake_target_skip_unavailable': False, 'install_base': '/home/unitree/robotscene/ros2_ws/install/hesai_ros_driver', 'merge_install': False, 'path': '/home/unitree/robotscene/ros2_ws/src/hesai_ros_driver', 'symlink_install': True, 'test_result_base': None}
[6.230s] Level 5:colcon.colcon_core.verb:set package 'robot_scene_live_bridge' build argument 'cmake_args' from command line to '['-DPython3_EXECUTABLE=/usr/bin/python3', '-DPYTHON_EXECUTABLE=/usr/bin/python3', '-DWITH_PTCS_USE=OFF']'
[6.230s] Level 5:colcon.colcon_core.verb:set package 'robot_scene_live_bridge' build argument 'cmake_target' from command line to 'None'
[6.230s] Level 5:colcon.colcon_core.verb:set package 'robot_scene_live_bridge' build argument 'cmake_target_skip_unavailable' from command line to 'False'
[6.230s] Level 5:colcon.colcon_core.verb:set package 'robot_scene_live_bridge' build argument 'cmake_clean_cache' from command line to 'False'
[6.230s] Level 5:colcon.colcon_core.verb:set package 'robot_scene_live_bridge' build argument 'cmake_clean_first' from command line to 'False'
[6.230s] Level 5:colcon.colcon_core.verb:set package 'robot_scene_live_bridge' build argument 'cmake_force_configure' from command line to 'False'
[6.230s] Level 5:colcon.colcon_core.verb:set package 'robot_scene_live_bridge' build argument 'ament_cmake_args' from command line to 'None'
[6.230s] Level 5:colcon.colcon_core.verb:set package 'robot_scene_live_bridge' build argument 'catkin_cmake_args' from command line to 'None'
[6.230s] Level 5:colcon.colcon_core.verb:set package 'robot_scene_live_bridge' build argument 'catkin_skip_building_tests' from command line to 'False'
[6.231s] DEBUG:colcon.colcon_core.verb:Building package 'robot_scene_live_bridge' with the following arguments: {'ament_cmake_args': None, 'build_base': '/home/unitree/robotscene/ros2_ws/build/robot_scene_live_bridge', 'catkin_cmake_args': None, 'catkin_skip_building_tests': False, 'cmake_args': ['-DPython3_EXECUTABLE=/usr/bin/python3', '-DPYTHON_EXECUTABLE=/usr/bin/python3', '-DWITH_PTCS_USE=OFF'], 'cmake_clean_cache': False, 'cmake_clean_first': False, 'cmake_force_configure': False, 'cmake_target': None, 'cmake_target_skip_unavailable': False, 'install_base': '/home/unitree/robotscene/ros2_ws/install/robot_scene_live_bridge', 'merge_install': False, 'path': '/home/unitree/robotscene/ros2_ws/src/robot_scene_live_bridge', 'symlink_install': True, 'test_result_base': None}
[6.303s] Level 5:colcon.colcon_core.verb:set package 'robot_scene_nav_bringup' build argument 'cmake_args' from command line to '['-DPython3_EXECUTABLE=/usr/bin/python3', '-DPYTHON_EXECUTABLE=/usr/bin/python3', '-DWITH_PTCS_USE=OFF']'
[6.303s] Level 5:colcon.colcon_core.verb:set package 'robot_scene_nav_bringup' build argument 'cmake_target' from command line to 'None'
[6.304s] Level 5:colcon.colcon_core.verb:set package 'robot_scene_nav_bringup' build argument 'cmake_target_skip_unavailable' from command line to 'False'
[6.304s] Level 5:colcon.colcon_core.verb:set package 'robot_scene_nav_bringup' build argument 'cmake_clean_cache' from command line to 'False'
[6.304s] Level 5:colcon.colcon_core.verb:set package 'robot_scene_nav_bringup' build argument 'cmake_clean_first' from command line to 'False'
[6.304s] Level 5:colcon.colcon_core.verb:set package 'robot_scene_nav_bringup' build argument 'cmake_force_configure' from command line to 'False'
[6.304s] Level 5:colcon.colcon_core.verb:set package 'robot_scene_nav_bringup' build argument 'ament_cmake_args' from command line to 'None'
[6.304s] Level 5:colcon.colcon_core.verb:set package 'robot_scene_nav_bringup' build argument 'catkin_cmake_args' from command line to 'None'
[6.304s] Level 5:colcon.colcon_core.verb:set package 'robot_scene_nav_bringup' build argument 'catkin_skip_building_tests' from command line to 'False'
[6.304s] DEBUG:colcon.colcon_core.verb:Building package 'robot_scene_nav_bringup' with the following arguments: {'ament_cmake_args': None, 'build_base': '/home/unitree/robotscene/ros2_ws/build/robot_scene_nav_bringup', 'catkin_cmake_args': None, 'catkin_skip_building_tests': False, 'cmake_args': ['-DPython3_EXECUTABLE=/usr/bin/python3', '-DPYTHON_EXECUTABLE=/usr/bin/python3', '-DWITH_PTCS_USE=OFF'], 'cmake_clean_cache': False, 'cmake_clean_first': False, 'cmake_force_configure': False, 'cmake_target': None, 'cmake_target_skip_unavailable': False, 'install_base': '/home/unitree/robotscene/ros2_ws/install/robot_scene_nav_bringup', 'merge_install': False, 'path': '/home/unitree/robotscene/ros2_ws/src/robot_scene_nav_bringup', 'symlink_install': True, 'test_result_base': None}
[6.376s] Level 5:colcon.colcon_core.verb:set package 'go2w_lidar_preprocessor' build argument 'cmake_args' from command line to '['-DPython3_EXECUTABLE=/usr/bin/python3', '-DPYTHON_EXECUTABLE=/usr/bin/python3', '-DWITH_PTCS_USE=OFF']'
[6.376s] Level 5:colcon.colcon_core.verb:set package 'go2w_lidar_preprocessor' build argument 'cmake_target' from command line to 'None'
[6.376s] Level 5:colcon.colcon_core.verb:set package 'go2w_lidar_preprocessor' build argument 'cmake_target_skip_unavailable' from command line to 'False'
[6.376s] Level 5:colcon.colcon_core.verb:set package 'go2w_lidar_preprocessor' build argument 'cmake_clean_cache' from command line to 'False'
[6.376s] Level 5:colcon.colcon_core.verb:set package 'go2w_lidar_preprocessor' build argument 'cmake_clean_first' from command line to 'False'
[6.376s] Level 5:colcon.colcon_core.verb:set package 'go2w_lidar_preprocessor' build argument 'cmake_force_configure' from command line to 'False'
[6.376s] Level 5:colcon.colcon_core.verb:set package 'go2w_lidar_preprocessor' build argument 'ament_cmake_args' from command line to 'None'
[6.376s] Level 5:colcon.colcon_core.verb:set package 'go2w_lidar_preprocessor' build argument 'catkin_cmake_args' from command line to 'None'
[6.376s] Level 5:colcon.colcon_core.verb:set package 'go2w_lidar_preprocessor' build argument 'catkin_skip_building_tests' from command line to 'False'
[6.376s] DEBUG:colcon.colcon_core.verb:Building package 'go2w_lidar_preprocessor' with the following arguments: {'ament_cmake_args': None, 'build_base': '/home/unitree/robotscene/ros2_ws/build/go2w_lidar_preprocessor', 'catkin_cmake_args': None, 'catkin_skip_building_tests': False, 'cmake_args': ['-DPython3_EXECUTABLE=/usr/bin/python3', '-DPYTHON_EXECUTABLE=/usr/bin/python3', '-DWITH_PTCS_USE=OFF'], 'cmake_clean_cache': False, 'cmake_clean_first': False, 'cmake_force_configure': False, 'cmake_target': None, 'cmake_target_skip_unavailable': False, 'install_base': '/home/unitree/robotscene/ros2_ws/install/go2w_lidar_preprocessor', 'merge_install': False, 'path': '/home/unitree/robotscene/ros2_ws/src/go2w_lidar_preprocessor', 'symlink_install': True, 'test_result_base': None}
[6.448s] Level 5:colcon.colcon_core.verb:set package 'go2w_lio_bringup' build argument 'cmake_args' from command line to '['-DPython3_EXECUTABLE=/usr/bin/python3', '-DPYTHON_EXECUTABLE=/usr/bin/python3', '-DWITH_PTCS_USE=OFF']'
[6.449s] Level 5:colcon.colcon_core.verb:set package 'go2w_lio_bringup' build argument 'cmake_target' from command line to 'None'
[6.449s] Level 5:colcon.colcon_core.verb:set package 'go2w_lio_bringup' build argument 'cmake_target_skip_unavailable' from command line to 'False'
[6.449s] Level 5:colcon.colcon_core.verb:set package 'go2w_lio_bringup' build argument 'cmake_clean_cache' from command line to 'False'
[6.449s] Level 5:colcon.colcon_core.verb:set package 'go2w_lio_bringup' build argument 'cmake_clean_first' from command line to 'False'
[6.449s] Level 5:colcon.colcon_core.verb:set package 'go2w_lio_bringup' build argument 'cmake_force_configure' from command line to 'False'
[6.449s] Level 5:colcon.colcon_core.verb:set package 'go2w_lio_bringup' build argument 'ament_cmake_args' from command line to 'None'
[6.449s] Level 5:colcon.colcon_core.verb:set package 'go2w_lio_bringup' build argument 'catkin_cmake_args' from command line to 'None'
[6.449s] Level 5:colcon.colcon_core.verb:set package 'go2w_lio_bringup' build argument 'catkin_skip_building_tests' from command line to 'False'
[6.449s] DEBUG:colcon.colcon_core.verb:Building package 'go2w_lio_bringup' with the following arguments: {'ament_cmake_args': None, 'build_base': '/home/unitree/robotscene/ros2_ws/build/go2w_lio_bringup', 'catkin_cmake_args': None, 'catkin_skip_building_tests': False, 'cmake_args': ['-DPython3_EXECUTABLE=/usr/bin/python3', '-DPYTHON_EXECUTABLE=/usr/bin/python3', '-DWITH_PTCS_USE=OFF'], 'cmake_clean_cache': False, 'cmake_clean_first': False, 'cmake_force_configure': False, 'cmake_target': None, 'cmake_target_skip_unavailable': False, 'install_base': '/home/unitree/robotscene/ros2_ws/install/go2w_lio_bringup', 'merge_install': False, 'path': '/home/unitree/robotscene/ros2_ws/src/go2w_lio_bringup', 'symlink_install': True, 'test_result_base': None}
[6.521s] INFO:colcon.colcon_core.executor:Executing jobs using 'parallel' executor
[6.597s] DEBUG:colcon.colcon_parallel_executor.executor.parallel:run_until_complete
[6.598s] INFO:colcon.colcon_ros.task.ament_python.build:Building ROS package in '/home/unitree/robotscene/ros2_ws/src/go2w_description' with build type 'ament_python'
[6.598s] Level 1:colcon.colcon_core.shell:create_environment_hook('go2w_description', 'ament_prefix_path')
[6.675s] INFO:colcon.colcon_core.plugin_system:Skipping extension 'colcon_core.shell.bat': Not used on non-Windows systems
[6.676s] INFO:colcon.colcon_core.shell:Creating environment hook '/home/unitree/robotscene/ros2_ws/install/go2w_description/share/go2w_description/hook/ament_prefix_path.ps1'
[6.677s] INFO:colcon.colcon_core.shell:Creating environment descriptor '/home/unitree/robotscene/ros2_ws/install/go2w_description/share/go2w_description/hook/ament_prefix_path.dsv'
[6.678s] INFO:colcon.colcon_core.shell:Creating environment hook '/home/unitree/robotscene/ros2_ws/install/go2w_description/share/go2w_description/hook/ament_prefix_path.sh'
[6.753s] INFO:colcon.colcon_core.shell:Skip shell extension 'powershell' for command environment: Not usable outside of PowerShell
[6.753s] DEBUG:colcon.colcon_core.shell:Skip shell extension 'dsv' for command environment
[7.061s] INFO:colcon.colcon_ros.task.ament_python.build:Building ROS package in '/home/unitree/robotscene/ros2_ws/src/go2w_camera_bridge' with build type 'ament_python'
[7.062s] Level 1:colcon.colcon_core.shell:create_environment_hook('go2w_camera_bridge', 'ament_prefix_path')
[7.140s] INFO:colcon.colcon_core.shell:Creating environment hook '/home/unitree/robotscene/ros2_ws/install/go2w_camera_bridge/share/go2w_camera_bridge/hook/ament_prefix_path.ps1'
[7.142s] INFO:colcon.colcon_core.shell:Creating environment descriptor '/home/unitree/robotscene/ros2_ws/install/go2w_camera_bridge/share/go2w_camera_bridge/hook/ament_prefix_path.dsv'
[7.142s] INFO:colcon.colcon_core.shell:Creating environment hook '/home/unitree/robotscene/ros2_ws/install/go2w_camera_bridge/share/go2w_camera_bridge/hook/ament_prefix_path.sh'
[7.218s] INFO:colcon.colcon_core.shell:Skip shell extension 'powershell' for command environment: Not usable outside of PowerShell
[7.218s] DEBUG:colcon.colcon_core.shell:Skip shell extension 'dsv' for command environment
[7.526s] INFO:colcon.colcon_ros.task.ament_python.build:Building ROS package in '/home/unitree/robotscene/ros2_ws/src/go2w_cmd_vel_bridge' with build type 'ament_python'
[7.527s] Level 1:colcon.colcon_core.shell:create_environment_hook('go2w_cmd_vel_bridge', 'ament_prefix_path')
[7.602s] INFO:colcon.colcon_core.shell:Creating environment hook '/home/unitree/robotscene/ros2_ws/install/go2w_cmd_vel_bridge/share/go2w_cmd_vel_bridge/hook/ament_prefix_path.ps1'
[7.604s] INFO:colcon.colcon_core.shell:Creating environment descriptor '/home/unitree/robotscene/ros2_ws/install/go2w_cmd_vel_bridge/share/go2w_cmd_vel_bridge/hook/ament_prefix_path.dsv'
[7.605s] INFO:colcon.colcon_core.shell:Creating environment hook '/home/unitree/robotscene/ros2_ws/install/go2w_cmd_vel_bridge/share/go2w_cmd_vel_bridge/hook/ament_prefix_path.sh'
[7.679s] INFO:colcon.colcon_core.shell:Skip shell extension 'powershell' for command environment: Not usable outside of PowerShell
[7.679s] DEBUG:colcon.colcon_core.shell:Skip shell extension 'dsv' for command environment
[8.022s] INFO:colcon.colcon_ros.task.ament_python.build:Building ROS package in '/home/unitree/robotscene/ros2_ws/src/go2w_control_arbiter' with build type 'ament_python'
[8.023s] Level 1:colcon.colcon_core.shell:create_environment_hook('go2w_control_arbiter', 'ament_prefix_path')
[8.099s] INFO:colcon.colcon_core.shell:Creating environment hook '/home/unitree/robotscene/ros2_ws/install/go2w_control_arbiter/share/go2w_control_arbiter/hook/ament_prefix_path.ps1'
[8.101s] INFO:colcon.colcon_core.shell:Creating environment descriptor '/home/unitree/robotscene/ros2_ws/install/go2w_control_arbiter/share/go2w_control_arbiter/hook/ament_prefix_path.dsv'
[8.101s] INFO:colcon.colcon_core.shell:Creating environment hook '/home/unitree/robotscene/ros2_ws/install/go2w_control_arbiter/share/go2w_control_arbiter/hook/ament_prefix_path.sh'
[8.176s] INFO:colcon.colcon_core.shell:Skip shell extension 'powershell' for command environment: Not usable outside of PowerShell
[8.176s] DEBUG:colcon.colcon_core.shell:Skip shell extension 'dsv' for command environment
[9.058s] INFO:colcon.colcon_core.task.python.build:Building Python package in '/home/unitree/robotscene/ros2_ws/src/go2w_description'
[9.137s] INFO:colcon.colcon_core.shell:Skip shell extension 'powershell' for command environment: Not usable outside of PowerShell
[9.137s] DEBUG:colcon.colcon_core.shell:Skip shell extension 'dsv' for command environment
[9.999s] INFO:colcon.colcon_core.task.python.build:Building Python package in '/home/unitree/robotscene/ros2_ws/src/go2w_camera_bridge'
[10.095s] INFO:colcon.colcon_core.shell:Skip shell extension 'powershell' for command environment: Not usable outside of PowerShell
[10.095s] DEBUG:colcon.colcon_core.shell:Skip shell extension 'dsv' for command environment
[10.939s] INFO:colcon.colcon_core.task.python.build:Building Python package in '/home/unitree/robotscene/ros2_ws/src/go2w_cmd_vel_bridge'
[11.017s] INFO:colcon.colcon_core.shell:Skip shell extension 'powershell' for command environment: Not usable outside of PowerShell
[11.018s] DEBUG:colcon.colcon_core.shell:Skip shell extension 'dsv' for command environment
[11.896s] INFO:colcon.colcon_core.task.python.build:Building Python package in '/home/unitree/robotscene/ros2_ws/src/go2w_control_arbiter'
[11.974s] INFO:colcon.colcon_core.shell:Skip shell extension 'powershell' for command environment: Not usable outside of PowerShell
[11.975s] DEBUG:colcon.colcon_core.shell:Skip shell extension 'dsv' for command environment
[13.491s] DEBUG:colcon.colcon_core.event_handler.log_command:Invoking command in '/home/unitree/robotscene/ros2_ws/build/go2w_camera_bridge': PYTHONPATH=/home/unitree/robotscene/ros2_ws/build/go2w_camera_bridge/prefix_override:/home/unitree/robotscene/ros2_ws/install/go2w_camera_bridge/lib/python3.8/site-packages:${PYTHONPATH} /usr/bin/python3 setup.py develop --editable --build-directory /home/unitree/robotscene/ros2_ws/build/go2w_camera_bridge/build --no-deps install_data
[13.576s] DEBUG:colcon.colcon_core.event_handler.log_command:Invoking command in '/home/unitree/robotscene/ros2_ws/build/go2w_control_arbiter': PYTHONPATH=/home/unitree/robotscene/ros2_ws/build/go2w_control_arbiter/prefix_override:/home/unitree/robotscene/ros2_ws/install/go2w_control_arbiter/lib/python3.8/site-packages:${PYTHONPATH} /usr/bin/python3 setup.py develop --editable --build-directory /home/unitree/robotscene/ros2_ws/build/go2w_control_arbiter/build --no-deps install_data
[13.766s] DEBUG:colcon.colcon_core.event_handler.log_command:Invoking command in '/home/unitree/robotscene/ros2_ws/build/go2w_description': PYTHONPATH=/home/unitree/robotscene/ros2_ws/build/go2w_description/prefix_override:/home/unitree/robotscene/ros2_ws/install/go2w_description/lib/python3.8/site-packages:${PYTHONPATH} /usr/bin/python3 setup.py develop --editable --build-directory /home/unitree/robotscene/ros2_ws/build/go2w_description/build --no-deps install_data
[13.897s] DEBUG:colcon.colcon_core.event_handler.log_command:Invoking command in '/home/unitree/robotscene/ros2_ws/build/go2w_cmd_vel_bridge': PYTHONPATH=/home/unitree/robotscene/ros2_ws/build/go2w_cmd_vel_bridge/prefix_override:/home/unitree/robotscene/ros2_ws/install/go2w_cmd_vel_bridge/lib/python3.8/site-packages:${PYTHONPATH} /usr/bin/python3 setup.py develop --editable --build-directory /home/unitree/robotscene/ros2_ws/build/go2w_cmd_vel_bridge/build --no-deps install_data
[14.991s] Level 1:colcon.colcon_core.shell:create_environment_hook('go2w_camera_bridge', 'pythonpath_develop')
[14.998s] DEBUG:colcon.colcon_core.event_handler.log_command:Invoked command in '/home/unitree/robotscene/ros2_ws/build/go2w_camera_bridge' returned '0': PYTHONPATH=/home/unitree/robotscene/ros2_ws/build/go2w_camera_bridge/prefix_override:/home/unitree/robotscene/ros2_ws/install/go2w_camera_bridge/lib/python3.8/site-packages:${PYTHONPATH} /usr/bin/python3 setup.py develop --editable --build-directory /home/unitree/robotscene/ros2_ws/build/go2w_camera_bridge/build --no-deps install_data
[15.102s] INFO:colcon.colcon_core.shell:Creating environment hook '/home/unitree/robotscene/ros2_ws/build/go2w_camera_bridge/share/go2w_camera_bridge/hook/pythonpath_develop.ps1'
[15.104s] INFO:colcon.colcon_core.shell:Creating environment descriptor '/home/unitree/robotscene/ros2_ws/build/go2w_camera_bridge/share/go2w_camera_bridge/hook/pythonpath_develop.dsv'
[15.105s] INFO:colcon.colcon_core.shell:Creating environment hook '/home/unitree/robotscene/ros2_ws/build/go2w_camera_bridge/share/go2w_camera_bridge/hook/pythonpath_develop.sh'
[15.196s] Level 1:colcon.colcon_core.environment:checking '/home/unitree/robotscene/ros2_ws/install/go2w_camera_bridge' for CMake module files
[15.197s] Level 1:colcon.colcon_core.environment:checking '/home/unitree/robotscene/ros2_ws/install/go2w_camera_bridge' for CMake config files
[15.198s] Level 1:colcon.colcon_core.environment:checking '/home/unitree/robotscene/ros2_ws/install/go2w_camera_bridge/lib'
[15.199s] Level 1:colcon.colcon_core.environment:checking '/home/unitree/robotscene/ros2_ws/install/go2w_camera_bridge/bin'
[15.199s] Level 1:colcon.colcon_core.environment:checking '/home/unitree/robotscene/ros2_ws/install/go2w_camera_bridge/lib/pkgconfig/go2w_camera_bridge.pc'
[15.201s] Level 1:colcon.colcon_core.environment:checking '/home/unitree/robotscene/ros2_ws/install/go2w_camera_bridge/lib/python3.8/site-packages'
[15.201s] Level 1:colcon.colcon_core.shell:create_environment_hook('go2w_camera_bridge', 'pythonpath')
[15.279s] INFO:colcon.colcon_core.shell:Creating environment hook '/home/unitree/robotscene/ros2_ws/install/go2w_camera_bridge/share/go2w_camera_bridge/hook/pythonpath.ps1'
[15.280s] INFO:colcon.colcon_core.shell:Creating environment descriptor '/home/unitree/robotscene/ros2_ws/install/go2w_camera_bridge/share/go2w_camera_bridge/hook/pythonpath.dsv'
[15.281s] INFO:colcon.colcon_core.shell:Creating environment hook '/home/unitree/robotscene/ros2_ws/install/go2w_camera_bridge/share/go2w_camera_bridge/hook/pythonpath.sh'
[15.282s] Level 1:colcon.colcon_core.environment:checking '/home/unitree/robotscene/ros2_ws/install/go2w_camera_bridge/bin'
[15.282s] Level 1:colcon.colcon_core.environment:create_environment_scripts_only(go2w_camera_bridge)
[15.395s] INFO:colcon.colcon_core.shell:Creating package script '/home/unitree/robotscene/ros2_ws/install/go2w_camera_bridge/share/go2w_camera_bridge/package.ps1'
[15.397s] INFO:colcon.colcon_core.shell:Creating package descriptor '/home/unitree/robotscene/ros2_ws/install/go2w_camera_bridge/share/go2w_camera_bridge/package.dsv'
[15.398s] INFO:colcon.colcon_core.shell:Creating package script '/home/unitree/robotscene/ros2_ws/install/go2w_camera_bridge/share/go2w_camera_bridge/package.sh'
[15.399s] INFO:colcon.colcon_core.shell:Creating package script '/home/unitree/robotscene/ros2_ws/install/go2w_camera_bridge/share/go2w_camera_bridge/package.bash'
[15.400s] INFO:colcon.colcon_core.shell:Creating package script '/home/unitree/robotscene/ros2_ws/install/go2w_camera_bridge/share/go2w_camera_bridge/package.zsh'
[15.401s] Level 1:colcon.colcon_core.environment:create_file_with_runtime_dependencies(/home/unitree/robotscene/ros2_ws/install/go2w_camera_bridge/share/colcon-core/packages/go2w_camera_bridge)
[15.404s] INFO:colcon.colcon_ros.task.ament_python.build:Building ROS package in '/home/unitree/robotscene/ros2_ws/src/go2w_rgb_lidar_fusion' with build type 'ament_python'
[15.405s] Level 1:colcon.colcon_core.shell:create_environment_hook('go2w_rgb_lidar_fusion', 'ament_prefix_path')
[15.480s] INFO:colcon.colcon_core.shell:Creating environment hook '/home/unitree/robotscene/ros2_ws/install/go2w_rgb_lidar_fusion/share/go2w_rgb_lidar_fusion/hook/ament_prefix_path.ps1'
[15.482s] INFO:colcon.colcon_core.shell:Creating environment descriptor '/home/unitree/robotscene/ros2_ws/install/go2w_rgb_lidar_fusion/share/go2w_rgb_lidar_fusion/hook/ament_prefix_path.dsv'
[15.482s] INFO:colcon.colcon_core.shell:Creating environment hook '/home/unitree/robotscene/ros2_ws/install/go2w_rgb_lidar_fusion/share/go2w_rgb_lidar_fusion/hook/ament_prefix_path.sh'
[15.557s] INFO:colcon.colcon_core.shell:Skip shell extension 'powershell' for command environment: Not usable outside of PowerShell
[15.558s] DEBUG:colcon.colcon_core.shell:Skip shell extension 'dsv' for command environment
[15.867s] Level 1:colcon.colcon_core.shell:create_environment_hook('go2w_control_arbiter', 'pythonpath_develop')
[15.874s] DEBUG:colcon.colcon_core.event_handler.log_command:Invoked command in '/home/unitree/robotscene/ros2_ws/build/go2w_control_arbiter' returned '0': PYTHONPATH=/home/unitree/robotscene/ros2_ws/build/go2w_control_arbiter/prefix_override:/home/unitree/robotscene/ros2_ws/install/go2w_control_arbiter/lib/python3.8/site-packages:${PYTHONPATH} /usr/bin/python3 setup.py develop --editable --build-directory /home/unitree/robotscene/ros2_ws/build/go2w_control_arbiter/build --no-deps install_data
[15.948s] INFO:colcon.colcon_core.shell:Creating environment hook '/home/unitree/robotscene/ros2_ws/build/go2w_control_arbiter/share/go2w_control_arbiter/hook/pythonpath_develop.ps1'
[15.949s] INFO:colcon.colcon_core.shell:Creating environment descriptor '/home/unitree/robotscene/ros2_ws/build/go2w_control_arbiter/share/go2w_control_arbiter/hook/pythonpath_develop.dsv'
[15.950s] INFO:colcon.colcon_core.shell:Creating environment hook '/home/unitree/robotscene/ros2_ws/build/go2w_control_arbiter/share/go2w_control_arbiter/hook/pythonpath_develop.sh'
[16.025s] Level 1:colcon.colcon_core.environment:checking '/home/unitree/robotscene/ros2_ws/install/go2w_control_arbiter' for CMake module files
[16.026s] Level 1:colcon.colcon_core.environment:checking '/home/unitree/robotscene/ros2_ws/install/go2w_control_arbiter' for CMake config files
[16.027s] Level 1:colcon.colcon_core.environment:checking '/home/unitree/robotscene/ros2_ws/install/go2w_control_arbiter/lib'
[16.028s] Level 1:colcon.colcon_core.environment:checking '/home/unitree/robotscene/ros2_ws/install/go2w_control_arbiter/bin'
[16.028s] Level 1:colcon.colcon_core.environment:checking '/home/unitree/robotscene/ros2_ws/install/go2w_control_arbiter/lib/pkgconfig/go2w_control_arbiter.pc'
[16.028s] Level 1:colcon.colcon_core.environment:checking '/home/unitree/robotscene/ros2_ws/install/go2w_control_arbiter/lib/python3.8/site-packages'
[16.028s] Level 1:colcon.colcon_core.shell:create_environment_hook('go2w_control_arbiter', 'pythonpath')
[16.102s] INFO:colcon.colcon_core.shell:Creating environment hook '/home/unitree/robotscene/ros2_ws/install/go2w_control_arbiter/share/go2w_control_arbiter/hook/pythonpath.ps1'
[16.104s] INFO:colcon.colcon_core.shell:Creating environment descriptor '/home/unitree/robotscene/ros2_ws/install/go2w_control_arbiter/share/go2w_control_arbiter/hook/pythonpath.dsv'
[16.104s] INFO:colcon.colcon_core.shell:Creating environment hook '/home/unitree/robotscene/ros2_ws/install/go2w_control_arbiter/share/go2w_control_arbiter/hook/pythonpath.sh'
[16.105s] Level 1:colcon.colcon_core.environment:checking '/home/unitree/robotscene/ros2_ws/install/go2w_control_arbiter/bin'
[16.105s] Level 1:colcon.colcon_core.environment:create_environment_scripts_only(go2w_control_arbiter)
[16.180s] INFO:colcon.colcon_core.shell:Creating package script '/home/unitree/robotscene/ros2_ws/install/go2w_control_arbiter/share/go2w_control_arbiter/package.ps1'
[16.182s] INFO:colcon.colcon_core.shell:Creating package descriptor '/home/unitree/robotscene/ros2_ws/install/go2w_control_arbiter/share/go2w_control_arbiter/package.dsv'
[16.183s] INFO:colcon.colcon_core.shell:Creating package script '/home/unitree/robotscene/ros2_ws/install/go2w_control_arbiter/share/go2w_control_arbiter/package.sh'
[16.183s] INFO:colcon.colcon_core.shell:Creating package script '/home/unitree/robotscene/ros2_ws/install/go2w_control_arbiter/share/go2w_control_arbiter/package.bash'
[16.184s] INFO:colcon.colcon_core.shell:Creating package script '/home/unitree/robotscene/ros2_ws/install/go2w_control_arbiter/share/go2w_control_arbiter/package.zsh'
[16.185s] Level 1:colcon.colcon_core.environment:create_file_with_runtime_dependencies(/home/unitree/robotscene/ros2_ws/install/go2w_control_arbiter/share/colcon-core/packages/go2w_control_arbiter)
[16.186s] Level 1:colcon.colcon_core.shell:create_environment_hook('go2w_description', 'pythonpath_develop')
[16.188s] DEBUG:colcon.colcon_core.event_handler.log_command:Invoked command in '/home/unitree/robotscene/ros2_ws/build/go2w_description' returned '0': PYTHONPATH=/home/unitree/robotscene/ros2_ws/build/go2w_description/prefix_override:/home/unitree/robotscene/ros2_ws/install/go2w_description/lib/python3.8/site-packages:${PYTHONPATH} /usr/bin/python3 setup.py develop --editable --build-directory /home/unitree/robotscene/ros2_ws/build/go2w_description/build --no-deps install_data
[16.261s] INFO:colcon.colcon_core.shell:Creating environment hook '/home/unitree/robotscene/ros2_ws/build/go2w_description/share/go2w_description/hook/pythonpath_develop.ps1'
[16.263s] INFO:colcon.colcon_core.shell:Creating environment descriptor '/home/unitree/robotscene/ros2_ws/build/go2w_description/share/go2w_description/hook/pythonpath_develop.dsv'
[16.263s] INFO:colcon.colcon_core.shell:Creating environment hook '/home/unitree/robotscene/ros2_ws/build/go2w_description/share/go2w_description/hook/pythonpath_develop.sh'
[16.338s] Level 1:colcon.colcon_core.environment:checking '/home/unitree/robotscene/ros2_ws/install/go2w_description' for CMake module files
[16.339s] Level 1:colcon.colcon_core.environment:checking '/home/unitree/robotscene/ros2_ws/install/go2w_description' for CMake config files
[16.340s] Level 1:colcon.colcon_core.environment:checking '/home/unitree/robotscene/ros2_ws/install/go2w_description/lib'
[16.340s] Level 1:colcon.colcon_core.environment:checking '/home/unitree/robotscene/ros2_ws/install/go2w_description/bin'
[16.340s] Level 1:colcon.colcon_core.environment:checking '/home/unitree/robotscene/ros2_ws/install/go2w_description/lib/pkgconfig/go2w_description.pc'
[16.341s] Level 1:colcon.colcon_core.environment:checking '/home/unitree/robotscene/ros2_ws/install/go2w_description/lib/python3.8/site-packages'
[16.341s] Level 1:colcon.colcon_core.shell:create_environment_hook('go2w_description', 'pythonpath')
[16.416s] INFO:colcon.colcon_core.shell:Creating environment hook '/home/unitree/robotscene/ros2_ws/install/go2w_description/share/go2w_description/hook/pythonpath.ps1'
[16.417s] INFO:colcon.colcon_core.shell:Creating environment descriptor '/home/unitree/robotscene/ros2_ws/install/go2w_description/share/go2w_description/hook/pythonpath.dsv'
[16.417s] INFO:colcon.colcon_core.shell:Creating environment hook '/home/unitree/robotscene/ros2_ws/install/go2w_description/share/go2w_description/hook/pythonpath.sh'
[16.418s] Level 1:colcon.colcon_core.environment:checking '/home/unitree/robotscene/ros2_ws/install/go2w_description/bin'
[16.418s] Level 1:colcon.colcon_core.environment:create_environment_scripts_only(go2w_description)
[16.495s] INFO:colcon.colcon_core.shell:Creating package script '/home/unitree/robotscene/ros2_ws/install/go2w_description/share/go2w_description/package.ps1'
[16.496s] INFO:colcon.colcon_core.shell:Creating package descriptor '/home/unitree/robotscene/ros2_ws/install/go2w_description/share/go2w_description/package.dsv'
[16.497s] INFO:colcon.colcon_core.shell:Creating package script '/home/unitree/robotscene/ros2_ws/install/go2w_description/share/go2w_description/package.sh'
[16.498s] INFO:colcon.colcon_core.shell:Creating package script '/home/unitree/robotscene/ros2_ws/install/go2w_description/share/go2w_description/package.bash'
[16.499s] INFO:colcon.colcon_core.shell:Creating package script '/home/unitree/robotscene/ros2_ws/install/go2w_description/share/go2w_description/package.zsh'
[16.500s] Level 1:colcon.colcon_core.environment:create_file_with_runtime_dependencies(/home/unitree/robotscene/ros2_ws/install/go2w_description/share/colcon-core/packages/go2w_description)
[16.501s] Level 1:colcon.colcon_core.shell:create_environment_hook('go2w_cmd_vel_bridge', 'pythonpath_develop')
[16.503s] DEBUG:colcon.colcon_core.event_handler.log_command:Invoked command in '/home/unitree/robotscene/ros2_ws/build/go2w_cmd_vel_bridge' returned '0': PYTHONPATH=/home/unitree/robotscene/ros2_ws/build/go2w_cmd_vel_bridge/prefix_override:/home/unitree/robotscene/ros2_ws/install/go2w_cmd_vel_bridge/lib/python3.8/site-packages:${PYTHONPATH} /usr/bin/python3 setup.py develop --editable --build-directory /home/unitree/robotscene/ros2_ws/build/go2w_cmd_vel_bridge/build --no-deps install_data
[16.595s] INFO:colcon.colcon_core.shell:Creating environment hook '/home/unitree/robotscene/ros2_ws/build/go2w_cmd_vel_bridge/share/go2w_cmd_vel_bridge/hook/pythonpath_develop.ps1'
[16.597s] INFO:colcon.colcon_core.shell:Creating environment descriptor '/home/unitree/robotscene/ros2_ws/build/go2w_cmd_vel_bridge/share/go2w_cmd_vel_bridge/hook/pythonpath_develop.dsv'
[16.598s] INFO:colcon.colcon_core.shell:Creating environment hook '/home/unitree/robotscene/ros2_ws/build/go2w_cmd_vel_bridge/share/go2w_cmd_vel_bridge/hook/pythonpath_develop.sh'
[16.690s] Level 1:colcon.colcon_core.environment:checking '/home/unitree/robotscene/ros2_ws/install/go2w_cmd_vel_bridge' for CMake module files
[16.691s] Level 1:colcon.colcon_core.environment:checking '/home/unitree/robotscene/ros2_ws/install/go2w_cmd_vel_bridge' for CMake config files
[16.692s] Level 1:colcon.colcon_core.environment:checking '/home/unitree/robotscene/ros2_ws/install/go2w_cmd_vel_bridge/lib'
[16.693s] Level 1:colcon.colcon_core.environment:checking '/home/unitree/robotscene/ros2_ws/install/go2w_cmd_vel_bridge/bin'
[16.693s] Level 1:colcon.colcon_core.environment:checking '/home/unitree/robotscene/ros2_ws/install/go2w_cmd_vel_bridge/lib/pkgconfig/go2w_cmd_vel_bridge.pc'
[16.693s] Level 1:colcon.colcon_core.environment:checking '/home/unitree/robotscene/ros2_ws/install/go2w_cmd_vel_bridge/lib/python3.8/site-packages'
[16.693s] Level 1:colcon.colcon_core.shell:create_environment_hook('go2w_cmd_vel_bridge', 'pythonpath')
[16.786s] INFO:colcon.colcon_core.shell:Creating environment hook '/home/unitree/robotscene/ros2_ws/install/go2w_cmd_vel_bridge/share/go2w_cmd_vel_bridge/hook/pythonpath.ps1'
[16.787s] INFO:colcon.colcon_core.shell:Creating environment descriptor '/home/unitree/robotscene/ros2_ws/install/go2w_cmd_vel_bridge/share/go2w_cmd_vel_bridge/hook/pythonpath.dsv'
[16.788s] INFO:colcon.colcon_core.shell:Creating environment hook '/home/unitree/robotscene/ros2_ws/install/go2w_cmd_vel_bridge/share/go2w_cmd_vel_bridge/hook/pythonpath.sh'
[16.790s] Level 1:colcon.colcon_core.environment:checking '/home/unitree/robotscene/ros2_ws/install/go2w_cmd_vel_bridge/bin'
[16.790s] Level 1:colcon.colcon_core.environment:create_environment_scripts_only(go2w_cmd_vel_bridge)
[16.884s] INFO:colcon.colcon_core.shell:Creating package script '/home/unitree/robotscene/ros2_ws/install/go2w_cmd_vel_bridge/share/go2w_cmd_vel_bridge/package.ps1'
[16.885s] INFO:colcon.colcon_core.shell:Creating package descriptor '/home/unitree/robotscene/ros2_ws/install/go2w_cmd_vel_bridge/share/go2w_cmd_vel_bridge/package.dsv'
[16.886s] INFO:colcon.colcon_core.shell:Creating package script '/home/unitree/robotscene/ros2_ws/install/go2w_cmd_vel_bridge/share/go2w_cmd_vel_bridge/package.sh'
[16.887s] INFO:colcon.colcon_core.shell:Creating package script '/home/unitree/robotscene/ros2_ws/install/go2w_cmd_vel_bridge/share/go2w_cmd_vel_bridge/package.bash'
[16.888s] INFO:colcon.colcon_core.shell:Creating package script '/home/unitree/robotscene/ros2_ws/install/go2w_cmd_vel_bridge/share/go2w_cmd_vel_bridge/package.zsh'
[16.888s] Level 1:colcon.colcon_core.environment:create_file_with_runtime_dependencies(/home/unitree/robotscene/ros2_ws/install/go2w_cmd_vel_bridge/share/colcon-core/packages/go2w_cmd_vel_bridge)
[16.891s] INFO:colcon.colcon_ros.task.ament_python.build:Building ROS package in '/home/unitree/robotscene/ros2_ws/src/go2w_sensor_time_bridge' with build type 'ament_python'
[16.891s] Level 1:colcon.colcon_core.shell:create_environment_hook('go2w_sensor_time_bridge', 'ament_prefix_path')
[16.984s] INFO:colcon.colcon_core.shell:Creating environment hook '/home/unitree/robotscene/ros2_ws/install/go2w_sensor_time_bridge/share/go2w_sensor_time_bridge/hook/ament_prefix_path.ps1'
[16.986s] INFO:colcon.colcon_core.shell:Creating environment descriptor '/home/unitree/robotscene/ros2_ws/install/go2w_sensor_time_bridge/share/go2w_sensor_time_bridge/hook/ament_prefix_path.dsv'
[16.987s] INFO:colcon.colcon_core.shell:Creating environment hook '/home/unitree/robotscene/ros2_ws/install/go2w_sensor_time_bridge/share/go2w_sensor_time_bridge/hook/ament_prefix_path.sh'
[17.082s] INFO:colcon.colcon_core.shell:Skip shell extension 'powershell' for command environment: Not usable outside of PowerShell
[17.082s] DEBUG:colcon.colcon_core.shell:Skip shell extension 'dsv' for command environment
[17.465s] INFO:colcon.colcon_ros.task.ament_cmake.build:Building ROS package in '/home/unitree/robotscene/ros2_ws/src/hesai_ros_driver' with build type 'ament_cmake'
[17.466s] INFO:colcon.colcon_cmake.task.cmake.build:Building CMake package in '/home/unitree/robotscene/ros2_ws/src/hesai_ros_driver'
[17.545s] INFO:colcon.colcon_core.shell:Skip shell extension 'powershell' for command environment: Not usable outside of PowerShell
[17.545s] DEBUG:colcon.colcon_core.shell:Skip shell extension 'dsv' for command environment
[17.855s] INFO:colcon.colcon_ros.task.ament_python.build:Building ROS package in '/home/unitree/robotscene/ros2_ws/src/robot_scene_live_bridge' with build type 'ament_python'
[17.856s] Level 1:colcon.colcon_core.shell:create_environment_hook('robot_scene_live_bridge', 'ament_prefix_path')
[17.934s] INFO:colcon.colcon_core.shell:Creating environment hook '/home/unitree/robotscene/ros2_ws/install/robot_scene_live_bridge/share/robot_scene_live_bridge/hook/ament_prefix_path.ps1'
[17.935s] INFO:colcon.colcon_core.shell:Creating environment descriptor '/home/unitree/robotscene/ros2_ws/install/robot_scene_live_bridge/share/robot_scene_live_bridge/hook/ament_prefix_path.dsv'
[17.936s] INFO:colcon.colcon_core.shell:Creating environment hook '/home/unitree/robotscene/ros2_ws/install/robot_scene_live_bridge/share/robot_scene_live_bridge/hook/ament_prefix_path.sh'
[18.050s] INFO:colcon.colcon_core.shell:Skip shell extension 'powershell' for command environment: Not usable outside of PowerShell
[18.051s] DEBUG:colcon.colcon_core.shell:Skip shell extension 'dsv' for command environment
[18.858s] INFO:colcon.colcon_core.task.python.build:Building Python package in '/home/unitree/robotscene/ros2_ws/src/go2w_rgb_lidar_fusion'
[18.935s] INFO:colcon.colcon_core.shell:Skip shell extension 'powershell' for command environment: Not usable outside of PowerShell
[18.935s] DEBUG:colcon.colcon_core.shell:Skip shell extension 'dsv' for command environment
[19.717s] INFO:colcon.colcon_core.task.python.build:Building Python package in '/home/unitree/robotscene/ros2_ws/src/go2w_sensor_time_bridge'
[19.794s] INFO:colcon.colcon_core.shell:Skip shell extension 'powershell' for command environment: Not usable outside of PowerShell
[19.795s] DEBUG:colcon.colcon_core.shell:Skip shell extension 'dsv' for command environment
[20.113s] DEBUG:colcon.colcon_core.event_handler.log_command:Invoking command in '/home/unitree/robotscene/ros2_ws/build/hesai_ros_driver': CMAKE_PREFIX_PATH=${CMAKE_PREFIX_PATH}:/opt/ros/humble /usr/bin/cmake /home/unitree/robotscene/ros2_ws/src/hesai_ros_driver -DPython3_EXECUTABLE=/usr/bin/python3 -DPYTHON_EXECUTABLE=/usr/bin/python3 -DWITH_PTCS_USE=OFF -DAMENT_CMAKE_SYMLINK_INSTALL=1 -DCMAKE_INSTALL_PREFIX=/home/unitree/robotscene/ros2_ws/install/hesai_ros_driver
[20.600s] INFO:colcon.colcon_core.task.python.build:Building Python package in '/home/unitree/robotscene/ros2_ws/src/robot_scene_live_bridge'
[20.681s] INFO:colcon.colcon_core.shell:Skip shell extension 'powershell' for command environment: Not usable outside of PowerShell
[20.681s] DEBUG:colcon.colcon_core.shell:Skip shell extension 'dsv' for command environment
[22.298s] DEBUG:colcon.colcon_core.event_handler.log_command:Invoking command in '/home/unitree/robotscene/ros2_ws/build/go2w_rgb_lidar_fusion': PYTHONPATH=/home/unitree/robotscene/ros2_ws/build/go2w_rgb_lidar_fusion/prefix_override:/home/unitree/robotscene/ros2_ws/install/go2w_rgb_lidar_fusion/lib/python3.8/site-packages:${PYTHONPATH} /usr/bin/python3 setup.py develop --editable --build-directory /home/unitree/robotscene/ros2_ws/build/go2w_rgb_lidar_fusion/build --no-deps install_data
[22.438s] DEBUG:colcon.colcon_core.event_handler.log_command:Invoking command in '/home/unitree/robotscene/ros2_ws/build/robot_scene_live_bridge': PYTHONPATH=/home/unitree/robotscene/ros2_ws/build/robot_scene_live_bridge/prefix_override:/home/unitree/robotscene/ros2_ws/install/robot_scene_live_bridge/lib/python3.8/site-packages:${PYTHONPATH} /usr/bin/python3 setup.py develop --editable --build-directory /home/unitree/robotscene/ros2_ws/build/robot_scene_live_bridge/build --no-deps install_data
[22.504s] DEBUG:colcon.colcon_core.event_handler.log_command:Invoking command in '/home/unitree/robotscene/ros2_ws/build/go2w_sensor_time_bridge': PYTHONPATH=/home/unitree/robotscene/ros2_ws/build/go2w_sensor_time_bridge/prefix_override:/home/unitree/robotscene/ros2_ws/install/go2w_sensor_time_bridge/lib/python3.8/site-packages:${PYTHONPATH} /usr/bin/python3 setup.py develop --editable --build-directory /home/unitree/robotscene/ros2_ws/build/go2w_sensor_time_bridge/build --no-deps install_data
[23.613s] Level 1:colcon.colcon_core.shell:create_environment_hook('robot_scene_live_bridge', 'pythonpath_develop')
[23.614s] DEBUG:colcon.colcon_core.event_handler.log_command:Invoked command in '/home/unitree/robotscene/ros2_ws/build/robot_scene_live_bridge' returned '0': PYTHONPATH=/home/unitree/robotscene/ros2_ws/build/robot_scene_live_bridge/prefix_override:/home/unitree/robotscene/ros2_ws/install/robot_scene_live_bridge/lib/python3.8/site-packages:${PYTHONPATH} /usr/bin/python3 setup.py develop --editable --build-directory /home/unitree/robotscene/ros2_ws/build/robot_scene_live_bridge/build --no-deps install_data
[23.717s] INFO:colcon.colcon_core.shell:Creating environment hook '/home/unitree/robotscene/ros2_ws/build/robot_scene_live_bridge/share/robot_scene_live_bridge/hook/pythonpath_develop.ps1'
[23.719s] INFO:colcon.colcon_core.shell:Creating environment descriptor '/home/unitree/robotscene/ros2_ws/build/robot_scene_live_bridge/share/robot_scene_live_bridge/hook/pythonpath_develop.dsv'
[23.720s] INFO:colcon.colcon_core.shell:Creating environment hook '/home/unitree/robotscene/ros2_ws/build/robot_scene_live_bridge/share/robot_scene_live_bridge/hook/pythonpath_develop.sh'
[23.814s] Level 1:colcon.colcon_core.environment:checking '/home/unitree/robotscene/ros2_ws/install/robot_scene_live_bridge' for CMake module files
[23.815s] Level 1:colcon.colcon_core.environment:checking '/home/unitree/robotscene/ros2_ws/install/robot_scene_live_bridge' for CMake config files
[23.816s] Level 1:colcon.colcon_core.environment:checking '/home/unitree/robotscene/ros2_ws/install/robot_scene_live_bridge/lib'
[23.817s] Level 1:colcon.colcon_core.environment:checking '/home/unitree/robotscene/ros2_ws/install/robot_scene_live_bridge/bin'
[23.817s] Level 1:colcon.colcon_core.environment:checking '/home/unitree/robotscene/ros2_ws/install/robot_scene_live_bridge/lib/pkgconfig/robot_scene_live_bridge.pc'
[23.817s] Level 1:colcon.colcon_core.environment:checking '/home/unitree/robotscene/ros2_ws/install/robot_scene_live_bridge/lib/python3.8/site-packages'
[23.817s] Level 1:colcon.colcon_core.shell:create_environment_hook('robot_scene_live_bridge', 'pythonpath')
[23.906s] INFO:colcon.colcon_core.shell:Creating environment hook '/home/unitree/robotscene/ros2_ws/install/robot_scene_live_bridge/share/robot_scene_live_bridge/hook/pythonpath.ps1'
[23.908s] INFO:colcon.colcon_core.shell:Creating environment descriptor '/home/unitree/robotscene/ros2_ws/install/robot_scene_live_bridge/share/robot_scene_live_bridge/hook/pythonpath.dsv'
[23.908s] INFO:colcon.colcon_core.shell:Creating environment hook '/home/unitree/robotscene/ros2_ws/install/robot_scene_live_bridge/share/robot_scene_live_bridge/hook/pythonpath.sh'
[23.909s] Level 1:colcon.colcon_core.environment:checking '/home/unitree/robotscene/ros2_ws/install/robot_scene_live_bridge/bin'
[23.910s] Level 1:colcon.colcon_core.environment:create_environment_scripts_only(robot_scene_live_bridge)
[23.992s] INFO:colcon.colcon_core.shell:Creating package script '/home/unitree/robotscene/ros2_ws/install/robot_scene_live_bridge/share/robot_scene_live_bridge/package.ps1'
[23.994s] INFO:colcon.colcon_core.shell:Creating package descriptor '/home/unitree/robotscene/ros2_ws/install/robot_scene_live_bridge/share/robot_scene_live_bridge/package.dsv'
[23.995s] INFO:colcon.colcon_core.shell:Creating package script '/home/unitree/robotscene/ros2_ws/install/robot_scene_live_bridge/share/robot_scene_live_bridge/package.sh'
[23.996s] INFO:colcon.colcon_core.shell:Creating package script '/home/unitree/robotscene/ros2_ws/install/robot_scene_live_bridge/share/robot_scene_live_bridge/package.bash'
[23.997s] INFO:colcon.colcon_core.shell:Creating package script '/home/unitree/robotscene/ros2_ws/install/robot_scene_live_bridge/share/robot_scene_live_bridge/package.zsh'
[23.997s] Level 1:colcon.colcon_core.environment:create_file_with_runtime_dependencies(/home/unitree/robotscene/ros2_ws/install/robot_scene_live_bridge/share/colcon-core/packages/robot_scene_live_bridge)
[24.001s] INFO:colcon.colcon_ros.task.ament_cmake.build:Building ROS package in '/home/unitree/robotscene/ros2_ws/src/robot_scene_nav_bringup' with build type 'ament_cmake'
[24.002s] INFO:colcon.colcon_cmake.task.cmake.build:Building CMake package in '/home/unitree/robotscene/ros2_ws/src/robot_scene_nav_bringup'
[24.117s] INFO:colcon.colcon_core.shell:Skip shell extension 'powershell' for command environment: Not usable outside of PowerShell
[24.117s] DEBUG:colcon.colcon_core.shell:Skip shell extension 'dsv' for command environment
[24.493s] Level 1:colcon.colcon_core.shell:create_environment_hook('go2w_rgb_lidar_fusion', 'pythonpath_develop')
[24.504s] DEBUG:colcon.colcon_core.event_handler.log_command:Invoked command in '/home/unitree/robotscene/ros2_ws/build/go2w_rgb_lidar_fusion' returned '0': PYTHONPATH=/home/unitree/robotscene/ros2_ws/build/go2w_rgb_lidar_fusion/prefix_override:/home/unitree/robotscene/ros2_ws/install/go2w_rgb_lidar_fusion/lib/python3.8/site-packages:${PYTHONPATH} /usr/bin/python3 setup.py develop --editable --build-directory /home/unitree/robotscene/ros2_ws/build/go2w_rgb_lidar_fusion/build --no-deps install_data
[24.580s] INFO:colcon.colcon_core.shell:Creating environment hook '/home/unitree/robotscene/ros2_ws/build/go2w_rgb_lidar_fusion/share/go2w_rgb_lidar_fusion/hook/pythonpath_develop.ps1'
[24.582s] INFO:colcon.colcon_core.shell:Creating environment descriptor '/home/unitree/robotscene/ros2_ws/build/go2w_rgb_lidar_fusion/share/go2w_rgb_lidar_fusion/hook/pythonpath_develop.dsv'
[24.583s] INFO:colcon.colcon_core.shell:Creating environment hook '/home/unitree/robotscene/ros2_ws/build/go2w_rgb_lidar_fusion/share/go2w_rgb_lidar_fusion/hook/pythonpath_develop.sh'
[24.699s] Level 1:colcon.colcon_core.environment:checking '/home/unitree/robotscene/ros2_ws/install/go2w_rgb_lidar_fusion' for CMake module files
[24.700s] Level 1:colcon.colcon_core.environment:checking '/home/unitree/robotscene/ros2_ws/install/go2w_rgb_lidar_fusion' for CMake config files
[24.701s] Level 1:colcon.colcon_core.environment:checking '/home/unitree/robotscene/ros2_ws/install/go2w_rgb_lidar_fusion/lib'
[24.701s] Level 1:colcon.colcon_core.environment:checking '/home/unitree/robotscene/ros2_ws/install/go2w_rgb_lidar_fusion/bin'
[24.701s] Level 1:colcon.colcon_core.environment:checking '/home/unitree/robotscene/ros2_ws/install/go2w_rgb_lidar_fusion/lib/pkgconfig/go2w_rgb_lidar_fusion.pc'
[24.702s] Level 1:colcon.colcon_core.environment:checking '/home/unitree/robotscene/ros2_ws/install/go2w_rgb_lidar_fusion/lib/python3.8/site-packages'
[24.702s] Level 1:colcon.colcon_core.shell:create_environment_hook('go2w_rgb_lidar_fusion', 'pythonpath')
[24.778s] INFO:colcon.colcon_core.shell:Creating environment hook '/home/unitree/robotscene/ros2_ws/install/go2w_rgb_lidar_fusion/share/go2w_rgb_lidar_fusion/hook/pythonpath.ps1'
[24.781s] INFO:colcon.colcon_core.shell:Creating environment descriptor '/home/unitree/robotscene/ros2_ws/install/go2w_rgb_lidar_fusion/share/go2w_rgb_lidar_fusion/hook/pythonpath.dsv'
[24.782s] INFO:colcon.colcon_core.shell:Creating environment hook '/home/unitree/robotscene/ros2_ws/install/go2w_rgb_lidar_fusion/share/go2w_rgb_lidar_fusion/hook/pythonpath.sh'
[24.783s] Level 1:colcon.colcon_core.environment:checking '/home/unitree/robotscene/ros2_ws/install/go2w_rgb_lidar_fusion/bin'
[24.783s] Level 1:colcon.colcon_core.environment:create_environment_scripts_only(go2w_rgb_lidar_fusion)
[24.860s] INFO:colcon.colcon_core.shell:Creating package script '/home/unitree/robotscene/ros2_ws/install/go2w_rgb_lidar_fusion/share/go2w_rgb_lidar_fusion/package.ps1'
[24.861s] INFO:colcon.colcon_core.shell:Creating package descriptor '/home/unitree/robotscene/ros2_ws/install/go2w_rgb_lidar_fusion/share/go2w_rgb_lidar_fusion/package.dsv'
[24.862s] INFO:colcon.colcon_core.shell:Creating package script '/home/unitree/robotscene/ros2_ws/install/go2w_rgb_lidar_fusion/share/go2w_rgb_lidar_fusion/package.sh'
[24.863s] INFO:colcon.colcon_core.shell:Creating package script '/home/unitree/robotscene/ros2_ws/install/go2w_rgb_lidar_fusion/share/go2w_rgb_lidar_fusion/package.bash'
[24.864s] INFO:colcon.colcon_core.shell:Creating package script '/home/unitree/robotscene/ros2_ws/install/go2w_rgb_lidar_fusion/share/go2w_rgb_lidar_fusion/package.zsh'
[24.865s] Level 1:colcon.colcon_core.environment:create_file_with_runtime_dependencies(/home/unitree/robotscene/ros2_ws/install/go2w_rgb_lidar_fusion/share/colcon-core/packages/go2w_rgb_lidar_fusion)
[24.866s] Level 1:colcon.colcon_core.shell:create_environment_hook('go2w_sensor_time_bridge', 'pythonpath_develop')
[24.869s] DEBUG:colcon.colcon_core.event_handler.log_command:Invoked command in '/home/unitree/robotscene/ros2_ws/build/go2w_sensor_time_bridge' returned '0': PYTHONPATH=/home/unitree/robotscene/ros2_ws/build/go2w_sensor_time_bridge/prefix_override:/home/unitree/robotscene/ros2_ws/install/go2w_sensor_time_bridge/lib/python3.8/site-packages:${PYTHONPATH} /usr/bin/python3 setup.py develop --editable --build-directory /home/unitree/robotscene/ros2_ws/build/go2w_sensor_time_bridge/build --no-deps install_data
[24.946s] INFO:colcon.colcon_core.shell:Creating environment hook '/home/unitree/robotscene/ros2_ws/build/go2w_sensor_time_bridge/share/go2w_sensor_time_bridge/hook/pythonpath_develop.ps1'
[24.947s] INFO:colcon.colcon_core.shell:Creating environment descriptor '/home/unitree/robotscene/ros2_ws/build/go2w_sensor_time_bridge/share/go2w_sensor_time_bridge/hook/pythonpath_develop.dsv'
[24.948s] INFO:colcon.colcon_core.shell:Creating environment hook '/home/unitree/robotscene/ros2_ws/build/go2w_sensor_time_bridge/share/go2w_sensor_time_bridge/hook/pythonpath_develop.sh'
[25.027s] Level 1:colcon.colcon_core.environment:checking '/home/unitree/robotscene/ros2_ws/install/go2w_sensor_time_bridge' for CMake module files
[25.028s] Level 1:colcon.colcon_core.environment:checking '/home/unitree/robotscene/ros2_ws/install/go2w_sensor_time_bridge' for CMake config files
[25.029s] Level 1:colcon.colcon_core.environment:checking '/home/unitree/robotscene/ros2_ws/install/go2w_sensor_time_bridge/lib'
[25.029s] Level 1:colcon.colcon_core.environment:checking '/home/unitree/robotscene/ros2_ws/install/go2w_sensor_time_bridge/bin'
[25.029s] Level 1:colcon.colcon_core.environment:checking '/home/unitree/robotscene/ros2_ws/install/go2w_sensor_time_bridge/lib/pkgconfig/go2w_sensor_time_bridge.pc'
[25.030s] Level 1:colcon.colcon_core.environment:checking '/home/unitree/robotscene/ros2_ws/install/go2w_sensor_time_bridge/lib/python3.8/site-packages'
[25.030s] Level 1:colcon.colcon_core.shell:create_environment_hook('go2w_sensor_time_bridge', 'pythonpath')
[25.106s] INFO:colcon.colcon_core.shell:Creating environment hook '/home/unitree/robotscene/ros2_ws/install/go2w_sensor_time_bridge/share/go2w_sensor_time_bridge/hook/pythonpath.ps1'
[25.107s] INFO:colcon.colcon_core.shell:Creating environment descriptor '/home/unitree/robotscene/ros2_ws/install/go2w_sensor_time_bridge/share/go2w_sensor_time_bridge/hook/pythonpath.dsv'
[25.108s] INFO:colcon.colcon_core.shell:Creating environment hook '/home/unitree/robotscene/ros2_ws/install/go2w_sensor_time_bridge/share/go2w_sensor_time_bridge/hook/pythonpath.sh'
[25.109s] Level 1:colcon.colcon_core.environment:checking '/home/unitree/robotscene/ros2_ws/install/go2w_sensor_time_bridge/bin'
[25.109s] Level 1:colcon.colcon_core.environment:create_environment_scripts_only(go2w_sensor_time_bridge)
[25.185s] INFO:colcon.colcon_core.shell:Creating package script '/home/unitree/robotscene/ros2_ws/install/go2w_sensor_time_bridge/share/go2w_sensor_time_bridge/package.ps1'
[25.186s] INFO:colcon.colcon_core.shell:Creating package descriptor '/home/unitree/robotscene/ros2_ws/install/go2w_sensor_time_bridge/share/go2w_sensor_time_bridge/package.dsv'
[25.187s] INFO:colcon.colcon_core.shell:Creating package script '/home/unitree/robotscene/ros2_ws/install/go2w_sensor_time_bridge/share/go2w_sensor_time_bridge/package.sh'
[25.188s] INFO:colcon.colcon_core.shell:Creating package script '/home/unitree/robotscene/ros2_ws/install/go2w_sensor_time_bridge/share/go2w_sensor_time_bridge/package.bash'
[25.189s] INFO:colcon.colcon_core.shell:Creating package script '/home/unitree/robotscene/ros2_ws/install/go2w_sensor_time_bridge/share/go2w_sensor_time_bridge/package.zsh'
[25.189s] Level 1:colcon.colcon_core.environment:create_file_with_runtime_dependencies(/home/unitree/robotscene/ros2_ws/install/go2w_sensor_time_bridge/share/colcon-core/packages/go2w_sensor_time_bridge)
[25.191s] INFO:colcon.colcon_ros.task.ament_python.build:Building ROS package in '/home/unitree/robotscene/ros2_ws/src/go2w_lidar_preprocessor' with build type 'ament_python'
[25.192s] Level 1:colcon.colcon_core.shell:create_environment_hook('go2w_lidar_preprocessor', 'ament_prefix_path')
[25.268s] INFO:colcon.colcon_core.shell:Creating environment hook '/home/unitree/robotscene/ros2_ws/install/go2w_lidar_preprocessor/share/go2w_lidar_preprocessor/hook/ament_prefix_path.ps1'
[25.269s] INFO:colcon.colcon_core.shell:Creating environment descriptor '/home/unitree/robotscene/ros2_ws/install/go2w_lidar_preprocessor/share/go2w_lidar_preprocessor/hook/ament_prefix_path.dsv'
[25.270s] INFO:colcon.colcon_core.shell:Creating environment hook '/home/unitree/robotscene/ros2_ws/install/go2w_lidar_preprocessor/share/go2w_lidar_preprocessor/hook/ament_prefix_path.sh'
[25.347s] INFO:colcon.colcon_core.shell:Skip shell extension 'powershell' for command environment: Not usable outside of PowerShell
[25.348s] DEBUG:colcon.colcon_core.shell:Skip shell extension 'dsv' for command environment
[25.662s] INFO:colcon.colcon_ros.task.ament_python.build:Building ROS package in '/home/unitree/robotscene/ros2_ws/src/go2w_lio_bringup' with build type 'ament_python'
[25.663s] Level 1:colcon.colcon_core.shell:create_environment_hook('go2w_lio_bringup', 'ament_prefix_path')
[25.749s] INFO:colcon.colcon_core.shell:Creating environment hook '/home/unitree/robotscene/ros2_ws/install/go2w_lio_bringup/share/go2w_lio_bringup/hook/ament_prefix_path.ps1'
[25.751s] INFO:colcon.colcon_core.shell:Creating environment descriptor '/home/unitree/robotscene/ros2_ws/install/go2w_lio_bringup/share/go2w_lio_bringup/hook/ament_prefix_path.dsv'
[25.751s] INFO:colcon.colcon_core.shell:Creating environment hook '/home/unitree/robotscene/ros2_ws/install/go2w_lio_bringup/share/go2w_lio_bringup/hook/ament_prefix_path.sh'
[25.829s] INFO:colcon.colcon_core.shell:Skip shell extension 'powershell' for command environment: Not usable outside of PowerShell
[25.829s] DEBUG:colcon.colcon_core.shell:Skip shell extension 'dsv' for command environment
[26.210s] DEBUG:colcon.colcon_core.event_handler.log_command:Invoking command in '/home/unitree/robotscene/ros2_ws/build/robot_scene_nav_bringup': CMAKE_PREFIX_PATH=${CMAKE_PREFIX_PATH}:/opt/ros/humble /usr/bin/cmake /home/unitree/robotscene/ros2_ws/src/robot_scene_nav_bringup -DPython3_EXECUTABLE=/usr/bin/python3 -DPYTHON_EXECUTABLE=/usr/bin/python3 -DWITH_PTCS_USE=OFF -DAMENT_CMAKE_SYMLINK_INSTALL=1 -DCMAKE_INSTALL_PREFIX=/home/unitree/robotscene/ros2_ws/install/robot_scene_nav_bringup
[26.780s] INFO:colcon.colcon_core.task.python.build:Building Python package in '/home/unitree/robotscene/ros2_ws/src/go2w_lidar_preprocessor'
[26.877s] INFO:colcon.colcon_core.shell:Skip shell extension 'powershell' for command environment: Not usable outside of PowerShell
[26.877s] DEBUG:colcon.colcon_core.shell:Skip shell extension 'dsv' for command environment
[27.708s] INFO:colcon.colcon_core.task.python.build:Building Python package in '/home/unitree/robotscene/ros2_ws/src/go2w_lio_bringup'
[27.791s] INFO:colcon.colcon_core.shell:Skip shell extension 'powershell' for command environment: Not usable outside of PowerShell
[27.791s] DEBUG:colcon.colcon_core.shell:Skip shell extension 'dsv' for command environment
[28.130s] DEBUG:colcon.colcon_core.event_handler.log_command:Invoked command in '/home/unitree/robotscene/ros2_ws/build/hesai_ros_driver' returned '0': CMAKE_PREFIX_PATH=${CMAKE_PREFIX_PATH}:/opt/ros/humble /usr/bin/cmake /home/unitree/robotscene/ros2_ws/src/hesai_ros_driver -DPython3_EXECUTABLE=/usr/bin/python3 -DPYTHON_EXECUTABLE=/usr/bin/python3 -DWITH_PTCS_USE=OFF -DAMENT_CMAKE_SYMLINK_INSTALL=1 -DCMAKE_INSTALL_PREFIX=/home/unitree/robotscene/ros2_ws/install/hesai_ros_driver
[28.139s] DEBUG:colcon.colcon_core.event_handler.log_command:Invoking command in '/home/unitree/robotscene/ros2_ws/build/hesai_ros_driver': CMAKE_PREFIX_PATH=${CMAKE_PREFIX_PATH}:/opt/ros/humble /usr/bin/cmake --build /home/unitree/robotscene/ros2_ws/build/hesai_ros_driver -- -j4 -l4
[28.202s] DEBUG:colcon.colcon_core.event_handler.log_command:Invoked command in '/home/unitree/robotscene/ros2_ws/build/robot_scene_nav_bringup' returned '0': CMAKE_PREFIX_PATH=${CMAKE_PREFIX_PATH}:/opt/ros/humble /usr/bin/cmake /home/unitree/robotscene/ros2_ws/src/robot_scene_nav_bringup -DPython3_EXECUTABLE=/usr/bin/python3 -DPYTHON_EXECUTABLE=/usr/bin/python3 -DWITH_PTCS_USE=OFF -DAMENT_CMAKE_SYMLINK_INSTALL=1 -DCMAKE_INSTALL_PREFIX=/home/unitree/robotscene/ros2_ws/install/robot_scene_nav_bringup
[28.204s] DEBUG:colcon.colcon_core.event_handler.log_command:Invoking command in '/home/unitree/robotscene/ros2_ws/build/robot_scene_nav_bringup': CMAKE_PREFIX_PATH=${CMAKE_PREFIX_PATH}:/opt/ros/humble /usr/bin/cmake --build /home/unitree/robotscene/ros2_ws/build/robot_scene_nav_bringup -- -j4 -l4
[28.400s] DEBUG:colcon.colcon_core.event_handler.log_command:Invoked command in '/home/unitree/robotscene/ros2_ws/build/robot_scene_nav_bringup' returned '0': CMAKE_PREFIX_PATH=${CMAKE_PREFIX_PATH}:/opt/ros/humble /usr/bin/cmake --build /home/unitree/robotscene/ros2_ws/build/robot_scene_nav_bringup -- -j4 -l4
[28.707s] DEBUG:colcon.colcon_core.event_handler.log_command:Invoking command in '/home/unitree/robotscene/ros2_ws/build/robot_scene_nav_bringup': CMAKE_PREFIX_PATH=${CMAKE_PREFIX_PATH}:/opt/ros/humble /usr/bin/cmake --install /home/unitree/robotscene/ros2_ws/build/robot_scene_nav_bringup
[29.703s] Level 1:colcon.colcon_core.environment:create_environment_scripts_only(robot_scene_nav_bringup)
[29.709s] DEBUG:colcon.colcon_core.event_handler.log_command:Invoked command in '/home/unitree/robotscene/ros2_ws/build/robot_scene_nav_bringup' returned '0': CMAKE_PREFIX_PATH=${CMAKE_PREFIX_PATH}:/opt/ros/humble /usr/bin/cmake --install /home/unitree/robotscene/ros2_ws/build/robot_scene_nav_bringup
[30.041s] Level 1:colcon.colcon_core.environment:checking '/home/unitree/robotscene/ros2_ws/install/robot_scene_nav_bringup' for CMake module files
[30.042s] Level 1:colcon.colcon_core.environment:checking '/home/unitree/robotscene/ros2_ws/install/robot_scene_nav_bringup' for CMake config files
[30.042s] Level 1:colcon.colcon_core.shell:create_environment_hook('robot_scene_nav_bringup', 'cmake_prefix_path')
[30.275s] INFO:colcon.colcon_core.shell:Creating environment hook '/home/unitree/robotscene/ros2_ws/install/robot_scene_nav_bringup/share/robot_scene_nav_bringup/hook/cmake_prefix_path.ps1'
[30.280s] INFO:colcon.colcon_core.shell:Creating environment descriptor '/home/unitree/robotscene/ros2_ws/install/robot_scene_nav_bringup/share/robot_scene_nav_bringup/hook/cmake_prefix_path.dsv'
[30.281s] INFO:colcon.colcon_core.shell:Creating environment hook '/home/unitree/robotscene/ros2_ws/install/robot_scene_nav_bringup/share/robot_scene_nav_bringup/hook/cmake_prefix_path.sh'
[30.282s] Level 1:colcon.colcon_core.environment:checking '/home/unitree/robotscene/ros2_ws/install/robot_scene_nav_bringup/bin'
[30.283s] Level 1:colcon.colcon_core.environment:checking '/home/unitree/robotscene/ros2_ws/install/robot_scene_nav_bringup/lib/pkgconfig/robot_scene_nav_bringup.pc'
[30.283s] Level 1:colcon.colcon_core.environment:checking '/home/unitree/robotscene/ros2_ws/install/robot_scene_nav_bringup/lib/python3.8/site-packages'
[30.283s] Level 1:colcon.colcon_core.environment:checking '/home/unitree/robotscene/ros2_ws/install/robot_scene_nav_bringup/bin'
[30.537s] INFO:colcon.colcon_core.shell:Creating package script '/home/unitree/robotscene/ros2_ws/install/robot_scene_nav_bringup/share/robot_scene_nav_bringup/package.ps1'
[30.543s] INFO:colcon.colcon_core.shell:Creating package descriptor '/home/unitree/robotscene/ros2_ws/install/robot_scene_nav_bringup/share/robot_scene_nav_bringup/package.dsv'
[30.548s] INFO:colcon.colcon_core.shell:Creating package script '/home/unitree/robotscene/ros2_ws/install/robot_scene_nav_bringup/share/robot_scene_nav_bringup/package.sh'
[30.552s] INFO:colcon.colcon_core.shell:Creating package script '/home/unitree/robotscene/ros2_ws/install/robot_scene_nav_bringup/share/robot_scene_nav_bringup/package.bash'
[30.553s] INFO:colcon.colcon_core.shell:Creating package script '/home/unitree/robotscene/ros2_ws/install/robot_scene_nav_bringup/share/robot_scene_nav_bringup/package.zsh'
[30.555s] Level 1:colcon.colcon_core.environment:create_file_with_runtime_dependencies(/home/unitree/robotscene/ros2_ws/install/robot_scene_nav_bringup/share/colcon-core/packages/robot_scene_nav_bringup)
[30.591s] DEBUG:colcon.colcon_core.event_handler.log_command:Invoking command in '/home/unitree/robotscene/ros2_ws/build/go2w_lio_bringup': AMENT_PREFIX_PATH=/home/unitree/robotscene/ros2_ws/install/go2w_description:${AMENT_PREFIX_PATH} PYTHONPATH=/home/unitree/robotscene/ros2_ws/build/go2w_lio_bringup/prefix_override:/home/unitree/robotscene/ros2_ws/install/go2w_lio_bringup/lib/python3.8/site-packages:/home/unitree/robotscene/ros2_ws/build/go2w_description:/home/unitree/robotscene/ros2_ws/install/go2w_description/lib/python3.8/site-packages:${PYTHONPATH} /usr/bin/python3 setup.py develop --editable --build-directory /home/unitree/robotscene/ros2_ws/build/go2w_lio_bringup/build --no-deps install_data
[30.619s] DEBUG:colcon.colcon_core.event_handler.log_command:Invoking command in '/home/unitree/robotscene/ros2_ws/build/go2w_lidar_preprocessor': AMENT_PREFIX_PATH=/home/unitree/robotscene/ros2_ws/install/go2w_description:${AMENT_PREFIX_PATH} PYTHONPATH=/home/unitree/robotscene/ros2_ws/build/go2w_lidar_preprocessor/prefix_override:/home/unitree/robotscene/ros2_ws/install/go2w_lidar_preprocessor/lib/python3.8/site-packages:/home/unitree/robotscene/ros2_ws/build/go2w_description:/home/unitree/robotscene/ros2_ws/install/go2w_description/lib/python3.8/site-packages:${PYTHONPATH} /usr/bin/python3 setup.py develop --editable --build-directory /home/unitree/robotscene/ros2_ws/build/go2w_lidar_preprocessor/build --no-deps install_data
[31.176s] Level 1:colcon.colcon_core.environment:create_environment_scripts_only(robot_scene_nav_bringup)
[31.487s] Level 1:colcon.colcon_core.environment:checking '/home/unitree/robotscene/ros2_ws/install/robot_scene_nav_bringup' for CMake module files
[31.489s] Level 1:colcon.colcon_core.environment:checking '/home/unitree/robotscene/ros2_ws/install/robot_scene_nav_bringup' for CMake config files
[31.491s] Level 1:colcon.colcon_core.shell:create_environment_hook('robot_scene_nav_bringup', 'cmake_prefix_path')
[31.907s] INFO:colcon.colcon_core.shell:Creating environment hook '/home/unitree/robotscene/ros2_ws/install/robot_scene_nav_bringup/share/robot_scene_nav_bringup/hook/cmake_prefix_path.ps1'
[31.917s] INFO:colcon.colcon_core.shell:Creating environment descriptor '/home/unitree/robotscene/ros2_ws/install/robot_scene_nav_bringup/share/robot_scene_nav_bringup/hook/cmake_prefix_path.dsv'
[31.918s] INFO:colcon.colcon_core.shell:Creating environment hook '/home/unitree/robotscene/ros2_ws/install/robot_scene_nav_bringup/share/robot_scene_nav_bringup/hook/cmake_prefix_path.sh'
[31.926s] Level 1:colcon.colcon_core.environment:checking '/home/unitree/robotscene/ros2_ws/install/robot_scene_nav_bringup/bin'
[31.927s] Level 1:colcon.colcon_core.environment:checking '/home/unitree/robotscene/ros2_ws/install/robot_scene_nav_bringup/lib/pkgconfig/robot_scene_nav_bringup.pc'
[31.928s] Level 1:colcon.colcon_core.environment:checking '/home/unitree/robotscene/ros2_ws/install/robot_scene_nav_bringup/lib/python3.8/site-packages'
[31.929s] Level 1:colcon.colcon_core.environment:checking '/home/unitree/robotscene/ros2_ws/install/robot_scene_nav_bringup/bin'
[32.266s] INFO:colcon.colcon_core.shell:Creating package script '/home/unitree/robotscene/ros2_ws/install/robot_scene_nav_bringup/share/robot_scene_nav_bringup/package.ps1'
[32.268s] INFO:colcon.colcon_core.shell:Creating package descriptor '/home/unitree/robotscene/ros2_ws/install/robot_scene_nav_bringup/share/robot_scene_nav_bringup/package.dsv'
[32.269s] INFO:colcon.colcon_core.shell:Creating package script '/home/unitree/robotscene/ros2_ws/install/robot_scene_nav_bringup/share/robot_scene_nav_bringup/package.sh'
[32.270s] INFO:colcon.colcon_core.shell:Creating package script '/home/unitree/robotscene/ros2_ws/install/robot_scene_nav_bringup/share/robot_scene_nav_bringup/package.bash'
[32.300s] INFO:colcon.colcon_core.shell:Creating package script '/home/unitree/robotscene/ros2_ws/install/robot_scene_nav_bringup/share/robot_scene_nav_bringup/package.zsh'
[32.302s] Level 1:colcon.colcon_core.environment:create_file_with_runtime_dependencies(/home/unitree/robotscene/ros2_ws/install/robot_scene_nav_bringup/share/colcon-core/packages/robot_scene_nav_bringup)
[32.932s] Level 1:colcon.colcon_core.shell:create_environment_hook('go2w_lio_bringup', 'pythonpath_develop')
[32.938s] DEBUG:colcon.colcon_core.event_handler.log_command:Invoked command in '/home/unitree/robotscene/ros2_ws/build/go2w_lio_bringup' returned '0': AMENT_PREFIX_PATH=/home/unitree/robotscene/ros2_ws/install/go2w_description:${AMENT_PREFIX_PATH} PYTHONPATH=/home/unitree/robotscene/ros2_ws/build/go2w_lio_bringup/prefix_override:/home/unitree/robotscene/ros2_ws/install/go2w_lio_bringup/lib/python3.8/site-packages:/home/unitree/robotscene/ros2_ws/build/go2w_description:/home/unitree/robotscene/ros2_ws/install/go2w_description/lib/python3.8/site-packages:${PYTHONPATH} /usr/bin/python3 setup.py develop --editable --build-directory /home/unitree/robotscene/ros2_ws/build/go2w_lio_bringup/build --no-deps install_data
[33.121s] INFO:colcon.colcon_core.shell:Creating environment hook '/home/unitree/robotscene/ros2_ws/build/go2w_lio_bringup/share/go2w_lio_bringup/hook/pythonpath_develop.ps1'
[33.123s] INFO:colcon.colcon_core.shell:Creating environment descriptor '/home/unitree/robotscene/ros2_ws/build/go2w_lio_bringup/share/go2w_lio_bringup/hook/pythonpath_develop.dsv'
[33.123s] INFO:colcon.colcon_core.shell:Creating environment hook '/home/unitree/robotscene/ros2_ws/build/go2w_lio_bringup/share/go2w_lio_bringup/hook/pythonpath_develop.sh'
[33.214s] Level 1:colcon.colcon_core.environment:checking '/home/unitree/robotscene/ros2_ws/install/go2w_lio_bringup' for CMake module files
[33.215s] Level 1:colcon.colcon_core.environment:checking '/home/unitree/robotscene/ros2_ws/install/go2w_lio_bringup' for CMake config files
[33.217s] Level 1:colcon.colcon_core.environment:checking '/home/unitree/robotscene/ros2_ws/install/go2w_lio_bringup/lib'
[33.217s] Level 1:colcon.colcon_core.environment:checking '/home/unitree/robotscene/ros2_ws/install/go2w_lio_bringup/bin'
[33.217s] Level 1:colcon.colcon_core.environment:checking '/home/unitree/robotscene/ros2_ws/install/go2w_lio_bringup/lib/pkgconfig/go2w_lio_bringup.pc'
[33.218s] Level 1:colcon.colcon_core.environment:checking '/home/unitree/robotscene/ros2_ws/install/go2w_lio_bringup/lib/python3.8/site-packages'
[33.218s] Level 1:colcon.colcon_core.shell:create_environment_hook('go2w_lio_bringup', 'pythonpath')
[33.302s] INFO:colcon.colcon_core.shell:Creating environment hook '/home/unitree/robotscene/ros2_ws/install/go2w_lio_bringup/share/go2w_lio_bringup/hook/pythonpath.ps1'
[33.303s] INFO:colcon.colcon_core.shell:Creating environment descriptor '/home/unitree/robotscene/ros2_ws/install/go2w_lio_bringup/share/go2w_lio_bringup/hook/pythonpath.dsv'
[33.304s] INFO:colcon.colcon_core.shell:Creating environment hook '/home/unitree/robotscene/ros2_ws/install/go2w_lio_bringup/share/go2w_lio_bringup/hook/pythonpath.sh'
[33.306s] Level 1:colcon.colcon_core.environment:checking '/home/unitree/robotscene/ros2_ws/install/go2w_lio_bringup/bin'
[33.306s] Level 1:colcon.colcon_core.environment:create_environment_scripts_only(go2w_lio_bringup)
[33.423s] INFO:colcon.colcon_core.shell:Creating package script '/home/unitree/robotscene/ros2_ws/install/go2w_lio_bringup/share/go2w_lio_bringup/package.ps1'
[33.424s] INFO:colcon.colcon_core.shell:Creating package descriptor '/home/unitree/robotscene/ros2_ws/install/go2w_lio_bringup/share/go2w_lio_bringup/package.dsv'
[33.425s] INFO:colcon.colcon_core.shell:Creating package script '/home/unitree/robotscene/ros2_ws/install/go2w_lio_bringup/share/go2w_lio_bringup/package.sh'
[33.426s] INFO:colcon.colcon_core.shell:Creating package script '/home/unitree/robotscene/ros2_ws/install/go2w_lio_bringup/share/go2w_lio_bringup/package.bash'
[33.427s] INFO:colcon.colcon_core.shell:Creating package script '/home/unitree/robotscene/ros2_ws/install/go2w_lio_bringup/share/go2w_lio_bringup/package.zsh'
[33.428s] Level 1:colcon.colcon_core.environment:create_file_with_runtime_dependencies(/home/unitree/robotscene/ros2_ws/install/go2w_lio_bringup/share/colcon-core/packages/go2w_lio_bringup)
[33.430s] Level 1:colcon.colcon_core.shell:create_environment_hook('go2w_lidar_preprocessor', 'pythonpath_develop')
[33.439s] DEBUG:colcon.colcon_core.event_handler.log_command:Invoked command in '/home/unitree/robotscene/ros2_ws/build/go2w_lidar_preprocessor' returned '0': AMENT_PREFIX_PATH=/home/unitree/robotscene/ros2_ws/install/go2w_description:${AMENT_PREFIX_PATH} PYTHONPATH=/home/unitree/robotscene/ros2_ws/build/go2w_lidar_preprocessor/prefix_override:/home/unitree/robotscene/ros2_ws/install/go2w_lidar_preprocessor/lib/python3.8/site-packages:/home/unitree/robotscene/ros2_ws/build/go2w_description:/home/unitree/robotscene/ros2_ws/install/go2w_description/lib/python3.8/site-packages:${PYTHONPATH} /usr/bin/python3 setup.py develop --editable --build-directory /home/unitree/robotscene/ros2_ws/build/go2w_lidar_preprocessor/build --no-deps install_data
[33.531s] INFO:colcon.colcon_core.shell:Creating environment hook '/home/unitree/robotscene/ros2_ws/build/go2w_lidar_preprocessor/share/go2w_lidar_preprocessor/hook/pythonpath_develop.ps1'
[33.533s] INFO:colcon.colcon_core.shell:Creating environment descriptor '/home/unitree/robotscene/ros2_ws/build/go2w_lidar_preprocessor/share/go2w_lidar_preprocessor/hook/pythonpath_develop.dsv'
[33.534s] INFO:colcon.colcon_core.shell:Creating environment hook '/home/unitree/robotscene/ros2_ws/build/go2w_lidar_preprocessor/share/go2w_lidar_preprocessor/hook/pythonpath_develop.sh'
[33.668s] Level 1:colcon.colcon_core.environment:checking '/home/unitree/robotscene/ros2_ws/install/go2w_lidar_preprocessor' for CMake module files
[33.669s] Level 1:colcon.colcon_core.environment:checking '/home/unitree/robotscene/ros2_ws/install/go2w_lidar_preprocessor' for CMake config files
[33.670s] Level 1:colcon.colcon_core.environment:checking '/home/unitree/robotscene/ros2_ws/install/go2w_lidar_preprocessor/lib'
[33.670s] Level 1:colcon.colcon_core.environment:checking '/home/unitree/robotscene/ros2_ws/install/go2w_lidar_preprocessor/bin'
[33.670s] Level 1:colcon.colcon_core.environment:checking '/home/unitree/robotscene/ros2_ws/install/go2w_lidar_preprocessor/lib/pkgconfig/go2w_lidar_preprocessor.pc'
[33.671s] Level 1:colcon.colcon_core.environment:checking '/home/unitree/robotscene/ros2_ws/install/go2w_lidar_preprocessor/lib/python3.8/site-packages'
[33.671s] Level 1:colcon.colcon_core.shell:create_environment_hook('go2w_lidar_preprocessor', 'pythonpath')
[33.912s] INFO:colcon.colcon_core.shell:Creating environment hook '/home/unitree/robotscene/ros2_ws/install/go2w_lidar_preprocessor/share/go2w_lidar_preprocessor/hook/pythonpath.ps1'
[33.913s] INFO:colcon.colcon_core.shell:Creating environment descriptor '/home/unitree/robotscene/ros2_ws/install/go2w_lidar_preprocessor/share/go2w_lidar_preprocessor/hook/pythonpath.dsv'
[33.914s] INFO:colcon.colcon_core.shell:Creating environment hook '/home/unitree/robotscene/ros2_ws/install/go2w_lidar_preprocessor/share/go2w_lidar_preprocessor/hook/pythonpath.sh'
[33.916s] Level 1:colcon.colcon_core.environment:checking '/home/unitree/robotscene/ros2_ws/install/go2w_lidar_preprocessor/bin'
[33.916s] Level 1:colcon.colcon_core.environment:create_environment_scripts_only(go2w_lidar_preprocessor)
[34.011s] INFO:colcon.colcon_core.shell:Creating package script '/home/unitree/robotscene/ros2_ws/install/go2w_lidar_preprocessor/share/go2w_lidar_preprocessor/package.ps1'
[34.013s] INFO:colcon.colcon_core.shell:Creating package descriptor '/home/unitree/robotscene/ros2_ws/install/go2w_lidar_preprocessor/share/go2w_lidar_preprocessor/package.dsv'
[34.014s] INFO:colcon.colcon_core.shell:Creating package script '/home/unitree/robotscene/ros2_ws/install/go2w_lidar_preprocessor/share/go2w_lidar_preprocessor/package.sh'
[34.016s] INFO:colcon.colcon_core.shell:Creating package script '/home/unitree/robotscene/ros2_ws/install/go2w_lidar_preprocessor/share/go2w_lidar_preprocessor/package.bash'
[34.017s] INFO:colcon.colcon_core.shell:Creating package script '/home/unitree/robotscene/ros2_ws/install/go2w_lidar_preprocessor/share/go2w_lidar_preprocessor/package.zsh'
[34.018s] Level 1:colcon.colcon_core.environment:create_file_with_runtime_dependencies(/home/unitree/robotscene/ros2_ws/install/go2w_lidar_preprocessor/share/colcon-core/packages/go2w_lidar_preprocessor)
[118.512s] DEBUG:colcon.colcon_core.event_handler.log_command:Invoked command in '/home/unitree/robotscene/ros2_ws/build/hesai_ros_driver' returned '0': CMAKE_PREFIX_PATH=${CMAKE_PREFIX_PATH}:/opt/ros/humble /usr/bin/cmake --build /home/unitree/robotscene/ros2_ws/build/hesai_ros_driver -- -j4 -l4
[118.749s] DEBUG:colcon.colcon_core.event_handler.log_command:Invoking command in '/home/unitree/robotscene/ros2_ws/build/hesai_ros_driver': CMAKE_PREFIX_PATH=${CMAKE_PREFIX_PATH}:/opt/ros/humble /usr/bin/cmake --install /home/unitree/robotscene/ros2_ws/build/hesai_ros_driver
[121.624s] Level 1:colcon.colcon_core.environment:create_environment_scripts_only(hesai_ros_driver)
[121.625s] DEBUG:colcon.colcon_core.event_handler.log_command:Invoked command in '/home/unitree/robotscene/ros2_ws/build/hesai_ros_driver' returned '0': CMAKE_PREFIX_PATH=${CMAKE_PREFIX_PATH}:/opt/ros/humble /usr/bin/cmake --install /home/unitree/robotscene/ros2_ws/build/hesai_ros_driver
[121.702s] Level 1:colcon.colcon_core.environment:checking '/home/unitree/robotscene/ros2_ws/install/hesai_ros_driver' for CMake module files
[121.703s] Level 1:colcon.colcon_core.environment:checking '/home/unitree/robotscene/ros2_ws/install/hesai_ros_driver' for CMake config files
[121.705s] Level 1:colcon.colcon_core.shell:create_environment_hook('hesai_ros_driver', 'cmake_prefix_path')
[121.780s] INFO:colcon.colcon_core.shell:Creating environment hook '/home/unitree/robotscene/ros2_ws/install/hesai_ros_driver/share/hesai_ros_driver/hook/cmake_prefix_path.ps1'
[121.782s] INFO:colcon.colcon_core.shell:Creating environment descriptor '/home/unitree/robotscene/ros2_ws/install/hesai_ros_driver/share/hesai_ros_driver/hook/cmake_prefix_path.dsv'
[121.782s] INFO:colcon.colcon_core.shell:Creating environment hook '/home/unitree/robotscene/ros2_ws/install/hesai_ros_driver/share/hesai_ros_driver/hook/cmake_prefix_path.sh'
[121.784s] Level 1:colcon.colcon_core.environment:checking '/home/unitree/robotscene/ros2_ws/install/hesai_ros_driver/lib'
[121.784s] Level 1:colcon.colcon_core.shell:create_environment_hook('hesai_ros_driver', 'ld_library_path_lib')
[121.859s] INFO:colcon.colcon_core.shell:Creating environment hook '/home/unitree/robotscene/ros2_ws/install/hesai_ros_driver/share/hesai_ros_driver/hook/ld_library_path_lib.ps1'
[121.860s] INFO:colcon.colcon_core.shell:Creating environment descriptor '/home/unitree/robotscene/ros2_ws/install/hesai_ros_driver/share/hesai_ros_driver/hook/ld_library_path_lib.dsv'
[121.861s] INFO:colcon.colcon_core.shell:Creating environment hook '/home/unitree/robotscene/ros2_ws/install/hesai_ros_driver/share/hesai_ros_driver/hook/ld_library_path_lib.sh'
[121.861s] Level 1:colcon.colcon_core.environment:checking '/home/unitree/robotscene/ros2_ws/install/hesai_ros_driver/bin'
[121.861s] Level 1:colcon.colcon_core.environment:checking '/home/unitree/robotscene/ros2_ws/install/hesai_ros_driver/lib/pkgconfig/hesai_ros_driver.pc'
[121.862s] Level 1:colcon.colcon_core.environment:checking '/home/unitree/robotscene/ros2_ws/install/hesai_ros_driver/lib/python3.8/site-packages'
[121.862s] Level 1:colcon.colcon_core.shell:create_environment_hook('hesai_ros_driver', 'pythonpath')
[121.938s] INFO:colcon.colcon_core.shell:Creating environment hook '/home/unitree/robotscene/ros2_ws/install/hesai_ros_driver/share/hesai_ros_driver/hook/pythonpath.ps1'
[121.939s] INFO:colcon.colcon_core.shell:Creating environment descriptor '/home/unitree/robotscene/ros2_ws/install/hesai_ros_driver/share/hesai_ros_driver/hook/pythonpath.dsv'
[121.940s] INFO:colcon.colcon_core.shell:Creating environment hook '/home/unitree/robotscene/ros2_ws/install/hesai_ros_driver/share/hesai_ros_driver/hook/pythonpath.sh'
[121.941s] Level 1:colcon.colcon_core.environment:checking '/home/unitree/robotscene/ros2_ws/install/hesai_ros_driver/bin'
[122.016s] INFO:colcon.colcon_core.shell:Creating package script '/home/unitree/robotscene/ros2_ws/install/hesai_ros_driver/share/hesai_ros_driver/package.ps1'
[122.017s] INFO:colcon.colcon_core.shell:Creating package descriptor '/home/unitree/robotscene/ros2_ws/install/hesai_ros_driver/share/hesai_ros_driver/package.dsv'
[122.018s] INFO:colcon.colcon_core.shell:Creating package script '/home/unitree/robotscene/ros2_ws/install/hesai_ros_driver/share/hesai_ros_driver/package.sh'
[122.019s] INFO:colcon.colcon_core.shell:Creating package script '/home/unitree/robotscene/ros2_ws/install/hesai_ros_driver/share/hesai_ros_driver/package.bash'
[122.020s] INFO:colcon.colcon_core.shell:Creating package script '/home/unitree/robotscene/ros2_ws/install/hesai_ros_driver/share/hesai_ros_driver/package.zsh'
[122.021s] Level 1:colcon.colcon_core.environment:create_file_with_runtime_dependencies(/home/unitree/robotscene/ros2_ws/install/hesai_ros_driver/share/colcon-core/packages/hesai_ros_driver)
[122.342s] Level 1:colcon.colcon_core.environment:create_environment_scripts_only(hesai_ros_driver)
[122.435s] Level 1:colcon.colcon_core.environment:checking '/home/unitree/robotscene/ros2_ws/install/hesai_ros_driver' for CMake module files
[122.437s] Level 1:colcon.colcon_core.environment:checking '/home/unitree/robotscene/ros2_ws/install/hesai_ros_driver' for CMake config files
[122.439s] Level 1:colcon.colcon_core.shell:create_environment_hook('hesai_ros_driver', 'cmake_prefix_path')
[122.526s] INFO:colcon.colcon_core.shell:Creating environment hook '/home/unitree/robotscene/ros2_ws/install/hesai_ros_driver/share/hesai_ros_driver/hook/cmake_prefix_path.ps1'
[122.529s] INFO:colcon.colcon_core.shell:Creating environment descriptor '/home/unitree/robotscene/ros2_ws/install/hesai_ros_driver/share/hesai_ros_driver/hook/cmake_prefix_path.dsv'
[122.530s] INFO:colcon.colcon_core.shell:Creating environment hook '/home/unitree/robotscene/ros2_ws/install/hesai_ros_driver/share/hesai_ros_driver/hook/cmake_prefix_path.sh'
[122.534s] Level 1:colcon.colcon_core.environment:checking '/home/unitree/robotscene/ros2_ws/install/hesai_ros_driver/lib'
[122.534s] Level 1:colcon.colcon_core.shell:create_environment_hook('hesai_ros_driver', 'ld_library_path_lib')
[122.625s] INFO:colcon.colcon_core.shell:Creating environment hook '/home/unitree/robotscene/ros2_ws/install/hesai_ros_driver/share/hesai_ros_driver/hook/ld_library_path_lib.ps1'
[122.627s] INFO:colcon.colcon_core.shell:Creating environment descriptor '/home/unitree/robotscene/ros2_ws/install/hesai_ros_driver/share/hesai_ros_driver/hook/ld_library_path_lib.dsv'
[122.628s] INFO:colcon.colcon_core.shell:Creating environment hook '/home/unitree/robotscene/ros2_ws/install/hesai_ros_driver/share/hesai_ros_driver/hook/ld_library_path_lib.sh'
[122.629s] Level 1:colcon.colcon_core.environment:checking '/home/unitree/robotscene/ros2_ws/install/hesai_ros_driver/bin'
[122.629s] Level 1:colcon.colcon_core.environment:checking '/home/unitree/robotscene/ros2_ws/install/hesai_ros_driver/lib/pkgconfig/hesai_ros_driver.pc'
[122.630s] Level 1:colcon.colcon_core.environment:checking '/home/unitree/robotscene/ros2_ws/install/hesai_ros_driver/lib/python3.8/site-packages'
[122.630s] Level 1:colcon.colcon_core.shell:create_environment_hook('hesai_ros_driver', 'pythonpath')
[122.715s] INFO:colcon.colcon_core.shell:Creating environment hook '/home/unitree/robotscene/ros2_ws/install/hesai_ros_driver/share/hesai_ros_driver/hook/pythonpath.ps1'
[122.717s] INFO:colcon.colcon_core.shell:Creating environment descriptor '/home/unitree/robotscene/ros2_ws/install/hesai_ros_driver/share/hesai_ros_driver/hook/pythonpath.dsv'
[122.717s] INFO:colcon.colcon_core.shell:Creating environment hook '/home/unitree/robotscene/ros2_ws/install/hesai_ros_driver/share/hesai_ros_driver/hook/pythonpath.sh'
[122.719s] Level 1:colcon.colcon_core.environment:checking '/home/unitree/robotscene/ros2_ws/install/hesai_ros_driver/bin'
[122.812s] INFO:colcon.colcon_core.shell:Creating package script '/home/unitree/robotscene/ros2_ws/install/hesai_ros_driver/share/hesai_ros_driver/package.ps1'
[122.814s] INFO:colcon.colcon_core.shell:Creating package descriptor '/home/unitree/robotscene/ros2_ws/install/hesai_ros_driver/share/hesai_ros_driver/package.dsv'
[122.815s] INFO:colcon.colcon_core.shell:Creating package script '/home/unitree/robotscene/ros2_ws/install/hesai_ros_driver/share/hesai_ros_driver/package.sh'
[122.816s] INFO:colcon.colcon_core.shell:Creating package script '/home/unitree/robotscene/ros2_ws/install/hesai_ros_driver/share/hesai_ros_driver/package.bash'
[122.818s] INFO:colcon.colcon_core.shell:Creating package script '/home/unitree/robotscene/ros2_ws/install/hesai_ros_driver/share/hesai_ros_driver/package.zsh'
[122.819s] Level 1:colcon.colcon_core.environment:create_file_with_runtime_dependencies(/home/unitree/robotscene/ros2_ws/install/hesai_ros_driver/share/colcon-core/packages/hesai_ros_driver)
[122.821s] DEBUG:colcon.colcon_parallel_executor.executor.parallel:closing loop
[122.822s] DEBUG:colcon.colcon_parallel_executor.executor.parallel:loop closed
[122.822s] DEBUG:colcon.colcon_parallel_executor.executor.parallel:run_until_complete finished with '0'
[122.822s] DEBUG:colcon.colcon_core.event_reactor:joining thread
[122.911s] INFO:colcon.colcon_core.plugin_system:Skipping extension 'colcon_notification.desktop_notification.terminal_notifier': Not used on non-Darwin systems
[122.911s] INFO:colcon.colcon_core.plugin_system:Skipping extension 'colcon_notification.desktop_notification.win32': Not used on non-Windows systems
[122.911s] INFO:colcon.colcon_notification.desktop_notification:Sending desktop notification using 'notify2'
[122.935s] DEBUG:colcon.colcon_notification.desktop_notification.notify2:Failed to initialize notify2: org.freedesktop.DBus.Error.Spawn.ChildExited: Process org.freedesktop.Notifications exited with status 1
[122.936s] DEBUG:colcon.colcon_core.event_reactor:joined thread
[123.028s] INFO:colcon.colcon_core.shell:Creating prefix script '/home/unitree/robotscene/ros2_ws/install/local_setup.ps1'
[123.031s] INFO:colcon.colcon_core.shell:Creating prefix util module '/home/unitree/robotscene/ros2_ws/install/_local_setup_util_ps1.py'
[123.036s] INFO:colcon.colcon_core.shell:Creating prefix chain script '/home/unitree/robotscene/ros2_ws/install/setup.ps1'
[123.128s] INFO:colcon.colcon_core.shell:Creating prefix script '/home/unitree/robotscene/ros2_ws/install/local_setup.sh'
[123.130s] INFO:colcon.colcon_core.shell:Creating prefix util module '/home/unitree/robotscene/ros2_ws/install/_local_setup_util_sh.py'
[123.132s] INFO:colcon.colcon_core.shell:Creating prefix chain script '/home/unitree/robotscene/ros2_ws/install/setup.sh'
[123.219s] INFO:colcon.colcon_core.shell:Creating prefix script '/home/unitree/robotscene/ros2_ws/install/local_setup.bash'
[123.220s] INFO:colcon.colcon_core.shell:Creating prefix chain script '/home/unitree/robotscene/ros2_ws/install/setup.bash'
[123.296s] INFO:colcon.colcon_core.shell:Creating prefix script '/home/unitree/robotscene/ros2_ws/install/local_setup.zsh'
[123.298s] INFO:colcon.colcon_core.shell:Creating prefix chain script '/home/unitree/robotscene/ros2_ws/install/setup.zsh'
