[manual-web-demo-worker] init failure: ModuleNotFoundError: No module named 'go2w_motion_interfaces'
[manual-web-demo-worker] init failure: ModuleNotFoundError: No module named 'go2w_motion_interfaces'
[manual-web-demo-worker] init failure: ModuleNotFoundError: No module named 'go2w_motion_interfaces'
[manual-web-demo-worker] init failure: ModuleNotFoundError: No module named 'go2w_motion_interfaces'
[manual-web-demo-worker] init failure: ModuleNotFoundError: No module named 'go2w_motion_interfaces'
[manual-web-demo-worker] init failure: ModuleNotFoundError: No module named 'go2w_motion_interfaces'
[manual-web-demo-worker] init failure: ModuleNotFoundError: No module named 'go2w_motion_interfaces'
[manual-web-demo-worker] init failure: ModuleNotFoundError: No module named 'go2w_motion_interfaces'
[manual-web-demo-worker] init failure: ModuleNotFoundError: No module named 'go2w_motion_interfaces'
[manual-web-demo-worker] init failure: ModuleNotFoundError: No module named 'go2w_motion_interfaces'
[manual-web-demo-worker] init failure: ModuleNotFoundError: No module named 'go2w_motion_interfaces'
[manual-web-demo-worker] init failure: ModuleNotFoundError: No module named 'go2w_motion_interfaces'
[manual-web-demo-worker] init failure: ModuleNotFoundError: No module named 'go2w_motion_interfaces'
[manual-web-demo-worker] init failure: ModuleNotFoundError: No module named 'go2w_motion_interfaces'
[manual-web-demo-worker] init failure: ModuleNotFoundError: No module named 'go2w_motion_interfaces'
[manual-web-demo-worker] init failure: ModuleNotFoundError: No module named 'go2w_motion_interfaces'
[manual-web-demo-worker] init failure: ModuleNotFoundError: No module named 'go2w_motion_interfaces'
[manual-web-demo-worker] init failure: ModuleNotFoundError: No module named 'go2w_motion_interfaces'
[manual-web-demo-worker] init failure: ModuleNotFoundError: No module named 'go2w_motion_interfaces'
[manual-web-demo-worker] init failure: ModuleNotFoundError: No module named 'go2w_motion_interfaces'
[manual-web-demo-worker] init failure: ModuleNotFoundError: No module named 'go2w_motion_interfaces'
[manual-web-demo-worker] init failure: ModuleNotFoundError: No module named 'go2w_motion_interfaces'
[manual-web-demo-worker] init failure: ModuleNotFoundError: No module named 'go2w_motion_interfaces'
[manual-web-demo-worker] init failure: ModuleNotFoundError: No module named 'go2w_motion_interfaces'
[manual-web-demo-worker] init failure: ModuleNotFoundError: No module named 'go2w_motion_interfaces'
[manual-web-demo-worker] init failure: ModuleNotFoundError: No module named 'go2w_motion_interfaces'
[manual-web-demo-worker] init failure: ModuleNotFoundError: No module named 'go2w_motion_interfaces'
[manual-web-demo-worker] init failure: ModuleNotFoundError: No module named 'go2w_motion_interfaces'
[manual-web-demo-worker] init failure: ModuleNotFoundError: No module named 'go2w_motion_interfaces'
[manual-web-demo-worker] init failure: ModuleNotFoundError: No module named 'go2w_motion_interfaces'
[manual-web-demo-worker] init failure: ModuleNotFoundError: No module named 'go2w_motion_interfaces'
[manual-web-demo-worker] init failure: ModuleNotFoundError: No module named 'go2w_motion_interfaces'
[manual-web-demo-worker] init failure: ModuleNotFoundError: No module named 'go2w_motion_interfaces'
[manual-web-demo-worker] init failure: ModuleNotFoundError: No module named 'go2w_motion_interfaces'
[manual-web-demo-worker] init failure: ModuleNotFoundError: No module named 'go2w_motion_interfaces'
[manual-web-demo-worker] init failure: ModuleNotFoundError: No module named 'go2w_motion_interfaces'
[manual-web-demo-worker] init failure: ModuleNotFoundError: No module named 'go2w_motion_interfaces'
[manual-web-demo-worker] init failure: ModuleNotFoundError: No module named 'go2w_motion_interfaces'
[manual-web-demo-worker] init failure: ModuleNotFoundError: No module named 'go2w_motion_interfaces'
[manual-web-demo-worker] init failure: ModuleNotFoundError: No module named 'go2w_motion_interfaces'
[manual-web-demo-worker] init failure: ModuleNotFoundError: No module named 'go2w_motion_interfaces'
[manual-web-demo-worker] init failure: ModuleNotFoundError: No module named 'go2w_motion_interfaces'
[manual-web-demo-worker] init failure: ModuleNotFoundError: No module named 'go2w_motion_interfaces'
[manual-web-demo-worker] init failure: ModuleNotFoundError: No module named 'go2w_motion_interfaces'
[manual-web-demo-worker] init failure: ModuleNotFoundError: No module named 'go2w_motion_interfaces'
[manual-web-demo-worker] init failure: ModuleNotFoundError: No module named 'go2w_motion_interfaces'
[manual-web-demo-worker] init failure: ModuleNotFoundError: No module named 'go2w_motion_interfaces'
[manual-web-demo-worker] init failure: ModuleNotFoundError: No module named 'go2w_motion_interfaces'
[manual-web-demo-worker] init failure: ModuleNotFoundError: No module named 'go2w_motion_interfaces'
[manual-web-demo-worker] init failure: ModuleNotFoundError: No module named 'go2w_motion_interfaces'
[manual-web-demo-worker] init failure: ModuleNotFoundError: No module named 'go2w_motion_interfaces'
[manual-web-demo-worker] init failure: ModuleNotFoundError: No module named 'go2w_motion_interfaces'
[manual-web-demo-worker] init failure: ModuleNotFoundError: No module named 'go2w_motion_interfaces'
[manual-web-demo-worker] init failure: ModuleNotFoundError: No module named 'go2w_motion_interfaces'
[manual-web-demo-worker] init failure: ModuleNotFoundError: No module named 'go2w_motion_interfaces'
[manual-web-demo-worker] init failure: ModuleNotFoundError: No module named 'go2w_motion_interfaces'
[manual-web-demo-worker] init failure: ModuleNotFoundError: No module named 'go2w_motion_interfaces'
[manual-web-demo-worker] init failure: ModuleNotFoundError: No module named 'go2w_motion_interfaces'
[manual-web-demo-worker] init failure: ModuleNotFoundError: No module named 'go2w_motion_interfaces'
[manual-web-demo-worker] init failure: ModuleNotFoundError: No module named 'go2w_motion_interfaces'
[manual-web-demo-worker] init failure: ModuleNotFoundError: No module named 'go2w_motion_interfaces'
[manual-web-demo-worker] init failure: ModuleNotFoundError: No module named 'go2w_motion_interfaces'
[manual-web-demo-worker] init failure: ModuleNotFoundError: No module named 'go2w_motion_interfaces'
[manual-web-demo-worker] init failure: ModuleNotFoundError: No module named 'go2w_motion_interfaces'
[manual-web-demo-worker] init failure: ModuleNotFoundError: No module named 'go2w_motion_interfaces'
[manual-web-demo-worker] init failure: ModuleNotFoundError: No module named 'go2w_motion_interfaces'
[manual-web-demo-worker] init failure: ModuleNotFoundError: No module named 'go2w_motion_interfaces'
[manual-web-demo-worker] init failure: ModuleNotFoundError: No module named 'go2w_motion_interfaces'
[manual-web-demo-worker] init failure: ModuleNotFoundError: No module named 'go2w_motion_interfaces'
[manual-web-demo-worker] init failure: ModuleNotFoundError: No module named 'go2w_motion_interfaces'
[manual-web-demo-worker] init failure: ModuleNotFoundError: No module named 'go2w_motion_interfaces'
[manual-web-demo-worker] init failure: ModuleNotFoundError: No module named 'go2w_motion_interfaces'
[manual-web-demo-worker] init failure: ModuleNotFoundError: No module named 'go2w_motion_interfaces'
[manual-web-demo-worker] init failure: ModuleNotFoundError: No module named 'go2w_motion_interfaces'
[manual-web-demo-worker] init failure: ModuleNotFoundError: No module named 'go2w_motion_interfaces'
[manual-web-demo-worker] init failure: ModuleNotFoundError: No module named 'go2w_motion_interfaces'
[manual-web-demo-worker] init failure: ModuleNotFoundError: No module named 'go2w_motion_interfaces'
[manual-web-demo-worker] init failure: ModuleNotFoundError: No module named 'go2w_motion_interfaces'
[manual-web-demo-worker] init failure: ModuleNotFoundError: No module named 'go2w_motion_interfaces'
[manual-web-demo-worker] init failure: ModuleNotFoundError: No module named 'go2w_motion_interfaces'
[manual-web-demo-worker] init failure: ModuleNotFoundError: No module named 'go2w_motion_interfaces'
[manual-web-demo-worker] init failure: ModuleNotFoundError: No module named 'go2w_motion_interfaces'
[manual-web-demo-worker] init failure: ModuleNotFoundError: No module named 'go2w_motion_interfaces'
[manual-web-demo-worker] init failure: ModuleNotFoundError: No module named 'go2w_motion_interfaces'
[manual-web-demo-worker] init failure: ModuleNotFoundError: No module named 'go2w_motion_interfaces'
[manual-web-demo-worker] init failure: ModuleNotFoundError: No module named 'go2w_motion_interfaces'
[manual-web-demo-worker] init failure: ModuleNotFoundError: No module named 'go2w_motion_interfaces'
[manual-web-demo-worker] init failure: ModuleNotFoundError: No module named 'go2w_motion_interfaces'
[manual-web-demo-worker] init failure: ModuleNotFoundError: No module named 'go2w_motion_interfaces'
[manual-web-demo-worker] init failure: ModuleNotFoundError: No module named 'go2w_motion_interfaces'
[manual-web-demo-worker] init failure: ModuleNotFoundError: No module named 'go2w_motion_interfaces'
[manual-web-demo-worker] init failure: ModuleNotFoundError: No module named 'go2w_motion_interfaces'
[manual-web-demo-worker] init failure: ModuleNotFoundError: No module named 'go2w_motion_interfaces'
[manual-web-demo-worker] init failure: ModuleNotFoundError: No module named 'go2w_motion_interfaces'
[manual-web-demo-worker] init failure: ModuleNotFoundError: No module named 'go2w_motion_interfaces'
[manual-web-demo-worker] init failure: ModuleNotFoundError: No module named 'go2w_motion_interfaces'
[manual-web-demo-worker] init failure: ModuleNotFoundError: No module named 'go2w_motion_interfaces'
[manual-web-demo-worker] init failure: ModuleNotFoundError: No module named 'go2w_motion_interfaces'
[manual-web-demo-worker] init failure: ModuleNotFoundError: No module named 'go2w_motion_interfaces'
[manual-web-demo-worker] init failure: ModuleNotFoundError: No module named 'go2w_motion_interfaces'
[manual-web-demo-worker] init failure: ModuleNotFoundError: No module named 'go2w_motion_interfaces'
[manual-web-demo-worker] init failure: ModuleNotFoundError: No module named 'go2w_motion_interfaces'
[manual-web-demo-worker] init failure: ModuleNotFoundError: No module named 'go2w_motion_interfaces'
[manual-web-demo-worker] init failure: ModuleNotFoundError: No module named 'go2w_motion_interfaces'
[manual-web-demo-worker] init failure: ModuleNotFoundError: No module named 'go2w_motion_interfaces'
[manual-web-demo-worker] init failure: ModuleNotFoundError: No module named 'go2w_motion_interfaces'
[manual-web-demo-worker] init failure: ModuleNotFoundError: No module named 'go2w_motion_interfaces'
[manual-web-demo-worker] init failure: ModuleNotFoundError: No module named 'go2w_motion_interfaces'
[manual-web-demo-worker] init failure: ModuleNotFoundError: No module named 'go2w_motion_interfaces'
[manual-web-demo-worker] init failure: ModuleNotFoundError: No module named 'go2w_motion_interfaces'
[manual-web-demo-worker] init failure: ModuleNotFoundError: No module named 'go2w_motion_interfaces'
[manual-web-demo-worker] init failure: ModuleNotFoundError: No module named 'go2w_motion_interfaces'
[manual-web-demo-worker] init failure: ModuleNotFoundError: No module named 'go2w_motion_interfaces'
[manual-web-demo-worker] init failure: ModuleNotFoundError: No module named 'go2w_motion_interfaces'
[manual-web-demo-worker] init failure: ModuleNotFoundError: No module named 'go2w_motion_interfaces'
[manual-web-demo-worker] init failure: ModuleNotFoundError: No module named 'go2w_motion_interfaces'
[manual-web-demo-worker] init failure: ModuleNotFoundError: No module named 'go2w_motion_interfaces'
[manual-web-demo-worker] init failure: ModuleNotFoundError: No module named 'go2w_motion_interfaces'
[manual-web-demo-worker] init failure: ModuleNotFoundError: No module named 'go2w_motion_interfaces'
[manual-web-demo-worker] init failure: ModuleNotFoundError: No module named 'go2w_motion_interfaces'
[manual-web-demo-worker] init failure: ModuleNotFoundError: No module named 'go2w_motion_interfaces'
[manual-web-demo-worker] init failure: ModuleNotFoundError: No module named 'go2w_motion_interfaces'
[manual-web-demo-worker] init failure: ModuleNotFoundError: No module named 'go2w_motion_interfaces'
[manual-web-demo-worker] init failure: ModuleNotFoundError: No module named 'go2w_motion_interfaces'
[manual-web-demo-worker] init failure: ModuleNotFoundError: No module named 'go2w_motion_interfaces'
[manual-web-demo-worker] init failure: ModuleNotFoundError: No module named 'go2w_motion_interfaces'
[manual-web-demo-worker] init failure: ModuleNotFoundError: No module named 'go2w_motion_interfaces'
[manual-web-demo-worker] init failure: ModuleNotFoundError: No module named 'go2w_motion_interfaces'
[manual-web-demo-worker] init failure: ModuleNotFoundError: No module named 'go2w_motion_interfaces'
[manual-web-demo-worker] init failure: ModuleNotFoundError: No module named 'go2w_motion_interfaces'
[manual-web-demo-worker] init failure: ModuleNotFoundError: No module named 'go2w_motion_interfaces'
[manual-web-demo-worker] init failure: ModuleNotFoundError: No module named 'go2w_motion_interfaces'
[manual-web-demo-worker] init failure: ModuleNotFoundError: No module named 'go2w_motion_interfaces'
[manual-web-demo-worker] init failure: ModuleNotFoundError: No module named 'go2w_motion_interfaces'
[manual-web-demo-worker] init failure: ModuleNotFoundError: No module named 'go2w_motion_interfaces'
[manual-web-demo-worker] init failure: ModuleNotFoundError: No module named 'go2w_motion_interfaces'
[manual-web-demo-worker] init failure: ModuleNotFoundError: No module named 'go2w_motion_interfaces'
[manual-web-demo-worker] init failure: ModuleNotFoundError: No module named 'go2w_motion_interfaces'
[manual-web-demo-worker] init failure: ModuleNotFoundError: No module named 'go2w_motion_interfaces'
[manual-web-demo-worker] init failure: ModuleNotFoundError: No module named 'go2w_motion_interfaces'
[manual-web-demo-worker] init failure: ModuleNotFoundError: No module named 'go2w_motion_interfaces'
[manual-web-demo-worker] init failure: ModuleNotFoundError: No module named 'go2w_motion_interfaces'
[manual-web-demo-worker] init failure: ModuleNotFoundError: No module named 'go2w_motion_interfaces'
[manual-web-demo-worker] init failure: ModuleNotFoundError: No module named 'go2w_motion_interfaces'
[manual-web-demo-worker] init failure: ModuleNotFoundError: No module named 'go2w_motion_interfaces'
[manual-web-demo-worker] init failure: ModuleNotFoundError: No module named 'go2w_motion_interfaces'
[manual-web-demo-worker] init failure: ModuleNotFoundError: No module named 'go2w_motion_interfaces'
[manual-web-demo-worker] init failure: ModuleNotFoundError: No module named 'go2w_motion_interfaces'
[manual-web-demo-worker] init failure: ModuleNotFoundError: No module named 'go2w_motion_interfaces'
[manual-web-demo-worker] init failure: ModuleNotFoundError: No module named 'go2w_motion_interfaces'
[manual-web-demo-worker] init failure: ModuleNotFoundError: No module named 'go2w_motion_interfaces'
[manual-web-demo-worker] init failure: ModuleNotFoundError: No module named 'go2w_motion_interfaces'
[manual-web-demo-worker] init failure: ModuleNotFoundError: No module named 'go2w_motion_interfaces'
[manual-web-demo-worker] init failure: ModuleNotFoundError: No module named 'go2w_motion_interfaces'
[manual-web-demo-worker] init failure: ModuleNotFoundError: No module named 'go2w_motion_interfaces'
[manual-web-demo-worker] init failure: ModuleNotFoundError: No module named 'go2w_motion_interfaces'
[manual-web-demo-worker] init failure: ModuleNotFoundError: No module named 'go2w_motion_interfaces'
[manual-web-demo-worker] init failure: ModuleNotFoundError: No module named 'go2w_motion_interfaces'
[manual-web-demo-worker] init failure: ModuleNotFoundError: No module named 'go2w_motion_interfaces'
[manual-web-demo-worker] init failure: ModuleNotFoundError: No module named 'go2w_motion_interfaces'
[manual-web-demo-worker] init failure: ModuleNotFoundError: No module named 'go2w_motion_interfaces'
[manual-web-demo-worker] init failure: ModuleNotFoundError: No module named 'go2w_motion_interfaces'
[manual-web-demo-worker] init failure: ModuleNotFoundError: No module named 'go2w_motion_interfaces'
[manual-web-demo-worker] init failure: ModuleNotFoundError: No module named 'go2w_motion_interfaces'
[manual-web-demo-worker] init failure: ModuleNotFoundError: No module named 'go2w_motion_interfaces'
[manual-web-demo-worker] init failure: ModuleNotFoundError: No module named 'go2w_motion_interfaces'
[manual-web-demo-worker] init failure: ModuleNotFoundError: No module named 'go2w_motion_interfaces'
[manual-web-demo-worker] init failure: ModuleNotFoundError: No module named 'go2w_motion_interfaces'
[manual-web-demo-worker] init failure: ModuleNotFoundError: No module named 'go2w_motion_interfaces'
[manual-web-demo-worker] init failure: ModuleNotFoundError: No module named 'go2w_motion_interfaces'
[manual-web-demo-worker] init failure: ModuleNotFoundError: No module named 'go2w_motion_interfaces'
[manual-web-demo-worker] init failure: ModuleNotFoundError: No module named 'go2w_motion_interfaces'
[manual-web-demo-worker] init failure: ModuleNotFoundError: No module named 'go2w_motion_interfaces'
[manual-web-demo-worker] init failure: ModuleNotFoundError: No module named 'go2w_motion_interfaces'
[manual-web-demo-worker] init failure: ModuleNotFoundError: No module named 'go2w_motion_interfaces'
[manual-web-demo-worker] init failure: ModuleNotFoundError: No module named 'go2w_motion_interfaces'
[manual-web-demo-worker] init failure: ModuleNotFoundError: No module named 'go2w_motion_interfaces'
[manual-web-demo-worker] init failure: ModuleNotFoundError: No module named 'go2w_motion_interfaces'
[manual-web-demo-worker] init failure: ModuleNotFoundError: No module named 'go2w_motion_interfaces'
[manual-web-demo-worker] init failure: ModuleNotFoundError: No module named 'go2w_motion_interfaces'
[manual-web-demo-worker] init failure: ModuleNotFoundError: No module named 'go2w_motion_interfaces'
[manual-web-demo-worker] init failure: ModuleNotFoundError: No module named 'go2w_motion_interfaces'
[manual-web-demo-worker] init failure: ModuleNotFoundError: No module named 'go2w_motion_interfaces'
[manual-web-demo-worker] init failure: ModuleNotFoundError: No module named 'go2w_motion_interfaces'
[manual-web-demo-worker] init failure: ModuleNotFoundError: No module named 'go2w_motion_interfaces'
[manual-web-demo-worker] init failure: ModuleNotFoundError: No module named 'go2w_motion_interfaces'
[manual-web-demo-worker] init failure: ModuleNotFoundError: No module named 'go2w_motion_interfaces'
[manual-web-demo-worker] init failure: ModuleNotFoundError: No module named 'go2w_motion_interfaces'
[manual-web-demo-worker] init failure: ModuleNotFoundError: No module named 'go2w_motion_interfaces'
[manual-web-demo-worker] init failure: ModuleNotFoundError: No module named 'go2w_motion_interfaces'
[manual-web-demo-worker] init failure: ModuleNotFoundError: No module named 'go2w_motion_interfaces'
[manual-web-demo-worker] init failure: ModuleNotFoundError: No module named 'go2w_motion_interfaces'
[manual-web-demo-worker] init failure: ModuleNotFoundError: No module named 'go2w_motion_interfaces'
[manual-web-demo-worker] init failure: ModuleNotFoundError: No module named 'go2w_motion_interfaces'
[manual-web-demo-worker] init failure: ModuleNotFoundError: No module named 'go2w_motion_interfaces'
[manual-web-demo-worker] init failure: ModuleNotFoundError: No module named 'go2w_motion_interfaces'
[manual-web-demo-worker] init failure: ModuleNotFoundError: No module named 'go2w_motion_interfaces'
[manual-web-demo-worker] init failure: ModuleNotFoundError: No module named 'go2w_motion_interfaces'
[manual-web-demo-worker] init failure: ModuleNotFoundError: No module named 'go2w_motion_interfaces'
[manual-web-demo-worker] init failure: ModuleNotFoundError: No module named 'go2w_motion_interfaces'
[manual-web-demo-worker] init failure: ModuleNotFoundError: No module named 'go2w_motion_interfaces'
[manual-web-demo-worker] init failure: ModuleNotFoundError: No module named 'go2w_motion_interfaces'
[manual-web-demo-worker] init failure: ModuleNotFoundError: No module named 'go2w_motion_interfaces'
[manual-web-demo-worker] init failure: ModuleNotFoundError: No module named 'go2w_motion_interfaces'
[manual-web-demo-worker] init failure: ModuleNotFoundError: No module named 'go2w_motion_interfaces'
[manual-web-demo-worker] init failure: ModuleNotFoundError: No module named 'go2w_motion_interfaces'
[manual-web-demo-worker] init failure: ModuleNotFoundError: No module named 'go2w_motion_interfaces'
[manual-web-demo-worker] init failure: ModuleNotFoundError: No module named 'go2w_motion_interfaces'
[manual-web-demo-worker] init failure: ModuleNotFoundError: No module named 'go2w_motion_interfaces'
[manual-web-demo-worker] init failure: ModuleNotFoundError: No module named 'go2w_motion_interfaces'
[manual-web-demo-worker] init failure: ModuleNotFoundError: No module named 'go2w_motion_interfaces'
[manual-web-demo-worker] init failure: ModuleNotFoundError: No module named 'go2w_motion_interfaces'
[manual-web-demo-worker] init failure: ModuleNotFoundError: No module named 'go2w_motion_interfaces'
[manual-web-demo-worker] init failure: ModuleNotFoundError: No module named 'go2w_motion_interfaces'
[manual-web-demo-worker] init failure: ModuleNotFoundError: No module named 'go2w_motion_interfaces'
[manual-web-demo-worker] init failure: ModuleNotFoundError: No module named 'go2w_motion_interfaces'
[INFO] [1787106363.848628303] [manual_web_demo_ros_worker]: manual web demo ROS worker ready
[INFO] [1787106377.323118783] [manual_web_demo_ros_worker]: manual web demo ROS worker ready
[INFO] [1787108767.507753011] [manual_web_demo_ros_worker]: manual web demo ROS worker ready
[INFO] [1787108948.795597000] [manual_web_demo_ros_worker]: manual web demo ROS worker ready
[INFO] [1787108986.593307487] [manual_web_demo_ros_worker]: manual web demo ROS worker ready
[INFO] [1787109034.007974338] [manual_web_demo_ros_worker]: manual web demo ROS worker ready
[INFO] [1787111227.413353471] [manual_web_demo_ros_worker]: manual web demo ROS worker ready
[INFO] [1787111691.309167960] [manual_web_demo_ros_worker]: manual web demo ROS worker ready
[INFO] [1787111843.071768420] [manual_web_demo_ros_worker]: manual web demo ROS worker ready
[INFO] [1787112131.467764690] [manual_web_demo_ros_worker]: manual web demo ROS worker ready
[INFO] [1787112247.603440554] [manual_web_demo_ros_worker]: manual web demo ROS worker ready
[INFO] [1787112523.314870734] [manual_web_demo_ros_worker]: manual web demo ROS worker ready
[INFO] [1787112649.843795914] [manual_web_demo_ros_worker]: manual web demo ROS worker ready
[INFO] [1787112719.166826343] [manual_web_demo_ros_worker]: manual web demo ROS worker ready
1787112849.682292 [0]        tev: ddsi_udp_conn_write to udp/239.255.0.1:7400 failed with retcode -1
1787112850.482344 [0]        tev: ddsi_udp_conn_write to udp/239.255.0.1:7400 failed with retcode -1
1787112852.082466 [0]        tev: ddsi_udp_conn_write to udp/239.255.0.1:7400 failed with retcode -1
1787112855.081455 [0]        tev: ddsi_udp_conn_write to udp/239.255.0.1:7400 failed with retcode -1
1787112855.181577 [0]        tev: ddsi_udp_conn_write to udp/239.255.0.1:7400 failed with retcode -1
1787112855.281722 [0]        tev: ddsi_udp_conn_write to udp/239.255.0.1:7400 failed with retcode -1
1787112855.381775 [0]        tev: ddsi_udp_conn_write to udp/239.255.0.1:7400 failed with retcode -1
1787112855.481842 [0]        tev: ddsi_udp_conn_write to udp/239.255.0.1:7400 failed with retcode -1
1787112855.581913 [0]        tev: ddsi_udp_conn_write to udp/239.255.0.1:7400 failed with retcode -1
1787112855.682057 [0]        tev: ddsi_udp_conn_write to udp/239.255.0.1:7400 failed with retcode -1
1787112855.882147 [0]        tev: ddsi_udp_conn_write to udp/239.255.0.1:7400 failed with retcode -1
1787112856.082248 [0]        tev: ddsi_udp_conn_write to udp/239.255.0.1:7400 failed with retcode -1
1787112856.482342 [0]        tev: ddsi_udp_conn_write to udp/239.255.0.1:7400 failed with retcode -1
1787112856.882427 [0]        tev: ddsi_udp_conn_write to udp/239.255.0.1:7400 failed with retcode -1
1787112857.682692 [0]        tev: ddsi_udp_conn_write to udp/239.255.0.1:7400 failed with retcode -1
1787112858.482749 [0]        tev: ddsi_udp_conn_write to udp/239.255.0.1:7400 failed with retcode -1
[INFO] [1787113830.416689634] [manual_web_demo_ros_worker]: manual web demo ROS worker ready
[manual-web-demo-worker] camera write failed: [Errno 2] No such file or directory: '/home/mxt/robotscene/outputs/manual_web_demo/runtime/latest.tmp.jpg' -> '/home/mxt/robotscene/outputs/manual_web_demo/runtime/latest.jpg'
[manual-web-demo-worker] camera write failed: [Errno 2] No such file or directory: '/home/mxt/robotscene/outputs/manual_web_demo/runtime/latest.tmp.jpg' -> '/home/mxt/robotscene/outputs/manual_web_demo/runtime/latest.jpg'
[manual-web-demo-worker] camera write failed: [Errno 2] No such file or directory: '/home/mxt/robotscene/outputs/manual_web_demo/runtime/latest.tmp.jpg' -> '/home/mxt/robotscene/outputs/manual_web_demo/runtime/latest.jpg'
[manual-web-demo-worker] camera write failed: [Errno 2] No such file or directory: '/home/mxt/robotscene/outputs/manual_web_demo/runtime/latest.tmp.jpg' -> '/home/mxt/robotscene/outputs/manual_web_demo/runtime/latest.jpg'
[manual-web-demo-worker] camera write failed: [Errno 2] No such file or directory: '/home/mxt/robotscene/outputs/manual_web_demo/runtime/latest.tmp.jpg' -> '/home/mxt/robotscene/outputs/manual_web_demo/runtime/latest.jpg'
[manual-web-demo-worker] camera write failed: [Errno 2] No such file or directory: '/home/mxt/robotscene/outputs/manual_web_demo/runtime/latest.tmp.jpg' -> '/home/mxt/robotscene/outputs/manual_web_demo/runtime/latest.jpg'
[manual-web-demo-worker] camera write failed: [Errno 2] No such file or directory: '/home/mxt/robotscene/outputs/manual_web_demo/runtime/latest.tmp.jpg' -> '/home/mxt/robotscene/outputs/manual_web_demo/runtime/latest.jpg'
[manual-web-demo-worker] camera write failed: [Errno 2] No such file or directory: '/home/mxt/robotscene/outputs/manual_web_demo/runtime/latest.tmp.jpg' -> '/home/mxt/robotscene/outputs/manual_web_demo/runtime/latest.jpg'
[manual-web-demo-worker] camera write failed: [Errno 2] No such file or directory: '/home/mxt/robotscene/outputs/manual_web_demo/runtime/latest.tmp.jpg' -> '/home/mxt/robotscene/outputs/manual_web_demo/runtime/latest.jpg'
[manual-web-demo-worker] camera write failed: [Errno 2] No such file or directory: '/home/mxt/robotscene/outputs/manual_web_demo/runtime/latest.tmp.jpg' -> '/home/mxt/robotscene/outputs/manual_web_demo/runtime/latest.jpg'
[manual-web-demo-worker] camera write failed: [Errno 2] No such file or directory: '/home/mxt/robotscene/outputs/manual_web_demo/runtime/latest.tmp.jpg' -> '/home/mxt/robotscene/outputs/manual_web_demo/runtime/latest.jpg'
[manual-web-demo-worker] camera write failed: [Errno 2] No such file or directory: '/home/mxt/robotscene/outputs/manual_web_demo/runtime/latest.tmp.jpg' -> '/home/mxt/robotscene/outputs/manual_web_demo/runtime/latest.jpg'
[manual-web-demo-worker] camera write failed: [Errno 2] No such file or directory: '/home/mxt/robotscene/outputs/manual_web_demo/runtime/latest.tmp.jpg' -> '/home/mxt/robotscene/outputs/manual_web_demo/runtime/latest.jpg'
[manual-web-demo-worker] camera write failed: [Errno 2] No such file or directory: '/home/mxt/robotscene/outputs/manual_web_demo/runtime/latest.tmp.jpg' -> '/home/mxt/robotscene/outputs/manual_web_demo/runtime/latest.jpg'
[manual-web-demo-worker] camera write failed: [Errno 2] No such file or directory: '/home/mxt/robotscene/outputs/manual_web_demo/runtime/latest.tmp.jpg' -> '/home/mxt/robotscene/outputs/manual_web_demo/runtime/latest.jpg'
[manual-web-demo-worker] camera write failed: [Errno 2] No such file or directory: '/home/mxt/robotscene/outputs/manual_web_demo/runtime/latest.tmp.jpg' -> '/home/mxt/robotscene/outputs/manual_web_demo/runtime/latest.jpg'
[manual-web-demo-worker] camera write failed: [Errno 2] No such file or directory: '/home/mxt/robotscene/outputs/manual_web_demo/runtime/latest.tmp.jpg' -> '/home/mxt/robotscene/outputs/manual_web_demo/runtime/latest.jpg'
[manual-web-demo-worker] camera write failed: [Errno 2] No such file or directory: '/home/mxt/robotscene/outputs/manual_web_demo/runtime/latest.tmp.jpg' -> '/home/mxt/robotscene/outputs/manual_web_demo/runtime/latest.jpg'
[manual-web-demo-worker] camera write failed: [Errno 2] No such file or directory: '/home/mxt/robotscene/outputs/manual_web_demo/runtime/latest.tmp.jpg' -> '/home/mxt/robotscene/outputs/manual_web_demo/runtime/latest.jpg'
[manual-web-demo-worker] camera write failed: [Errno 2] No such file or directory: '/home/mxt/robotscene/outputs/manual_web_demo/runtime/latest.tmp.jpg' -> '/home/mxt/robotscene/outputs/manual_web_demo/runtime/latest.jpg'
[manual-web-demo-worker] camera write failed: [Errno 2] No such file or directory: '/home/mxt/robotscene/outputs/manual_web_demo/runtime/latest.tmp.jpg' -> '/home/mxt/robotscene/outputs/manual_web_demo/runtime/latest.jpg'
[manual-web-demo-worker] camera write failed: [Errno 2] No such file or directory: '/home/mxt/robotscene/outputs/manual_web_demo/runtime/latest.tmp.jpg' -> '/home/mxt/robotscene/outputs/manual_web_demo/runtime/latest.jpg'
[manual-web-demo-worker] camera write failed: [Errno 2] No such file or directory: '/home/mxt/robotscene/outputs/manual_web_demo/runtime/latest.tmp.jpg' -> '/home/mxt/robotscene/outputs/manual_web_demo/runtime/latest.jpg'
[manual-web-demo-worker] camera write failed: [Errno 2] No such file or directory: '/home/mxt/robotscene/outputs/manual_web_demo/runtime/latest.tmp.jpg' -> '/home/mxt/robotscene/outputs/manual_web_demo/runtime/latest.jpg'
[manual-web-demo-worker] camera write failed: [Errno 2] No such file or directory: '/home/mxt/robotscene/outputs/manual_web_demo/runtime/latest.tmp.jpg' -> '/home/mxt/robotscene/outputs/manual_web_demo/runtime/latest.jpg'
[manual-web-demo-worker] camera write failed: [Errno 2] No such file or directory: '/home/mxt/robotscene/outputs/manual_web_demo/runtime/latest.tmp.jpg' -> '/home/mxt/robotscene/outputs/manual_web_demo/runtime/latest.jpg'
[manual-web-demo-worker] camera write failed: [Errno 2] No such file or directory: '/home/mxt/robotscene/outputs/manual_web_demo/runtime/latest.tmp.jpg' -> '/home/mxt/robotscene/outputs/manual_web_demo/runtime/latest.jpg'
[manual-web-demo-worker] camera write failed: [Errno 2] No such file or directory: '/home/mxt/robotscene/outputs/manual_web_demo/runtime/latest.tmp.jpg' -> '/home/mxt/robotscene/outputs/manual_web_demo/runtime/latest.jpg'
[manual-web-demo-worker] camera write failed: [Errno 2] No such file or directory: '/home/mxt/robotscene/outputs/manual_web_demo/runtime/latest.tmp.jpg' -> '/home/mxt/robotscene/outputs/manual_web_demo/runtime/latest.jpg'
[manual-web-demo-worker] camera write failed: [Errno 2] No such file or directory: '/home/mxt/robotscene/outputs/manual_web_demo/runtime/latest.tmp.jpg' -> '/home/mxt/robotscene/outputs/manual_web_demo/runtime/latest.jpg'
[manual-web-demo-worker] camera write failed: [Errno 2] No such file or directory: '/home/mxt/robotscene/outputs/manual_web_demo/runtime/latest.tmp.jpg' -> '/home/mxt/robotscene/outputs/manual_web_demo/runtime/latest.jpg'
[manual-web-demo-worker] camera write failed: [Errno 2] No such file or directory: '/home/mxt/robotscene/outputs/manual_web_demo/runtime/latest.tmp.jpg' -> '/home/mxt/robotscene/outputs/manual_web_demo/runtime/latest.jpg'
[manual-web-demo-worker] camera write failed: [Errno 2] No such file or directory: '/home/mxt/robotscene/outputs/manual_web_demo/runtime/latest.tmp.jpg' -> '/home/mxt/robotscene/outputs/manual_web_demo/runtime/latest.jpg'
[manual-web-demo-worker] camera write failed: [Errno 2] No such file or directory: '/home/mxt/robotscene/outputs/manual_web_demo/runtime/latest.tmp.jpg' -> '/home/mxt/robotscene/outputs/manual_web_demo/runtime/latest.jpg'
[manual-web-demo-worker] camera write failed: [Errno 2] No such file or directory: '/home/mxt/robotscene/outputs/manual_web_demo/runtime/latest.tmp.jpg' -> '/home/mxt/robotscene/outputs/manual_web_demo/runtime/latest.jpg'
[manual-web-demo-worker] camera write failed: [Errno 2] No such file or directory: '/home/mxt/robotscene/outputs/manual_web_demo/runtime/latest.tmp.jpg' -> '/home/mxt/robotscene/outputs/manual_web_demo/runtime/latest.jpg'
[manual-web-demo-worker] camera write failed: [Errno 2] No such file or directory: '/home/mxt/robotscene/outputs/manual_web_demo/runtime/latest.tmp.jpg' -> '/home/mxt/robotscene/outputs/manual_web_demo/runtime/latest.jpg'
[manual-web-demo-worker] camera write failed: [Errno 2] No such file or directory: '/home/mxt/robotscene/outputs/manual_web_demo/runtime/latest.tmp.jpg' -> '/home/mxt/robotscene/outputs/manual_web_demo/runtime/latest.jpg'
[manual-web-demo-worker] camera write failed: [Errno 2] No such file or directory: '/home/mxt/robotscene/outputs/manual_web_demo/runtime/latest.tmp.jpg' -> '/home/mxt/robotscene/outputs/manual_web_demo/runtime/latest.jpg'
[manual-web-demo-worker] camera write failed: [Errno 2] No such file or directory: '/home/mxt/robotscene/outputs/manual_web_demo/runtime/latest.tmp.jpg' -> '/home/mxt/robotscene/outputs/manual_web_demo/runtime/latest.jpg'
[manual-web-demo-worker] camera write failed: [Errno 2] No such file or directory: '/home/mxt/robotscene/outputs/manual_web_demo/runtime/latest.tmp.jpg' -> '/home/mxt/robotscene/outputs/manual_web_demo/runtime/latest.jpg'
[manual-web-demo-worker] camera write failed: [Errno 2] No such file or directory: '/home/mxt/robotscene/outputs/manual_web_demo/runtime/latest.tmp.jpg' -> '/home/mxt/robotscene/outputs/manual_web_demo/runtime/latest.jpg'
[manual-web-demo-worker] camera write failed: [Errno 2] No such file or directory: '/home/mxt/robotscene/outputs/manual_web_demo/runtime/latest.tmp.jpg' -> '/home/mxt/robotscene/outputs/manual_web_demo/runtime/latest.jpg'
[manual-web-demo-worker] camera write failed: [Errno 2] No such file or directory: '/home/mxt/robotscene/outputs/manual_web_demo/runtime/latest.tmp.jpg' -> '/home/mxt/robotscene/outputs/manual_web_demo/runtime/latest.jpg'
[manual-web-demo-worker] camera write failed: [Errno 2] No such file or directory: '/home/mxt/robotscene/outputs/manual_web_demo/runtime/latest.tmp.jpg' -> '/home/mxt/robotscene/outputs/manual_web_demo/runtime/latest.jpg'
[manual-web-demo-worker] camera write failed: [Errno 2] No such file or directory: '/home/mxt/robotscene/outputs/manual_web_demo/runtime/latest.tmp.jpg' -> '/home/mxt/robotscene/outputs/manual_web_demo/runtime/latest.jpg'
[manual-web-demo-worker] camera write failed: [Errno 2] No such file or directory: '/home/mxt/robotscene/outputs/manual_web_demo/runtime/latest.tmp.jpg' -> '/home/mxt/robotscene/outputs/manual_web_demo/runtime/latest.jpg'
[manual-web-demo-worker] camera write failed: [Errno 2] No such file or directory: '/home/mxt/robotscene/outputs/manual_web_demo/runtime/latest.tmp.jpg' -> '/home/mxt/robotscene/outputs/manual_web_demo/runtime/latest.jpg'
[manual-web-demo-worker] camera write failed: [Errno 2] No such file or directory: '/home/mxt/robotscene/outputs/manual_web_demo/runtime/latest.tmp.jpg' -> '/home/mxt/robotscene/outputs/manual_web_demo/runtime/latest.jpg'
[manual-web-demo-worker] camera write failed: [Errno 2] No such file or directory: '/home/mxt/robotscene/outputs/manual_web_demo/runtime/latest.tmp.jpg' -> '/home/mxt/robotscene/outputs/manual_web_demo/runtime/latest.jpg'
[manual-web-demo-worker] camera write failed: [Errno 2] No such file or directory: '/home/mxt/robotscene/outputs/manual_web_demo/runtime/latest.tmp.jpg' -> '/home/mxt/robotscene/outputs/manual_web_demo/runtime/latest.jpg'
[manual-web-demo-worker] camera write failed: [Errno 2] No such file or directory: '/home/mxt/robotscene/outputs/manual_web_demo/runtime/latest.tmp.jpg' -> '/home/mxt/robotscene/outputs/manual_web_demo/runtime/latest.jpg'
[manual-web-demo-worker] camera write failed: [Errno 2] No such file or directory: '/home/mxt/robotscene/outputs/manual_web_demo/runtime/latest.tmp.jpg' -> '/home/mxt/robotscene/outputs/manual_web_demo/runtime/latest.jpg'
[manual-web-demo-worker] camera write failed: [Errno 2] No such file or directory: '/home/mxt/robotscene/outputs/manual_web_demo/runtime/latest.tmp.jpg' -> '/home/mxt/robotscene/outputs/manual_web_demo/runtime/latest.jpg'
[manual-web-demo-worker] camera write failed: [Errno 2] No such file or directory: '/home/mxt/robotscene/outputs/manual_web_demo/runtime/latest.tmp.jpg' -> '/home/mxt/robotscene/outputs/manual_web_demo/runtime/latest.jpg'
[manual-web-demo-worker] camera write failed: [Errno 2] No such file or directory: '/home/mxt/robotscene/outputs/manual_web_demo/runtime/latest.tmp.jpg' -> '/home/mxt/robotscene/outputs/manual_web_demo/runtime/latest.jpg'
[manual-web-demo-worker] camera write failed: [Errno 2] No such file or directory: '/home/mxt/robotscene/outputs/manual_web_demo/runtime/latest.tmp.jpg' -> '/home/mxt/robotscene/outputs/manual_web_demo/runtime/latest.jpg'
[manual-web-demo-worker] camera write failed: [Errno 2] No such file or directory: '/home/mxt/robotscene/outputs/manual_web_demo/runtime/latest.tmp.jpg' -> '/home/mxt/robotscene/outputs/manual_web_demo/runtime/latest.jpg'
[manual-web-demo-worker] camera write failed: [Errno 2] No such file or directory: '/home/mxt/robotscene/outputs/manual_web_demo/runtime/latest.tmp.jpg' -> '/home/mxt/robotscene/outputs/manual_web_demo/runtime/latest.jpg'
[manual-web-demo-worker] camera write failed: [Errno 2] No such file or directory: '/home/mxt/robotscene/outputs/manual_web_demo/runtime/latest.tmp.jpg' -> '/home/mxt/robotscene/outputs/manual_web_demo/runtime/latest.jpg'
[manual-web-demo-worker] camera write failed: [Errno 2] No such file or directory: '/home/mxt/robotscene/outputs/manual_web_demo/runtime/latest.tmp.jpg' -> '/home/mxt/robotscene/outputs/manual_web_demo/runtime/latest.jpg'
[manual-web-demo-worker] camera write failed: [Errno 2] No such file or directory: '/home/mxt/robotscene/outputs/manual_web_demo/runtime/latest.tmp.jpg' -> '/home/mxt/robotscene/outputs/manual_web_demo/runtime/latest.jpg'
[manual-web-demo-worker] camera write failed: [Errno 2] No such file or directory: '/home/mxt/robotscene/outputs/manual_web_demo/runtime/latest.tmp.jpg' -> '/home/mxt/robotscene/outputs/manual_web_demo/runtime/latest.jpg'
[manual-web-demo-worker] camera write failed: [Errno 2] No such file or directory: '/home/mxt/robotscene/outputs/manual_web_demo/runtime/latest.tmp.jpg' -> '/home/mxt/robotscene/outputs/manual_web_demo/runtime/latest.jpg'
[manual-web-demo-worker] camera write failed: [Errno 2] No such file or directory: '/home/mxt/robotscene/outputs/manual_web_demo/runtime/latest.tmp.jpg' -> '/home/mxt/robotscene/outputs/manual_web_demo/runtime/latest.jpg'
[manual-web-demo-worker] camera write failed: [Errno 2] No such file or directory: '/home/mxt/robotscene/outputs/manual_web_demo/runtime/latest.tmp.jpg' -> '/home/mxt/robotscene/outputs/manual_web_demo/runtime/latest.jpg'
[manual-web-demo-worker] camera write failed: [Errno 2] No such file or directory: '/home/mxt/robotscene/outputs/manual_web_demo/runtime/latest.tmp.jpg' -> '/home/mxt/robotscene/outputs/manual_web_demo/runtime/latest.jpg'
[manual-web-demo-worker] camera write failed: [Errno 2] No such file or directory: '/home/mxt/robotscene/outputs/manual_web_demo/runtime/latest.tmp.jpg' -> '/home/mxt/robotscene/outputs/manual_web_demo/runtime/latest.jpg'
[manual-web-demo-worker] camera write failed: [Errno 2] No such file or directory: '/home/mxt/robotscene/outputs/manual_web_demo/runtime/latest.tmp.jpg' -> '/home/mxt/robotscene/outputs/manual_web_demo/runtime/latest.jpg'
[manual-web-demo-worker] camera write failed: [Errno 2] No such file or directory: '/home/mxt/robotscene/outputs/manual_web_demo/runtime/latest.tmp.jpg' -> '/home/mxt/robotscene/outputs/manual_web_demo/runtime/latest.jpg'
[manual-web-demo-worker] camera write failed: [Errno 2] No such file or directory: '/home/mxt/robotscene/outputs/manual_web_demo/runtime/latest.tmp.jpg' -> '/home/mxt/robotscene/outputs/manual_web_demo/runtime/latest.jpg'
[manual-web-demo-worker] camera write failed: [Errno 2] No such file or directory: '/home/mxt/robotscene/outputs/manual_web_demo/runtime/latest.tmp.jpg' -> '/home/mxt/robotscene/outputs/manual_web_demo/runtime/latest.jpg'
[manual-web-demo-worker] camera write failed: [Errno 2] No such file or directory: '/home/mxt/robotscene/outputs/manual_web_demo/runtime/latest.tmp.jpg' -> '/home/mxt/robotscene/outputs/manual_web_demo/runtime/latest.jpg'
[manual-web-demo-worker] camera write failed: [Errno 2] No such file or directory: '/home/mxt/robotscene/outputs/manual_web_demo/runtime/latest.tmp.jpg' -> '/home/mxt/robotscene/outputs/manual_web_demo/runtime/latest.jpg'
[manual-web-demo-worker] camera write failed: [Errno 2] No such file or directory: '/home/mxt/robotscene/outputs/manual_web_demo/runtime/latest.tmp.jpg' -> '/home/mxt/robotscene/outputs/manual_web_demo/runtime/latest.jpg'
[manual-web-demo-worker] camera write failed: [Errno 2] No such file or directory: '/home/mxt/robotscene/outputs/manual_web_demo/runtime/latest.tmp.jpg' -> '/home/mxt/robotscene/outputs/manual_web_demo/runtime/latest.jpg'
[manual-web-demo-worker] camera write failed: [Errno 2] No such file or directory: '/home/mxt/robotscene/outputs/manual_web_demo/runtime/latest.tmp.jpg' -> '/home/mxt/robotscene/outputs/manual_web_demo/runtime/latest.jpg'
[manual-web-demo-worker] camera write failed: [Errno 2] No such file or directory: '/home/mxt/robotscene/outputs/manual_web_demo/runtime/latest.tmp.jpg' -> '/home/mxt/robotscene/outputs/manual_web_demo/runtime/latest.jpg'
[manual-web-demo-worker] camera write failed: [Errno 2] No such file or directory: '/home/mxt/robotscene/outputs/manual_web_demo/runtime/latest.tmp.jpg' -> '/home/mxt/robotscene/outputs/manual_web_demo/runtime/latest.jpg'
[manual-web-demo-worker] camera write failed: [Errno 2] No such file or directory: '/home/mxt/robotscene/outputs/manual_web_demo/runtime/latest.tmp.jpg' -> '/home/mxt/robotscene/outputs/manual_web_demo/runtime/latest.jpg'
[manual-web-demo-worker] camera write failed: [Errno 2] No such file or directory: '/home/mxt/robotscene/outputs/manual_web_demo/runtime/latest.tmp.jpg' -> '/home/mxt/robotscene/outputs/manual_web_demo/runtime/latest.jpg'
[manual-web-demo-worker] camera write failed: [Errno 2] No such file or directory: '/home/mxt/robotscene/outputs/manual_web_demo/runtime/latest.tmp.jpg' -> '/home/mxt/robotscene/outputs/manual_web_demo/runtime/latest.jpg'
[manual-web-demo-worker] camera write failed: [Errno 2] No such file or directory: '/home/mxt/robotscene/outputs/manual_web_demo/runtime/latest.tmp.jpg' -> '/home/mxt/robotscene/outputs/manual_web_demo/runtime/latest.jpg'
[manual-web-demo-worker] camera write failed: [Errno 2] No such file or directory: '/home/mxt/robotscene/outputs/manual_web_demo/runtime/latest.tmp.jpg' -> '/home/mxt/robotscene/outputs/manual_web_demo/runtime/latest.jpg'
[manual-web-demo-worker] camera write failed: [Errno 2] No such file or directory: '/home/mxt/robotscene/outputs/manual_web_demo/runtime/latest.tmp.jpg' -> '/home/mxt/robotscene/outputs/manual_web_demo/runtime/latest.jpg'
[manual-web-demo-worker] camera write failed: [Errno 2] No such file or directory: '/home/mxt/robotscene/outputs/manual_web_demo/runtime/latest.tmp.jpg' -> '/home/mxt/robotscene/outputs/manual_web_demo/runtime/latest.jpg'
[manual-web-demo-worker] camera write failed: [Errno 2] No such file or directory: '/home/mxt/robotscene/outputs/manual_web_demo/runtime/latest.tmp.jpg' -> '/home/mxt/robotscene/outputs/manual_web_demo/runtime/latest.jpg'
[manual-web-demo-worker] camera write failed: [Errno 2] No such file or directory: '/home/mxt/robotscene/outputs/manual_web_demo/runtime/latest.tmp.jpg' -> '/home/mxt/robotscene/outputs/manual_web_demo/runtime/latest.jpg'
[manual-web-demo-worker] camera write failed: [Errno 2] No such file or directory: '/home/mxt/robotscene/outputs/manual_web_demo/runtime/latest.tmp.jpg' -> '/home/mxt/robotscene/outputs/manual_web_demo/runtime/latest.jpg'
[manual-web-demo-worker] camera write failed: [Errno 2] No such file or directory: '/home/mxt/robotscene/outputs/manual_web_demo/runtime/latest.tmp.jpg' -> '/home/mxt/robotscene/outputs/manual_web_demo/runtime/latest.jpg'
[manual-web-demo-worker] camera write failed: [Errno 2] No such file or directory: '/home/mxt/robotscene/outputs/manual_web_demo/runtime/latest.tmp.jpg' -> '/home/mxt/robotscene/outputs/manual_web_demo/runtime/latest.jpg'
[manual-web-demo-worker] camera write failed: [Errno 2] No such file or directory: '/home/mxt/robotscene/outputs/manual_web_demo/runtime/latest.tmp.jpg' -> '/home/mxt/robotscene/outputs/manual_web_demo/runtime/latest.jpg'
[manual-web-demo-worker] camera write failed: [Errno 2] No such file or directory: '/home/mxt/robotscene/outputs/manual_web_demo/runtime/latest.tmp.jpg' -> '/home/mxt/robotscene/outputs/manual_web_demo/runtime/latest.jpg'
[manual-web-demo-worker] camera write failed: [Errno 2] No such file or directory: '/home/mxt/robotscene/outputs/manual_web_demo/runtime/latest.tmp.jpg' -> '/home/mxt/robotscene/outputs/manual_web_demo/runtime/latest.jpg'
[manual-web-demo-worker] camera write failed: [Errno 2] No such file or directory: '/home/mxt/robotscene/outputs/manual_web_demo/runtime/latest.tmp.jpg' -> '/home/mxt/robotscene/outputs/manual_web_demo/runtime/latest.jpg'
[manual-web-demo-worker] camera write failed: [Errno 2] No such file or directory: '/home/mxt/robotscene/outputs/manual_web_demo/runtime/latest.tmp.jpg' -> '/home/mxt/robotscene/outputs/manual_web_demo/runtime/latest.jpg'
[manual-web-demo-worker] camera write failed: [Errno 2] No such file or directory: '/home/mxt/robotscene/outputs/manual_web_demo/runtime/latest.tmp.jpg' -> '/home/mxt/robotscene/outputs/manual_web_demo/runtime/latest.jpg'
[manual-web-demo-worker] camera write failed: [Errno 2] No such file or directory: '/home/mxt/robotscene/outputs/manual_web_demo/runtime/latest.tmp.jpg' -> '/home/mxt/robotscene/outputs/manual_web_demo/runtime/latest.jpg'
[manual-web-demo-worker] camera write failed: [Errno 2] No such file or directory: '/home/mxt/robotscene/outputs/manual_web_demo/runtime/latest.tmp.jpg' -> '/home/mxt/robotscene/outputs/manual_web_demo/runtime/latest.jpg'
[manual-web-demo-worker] camera write failed: [Errno 2] No such file or directory: '/home/mxt/robotscene/outputs/manual_web_demo/runtime/latest.tmp.jpg' -> '/home/mxt/robotscene/outputs/manual_web_demo/runtime/latest.jpg'
[manual-web-demo-worker] camera write failed: [Errno 2] No such file or directory: '/home/mxt/robotscene/outputs/manual_web_demo/runtime/latest.tmp.jpg' -> '/home/mxt/robotscene/outputs/manual_web_demo/runtime/latest.jpg'
[manual-web-demo-worker] camera write failed: [Errno 2] No such file or directory: '/home/mxt/robotscene/outputs/manual_web_demo/runtime/latest.tmp.jpg' -> '/home/mxt/robotscene/outputs/manual_web_demo/runtime/latest.jpg'
[manual-web-demo-worker] camera write failed: [Errno 2] No such file or directory: '/home/mxt/robotscene/outputs/manual_web_demo/runtime/latest.tmp.jpg' -> '/home/mxt/robotscene/outputs/manual_web_demo/runtime/latest.jpg'
[manual-web-demo-worker] camera write failed: [Errno 2] No such file or directory: '/home/mxt/robotscene/outputs/manual_web_demo/runtime/latest.tmp.jpg' -> '/home/mxt/robotscene/outputs/manual_web_demo/runtime/latest.jpg'
[manual-web-demo-worker] camera write failed: [Errno 2] No such file or directory: '/home/mxt/robotscene/outputs/manual_web_demo/runtime/latest.tmp.jpg' -> '/home/mxt/robotscene/outputs/manual_web_demo/runtime/latest.jpg'
[manual-web-demo-worker] camera write failed: [Errno 2] No such file or directory: '/home/mxt/robotscene/outputs/manual_web_demo/runtime/latest.tmp.jpg' -> '/home/mxt/robotscene/outputs/manual_web_demo/runtime/latest.jpg'
[manual-web-demo-worker] camera write failed: [Errno 2] No such file or directory: '/home/mxt/robotscene/outputs/manual_web_demo/runtime/latest.tmp.jpg' -> '/home/mxt/robotscene/outputs/manual_web_demo/runtime/latest.jpg'
[manual-web-demo-worker] camera write failed: [Errno 2] No such file or directory: '/home/mxt/robotscene/outputs/manual_web_demo/runtime/latest.tmp.jpg' -> '/home/mxt/robotscene/outputs/manual_web_demo/runtime/latest.jpg'
[manual-web-demo-worker] camera write failed: [Errno 2] No such file or directory: '/home/mxt/robotscene/outputs/manual_web_demo/runtime/latest.tmp.jpg' -> '/home/mxt/robotscene/outputs/manual_web_demo/runtime/latest.jpg'
[manual-web-demo-worker] camera write failed: [Errno 2] No such file or directory: '/home/mxt/robotscene/outputs/manual_web_demo/runtime/latest.tmp.jpg' -> '/home/mxt/robotscene/outputs/manual_web_demo/runtime/latest.jpg'
[manual-web-demo-worker] camera write failed: [Errno 2] No such file or directory: '/home/mxt/robotscene/outputs/manual_web_demo/runtime/latest.tmp.jpg' -> '/home/mxt/robotscene/outputs/manual_web_demo/runtime/latest.jpg'
[manual-web-demo-worker] camera write failed: [Errno 2] No such file or directory: '/home/mxt/robotscene/outputs/manual_web_demo/runtime/latest.tmp.jpg' -> '/home/mxt/robotscene/outputs/manual_web_demo/runtime/latest.jpg'
[manual-web-demo-worker] camera write failed: [Errno 2] No such file or directory: '/home/mxt/robotscene/outputs/manual_web_demo/runtime/latest.tmp.jpg' -> '/home/mxt/robotscene/outputs/manual_web_demo/runtime/latest.jpg'
[manual-web-demo-worker] camera write failed: [Errno 2] No such file or directory: '/home/mxt/robotscene/outputs/manual_web_demo/runtime/latest.tmp.jpg' -> '/home/mxt/robotscene/outputs/manual_web_demo/runtime/latest.jpg'
[manual-web-demo-worker] camera write failed: [Errno 2] No such file or directory: '/home/mxt/robotscene/outputs/manual_web_demo/runtime/latest.tmp.jpg' -> '/home/mxt/robotscene/outputs/manual_web_demo/runtime/latest.jpg'
[manual-web-demo-worker] camera write failed: [Errno 2] No such file or directory: '/home/mxt/robotscene/outputs/manual_web_demo/runtime/latest.tmp.jpg' -> '/home/mxt/robotscene/outputs/manual_web_demo/runtime/latest.jpg'
[manual-web-demo-worker] camera write failed: [Errno 2] No such file or directory: '/home/mxt/robotscene/outputs/manual_web_demo/runtime/latest.tmp.jpg' -> '/home/mxt/robotscene/outputs/manual_web_demo/runtime/latest.jpg'
[manual-web-demo-worker] camera write failed: [Errno 2] No such file or directory: '/home/mxt/robotscene/outputs/manual_web_demo/runtime/latest.tmp.jpg' -> '/home/mxt/robotscene/outputs/manual_web_demo/runtime/latest.jpg'
[manual-web-demo-worker] camera write failed: [Errno 2] No such file or directory: '/home/mxt/robotscene/outputs/manual_web_demo/runtime/latest.tmp.jpg' -> '/home/mxt/robotscene/outputs/manual_web_demo/runtime/latest.jpg'
[manual-web-demo-worker] camera write failed: [Errno 2] No such file or directory: '/home/mxt/robotscene/outputs/manual_web_demo/runtime/latest.tmp.jpg' -> '/home/mxt/robotscene/outputs/manual_web_demo/runtime/latest.jpg'
[manual-web-demo-worker] camera write failed: [Errno 2] No such file or directory: '/home/mxt/robotscene/outputs/manual_web_demo/runtime/latest.tmp.jpg' -> '/home/mxt/robotscene/outputs/manual_web_demo/runtime/latest.jpg'
[manual-web-demo-worker] camera write failed: [Errno 2] No such file or directory: '/home/mxt/robotscene/outputs/manual_web_demo/runtime/latest.tmp.jpg' -> '/home/mxt/robotscene/outputs/manual_web_demo/runtime/latest.jpg'
[manual-web-demo-worker] camera write failed: [Errno 2] No such file or directory: '/home/mxt/robotscene/outputs/manual_web_demo/runtime/latest.tmp.jpg' -> '/home/mxt/robotscene/outputs/manual_web_demo/runtime/latest.jpg'
[manual-web-demo-worker] camera write failed: [Errno 2] No such file or directory: '/home/mxt/robotscene/outputs/manual_web_demo/runtime/latest.tmp.jpg' -> '/home/mxt/robotscene/outputs/manual_web_demo/runtime/latest.jpg'
[manual-web-demo-worker] camera write failed: [Errno 2] No such file or directory: '/home/mxt/robotscene/outputs/manual_web_demo/runtime/latest.tmp.jpg' -> '/home/mxt/robotscene/outputs/manual_web_demo/runtime/latest.jpg'
[manual-web-demo-worker] camera write failed: [Errno 2] No such file or directory: '/home/mxt/robotscene/outputs/manual_web_demo/runtime/latest.tmp.jpg' -> '/home/mxt/robotscene/outputs/manual_web_demo/runtime/latest.jpg'
[manual-web-demo-worker] camera write failed: [Errno 2] No such file or directory: '/home/mxt/robotscene/outputs/manual_web_demo/runtime/latest.tmp.jpg' -> '/home/mxt/robotscene/outputs/manual_web_demo/runtime/latest.jpg'
[manual-web-demo-worker] camera write failed: [Errno 2] No such file or directory: '/home/mxt/robotscene/outputs/manual_web_demo/runtime/latest.tmp.jpg' -> '/home/mxt/robotscene/outputs/manual_web_demo/runtime/latest.jpg'
[manual-web-demo-worker] camera write failed: [Errno 2] No such file or directory: '/home/mxt/robotscene/outputs/manual_web_demo/runtime/latest.tmp.jpg' -> '/home/mxt/robotscene/outputs/manual_web_demo/runtime/latest.jpg'
[manual-web-demo-worker] camera write failed: [Errno 2] No such file or directory: '/home/mxt/robotscene/outputs/manual_web_demo/runtime/latest.tmp.jpg' -> '/home/mxt/robotscene/outputs/manual_web_demo/runtime/latest.jpg'
[manual-web-demo-worker] camera write failed: [Errno 2] No such file or directory: '/home/mxt/robotscene/outputs/manual_web_demo/runtime/latest.tmp.jpg' -> '/home/mxt/robotscene/outputs/manual_web_demo/runtime/latest.jpg'
[manual-web-demo-worker] camera write failed: [Errno 2] No such file or directory: '/home/mxt/robotscene/outputs/manual_web_demo/runtime/latest.tmp.jpg' -> '/home/mxt/robotscene/outputs/manual_web_demo/runtime/latest.jpg'
[manual-web-demo-worker] camera write failed: [Errno 2] No such file or directory: '/home/mxt/robotscene/outputs/manual_web_demo/runtime/latest.tmp.jpg' -> '/home/mxt/robotscene/outputs/manual_web_demo/runtime/latest.jpg'
[manual-web-demo-worker] camera write failed: [Errno 2] No such file or directory: '/home/mxt/robotscene/outputs/manual_web_demo/runtime/latest.tmp.jpg' -> '/home/mxt/robotscene/outputs/manual_web_demo/runtime/latest.jpg'
[manual-web-demo-worker] camera write failed: [Errno 2] No such file or directory: '/home/mxt/robotscene/outputs/manual_web_demo/runtime/latest.tmp.jpg' -> '/home/mxt/robotscene/outputs/manual_web_demo/runtime/latest.jpg'
[manual-web-demo-worker] camera write failed: [Errno 2] No such file or directory: '/home/mxt/robotscene/outputs/manual_web_demo/runtime/latest.tmp.jpg' -> '/home/mxt/robotscene/outputs/manual_web_demo/runtime/latest.jpg'
[manual-web-demo-worker] camera write failed: [Errno 2] No such file or directory: '/home/mxt/robotscene/outputs/manual_web_demo/runtime/latest.tmp.jpg' -> '/home/mxt/robotscene/outputs/manual_web_demo/runtime/latest.jpg'
[manual-web-demo-worker] camera write failed: [Errno 2] No such file or directory: '/home/mxt/robotscene/outputs/manual_web_demo/runtime/latest.tmp.jpg' -> '/home/mxt/robotscene/outputs/manual_web_demo/runtime/latest.jpg'
[manual-web-demo-worker] camera write failed: [Errno 2] No such file or directory: '/home/mxt/robotscene/outputs/manual_web_demo/runtime/latest.tmp.jpg' -> '/home/mxt/robotscene/outputs/manual_web_demo/runtime/latest.jpg'
[manual-web-demo-worker] camera write failed: [Errno 2] No such file or directory: '/home/mxt/robotscene/outputs/manual_web_demo/runtime/latest.tmp.jpg' -> '/home/mxt/robotscene/outputs/manual_web_demo/runtime/latest.jpg'
[manual-web-demo-worker] camera write failed: [Errno 2] No such file or directory: '/home/mxt/robotscene/outputs/manual_web_demo/runtime/latest.tmp.jpg' -> '/home/mxt/robotscene/outputs/manual_web_demo/runtime/latest.jpg'
[manual-web-demo-worker] camera write failed: [Errno 2] No such file or directory: '/home/mxt/robotscene/outputs/manual_web_demo/runtime/latest.tmp.jpg' -> '/home/mxt/robotscene/outputs/manual_web_demo/runtime/latest.jpg'
[manual-web-demo-worker] camera write failed: [Errno 2] No such file or directory: '/home/mxt/robotscene/outputs/manual_web_demo/runtime/latest.tmp.jpg' -> '/home/mxt/robotscene/outputs/manual_web_demo/runtime/latest.jpg'
[manual-web-demo-worker] camera write failed: [Errno 2] No such file or directory: '/home/mxt/robotscene/outputs/manual_web_demo/runtime/latest.tmp.jpg' -> '/home/mxt/robotscene/outputs/manual_web_demo/runtime/latest.jpg'
[manual-web-demo-worker] camera write failed: [Errno 2] No such file or directory: '/home/mxt/robotscene/outputs/manual_web_demo/runtime/latest.tmp.jpg' -> '/home/mxt/robotscene/outputs/manual_web_demo/runtime/latest.jpg'
[manual-web-demo-worker] camera write failed: [Errno 2] No such file or directory: '/home/mxt/robotscene/outputs/manual_web_demo/runtime/latest.tmp.jpg' -> '/home/mxt/robotscene/outputs/manual_web_demo/runtime/latest.jpg'
[manual-web-demo-worker] camera write failed: [Errno 2] No such file or directory: '/home/mxt/robotscene/outputs/manual_web_demo/runtime/latest.tmp.jpg' -> '/home/mxt/robotscene/outputs/manual_web_demo/runtime/latest.jpg'
[manual-web-demo-worker] camera write failed: [Errno 2] No such file or directory: '/home/mxt/robotscene/outputs/manual_web_demo/runtime/latest.tmp.jpg' -> '/home/mxt/robotscene/outputs/manual_web_demo/runtime/latest.jpg'
[manual-web-demo-worker] camera write failed: [Errno 2] No such file or directory: '/home/mxt/robotscene/outputs/manual_web_demo/runtime/latest.tmp.jpg' -> '/home/mxt/robotscene/outputs/manual_web_demo/runtime/latest.jpg'
[manual-web-demo-worker] camera write failed: [Errno 2] No such file or directory: '/home/mxt/robotscene/outputs/manual_web_demo/runtime/latest.tmp.jpg' -> '/home/mxt/robotscene/outputs/manual_web_demo/runtime/latest.jpg'
[manual-web-demo-worker] camera write failed: [Errno 2] No such file or directory: '/home/mxt/robotscene/outputs/manual_web_demo/runtime/latest.tmp.jpg' -> '/home/mxt/robotscene/outputs/manual_web_demo/runtime/latest.jpg'
[manual-web-demo-worker] camera write failed: [Errno 2] No such file or directory: '/home/mxt/robotscene/outputs/manual_web_demo/runtime/latest.tmp.jpg' -> '/home/mxt/robotscene/outputs/manual_web_demo/runtime/latest.jpg'
[manual-web-demo-worker] camera write failed: [Errno 2] No such file or directory: '/home/mxt/robotscene/outputs/manual_web_demo/runtime/latest.tmp.jpg' -> '/home/mxt/robotscene/outputs/manual_web_demo/runtime/latest.jpg'
[manual-web-demo-worker] camera write failed: [Errno 2] No such file or directory: '/home/mxt/robotscene/outputs/manual_web_demo/runtime/latest.tmp.jpg' -> '/home/mxt/robotscene/outputs/manual_web_demo/runtime/latest.jpg'
[manual-web-demo-worker] camera write failed: [Errno 2] No such file or directory: '/home/mxt/robotscene/outputs/manual_web_demo/runtime/latest.tmp.jpg' -> '/home/mxt/robotscene/outputs/manual_web_demo/runtime/latest.jpg'
[manual-web-demo-worker] camera write failed: [Errno 2] No such file or directory: '/home/mxt/robotscene/outputs/manual_web_demo/runtime/latest.tmp.jpg' -> '/home/mxt/robotscene/outputs/manual_web_demo/runtime/latest.jpg'
[manual-web-demo-worker] camera write failed: [Errno 2] No such file or directory: '/home/mxt/robotscene/outputs/manual_web_demo/runtime/latest.tmp.jpg' -> '/home/mxt/robotscene/outputs/manual_web_demo/runtime/latest.jpg'
[manual-web-demo-worker] camera write failed: [Errno 2] No such file or directory: '/home/mxt/robotscene/outputs/manual_web_demo/runtime/latest.tmp.jpg' -> '/home/mxt/robotscene/outputs/manual_web_demo/runtime/latest.jpg'
[manual-web-demo-worker] camera write failed: [Errno 2] No such file or directory: '/home/mxt/robotscene/outputs/manual_web_demo/runtime/latest.tmp.jpg' -> '/home/mxt/robotscene/outputs/manual_web_demo/runtime/latest.jpg'
[manual-web-demo-worker] camera write failed: [Errno 2] No such file or directory: '/home/mxt/robotscene/outputs/manual_web_demo/runtime/latest.tmp.jpg' -> '/home/mxt/robotscene/outputs/manual_web_demo/runtime/latest.jpg'
[manual-web-demo-worker] camera write failed: [Errno 2] No such file or directory: '/home/mxt/robotscene/outputs/manual_web_demo/runtime/latest.tmp.jpg' -> '/home/mxt/robotscene/outputs/manual_web_demo/runtime/latest.jpg'
[manual-web-demo-worker] camera write failed: [Errno 2] No such file or directory: '/home/mxt/robotscene/outputs/manual_web_demo/runtime/latest.tmp.jpg' -> '/home/mxt/robotscene/outputs/manual_web_demo/runtime/latest.jpg'
[manual-web-demo-worker] camera write failed: [Errno 2] No such file or directory: '/home/mxt/robotscene/outputs/manual_web_demo/runtime/latest.tmp.jpg' -> '/home/mxt/robotscene/outputs/manual_web_demo/runtime/latest.jpg'
[manual-web-demo-worker] camera write failed: [Errno 2] No such file or directory: '/home/mxt/robotscene/outputs/manual_web_demo/runtime/latest.tmp.jpg' -> '/home/mxt/robotscene/outputs/manual_web_demo/runtime/latest.jpg'
[manual-web-demo-worker] camera write failed: [Errno 2] No such file or directory: '/home/mxt/robotscene/outputs/manual_web_demo/runtime/latest.tmp.jpg' -> '/home/mxt/robotscene/outputs/manual_web_demo/runtime/latest.jpg'
[manual-web-demo-worker] camera write failed: [Errno 2] No such file or directory: '/home/mxt/robotscene/outputs/manual_web_demo/runtime/latest.tmp.jpg' -> '/home/mxt/robotscene/outputs/manual_web_demo/runtime/latest.jpg'
[manual-web-demo-worker] camera write failed: [Errno 2] No such file or directory: '/home/mxt/robotscene/outputs/manual_web_demo/runtime/latest.tmp.jpg' -> '/home/mxt/robotscene/outputs/manual_web_demo/runtime/latest.jpg'
[manual-web-demo-worker] camera write failed: [Errno 2] No such file or directory: '/home/mxt/robotscene/outputs/manual_web_demo/runtime/latest.tmp.jpg' -> '/home/mxt/robotscene/outputs/manual_web_demo/runtime/latest.jpg'
[manual-web-demo-worker] camera write failed: [Errno 2] No such file or directory: '/home/mxt/robotscene/outputs/manual_web_demo/runtime/latest.tmp.jpg' -> '/home/mxt/robotscene/outputs/manual_web_demo/runtime/latest.jpg'
[manual-web-demo-worker] camera write failed: [Errno 2] No such file or directory: '/home/mxt/robotscene/outputs/manual_web_demo/runtime/latest.tmp.jpg' -> '/home/mxt/robotscene/outputs/manual_web_demo/runtime/latest.jpg'
[manual-web-demo-worker] camera write failed: [Errno 2] No such file or directory: '/home/mxt/robotscene/outputs/manual_web_demo/runtime/latest.tmp.jpg' -> '/home/mxt/robotscene/outputs/manual_web_demo/runtime/latest.jpg'
[manual-web-demo-worker] camera write failed: [Errno 2] No such file or directory: '/home/mxt/robotscene/outputs/manual_web_demo/runtime/latest.tmp.jpg' -> '/home/mxt/robotscene/outputs/manual_web_demo/runtime/latest.jpg'
[manual-web-demo-worker] camera write failed: [Errno 2] No such file or directory: '/home/mxt/robotscene/outputs/manual_web_demo/runtime/latest.tmp.jpg' -> '/home/mxt/robotscene/outputs/manual_web_demo/runtime/latest.jpg'
[manual-web-demo-worker] camera write failed: [Errno 2] No such file or directory: '/home/mxt/robotscene/outputs/manual_web_demo/runtime/latest.tmp.jpg' -> '/home/mxt/robotscene/outputs/manual_web_demo/runtime/latest.jpg'
[manual-web-demo-worker] camera write failed: [Errno 2] No such file or directory: '/home/mxt/robotscene/outputs/manual_web_demo/runtime/latest.tmp.jpg' -> '/home/mxt/robotscene/outputs/manual_web_demo/runtime/latest.jpg'
[manual-web-demo-worker] camera write failed: [Errno 2] No such file or directory: '/home/mxt/robotscene/outputs/manual_web_demo/runtime/latest.tmp.jpg' -> '/home/mxt/robotscene/outputs/manual_web_demo/runtime/latest.jpg'
[manual-web-demo-worker] camera write failed: [Errno 2] No such file or directory: '/home/mxt/robotscene/outputs/manual_web_demo/runtime/latest.tmp.jpg' -> '/home/mxt/robotscene/outputs/manual_web_demo/runtime/latest.jpg'
[manual-web-demo-worker] camera write failed: [Errno 2] No such file or directory: '/home/mxt/robotscene/outputs/manual_web_demo/runtime/latest.tmp.jpg' -> '/home/mxt/robotscene/outputs/manual_web_demo/runtime/latest.jpg'
[manual-web-demo-worker] camera write failed: [Errno 2] No such file or directory: '/home/mxt/robotscene/outputs/manual_web_demo/runtime/latest.tmp.jpg' -> '/home/mxt/robotscene/outputs/manual_web_demo/runtime/latest.jpg'
[manual-web-demo-worker] camera write failed: [Errno 2] No such file or directory: '/home/mxt/robotscene/outputs/manual_web_demo/runtime/latest.tmp.jpg' -> '/home/mxt/robotscene/outputs/manual_web_demo/runtime/latest.jpg'
[manual-web-demo-worker] camera write failed: [Errno 2] No such file or directory: '/home/mxt/robotscene/outputs/manual_web_demo/runtime/latest.tmp.jpg' -> '/home/mxt/robotscene/outputs/manual_web_demo/runtime/latest.jpg'
[manual-web-demo-worker] camera write failed: [Errno 2] No such file or directory: '/home/mxt/robotscene/outputs/manual_web_demo/runtime/latest.tmp.jpg' -> '/home/mxt/robotscene/outputs/manual_web_demo/runtime/latest.jpg'
[manual-web-demo-worker] camera write failed: [Errno 2] No such file or directory: '/home/mxt/robotscene/outputs/manual_web_demo/runtime/latest.tmp.jpg' -> '/home/mxt/robotscene/outputs/manual_web_demo/runtime/latest.jpg'
[manual-web-demo-worker] camera write failed: [Errno 2] No such file or directory: '/home/mxt/robotscene/outputs/manual_web_demo/runtime/latest.tmp.jpg' -> '/home/mxt/robotscene/outputs/manual_web_demo/runtime/latest.jpg'
[manual-web-demo-worker] camera write failed: [Errno 2] No such file or directory: '/home/mxt/robotscene/outputs/manual_web_demo/runtime/latest.tmp.jpg' -> '/home/mxt/robotscene/outputs/manual_web_demo/runtime/latest.jpg'
[manual-web-demo-worker] camera write failed: [Errno 2] No such file or directory: '/home/mxt/robotscene/outputs/manual_web_demo/runtime/latest.tmp.jpg' -> '/home/mxt/robotscene/outputs/manual_web_demo/runtime/latest.jpg'
[manual-web-demo-worker] camera write failed: [Errno 2] No such file or directory: '/home/mxt/robotscene/outputs/manual_web_demo/runtime/latest.tmp.jpg' -> '/home/mxt/robotscene/outputs/manual_web_demo/runtime/latest.jpg'
[manual-web-demo-worker] camera write failed: [Errno 2] No such file or directory: '/home/mxt/robotscene/outputs/manual_web_demo/runtime/latest.tmp.jpg' -> '/home/mxt/robotscene/outputs/manual_web_demo/runtime/latest.jpg'
[manual-web-demo-worker] camera write failed: [Errno 2] No such file or directory: '/home/mxt/robotscene/outputs/manual_web_demo/runtime/latest.tmp.jpg' -> '/home/mxt/robotscene/outputs/manual_web_demo/runtime/latest.jpg'
[manual-web-demo-worker] camera write failed: [Errno 2] No such file or directory: '/home/mxt/robotscene/outputs/manual_web_demo/runtime/latest.tmp.jpg' -> '/home/mxt/robotscene/outputs/manual_web_demo/runtime/latest.jpg'
[manual-web-demo-worker] camera write failed: [Errno 2] No such file or directory: '/home/mxt/robotscene/outputs/manual_web_demo/runtime/latest.tmp.jpg' -> '/home/mxt/robotscene/outputs/manual_web_demo/runtime/latest.jpg'
[manual-web-demo-worker] camera write failed: [Errno 2] No such file or directory: '/home/mxt/robotscene/outputs/manual_web_demo/runtime/latest.tmp.jpg' -> '/home/mxt/robotscene/outputs/manual_web_demo/runtime/latest.jpg'
[manual-web-demo-worker] camera write failed: [Errno 2] No such file or directory: '/home/mxt/robotscene/outputs/manual_web_demo/runtime/latest.tmp.jpg' -> '/home/mxt/robotscene/outputs/manual_web_demo/runtime/latest.jpg'
[manual-web-demo-worker] camera write failed: [Errno 2] No such file or directory: '/home/mxt/robotscene/outputs/manual_web_demo/runtime/latest.tmp.jpg' -> '/home/mxt/robotscene/outputs/manual_web_demo/runtime/latest.jpg'
[manual-web-demo-worker] camera write failed: [Errno 2] No such file or directory: '/home/mxt/robotscene/outputs/manual_web_demo/runtime/latest.tmp.jpg' -> '/home/mxt/robotscene/outputs/manual_web_demo/runtime/latest.jpg'
[manual-web-demo-worker] camera write failed: [Errno 2] No such file or directory: '/home/mxt/robotscene/outputs/manual_web_demo/runtime/latest.tmp.jpg' -> '/home/mxt/robotscene/outputs/manual_web_demo/runtime/latest.jpg'
[manual-web-demo-worker] camera write failed: [Errno 2] No such file or directory: '/home/mxt/robotscene/outputs/manual_web_demo/runtime/latest.tmp.jpg' -> '/home/mxt/robotscene/outputs/manual_web_demo/runtime/latest.jpg'
[manual-web-demo-worker] camera write failed: [Errno 2] No such file or directory: '/home/mxt/robotscene/outputs/manual_web_demo/runtime/latest.tmp.jpg' -> '/home/mxt/robotscene/outputs/manual_web_demo/runtime/latest.jpg'
[manual-web-demo-worker] camera write failed: [Errno 2] No such file or directory: '/home/mxt/robotscene/outputs/manual_web_demo/runtime/latest.tmp.jpg' -> '/home/mxt/robotscene/outputs/manual_web_demo/runtime/latest.jpg'
[manual-web-demo-worker] camera write failed: [Errno 2] No such file or directory: '/home/mxt/robotscene/outputs/manual_web_demo/runtime/latest.tmp.jpg' -> '/home/mxt/robotscene/outputs/manual_web_demo/runtime/latest.jpg'
[manual-web-demo-worker] camera write failed: [Errno 2] No such file or directory: '/home/mxt/robotscene/outputs/manual_web_demo/runtime/latest.tmp.jpg' -> '/home/mxt/robotscene/outputs/manual_web_demo/runtime/latest.jpg'
[manual-web-demo-worker] camera write failed: [Errno 2] No such file or directory: '/home/mxt/robotscene/outputs/manual_web_demo/runtime/latest.tmp.jpg' -> '/home/mxt/robotscene/outputs/manual_web_demo/runtime/latest.jpg'
[manual-web-demo-worker] camera write failed: [Errno 2] No such file or directory: '/home/mxt/robotscene/outputs/manual_web_demo/runtime/latest.tmp.jpg' -> '/home/mxt/robotscene/outputs/manual_web_demo/runtime/latest.jpg'
[manual-web-demo-worker] camera write failed: [Errno 2] No such file or directory: '/home/mxt/robotscene/outputs/manual_web_demo/runtime/latest.tmp.jpg' -> '/home/mxt/robotscene/outputs/manual_web_demo/runtime/latest.jpg'
[manual-web-demo-worker] camera write failed: [Errno 2] No such file or directory: '/home/mxt/robotscene/outputs/manual_web_demo/runtime/latest.tmp.jpg' -> '/home/mxt/robotscene/outputs/manual_web_demo/runtime/latest.jpg'
[manual-web-demo-worker] camera write failed: [Errno 2] No such file or directory: '/home/mxt/robotscene/outputs/manual_web_demo/runtime/latest.tmp.jpg' -> '/home/mxt/robotscene/outputs/manual_web_demo/runtime/latest.jpg'
[manual-web-demo-worker] camera write failed: [Errno 2] No such file or directory: '/home/mxt/robotscene/outputs/manual_web_demo/runtime/latest.tmp.jpg' -> '/home/mxt/robotscene/outputs/manual_web_demo/runtime/latest.jpg'
[manual-web-demo-worker] camera write failed: [Errno 2] No such file or directory: '/home/mxt/robotscene/outputs/manual_web_demo/runtime/latest.tmp.jpg' -> '/home/mxt/robotscene/outputs/manual_web_demo/runtime/latest.jpg'
[manual-web-demo-worker] camera write failed: [Errno 2] No such file or directory: '/home/mxt/robotscene/outputs/manual_web_demo/runtime/latest.tmp.jpg' -> '/home/mxt/robotscene/outputs/manual_web_demo/runtime/latest.jpg'
[manual-web-demo-worker] camera write failed: [Errno 2] No such file or directory: '/home/mxt/robotscene/outputs/manual_web_demo/runtime/latest.tmp.jpg' -> '/home/mxt/robotscene/outputs/manual_web_demo/runtime/latest.jpg'
[manual-web-demo-worker] camera write failed: [Errno 2] No such file or directory: '/home/mxt/robotscene/outputs/manual_web_demo/runtime/latest.tmp.jpg' -> '/home/mxt/robotscene/outputs/manual_web_demo/runtime/latest.jpg'
[manual-web-demo-worker] camera write failed: [Errno 2] No such file or directory: '/home/mxt/robotscene/outputs/manual_web_demo/runtime/latest.tmp.jpg' -> '/home/mxt/robotscene/outputs/manual_web_demo/runtime/latest.jpg'
[manual-web-demo-worker] camera write failed: [Errno 2] No such file or directory: '/home/mxt/robotscene/outputs/manual_web_demo/runtime/latest.tmp.jpg' -> '/home/mxt/robotscene/outputs/manual_web_demo/runtime/latest.jpg'
[manual-web-demo-worker] camera write failed: [Errno 2] No such file or directory: '/home/mxt/robotscene/outputs/manual_web_demo/runtime/latest.tmp.jpg' -> '/home/mxt/robotscene/outputs/manual_web_demo/runtime/latest.jpg'
[manual-web-demo-worker] camera write failed: [Errno 2] No such file or directory: '/home/mxt/robotscene/outputs/manual_web_demo/runtime/latest.tmp.jpg' -> '/home/mxt/robotscene/outputs/manual_web_demo/runtime/latest.jpg'
[manual-web-demo-worker] camera write failed: [Errno 2] No such file or directory: '/home/mxt/robotscene/outputs/manual_web_demo/runtime/latest.tmp.jpg' -> '/home/mxt/robotscene/outputs/manual_web_demo/runtime/latest.jpg'
[manual-web-demo-worker] camera write failed: [Errno 2] No such file or directory: '/home/mxt/robotscene/outputs/manual_web_demo/runtime/latest.tmp.jpg' -> '/home/mxt/robotscene/outputs/manual_web_demo/runtime/latest.jpg'
[manual-web-demo-worker] camera write failed: [Errno 2] No such file or directory: '/home/mxt/robotscene/outputs/manual_web_demo/runtime/latest.tmp.jpg' -> '/home/mxt/robotscene/outputs/manual_web_demo/runtime/latest.jpg'
[manual-web-demo-worker] camera write failed: [Errno 2] No such file or directory: '/home/mxt/robotscene/outputs/manual_web_demo/runtime/latest.tmp.jpg' -> '/home/mxt/robotscene/outputs/manual_web_demo/runtime/latest.jpg'
[manual-web-demo-worker] camera write failed: [Errno 2] No such file or directory: '/home/mxt/robotscene/outputs/manual_web_demo/runtime/latest.tmp.jpg' -> '/home/mxt/robotscene/outputs/manual_web_demo/runtime/latest.jpg'
[manual-web-demo-worker] camera write failed: [Errno 2] No such file or directory: '/home/mxt/robotscene/outputs/manual_web_demo/runtime/latest.tmp.jpg' -> '/home/mxt/robotscene/outputs/manual_web_demo/runtime/latest.jpg'
[manual-web-demo-worker] camera write failed: [Errno 2] No such file or directory: '/home/mxt/robotscene/outputs/manual_web_demo/runtime/latest.tmp.jpg' -> '/home/mxt/robotscene/outputs/manual_web_demo/runtime/latest.jpg'
[manual-web-demo-worker] camera write failed: [Errno 2] No such file or directory: '/home/mxt/robotscene/outputs/manual_web_demo/runtime/latest.tmp.jpg' -> '/home/mxt/robotscene/outputs/manual_web_demo/runtime/latest.jpg'
[manual-web-demo-worker] camera write failed: [Errno 2] No such file or directory: '/home/mxt/robotscene/outputs/manual_web_demo/runtime/latest.tmp.jpg' -> '/home/mxt/robotscene/outputs/manual_web_demo/runtime/latest.jpg'
[manual-web-demo-worker] camera write failed: [Errno 2] No such file or directory: '/home/mxt/robotscene/outputs/manual_web_demo/runtime/latest.tmp.jpg' -> '/home/mxt/robotscene/outputs/manual_web_demo/runtime/latest.jpg'
[manual-web-demo-worker] camera write failed: [Errno 2] No such file or directory: '/home/mxt/robotscene/outputs/manual_web_demo/runtime/latest.tmp.jpg' -> '/home/mxt/robotscene/outputs/manual_web_demo/runtime/latest.jpg'
[manual-web-demo-worker] camera write failed: [Errno 2] No such file or directory: '/home/mxt/robotscene/outputs/manual_web_demo/runtime/latest.tmp.jpg' -> '/home/mxt/robotscene/outputs/manual_web_demo/runtime/latest.jpg'
[manual-web-demo-worker] camera write failed: [Errno 2] No such file or directory: '/home/mxt/robotscene/outputs/manual_web_demo/runtime/latest.tmp.jpg' -> '/home/mxt/robotscene/outputs/manual_web_demo/runtime/latest.jpg'
[manual-web-demo-worker] camera write failed: [Errno 2] No such file or directory: '/home/mxt/robotscene/outputs/manual_web_demo/runtime/latest.tmp.jpg' -> '/home/mxt/robotscene/outputs/manual_web_demo/runtime/latest.jpg'
[manual-web-demo-worker] camera write failed: [Errno 2] No such file or directory: '/home/mxt/robotscene/outputs/manual_web_demo/runtime/latest.tmp.jpg' -> '/home/mxt/robotscene/outputs/manual_web_demo/runtime/latest.jpg'
[manual-web-demo-worker] camera write failed: [Errno 2] No such file or directory: '/home/mxt/robotscene/outputs/manual_web_demo/runtime/latest.tmp.jpg' -> '/home/mxt/robotscene/outputs/manual_web_demo/runtime/latest.jpg'
[manual-web-demo-worker] camera write failed: [Errno 2] No such file or directory: '/home/mxt/robotscene/outputs/manual_web_demo/runtime/latest.tmp.jpg' -> '/home/mxt/robotscene/outputs/manual_web_demo/runtime/latest.jpg'
[manual-web-demo-worker] camera write failed: [Errno 2] No such file or directory: '/home/mxt/robotscene/outputs/manual_web_demo/runtime/latest.tmp.jpg' -> '/home/mxt/robotscene/outputs/manual_web_demo/runtime/latest.jpg'
[manual-web-demo-worker] camera write failed: [Errno 2] No such file or directory: '/home/mxt/robotscene/outputs/manual_web_demo/runtime/latest.tmp.jpg' -> '/home/mxt/robotscene/outputs/manual_web_demo/runtime/latest.jpg'
[manual-web-demo-worker] camera write failed: [Errno 2] No such file or directory: '/home/mxt/robotscene/outputs/manual_web_demo/runtime/latest.tmp.jpg' -> '/home/mxt/robotscene/outputs/manual_web_demo/runtime/latest.jpg'
[manual-web-demo-worker] camera write failed: [Errno 2] No such file or directory: '/home/mxt/robotscene/outputs/manual_web_demo/runtime/latest.tmp.jpg' -> '/home/mxt/robotscene/outputs/manual_web_demo/runtime/latest.jpg'
[manual-web-demo-worker] camera write failed: [Errno 2] No such file or directory: '/home/mxt/robotscene/outputs/manual_web_demo/runtime/latest.tmp.jpg' -> '/home/mxt/robotscene/outputs/manual_web_demo/runtime/latest.jpg'
[manual-web-demo-worker] camera write failed: [Errno 2] No such file or directory: '/home/mxt/robotscene/outputs/manual_web_demo/runtime/latest.tmp.jpg' -> '/home/mxt/robotscene/outputs/manual_web_demo/runtime/latest.jpg'
[manual-web-demo-worker] camera write failed: [Errno 2] No such file or directory: '/home/mxt/robotscene/outputs/manual_web_demo/runtime/latest.tmp.jpg' -> '/home/mxt/robotscene/outputs/manual_web_demo/runtime/latest.jpg'
[manual-web-demo-worker] camera write failed: [Errno 2] No such file or directory: '/home/mxt/robotscene/outputs/manual_web_demo/runtime/latest.tmp.jpg' -> '/home/mxt/robotscene/outputs/manual_web_demo/runtime/latest.jpg'
[manual-web-demo-worker] camera write failed: [Errno 2] No such file or directory: '/home/mxt/robotscene/outputs/manual_web_demo/runtime/latest.tmp.jpg' -> '/home/mxt/robotscene/outputs/manual_web_demo/runtime/latest.jpg'
[manual-web-demo-worker] camera write failed: [Errno 2] No such file or directory: '/home/mxt/robotscene/outputs/manual_web_demo/runtime/latest.tmp.jpg' -> '/home/mxt/robotscene/outputs/manual_web_demo/runtime/latest.jpg'
[manual-web-demo-worker] camera write failed: [Errno 2] No such file or directory: '/home/mxt/robotscene/outputs/manual_web_demo/runtime/latest.tmp.jpg' -> '/home/mxt/robotscene/outputs/manual_web_demo/runtime/latest.jpg'
[manual-web-demo-worker] camera write failed: [Errno 2] No such file or directory: '/home/mxt/robotscene/outputs/manual_web_demo/runtime/latest.tmp.jpg' -> '/home/mxt/robotscene/outputs/manual_web_demo/runtime/latest.jpg'
[manual-web-demo-worker] camera write failed: [Errno 2] No such file or directory: '/home/mxt/robotscene/outputs/manual_web_demo/runtime/latest.tmp.jpg' -> '/home/mxt/robotscene/outputs/manual_web_demo/runtime/latest.jpg'
[manual-web-demo-worker] camera write failed: [Errno 2] No such file or directory: '/home/mxt/robotscene/outputs/manual_web_demo/runtime/latest.tmp.jpg' -> '/home/mxt/robotscene/outputs/manual_web_demo/runtime/latest.jpg'
[manual-web-demo-worker] camera write failed: [Errno 2] No such file or directory: '/home/mxt/robotscene/outputs/manual_web_demo/runtime/latest.tmp.jpg' -> '/home/mxt/robotscene/outputs/manual_web_demo/runtime/latest.jpg'
[manual-web-demo-worker] camera write failed: [Errno 2] No such file or directory: '/home/mxt/robotscene/outputs/manual_web_demo/runtime/latest.tmp.jpg' -> '/home/mxt/robotscene/outputs/manual_web_demo/runtime/latest.jpg'
[manual-web-demo-worker] camera write failed: [Errno 2] No such file or directory: '/home/mxt/robotscene/outputs/manual_web_demo/runtime/latest.tmp.jpg' -> '/home/mxt/robotscene/outputs/manual_web_demo/runtime/latest.jpg'
[manual-web-demo-worker] camera write failed: [Errno 2] No such file or directory: '/home/mxt/robotscene/outputs/manual_web_demo/runtime/latest.tmp.jpg' -> '/home/mxt/robotscene/outputs/manual_web_demo/runtime/latest.jpg'
[manual-web-demo-worker] camera write failed: [Errno 2] No such file or directory: '/home/mxt/robotscene/outputs/manual_web_demo/runtime/latest.tmp.jpg' -> '/home/mxt/robotscene/outputs/manual_web_demo/runtime/latest.jpg'
[manual-web-demo-worker] camera write failed: [Errno 2] No such file or directory: '/home/mxt/robotscene/outputs/manual_web_demo/runtime/latest.tmp.jpg' -> '/home/mxt/robotscene/outputs/manual_web_demo/runtime/latest.jpg'
[manual-web-demo-worker] camera write failed: [Errno 2] No such file or directory: '/home/mxt/robotscene/outputs/manual_web_demo/runtime/latest.tmp.jpg' -> '/home/mxt/robotscene/outputs/manual_web_demo/runtime/latest.jpg'
[manual-web-demo-worker] camera write failed: [Errno 2] No such file or directory: '/home/mxt/robotscene/outputs/manual_web_demo/runtime/latest.tmp.jpg' -> '/home/mxt/robotscene/outputs/manual_web_demo/runtime/latest.jpg'
[manual-web-demo-worker] camera write failed: [Errno 2] No such file or directory: '/home/mxt/robotscene/outputs/manual_web_demo/runtime/latest.tmp.jpg' -> '/home/mxt/robotscene/outputs/manual_web_demo/runtime/latest.jpg'
[manual-web-demo-worker] camera write failed: [Errno 2] No such file or directory: '/home/mxt/robotscene/outputs/manual_web_demo/runtime/latest.tmp.jpg' -> '/home/mxt/robotscene/outputs/manual_web_demo/runtime/latest.jpg'
[manual-web-demo-worker] camera write failed: [Errno 2] No such file or directory: '/home/mxt/robotscene/outputs/manual_web_demo/runtime/latest.tmp.jpg' -> '/home/mxt/robotscene/outputs/manual_web_demo/runtime/latest.jpg'
[manual-web-demo-worker] camera write failed: [Errno 2] No such file or directory: '/home/mxt/robotscene/outputs/manual_web_demo/runtime/latest.tmp.jpg' -> '/home/mxt/robotscene/outputs/manual_web_demo/runtime/latest.jpg'
[manual-web-demo-worker] camera write failed: [Errno 2] No such file or directory: '/home/mxt/robotscene/outputs/manual_web_demo/runtime/latest.tmp.jpg' -> '/home/mxt/robotscene/outputs/manual_web_demo/runtime/latest.jpg'
[manual-web-demo-worker] camera write failed: [Errno 2] No such file or directory: '/home/mxt/robotscene/outputs/manual_web_demo/runtime/latest.tmp.jpg' -> '/home/mxt/robotscene/outputs/manual_web_demo/runtime/latest.jpg'
[manual-web-demo-worker] camera write failed: [Errno 2] No such file or directory: '/home/mxt/robotscene/outputs/manual_web_demo/runtime/latest.tmp.jpg' -> '/home/mxt/robotscene/outputs/manual_web_demo/runtime/latest.jpg'
[manual-web-demo-worker] camera write failed: [Errno 2] No such file or directory: '/home/mxt/robotscene/outputs/manual_web_demo/runtime/latest.tmp.jpg' -> '/home/mxt/robotscene/outputs/manual_web_demo/runtime/latest.jpg'
[manual-web-demo-worker] camera write failed: [Errno 2] No such file or directory: '/home/mxt/robotscene/outputs/manual_web_demo/runtime/latest.tmp.jpg' -> '/home/mxt/robotscene/outputs/manual_web_demo/runtime/latest.jpg'
[manual-web-demo-worker] camera write failed: [Errno 2] No such file or directory: '/home/mxt/robotscene/outputs/manual_web_demo/runtime/latest.tmp.jpg' -> '/home/mxt/robotscene/outputs/manual_web_demo/runtime/latest.jpg'
[manual-web-demo-worker] camera write failed: [Errno 2] No such file or directory: '/home/mxt/robotscene/outputs/manual_web_demo/runtime/latest.tmp.jpg' -> '/home/mxt/robotscene/outputs/manual_web_demo/runtime/latest.jpg'
[manual-web-demo-worker] camera write failed: [Errno 2] No such file or directory: '/home/mxt/robotscene/outputs/manual_web_demo/runtime/latest.tmp.jpg' -> '/home/mxt/robotscene/outputs/manual_web_demo/runtime/latest.jpg'
[manual-web-demo-worker] camera write failed: [Errno 2] No such file or directory: '/home/mxt/robotscene/outputs/manual_web_demo/runtime/latest.tmp.jpg' -> '/home/mxt/robotscene/outputs/manual_web_demo/runtime/latest.jpg'
[manual-web-demo-worker] camera write failed: [Errno 2] No such file or directory: '/home/mxt/robotscene/outputs/manual_web_demo/runtime/latest.tmp.jpg' -> '/home/mxt/robotscene/outputs/manual_web_demo/runtime/latest.jpg'
[manual-web-demo-worker] camera write failed: [Errno 2] No such file or directory: '/home/mxt/robotscene/outputs/manual_web_demo/runtime/latest.tmp.jpg' -> '/home/mxt/robotscene/outputs/manual_web_demo/runtime/latest.jpg'
[manual-web-demo-worker] camera write failed: [Errno 2] No such file or directory: '/home/mxt/robotscene/outputs/manual_web_demo/runtime/latest.tmp.jpg' -> '/home/mxt/robotscene/outputs/manual_web_demo/runtime/latest.jpg'
[manual-web-demo-worker] camera write failed: [Errno 2] No such file or directory: '/home/mxt/robotscene/outputs/manual_web_demo/runtime/latest.tmp.jpg' -> '/home/mxt/robotscene/outputs/manual_web_demo/runtime/latest.jpg'
[manual-web-demo-worker] camera write failed: [Errno 2] No such file or directory: '/home/mxt/robotscene/outputs/manual_web_demo/runtime/latest.tmp.jpg' -> '/home/mxt/robotscene/outputs/manual_web_demo/runtime/latest.jpg'
[manual-web-demo-worker] camera write failed: [Errno 2] No such file or directory: '/home/mxt/robotscene/outputs/manual_web_demo/runtime/latest.tmp.jpg' -> '/home/mxt/robotscene/outputs/manual_web_demo/runtime/latest.jpg'
[manual-web-demo-worker] camera write failed: [Errno 2] No such file or directory: '/home/mxt/robotscene/outputs/manual_web_demo/runtime/latest.tmp.jpg' -> '/home/mxt/robotscene/outputs/manual_web_demo/runtime/latest.jpg'
[manual-web-demo-worker] camera write failed: [Errno 2] No such file or directory: '/home/mxt/robotscene/outputs/manual_web_demo/runtime/latest.tmp.jpg' -> '/home/mxt/robotscene/outputs/manual_web_demo/runtime/latest.jpg'
[manual-web-demo-worker] camera write failed: [Errno 2] No such file or directory: '/home/mxt/robotscene/outputs/manual_web_demo/runtime/latest.tmp.jpg' -> '/home/mxt/robotscene/outputs/manual_web_demo/runtime/latest.jpg'
[manual-web-demo-worker] camera write failed: [Errno 2] No such file or directory: '/home/mxt/robotscene/outputs/manual_web_demo/runtime/latest.tmp.jpg' -> '/home/mxt/robotscene/outputs/manual_web_demo/runtime/latest.jpg'
[manual-web-demo-worker] camera write failed: [Errno 2] No such file or directory: '/home/mxt/robotscene/outputs/manual_web_demo/runtime/latest.tmp.jpg' -> '/home/mxt/robotscene/outputs/manual_web_demo/runtime/latest.jpg'
[manual-web-demo-worker] camera write failed: [Errno 2] No such file or directory: '/home/mxt/robotscene/outputs/manual_web_demo/runtime/latest.tmp.jpg' -> '/home/mxt/robotscene/outputs/manual_web_demo/runtime/latest.jpg'
[manual-web-demo-worker] camera write failed: [Errno 2] No such file or directory: '/home/mxt/robotscene/outputs/manual_web_demo/runtime/latest.tmp.jpg' -> '/home/mxt/robotscene/outputs/manual_web_demo/runtime/latest.jpg'
[manual-web-demo-worker] camera write failed: [Errno 2] No such file or directory: '/home/mxt/robotscene/outputs/manual_web_demo/runtime/latest.tmp.jpg' -> '/home/mxt/robotscene/outputs/manual_web_demo/runtime/latest.jpg'
[manual-web-demo-worker] camera write failed: [Errno 2] No such file or directory: '/home/mxt/robotscene/outputs/manual_web_demo/runtime/latest.tmp.jpg' -> '/home/mxt/robotscene/outputs/manual_web_demo/runtime/latest.jpg'
[manual-web-demo-worker] camera write failed: [Errno 2] No such file or directory: '/home/mxt/robotscene/outputs/manual_web_demo/runtime/latest.tmp.jpg' -> '/home/mxt/robotscene/outputs/manual_web_demo/runtime/latest.jpg'
[manual-web-demo-worker] camera write failed: [Errno 2] No such file or directory: '/home/mxt/robotscene/outputs/manual_web_demo/runtime/latest.tmp.jpg' -> '/home/mxt/robotscene/outputs/manual_web_demo/runtime/latest.jpg'
[manual-web-demo-worker] camera write failed: [Errno 2] No such file or directory: '/home/mxt/robotscene/outputs/manual_web_demo/runtime/latest.tmp.jpg' -> '/home/mxt/robotscene/outputs/manual_web_demo/runtime/latest.jpg'
[manual-web-demo-worker] camera write failed: [Errno 2] No such file or directory: '/home/mxt/robotscene/outputs/manual_web_demo/runtime/latest.tmp.jpg' -> '/home/mxt/robotscene/outputs/manual_web_demo/runtime/latest.jpg'
[manual-web-demo-worker] camera write failed: [Errno 2] No such file or directory: '/home/mxt/robotscene/outputs/manual_web_demo/runtime/latest.tmp.jpg' -> '/home/mxt/robotscene/outputs/manual_web_demo/runtime/latest.jpg'
[manual-web-demo-worker] camera write failed: [Errno 2] No such file or directory: '/home/mxt/robotscene/outputs/manual_web_demo/runtime/latest.tmp.jpg' -> '/home/mxt/robotscene/outputs/manual_web_demo/runtime/latest.jpg'
[manual-web-demo-worker] camera write failed: [Errno 2] No such file or directory: '/home/mxt/robotscene/outputs/manual_web_demo/runtime/latest.tmp.jpg' -> '/home/mxt/robotscene/outputs/manual_web_demo/runtime/latest.jpg'
[manual-web-demo-worker] camera write failed: [Errno 2] No such file or directory: '/home/mxt/robotscene/outputs/manual_web_demo/runtime/latest.tmp.jpg' -> '/home/mxt/robotscene/outputs/manual_web_demo/runtime/latest.jpg'
[manual-web-demo-worker] camera write failed: [Errno 2] No such file or directory: '/home/mxt/robotscene/outputs/manual_web_demo/runtime/latest.tmp.jpg' -> '/home/mxt/robotscene/outputs/manual_web_demo/runtime/latest.jpg'
[manual-web-demo-worker] camera write failed: [Errno 2] No such file or directory: '/home/mxt/robotscene/outputs/manual_web_demo/runtime/latest.tmp.jpg' -> '/home/mxt/robotscene/outputs/manual_web_demo/runtime/latest.jpg'
[manual-web-demo-worker] camera write failed: [Errno 2] No such file or directory: '/home/mxt/robotscene/outputs/manual_web_demo/runtime/latest.tmp.jpg' -> '/home/mxt/robotscene/outputs/manual_web_demo/runtime/latest.jpg'
[manual-web-demo-worker] camera write failed: [Errno 2] No such file or directory: '/home/mxt/robotscene/outputs/manual_web_demo/runtime/latest.tmp.jpg' -> '/home/mxt/robotscene/outputs/manual_web_demo/runtime/latest.jpg'
[manual-web-demo-worker] camera write failed: [Errno 2] No such file or directory: '/home/mxt/robotscene/outputs/manual_web_demo/runtime/latest.tmp.jpg' -> '/home/mxt/robotscene/outputs/manual_web_demo/runtime/latest.jpg'
[manual-web-demo-worker] camera write failed: [Errno 2] No such file or directory: '/home/mxt/robotscene/outputs/manual_web_demo/runtime/latest.tmp.jpg' -> '/home/mxt/robotscene/outputs/manual_web_demo/runtime/latest.jpg'
[manual-web-demo-worker] camera write failed: [Errno 2] No such file or directory: '/home/mxt/robotscene/outputs/manual_web_demo/runtime/latest.tmp.jpg' -> '/home/mxt/robotscene/outputs/manual_web_demo/runtime/latest.jpg'
[manual-web-demo-worker] camera write failed: [Errno 2] No such file or directory: '/home/mxt/robotscene/outputs/manual_web_demo/runtime/latest.tmp.jpg' -> '/home/mxt/robotscene/outputs/manual_web_demo/runtime/latest.jpg'
[manual-web-demo-worker] camera write failed: [Errno 2] No such file or directory: '/home/mxt/robotscene/outputs/manual_web_demo/runtime/latest.tmp.jpg' -> '/home/mxt/robotscene/outputs/manual_web_demo/runtime/latest.jpg'
[manual-web-demo-worker] camera write failed: [Errno 2] No such file or directory: '/home/mxt/robotscene/outputs/manual_web_demo/runtime/latest.tmp.jpg' -> '/home/mxt/robotscene/outputs/manual_web_demo/runtime/latest.jpg'
[manual-web-demo-worker] camera write failed: [Errno 2] No such file or directory: '/home/mxt/robotscene/outputs/manual_web_demo/runtime/latest.tmp.jpg' -> '/home/mxt/robotscene/outputs/manual_web_demo/runtime/latest.jpg'
[manual-web-demo-worker] camera write failed: [Errno 2] No such file or directory: '/home/mxt/robotscene/outputs/manual_web_demo/runtime/latest.tmp.jpg' -> '/home/mxt/robotscene/outputs/manual_web_demo/runtime/latest.jpg'
[manual-web-demo-worker] camera write failed: [Errno 2] No such file or directory: '/home/mxt/robotscene/outputs/manual_web_demo/runtime/latest.tmp.jpg' -> '/home/mxt/robotscene/outputs/manual_web_demo/runtime/latest.jpg'
[manual-web-demo-worker] camera write failed: [Errno 2] No such file or directory: '/home/mxt/robotscene/outputs/manual_web_demo/runtime/latest.tmp.jpg' -> '/home/mxt/robotscene/outputs/manual_web_demo/runtime/latest.jpg'
[manual-web-demo-worker] camera write failed: [Errno 2] No such file or directory: '/home/mxt/robotscene/outputs/manual_web_demo/runtime/latest.tmp.jpg' -> '/home/mxt/robotscene/outputs/manual_web_demo/runtime/latest.jpg'
[manual-web-demo-worker] camera write failed: [Errno 2] No such file or directory: '/home/mxt/robotscene/outputs/manual_web_demo/runtime/latest.tmp.jpg' -> '/home/mxt/robotscene/outputs/manual_web_demo/runtime/latest.jpg'
[manual-web-demo-worker] camera write failed: [Errno 2] No such file or directory: '/home/mxt/robotscene/outputs/manual_web_demo/runtime/latest.tmp.jpg' -> '/home/mxt/robotscene/outputs/manual_web_demo/runtime/latest.jpg'
[manual-web-demo-worker] camera write failed: [Errno 2] No such file or directory: '/home/mxt/robotscene/outputs/manual_web_demo/runtime/latest.tmp.jpg' -> '/home/mxt/robotscene/outputs/manual_web_demo/runtime/latest.jpg'
[manual-web-demo-worker] camera write failed: [Errno 2] No such file or directory: '/home/mxt/robotscene/outputs/manual_web_demo/runtime/latest.tmp.jpg' -> '/home/mxt/robotscene/outputs/manual_web_demo/runtime/latest.jpg'
[manual-web-demo-worker] camera write failed: [Errno 2] No such file or directory: '/home/mxt/robotscene/outputs/manual_web_demo/runtime/latest.tmp.jpg' -> '/home/mxt/robotscene/outputs/manual_web_demo/runtime/latest.jpg'
[manual-web-demo-worker] camera write failed: [Errno 2] No such file or directory: '/home/mxt/robotscene/outputs/manual_web_demo/runtime/latest.tmp.jpg' -> '/home/mxt/robotscene/outputs/manual_web_demo/runtime/latest.jpg'
[manual-web-demo-worker] camera write failed: [Errno 2] No such file or directory: '/home/mxt/robotscene/outputs/manual_web_demo/runtime/latest.tmp.jpg' -> '/home/mxt/robotscene/outputs/manual_web_demo/runtime/latest.jpg'
[manual-web-demo-worker] camera write failed: [Errno 2] No such file or directory: '/home/mxt/robotscene/outputs/manual_web_demo/runtime/latest.tmp.jpg' -> '/home/mxt/robotscene/outputs/manual_web_demo/runtime/latest.jpg'
[manual-web-demo-worker] camera write failed: [Errno 2] No such file or directory: '/home/mxt/robotscene/outputs/manual_web_demo/runtime/latest.tmp.jpg' -> '/home/mxt/robotscene/outputs/manual_web_demo/runtime/latest.jpg'
[manual-web-demo-worker] camera write failed: [Errno 2] No such file or directory: '/home/mxt/robotscene/outputs/manual_web_demo/runtime/latest.tmp.jpg' -> '/home/mxt/robotscene/outputs/manual_web_demo/runtime/latest.jpg'
[manual-web-demo-worker] camera write failed: [Errno 2] No such file or directory: '/home/mxt/robotscene/outputs/manual_web_demo/runtime/latest.tmp.jpg' -> '/home/mxt/robotscene/outputs/manual_web_demo/runtime/latest.jpg'
[manual-web-demo-worker] camera write failed: [Errno 2] No such file or directory: '/home/mxt/robotscene/outputs/manual_web_demo/runtime/latest.tmp.jpg' -> '/home/mxt/robotscene/outputs/manual_web_demo/runtime/latest.jpg'
[manual-web-demo-worker] camera write failed: [Errno 2] No such file or directory: '/home/mxt/robotscene/outputs/manual_web_demo/runtime/latest.tmp.jpg' -> '/home/mxt/robotscene/outputs/manual_web_demo/runtime/latest.jpg'
[manual-web-demo-worker] camera write failed: [Errno 2] No such file or directory: '/home/mxt/robotscene/outputs/manual_web_demo/runtime/latest.tmp.jpg' -> '/home/mxt/robotscene/outputs/manual_web_demo/runtime/latest.jpg'
[manual-web-demo-worker] camera write failed: [Errno 2] No such file or directory: '/home/mxt/robotscene/outputs/manual_web_demo/runtime/latest.tmp.jpg' -> '/home/mxt/robotscene/outputs/manual_web_demo/runtime/latest.jpg'
[manual-web-demo-worker] camera write failed: [Errno 2] No such file or directory: '/home/mxt/robotscene/outputs/manual_web_demo/runtime/latest.tmp.jpg' -> '/home/mxt/robotscene/outputs/manual_web_demo/runtime/latest.jpg'
[manual-web-demo-worker] camera write failed: [Errno 2] No such file or directory: '/home/mxt/robotscene/outputs/manual_web_demo/runtime/latest.tmp.jpg' -> '/home/mxt/robotscene/outputs/manual_web_demo/runtime/latest.jpg'
[manual-web-demo-worker] camera write failed: [Errno 2] No such file or directory: '/home/mxt/robotscene/outputs/manual_web_demo/runtime/latest.tmp.jpg' -> '/home/mxt/robotscene/outputs/manual_web_demo/runtime/latest.jpg'
[manual-web-demo-worker] camera write failed: [Errno 2] No such file or directory: '/home/mxt/robotscene/outputs/manual_web_demo/runtime/latest.tmp.jpg' -> '/home/mxt/robotscene/outputs/manual_web_demo/runtime/latest.jpg'
[manual-web-demo-worker] camera write failed: [Errno 2] No such file or directory: '/home/mxt/robotscene/outputs/manual_web_demo/runtime/latest.tmp.jpg' -> '/home/mxt/robotscene/outputs/manual_web_demo/runtime/latest.jpg'
[manual-web-demo-worker] camera write failed: [Errno 2] No such file or directory: '/home/mxt/robotscene/outputs/manual_web_demo/runtime/latest.tmp.jpg' -> '/home/mxt/robotscene/outputs/manual_web_demo/runtime/latest.jpg'
[manual-web-demo-worker] camera write failed: [Errno 2] No such file or directory: '/home/mxt/robotscene/outputs/manual_web_demo/runtime/latest.tmp.jpg' -> '/home/mxt/robotscene/outputs/manual_web_demo/runtime/latest.jpg'
[manual-web-demo-worker] camera write failed: [Errno 2] No such file or directory: '/home/mxt/robotscene/outputs/manual_web_demo/runtime/latest.tmp.jpg' -> '/home/mxt/robotscene/outputs/manual_web_demo/runtime/latest.jpg'
[manual-web-demo-worker] camera write failed: [Errno 2] No such file or directory: '/home/mxt/robotscene/outputs/manual_web_demo/runtime/latest.tmp.jpg' -> '/home/mxt/robotscene/outputs/manual_web_demo/runtime/latest.jpg'
[manual-web-demo-worker] camera write failed: [Errno 2] No such file or directory: '/home/mxt/robotscene/outputs/manual_web_demo/runtime/latest.tmp.jpg' -> '/home/mxt/robotscene/outputs/manual_web_demo/runtime/latest.jpg'
[manual-web-demo-worker] camera write failed: [Errno 2] No such file or directory: '/home/mxt/robotscene/outputs/manual_web_demo/runtime/latest.tmp.jpg' -> '/home/mxt/robotscene/outputs/manual_web_demo/runtime/latest.jpg'
[manual-web-demo-worker] camera write failed: [Errno 2] No such file or directory: '/home/mxt/robotscene/outputs/manual_web_demo/runtime/latest.tmp.jpg' -> '/home/mxt/robotscene/outputs/manual_web_demo/runtime/latest.jpg'
[manual-web-demo-worker] camera write failed: [Errno 2] No such file or directory: '/home/mxt/robotscene/outputs/manual_web_demo/runtime/latest.tmp.jpg' -> '/home/mxt/robotscene/outputs/manual_web_demo/runtime/latest.jpg'
[manual-web-demo-worker] camera write failed: [Errno 2] No such file or directory: '/home/mxt/robotscene/outputs/manual_web_demo/runtime/latest.tmp.jpg' -> '/home/mxt/robotscene/outputs/manual_web_demo/runtime/latest.jpg'
[INFO] [1787113887.663861705] [manual_web_demo_ros_worker]: manual web demo ROS worker ready
[INFO] [1787114309.114620079] [manual_web_demo_ros_worker]: manual web demo ROS worker ready
[INFO] [1787114834.931298719] [manual_web_demo_ros_worker]: manual web demo ROS worker ready
[INFO] [1787114860.199169118] [manual_web_demo_ros_worker]: manual web demo ROS worker ready
[manual-web-demo-worker] camera write failed: [Errno 2] No such file or directory: '/home/mxt/robotscene/outputs/manual_web_demo/runtime/latest.tmp.jpg' -> '/home/mxt/robotscene/outputs/manual_web_demo/runtime/latest.jpg'
[manual-web-demo-worker] camera write failed: [Errno 2] No such file or directory: '/home/mxt/robotscene/outputs/manual_web_demo/runtime/latest.tmp.jpg' -> '/home/mxt/robotscene/outputs/manual_web_demo/runtime/latest.jpg'
[manual-web-demo-worker] camera write failed: [Errno 2] No such file or directory: '/home/mxt/robotscene/outputs/manual_web_demo/runtime/latest.tmp.jpg' -> '/home/mxt/robotscene/outputs/manual_web_demo/runtime/latest.jpg'
[manual-web-demo-worker] camera write failed: [Errno 2] No such file or directory: '/home/mxt/robotscene/outputs/manual_web_demo/runtime/latest.tmp.jpg' -> '/home/mxt/robotscene/outputs/manual_web_demo/runtime/latest.jpg'
[manual-web-demo-worker] camera write failed: [Errno 2] No such file or directory: '/home/mxt/robotscene/outputs/manual_web_demo/runtime/latest.tmp.jpg' -> '/home/mxt/robotscene/outputs/manual_web_demo/runtime/latest.jpg'
[manual-web-demo-worker] camera write failed: [Errno 2] No such file or directory: '/home/mxt/robotscene/outputs/manual_web_demo/runtime/latest.tmp.jpg' -> '/home/mxt/robotscene/outputs/manual_web_demo/runtime/latest.jpg'
[manual-web-demo-worker] camera write failed: [Errno 2] No such file or directory: '/home/mxt/robotscene/outputs/manual_web_demo/runtime/latest.tmp.jpg' -> '/home/mxt/robotscene/outputs/manual_web_demo/runtime/latest.jpg'
[manual-web-demo-worker] camera write failed: [Errno 2] No such file or directory: '/home/mxt/robotscene/outputs/manual_web_demo/runtime/latest.tmp.jpg' -> '/home/mxt/robotscene/outputs/manual_web_demo/runtime/latest.jpg'
[manual-web-demo-worker] camera write failed: [Errno 2] No such file or directory: '/home/mxt/robotscene/outputs/manual_web_demo/runtime/latest.tmp.jpg' -> '/home/mxt/robotscene/outputs/manual_web_demo/runtime/latest.jpg'
[manual-web-demo-worker] camera write failed: [Errno 2] No such file or directory: '/home/mxt/robotscene/outputs/manual_web_demo/runtime/latest.tmp.jpg' -> '/home/mxt/robotscene/outputs/manual_web_demo/runtime/latest.jpg'
[manual-web-demo-worker] camera write failed: [Errno 2] No such file or directory: '/home/mxt/robotscene/outputs/manual_web_demo/runtime/latest.tmp.jpg' -> '/home/mxt/robotscene/outputs/manual_web_demo/runtime/latest.jpg'
[manual-web-demo-worker] camera write failed: [Errno 2] No such file or directory: '/home/mxt/robotscene/outputs/manual_web_demo/runtime/latest.tmp.jpg' -> '/home/mxt/robotscene/outputs/manual_web_demo/runtime/latest.jpg'
[manual-web-demo-worker] camera write failed: [Errno 2] No such file or directory: '/home/mxt/robotscene/outputs/manual_web_demo/runtime/latest.tmp.jpg' -> '/home/mxt/robotscene/outputs/manual_web_demo/runtime/latest.jpg'
[manual-web-demo-worker] camera write failed: [Errno 2] No such file or directory: '/home/mxt/robotscene/outputs/manual_web_demo/runtime/latest.tmp.jpg' -> '/home/mxt/robotscene/outputs/manual_web_demo/runtime/latest.jpg'
[manual-web-demo-worker] camera write failed: [Errno 2] No such file or directory: '/home/mxt/robotscene/outputs/manual_web_demo/runtime/latest.tmp.jpg' -> '/home/mxt/robotscene/outputs/manual_web_demo/runtime/latest.jpg'
[manual-web-demo-worker] camera write failed: [Errno 2] No such file or directory: '/home/mxt/robotscene/outputs/manual_web_demo/runtime/latest.tmp.jpg' -> '/home/mxt/robotscene/outputs/manual_web_demo/runtime/latest.jpg'
[manual-web-demo-worker] camera write failed: [Errno 2] No such file or directory: '/home/mxt/robotscene/outputs/manual_web_demo/runtime/latest.tmp.jpg' -> '/home/mxt/robotscene/outputs/manual_web_demo/runtime/latest.jpg'
[manual-web-demo-worker] camera write failed: [Errno 2] No such file or directory: '/home/mxt/robotscene/outputs/manual_web_demo/runtime/latest.tmp.jpg' -> '/home/mxt/robotscene/outputs/manual_web_demo/runtime/latest.jpg'
[manual-web-demo-worker] camera write failed: [Errno 2] No such file or directory: '/home/mxt/robotscene/outputs/manual_web_demo/runtime/latest.tmp.jpg' -> '/home/mxt/robotscene/outputs/manual_web_demo/runtime/latest.jpg'
[manual-web-demo-worker] camera write failed: [Errno 2] No such file or directory: '/home/mxt/robotscene/outputs/manual_web_demo/runtime/latest.tmp.jpg' -> '/home/mxt/robotscene/outputs/manual_web_demo/runtime/latest.jpg'
[manual-web-demo-worker] camera write failed: [Errno 2] No such file or directory: '/home/mxt/robotscene/outputs/manual_web_demo/runtime/latest.tmp.jpg' -> '/home/mxt/robotscene/outputs/manual_web_demo/runtime/latest.jpg'
[manual-web-demo-worker] camera write failed: [Errno 2] No such file or directory: '/home/mxt/robotscene/outputs/manual_web_demo/runtime/latest.tmp.jpg' -> '/home/mxt/robotscene/outputs/manual_web_demo/runtime/latest.jpg'
[manual-web-demo-worker] camera write failed: [Errno 2] No such file or directory: '/home/mxt/robotscene/outputs/manual_web_demo/runtime/latest.tmp.jpg' -> '/home/mxt/robotscene/outputs/manual_web_demo/runtime/latest.jpg'
[manual-web-demo-worker] camera write failed: [Errno 2] No such file or directory: '/home/mxt/robotscene/outputs/manual_web_demo/runtime/latest.tmp.jpg' -> '/home/mxt/robotscene/outputs/manual_web_demo/runtime/latest.jpg'
[manual-web-demo-worker] camera write failed: [Errno 2] No such file or directory: '/home/mxt/robotscene/outputs/manual_web_demo/runtime/latest.tmp.jpg' -> '/home/mxt/robotscene/outputs/manual_web_demo/runtime/latest.jpg'
[manual-web-demo-worker] camera write failed: [Errno 2] No such file or directory: '/home/mxt/robotscene/outputs/manual_web_demo/runtime/latest.tmp.jpg' -> '/home/mxt/robotscene/outputs/manual_web_demo/runtime/latest.jpg'
[manual-web-demo-worker] camera write failed: [Errno 2] No such file or directory: '/home/mxt/robotscene/outputs/manual_web_demo/runtime/latest.tmp.jpg' -> '/home/mxt/robotscene/outputs/manual_web_demo/runtime/latest.jpg'
[manual-web-demo-worker] camera write failed: [Errno 2] No such file or directory: '/home/mxt/robotscene/outputs/manual_web_demo/runtime/latest.tmp.jpg' -> '/home/mxt/robotscene/outputs/manual_web_demo/runtime/latest.jpg'
[manual-web-demo-worker] camera write failed: [Errno 2] No such file or directory: '/home/mxt/robotscene/outputs/manual_web_demo/runtime/latest.tmp.jpg' -> '/home/mxt/robotscene/outputs/manual_web_demo/runtime/latest.jpg'
[manual-web-demo-worker] camera write failed: [Errno 2] No such file or directory: '/home/mxt/robotscene/outputs/manual_web_demo/runtime/latest.tmp.jpg' -> '/home/mxt/robotscene/outputs/manual_web_demo/runtime/latest.jpg'
[manual-web-demo-worker] camera write failed: [Errno 2] No such file or directory: '/home/mxt/robotscene/outputs/manual_web_demo/runtime/latest.tmp.jpg' -> '/home/mxt/robotscene/outputs/manual_web_demo/runtime/latest.jpg'
[manual-web-demo-worker] camera write failed: [Errno 2] No such file or directory: '/home/mxt/robotscene/outputs/manual_web_demo/runtime/latest.tmp.jpg' -> '/home/mxt/robotscene/outputs/manual_web_demo/runtime/latest.jpg'
[manual-web-demo-worker] camera write failed: [Errno 2] No such file or directory: '/home/mxt/robotscene/outputs/manual_web_demo/runtime/latest.tmp.jpg' -> '/home/mxt/robotscene/outputs/manual_web_demo/runtime/latest.jpg'
[manual-web-demo-worker] camera write failed: [Errno 2] No such file or directory: '/home/mxt/robotscene/outputs/manual_web_demo/runtime/latest.tmp.jpg' -> '/home/mxt/robotscene/outputs/manual_web_demo/runtime/latest.jpg'
[manual-web-demo-worker] camera write failed: [Errno 2] No such file or directory: '/home/mxt/robotscene/outputs/manual_web_demo/runtime/latest.tmp.jpg' -> '/home/mxt/robotscene/outputs/manual_web_demo/runtime/latest.jpg'
[manual-web-demo-worker] camera write failed: [Errno 2] No such file or directory: '/home/mxt/robotscene/outputs/manual_web_demo/runtime/latest.tmp.jpg' -> '/home/mxt/robotscene/outputs/manual_web_demo/runtime/latest.jpg'
[manual-web-demo-worker] camera write failed: [Errno 2] No such file or directory: '/home/mxt/robotscene/outputs/manual_web_demo/runtime/latest.tmp.jpg' -> '/home/mxt/robotscene/outputs/manual_web_demo/runtime/latest.jpg'
[manual-web-demo-worker] camera write failed: [Errno 2] No such file or directory: '/home/mxt/robotscene/outputs/manual_web_demo/runtime/latest.tmp.jpg' -> '/home/mxt/robotscene/outputs/manual_web_demo/runtime/latest.jpg'
[manual-web-demo-worker] camera write failed: [Errno 2] No such file or directory: '/home/mxt/robotscene/outputs/manual_web_demo/runtime/latest.tmp.jpg' -> '/home/mxt/robotscene/outputs/manual_web_demo/runtime/latest.jpg'
[manual-web-demo-worker] camera write failed: [Errno 2] No such file or directory: '/home/mxt/robotscene/outputs/manual_web_demo/runtime/latest.tmp.jpg' -> '/home/mxt/robotscene/outputs/manual_web_demo/runtime/latest.jpg'
[manual-web-demo-worker] camera write failed: [Errno 2] No such file or directory: '/home/mxt/robotscene/outputs/manual_web_demo/runtime/latest.tmp.jpg' -> '/home/mxt/robotscene/outputs/manual_web_demo/runtime/latest.jpg'
[manual-web-demo-worker] camera write failed: [Errno 2] No such file or directory: '/home/mxt/robotscene/outputs/manual_web_demo/runtime/latest.tmp.jpg' -> '/home/mxt/robotscene/outputs/manual_web_demo/runtime/latest.jpg'
[manual-web-demo-worker] camera write failed: [Errno 2] No such file or directory: '/home/mxt/robotscene/outputs/manual_web_demo/runtime/latest.tmp.jpg' -> '/home/mxt/robotscene/outputs/manual_web_demo/runtime/latest.jpg'
[manual-web-demo-worker] camera write failed: [Errno 2] No such file or directory: '/home/mxt/robotscene/outputs/manual_web_demo/runtime/latest.tmp.jpg' -> '/home/mxt/robotscene/outputs/manual_web_demo/runtime/latest.jpg'
[manual-web-demo-worker] camera write failed: [Errno 2] No such file or directory: '/home/mxt/robotscene/outputs/manual_web_demo/runtime/latest.tmp.jpg' -> '/home/mxt/robotscene/outputs/manual_web_demo/runtime/latest.jpg'
[manual-web-demo-worker] camera write failed: [Errno 2] No such file or directory: '/home/mxt/robotscene/outputs/manual_web_demo/runtime/latest.tmp.jpg' -> '/home/mxt/robotscene/outputs/manual_web_demo/runtime/latest.jpg'
[manual-web-demo-worker] camera write failed: [Errno 2] No such file or directory: '/home/mxt/robotscene/outputs/manual_web_demo/runtime/latest.tmp.jpg' -> '/home/mxt/robotscene/outputs/manual_web_demo/runtime/latest.jpg'
[manual-web-demo-worker] camera write failed: [Errno 2] No such file or directory: '/home/mxt/robotscene/outputs/manual_web_demo/runtime/latest.tmp.jpg' -> '/home/mxt/robotscene/outputs/manual_web_demo/runtime/latest.jpg'
[manual-web-demo-worker] camera write failed: [Errno 2] No such file or directory: '/home/mxt/robotscene/outputs/manual_web_demo/runtime/latest.tmp.jpg' -> '/home/mxt/robotscene/outputs/manual_web_demo/runtime/latest.jpg'
[manual-web-demo-worker] camera write failed: [Errno 2] No such file or directory: '/home/mxt/robotscene/outputs/manual_web_demo/runtime/latest.tmp.jpg' -> '/home/mxt/robotscene/outputs/manual_web_demo/runtime/latest.jpg'
[manual-web-demo-worker] camera write failed: [Errno 2] No such file or directory: '/home/mxt/robotscene/outputs/manual_web_demo/runtime/latest.tmp.jpg' -> '/home/mxt/robotscene/outputs/manual_web_demo/runtime/latest.jpg'
[manual-web-demo-worker] camera write failed: [Errno 2] No such file or directory: '/home/mxt/robotscene/outputs/manual_web_demo/runtime/latest.tmp.jpg' -> '/home/mxt/robotscene/outputs/manual_web_demo/runtime/latest.jpg'
[manual-web-demo-worker] camera write failed: [Errno 2] No such file or directory: '/home/mxt/robotscene/outputs/manual_web_demo/runtime/latest.tmp.jpg' -> '/home/mxt/robotscene/outputs/manual_web_demo/runtime/latest.jpg'
[manual-web-demo-worker] camera write failed: [Errno 2] No such file or directory: '/home/mxt/robotscene/outputs/manual_web_demo/runtime/latest.tmp.jpg' -> '/home/mxt/robotscene/outputs/manual_web_demo/runtime/latest.jpg'
[manual-web-demo-worker] camera write failed: [Errno 2] No such file or directory: '/home/mxt/robotscene/outputs/manual_web_demo/runtime/latest.tmp.jpg' -> '/home/mxt/robotscene/outputs/manual_web_demo/runtime/latest.jpg'
[manual-web-demo-worker] camera write failed: [Errno 2] No such file or directory: '/home/mxt/robotscene/outputs/manual_web_demo/runtime/latest.tmp.jpg' -> '/home/mxt/robotscene/outputs/manual_web_demo/runtime/latest.jpg'
[manual-web-demo-worker] camera write failed: [Errno 2] No such file or directory: '/home/mxt/robotscene/outputs/manual_web_demo/runtime/latest.tmp.jpg' -> '/home/mxt/robotscene/outputs/manual_web_demo/runtime/latest.jpg'
[manual-web-demo-worker] camera write failed: [Errno 2] No such file or directory: '/home/mxt/robotscene/outputs/manual_web_demo/runtime/latest.tmp.jpg' -> '/home/mxt/robotscene/outputs/manual_web_demo/runtime/latest.jpg'
[manual-web-demo-worker] camera write failed: [Errno 2] No such file or directory: '/home/mxt/robotscene/outputs/manual_web_demo/runtime/latest.tmp.jpg' -> '/home/mxt/robotscene/outputs/manual_web_demo/runtime/latest.jpg'
[manual-web-demo-worker] camera write failed: [Errno 2] No such file or directory: '/home/mxt/robotscene/outputs/manual_web_demo/runtime/latest.tmp.jpg' -> '/home/mxt/robotscene/outputs/manual_web_demo/runtime/latest.jpg'
[manual-web-demo-worker] camera write failed: [Errno 2] No such file or directory: '/home/mxt/robotscene/outputs/manual_web_demo/runtime/latest.tmp.jpg' -> '/home/mxt/robotscene/outputs/manual_web_demo/runtime/latest.jpg'
[manual-web-demo-worker] camera write failed: [Errno 2] No such file or directory: '/home/mxt/robotscene/outputs/manual_web_demo/runtime/latest.tmp.jpg' -> '/home/mxt/robotscene/outputs/manual_web_demo/runtime/latest.jpg'
[manual-web-demo-worker] camera write failed: [Errno 2] No such file or directory: '/home/mxt/robotscene/outputs/manual_web_demo/runtime/latest.tmp.jpg' -> '/home/mxt/robotscene/outputs/manual_web_demo/runtime/latest.jpg'
[manual-web-demo-worker] camera write failed: [Errno 2] No such file or directory: '/home/mxt/robotscene/outputs/manual_web_demo/runtime/latest.tmp.jpg' -> '/home/mxt/robotscene/outputs/manual_web_demo/runtime/latest.jpg'
[manual-web-demo-worker] camera write failed: [Errno 2] No such file or directory: '/home/mxt/robotscene/outputs/manual_web_demo/runtime/latest.tmp.jpg' -> '/home/mxt/robotscene/outputs/manual_web_demo/runtime/latest.jpg'
[manual-web-demo-worker] camera write failed: [Errno 2] No such file or directory: '/home/mxt/robotscene/outputs/manual_web_demo/runtime/latest.tmp.jpg' -> '/home/mxt/robotscene/outputs/manual_web_demo/runtime/latest.jpg'
[manual-web-demo-worker] camera write failed: [Errno 2] No such file or directory: '/home/mxt/robotscene/outputs/manual_web_demo/runtime/latest.tmp.jpg' -> '/home/mxt/robotscene/outputs/manual_web_demo/runtime/latest.jpg'
[manual-web-demo-worker] camera write failed: [Errno 2] No such file or directory: '/home/mxt/robotscene/outputs/manual_web_demo/runtime/latest.tmp.jpg' -> '/home/mxt/robotscene/outputs/manual_web_demo/runtime/latest.jpg'
[manual-web-demo-worker] camera write failed: [Errno 2] No such file or directory: '/home/mxt/robotscene/outputs/manual_web_demo/runtime/latest.tmp.jpg' -> '/home/mxt/robotscene/outputs/manual_web_demo/runtime/latest.jpg'
[manual-web-demo-worker] camera write failed: [Errno 2] No such file or directory: '/home/mxt/robotscene/outputs/manual_web_demo/runtime/latest.tmp.jpg' -> '/home/mxt/robotscene/outputs/manual_web_demo/runtime/latest.jpg'
[manual-web-demo-worker] camera write failed: [Errno 2] No such file or directory: '/home/mxt/robotscene/outputs/manual_web_demo/runtime/latest.tmp.jpg' -> '/home/mxt/robotscene/outputs/manual_web_demo/runtime/latest.jpg'
[manual-web-demo-worker] camera write failed: [Errno 2] No such file or directory: '/home/mxt/robotscene/outputs/manual_web_demo/runtime/latest.tmp.jpg' -> '/home/mxt/robotscene/outputs/manual_web_demo/runtime/latest.jpg'
[manual-web-demo-worker] camera write failed: [Errno 2] No such file or directory: '/home/mxt/robotscene/outputs/manual_web_demo/runtime/latest.tmp.jpg' -> '/home/mxt/robotscene/outputs/manual_web_demo/runtime/latest.jpg'
[manual-web-demo-worker] camera write failed: [Errno 2] No such file or directory: '/home/mxt/robotscene/outputs/manual_web_demo/runtime/latest.tmp.jpg' -> '/home/mxt/robotscene/outputs/manual_web_demo/runtime/latest.jpg'
[manual-web-demo-worker] camera write failed: [Errno 2] No such file or directory: '/home/mxt/robotscene/outputs/manual_web_demo/runtime/latest.tmp.jpg' -> '/home/mxt/robotscene/outputs/manual_web_demo/runtime/latest.jpg'
[manual-web-demo-worker] camera write failed: [Errno 2] No such file or directory: '/home/mxt/robotscene/outputs/manual_web_demo/runtime/latest.tmp.jpg' -> '/home/mxt/robotscene/outputs/manual_web_demo/runtime/latest.jpg'
[manual-web-demo-worker] camera write failed: [Errno 2] No such file or directory: '/home/mxt/robotscene/outputs/manual_web_demo/runtime/latest.tmp.jpg' -> '/home/mxt/robotscene/outputs/manual_web_demo/runtime/latest.jpg'
[manual-web-demo-worker] camera write failed: [Errno 2] No such file or directory: '/home/mxt/robotscene/outputs/manual_web_demo/runtime/latest.tmp.jpg' -> '/home/mxt/robotscene/outputs/manual_web_demo/runtime/latest.jpg'
[manual-web-demo-worker] camera write failed: [Errno 2] No such file or directory: '/home/mxt/robotscene/outputs/manual_web_demo/runtime/latest.tmp.jpg' -> '/home/mxt/robotscene/outputs/manual_web_demo/runtime/latest.jpg'
[manual-web-demo-worker] camera write failed: [Errno 2] No such file or directory: '/home/mxt/robotscene/outputs/manual_web_demo/runtime/latest.tmp.jpg' -> '/home/mxt/robotscene/outputs/manual_web_demo/runtime/latest.jpg'
[manual-web-demo-worker] camera write failed: [Errno 2] No such file or directory: '/home/mxt/robotscene/outputs/manual_web_demo/runtime/latest.tmp.jpg' -> '/home/mxt/robotscene/outputs/manual_web_demo/runtime/latest.jpg'
[manual-web-demo-worker] camera write failed: [Errno 2] No such file or directory: '/home/mxt/robotscene/outputs/manual_web_demo/runtime/latest.tmp.jpg' -> '/home/mxt/robotscene/outputs/manual_web_demo/runtime/latest.jpg'
[manual-web-demo-worker] camera write failed: [Errno 2] No such file or directory: '/home/mxt/robotscene/outputs/manual_web_demo/runtime/latest.tmp.jpg' -> '/home/mxt/robotscene/outputs/manual_web_demo/runtime/latest.jpg'
[manual-web-demo-worker] camera write failed: [Errno 2] No such file or directory: '/home/mxt/robotscene/outputs/manual_web_demo/runtime/latest.tmp.jpg' -> '/home/mxt/robotscene/outputs/manual_web_demo/runtime/latest.jpg'
[manual-web-demo-worker] camera write failed: [Errno 2] No such file or directory: '/home/mxt/robotscene/outputs/manual_web_demo/runtime/latest.tmp.jpg' -> '/home/mxt/robotscene/outputs/manual_web_demo/runtime/latest.jpg'
[manual-web-demo-worker] camera write failed: [Errno 2] No such file or directory: '/home/mxt/robotscene/outputs/manual_web_demo/runtime/latest.tmp.jpg' -> '/home/mxt/robotscene/outputs/manual_web_demo/runtime/latest.jpg'
[manual-web-demo-worker] camera write failed: [Errno 2] No such file or directory: '/home/mxt/robotscene/outputs/manual_web_demo/runtime/latest.tmp.jpg' -> '/home/mxt/robotscene/outputs/manual_web_demo/runtime/latest.jpg'
[manual-web-demo-worker] camera write failed: [Errno 2] No such file or directory: '/home/mxt/robotscene/outputs/manual_web_demo/runtime/latest.tmp.jpg' -> '/home/mxt/robotscene/outputs/manual_web_demo/runtime/latest.jpg'
[manual-web-demo-worker] camera write failed: [Errno 2] No such file or directory: '/home/mxt/robotscene/outputs/manual_web_demo/runtime/latest.tmp.jpg' -> '/home/mxt/robotscene/outputs/manual_web_demo/runtime/latest.jpg'
[manual-web-demo-worker] camera write failed: [Errno 2] No such file or directory: '/home/mxt/robotscene/outputs/manual_web_demo/runtime/latest.tmp.jpg' -> '/home/mxt/robotscene/outputs/manual_web_demo/runtime/latest.jpg'
[manual-web-demo-worker] camera write failed: [Errno 2] No such file or directory: '/home/mxt/robotscene/outputs/manual_web_demo/runtime/latest.tmp.jpg' -> '/home/mxt/robotscene/outputs/manual_web_demo/runtime/latest.jpg'
[manual-web-demo-worker] camera write failed: [Errno 2] No such file or directory: '/home/mxt/robotscene/outputs/manual_web_demo/runtime/latest.tmp.jpg' -> '/home/mxt/robotscene/outputs/manual_web_demo/runtime/latest.jpg'
[manual-web-demo-worker] camera write failed: [Errno 2] No such file or directory: '/home/mxt/robotscene/outputs/manual_web_demo/runtime/latest.tmp.jpg' -> '/home/mxt/robotscene/outputs/manual_web_demo/runtime/latest.jpg'
[manual-web-demo-worker] camera write failed: [Errno 2] No such file or directory: '/home/mxt/robotscene/outputs/manual_web_demo/runtime/latest.tmp.jpg' -> '/home/mxt/robotscene/outputs/manual_web_demo/runtime/latest.jpg'
[manual-web-demo-worker] camera write failed: [Errno 2] No such file or directory: '/home/mxt/robotscene/outputs/manual_web_demo/runtime/latest.tmp.jpg' -> '/home/mxt/robotscene/outputs/manual_web_demo/runtime/latest.jpg'
[manual-web-demo-worker] camera write failed: [Errno 2] No such file or directory: '/home/mxt/robotscene/outputs/manual_web_demo/runtime/latest.tmp.jpg' -> '/home/mxt/robotscene/outputs/manual_web_demo/runtime/latest.jpg'
[manual-web-demo-worker] camera write failed: [Errno 2] No such file or directory: '/home/mxt/robotscene/outputs/manual_web_demo/runtime/latest.tmp.jpg' -> '/home/mxt/robotscene/outputs/manual_web_demo/runtime/latest.jpg'
[manual-web-demo-worker] camera write failed: [Errno 2] No such file or directory: '/home/mxt/robotscene/outputs/manual_web_demo/runtime/latest.tmp.jpg' -> '/home/mxt/robotscene/outputs/manual_web_demo/runtime/latest.jpg'
[manual-web-demo-worker] camera write failed: [Errno 2] No such file or directory: '/home/mxt/robotscene/outputs/manual_web_demo/runtime/latest.tmp.jpg' -> '/home/mxt/robotscene/outputs/manual_web_demo/runtime/latest.jpg'
[manual-web-demo-worker] camera write failed: [Errno 2] No such file or directory: '/home/mxt/robotscene/outputs/manual_web_demo/runtime/latest.tmp.jpg' -> '/home/mxt/robotscene/outputs/manual_web_demo/runtime/latest.jpg'
[manual-web-demo-worker] camera write failed: [Errno 2] No such file or directory: '/home/mxt/robotscene/outputs/manual_web_demo/runtime/latest.tmp.jpg' -> '/home/mxt/robotscene/outputs/manual_web_demo/runtime/latest.jpg'
[manual-web-demo-worker] camera write failed: [Errno 2] No such file or directory: '/home/mxt/robotscene/outputs/manual_web_demo/runtime/latest.tmp.jpg' -> '/home/mxt/robotscene/outputs/manual_web_demo/runtime/latest.jpg'
[manual-web-demo-worker] camera write failed: [Errno 2] No such file or directory: '/home/mxt/robotscene/outputs/manual_web_demo/runtime/latest.tmp.jpg' -> '/home/mxt/robotscene/outputs/manual_web_demo/runtime/latest.jpg'
[manual-web-demo-worker] camera write failed: [Errno 2] No such file or directory: '/home/mxt/robotscene/outputs/manual_web_demo/runtime/latest.tmp.jpg' -> '/home/mxt/robotscene/outputs/manual_web_demo/runtime/latest.jpg'
[manual-web-demo-worker] camera write failed: [Errno 2] No such file or directory: '/home/mxt/robotscene/outputs/manual_web_demo/runtime/latest.tmp.jpg' -> '/home/mxt/robotscene/outputs/manual_web_demo/runtime/latest.jpg'
[manual-web-demo-worker] camera write failed: [Errno 2] No such file or directory: '/home/mxt/robotscene/outputs/manual_web_demo/runtime/latest.tmp.jpg' -> '/home/mxt/robotscene/outputs/manual_web_demo/runtime/latest.jpg'
[manual-web-demo-worker] camera write failed: [Errno 2] No such file or directory: '/home/mxt/robotscene/outputs/manual_web_demo/runtime/latest.tmp.jpg' -> '/home/mxt/robotscene/outputs/manual_web_demo/runtime/latest.jpg'
[manual-web-demo-worker] camera write failed: [Errno 2] No such file or directory: '/home/mxt/robotscene/outputs/manual_web_demo/runtime/latest.tmp.jpg' -> '/home/mxt/robotscene/outputs/manual_web_demo/runtime/latest.jpg'
[manual-web-demo-worker] camera write failed: [Errno 2] No such file or directory: '/home/mxt/robotscene/outputs/manual_web_demo/runtime/latest.tmp.jpg' -> '/home/mxt/robotscene/outputs/manual_web_demo/runtime/latest.jpg'
[manual-web-demo-worker] camera write failed: [Errno 2] No such file or directory: '/home/mxt/robotscene/outputs/manual_web_demo/runtime/latest.tmp.jpg' -> '/home/mxt/robotscene/outputs/manual_web_demo/runtime/latest.jpg'
[manual-web-demo-worker] camera write failed: [Errno 2] No such file or directory: '/home/mxt/robotscene/outputs/manual_web_demo/runtime/latest.tmp.jpg' -> '/home/mxt/robotscene/outputs/manual_web_demo/runtime/latest.jpg'
[manual-web-demo-worker] camera write failed: [Errno 2] No such file or directory: '/home/mxt/robotscene/outputs/manual_web_demo/runtime/latest.tmp.jpg' -> '/home/mxt/robotscene/outputs/manual_web_demo/runtime/latest.jpg'
[manual-web-demo-worker] camera write failed: [Errno 2] No such file or directory: '/home/mxt/robotscene/outputs/manual_web_demo/runtime/latest.tmp.jpg' -> '/home/mxt/robotscene/outputs/manual_web_demo/runtime/latest.jpg'
[manual-web-demo-worker] camera write failed: [Errno 2] No such file or directory: '/home/mxt/robotscene/outputs/manual_web_demo/runtime/latest.tmp.jpg' -> '/home/mxt/robotscene/outputs/manual_web_demo/runtime/latest.jpg'
[manual-web-demo-worker] camera write failed: [Errno 2] No such file or directory: '/home/mxt/robotscene/outputs/manual_web_demo/runtime/latest.tmp.jpg' -> '/home/mxt/robotscene/outputs/manual_web_demo/runtime/latest.jpg'
[manual-web-demo-worker] camera write failed: [Errno 2] No such file or directory: '/home/mxt/robotscene/outputs/manual_web_demo/runtime/latest.tmp.jpg' -> '/home/mxt/robotscene/outputs/manual_web_demo/runtime/latest.jpg'
[manual-web-demo-worker] camera write failed: [Errno 2] No such file or directory: '/home/mxt/robotscene/outputs/manual_web_demo/runtime/latest.tmp.jpg' -> '/home/mxt/robotscene/outputs/manual_web_demo/runtime/latest.jpg'
[manual-web-demo-worker] camera write failed: [Errno 2] No such file or directory: '/home/mxt/robotscene/outputs/manual_web_demo/runtime/latest.tmp.jpg' -> '/home/mxt/robotscene/outputs/manual_web_demo/runtime/latest.jpg'
[manual-web-demo-worker] camera write failed: [Errno 2] No such file or directory: '/home/mxt/robotscene/outputs/manual_web_demo/runtime/latest.tmp.jpg' -> '/home/mxt/robotscene/outputs/manual_web_demo/runtime/latest.jpg'
[manual-web-demo-worker] camera write failed: [Errno 2] No such file or directory: '/home/mxt/robotscene/outputs/manual_web_demo/runtime/latest.tmp.jpg' -> '/home/mxt/robotscene/outputs/manual_web_demo/runtime/latest.jpg'
[manual-web-demo-worker] camera write failed: [Errno 2] No such file or directory: '/home/mxt/robotscene/outputs/manual_web_demo/runtime/latest.tmp.jpg' -> '/home/mxt/robotscene/outputs/manual_web_demo/runtime/latest.jpg'
[manual-web-demo-worker] camera write failed: [Errno 2] No such file or directory: '/home/mxt/robotscene/outputs/manual_web_demo/runtime/latest.tmp.jpg' -> '/home/mxt/robotscene/outputs/manual_web_demo/runtime/latest.jpg'
[manual-web-demo-worker] camera write failed: [Errno 2] No such file or directory: '/home/mxt/robotscene/outputs/manual_web_demo/runtime/latest.tmp.jpg' -> '/home/mxt/robotscene/outputs/manual_web_demo/runtime/latest.jpg'
[manual-web-demo-worker] camera write failed: [Errno 2] No such file or directory: '/home/mxt/robotscene/outputs/manual_web_demo/runtime/latest.tmp.jpg' -> '/home/mxt/robotscene/outputs/manual_web_demo/runtime/latest.jpg'
[manual-web-demo-worker] camera write failed: [Errno 2] No such file or directory: '/home/mxt/robotscene/outputs/manual_web_demo/runtime/latest.tmp.jpg' -> '/home/mxt/robotscene/outputs/manual_web_demo/runtime/latest.jpg'
[manual-web-demo-worker] camera write failed: [Errno 2] No such file or directory: '/home/mxt/robotscene/outputs/manual_web_demo/runtime/latest.tmp.jpg' -> '/home/mxt/robotscene/outputs/manual_web_demo/runtime/latest.jpg'
[manual-web-demo-worker] camera write failed: [Errno 2] No such file or directory: '/home/mxt/robotscene/outputs/manual_web_demo/runtime/latest.tmp.jpg' -> '/home/mxt/robotscene/outputs/manual_web_demo/runtime/latest.jpg'
[manual-web-demo-worker] camera write failed: [Errno 2] No such file or directory: '/home/mxt/robotscene/outputs/manual_web_demo/runtime/latest.tmp.jpg' -> '/home/mxt/robotscene/outputs/manual_web_demo/runtime/latest.jpg'
[manual-web-demo-worker] camera write failed: [Errno 2] No such file or directory: '/home/mxt/robotscene/outputs/manual_web_demo/runtime/latest.tmp.jpg' -> '/home/mxt/robotscene/outputs/manual_web_demo/runtime/latest.jpg'
[manual-web-demo-worker] camera write failed: [Errno 2] No such file or directory: '/home/mxt/robotscene/outputs/manual_web_demo/runtime/latest.tmp.jpg' -> '/home/mxt/robotscene/outputs/manual_web_demo/runtime/latest.jpg'
[manual-web-demo-worker] camera write failed: [Errno 2] No such file or directory: '/home/mxt/robotscene/outputs/manual_web_demo/runtime/latest.tmp.jpg' -> '/home/mxt/robotscene/outputs/manual_web_demo/runtime/latest.jpg'
[manual-web-demo-worker] camera write failed: [Errno 2] No such file or directory: '/home/mxt/robotscene/outputs/manual_web_demo/runtime/latest.tmp.jpg' -> '/home/mxt/robotscene/outputs/manual_web_demo/runtime/latest.jpg'
[manual-web-demo-worker] camera write failed: [Errno 2] No such file or directory: '/home/mxt/robotscene/outputs/manual_web_demo/runtime/latest.tmp.jpg' -> '/home/mxt/robotscene/outputs/manual_web_demo/runtime/latest.jpg'
[manual-web-demo-worker] camera write failed: [Errno 2] No such file or directory: '/home/mxt/robotscene/outputs/manual_web_demo/runtime/latest.tmp.jpg' -> '/home/mxt/robotscene/outputs/manual_web_demo/runtime/latest.jpg'
[manual-web-demo-worker] camera write failed: [Errno 2] No such file or directory: '/home/mxt/robotscene/outputs/manual_web_demo/runtime/latest.tmp.jpg' -> '/home/mxt/robotscene/outputs/manual_web_demo/runtime/latest.jpg'
[manual-web-demo-worker] camera write failed: [Errno 2] No such file or directory: '/home/mxt/robotscene/outputs/manual_web_demo/runtime/latest.tmp.jpg' -> '/home/mxt/robotscene/outputs/manual_web_demo/runtime/latest.jpg'
[manual-web-demo-worker] camera write failed: [Errno 2] No such file or directory: '/home/mxt/robotscene/outputs/manual_web_demo/runtime/latest.tmp.jpg' -> '/home/mxt/robotscene/outputs/manual_web_demo/runtime/latest.jpg'
[manual-web-demo-worker] camera write failed: [Errno 2] No such file or directory: '/home/mxt/robotscene/outputs/manual_web_demo/runtime/latest.tmp.jpg' -> '/home/mxt/robotscene/outputs/manual_web_demo/runtime/latest.jpg'
[manual-web-demo-worker] camera write failed: [Errno 2] No such file or directory: '/home/mxt/robotscene/outputs/manual_web_demo/runtime/latest.tmp.jpg' -> '/home/mxt/robotscene/outputs/manual_web_demo/runtime/latest.jpg'
[manual-web-demo-worker] camera write failed: [Errno 2] No such file or directory: '/home/mxt/robotscene/outputs/manual_web_demo/runtime/latest.tmp.jpg' -> '/home/mxt/robotscene/outputs/manual_web_demo/runtime/latest.jpg'
[manual-web-demo-worker] camera write failed: [Errno 2] No such file or directory: '/home/mxt/robotscene/outputs/manual_web_demo/runtime/latest.tmp.jpg' -> '/home/mxt/robotscene/outputs/manual_web_demo/runtime/latest.jpg'
[manual-web-demo-worker] camera write failed: [Errno 2] No such file or directory: '/home/mxt/robotscene/outputs/manual_web_demo/runtime/latest.tmp.jpg' -> '/home/mxt/robotscene/outputs/manual_web_demo/runtime/latest.jpg'
[manual-web-demo-worker] camera write failed: [Errno 2] No such file or directory: '/home/mxt/robotscene/outputs/manual_web_demo/runtime/latest.tmp.jpg' -> '/home/mxt/robotscene/outputs/manual_web_demo/runtime/latest.jpg'
[manual-web-demo-worker] camera write failed: [Errno 2] No such file or directory: '/home/mxt/robotscene/outputs/manual_web_demo/runtime/latest.tmp.jpg' -> '/home/mxt/robotscene/outputs/manual_web_demo/runtime/latest.jpg'
[manual-web-demo-worker] camera write failed: [Errno 2] No such file or directory: '/home/mxt/robotscene/outputs/manual_web_demo/runtime/latest.tmp.jpg' -> '/home/mxt/robotscene/outputs/manual_web_demo/runtime/latest.jpg'
[manual-web-demo-worker] camera write failed: [Errno 2] No such file or directory: '/home/mxt/robotscene/outputs/manual_web_demo/runtime/latest.tmp.jpg' -> '/home/mxt/robotscene/outputs/manual_web_demo/runtime/latest.jpg'
[manual-web-demo-worker] camera write failed: [Errno 2] No such file or directory: '/home/mxt/robotscene/outputs/manual_web_demo/runtime/latest.tmp.jpg' -> '/home/mxt/robotscene/outputs/manual_web_demo/runtime/latest.jpg'
[manual-web-demo-worker] camera write failed: [Errno 2] No such file or directory: '/home/mxt/robotscene/outputs/manual_web_demo/runtime/latest.tmp.jpg' -> '/home/mxt/robotscene/outputs/manual_web_demo/runtime/latest.jpg'
[manual-web-demo-worker] camera write failed: [Errno 2] No such file or directory: '/home/mxt/robotscene/outputs/manual_web_demo/runtime/latest.tmp.jpg' -> '/home/mxt/robotscene/outputs/manual_web_demo/runtime/latest.jpg'
[manual-web-demo-worker] camera write failed: [Errno 2] No such file or directory: '/home/mxt/robotscene/outputs/manual_web_demo/runtime/latest.tmp.jpg' -> '/home/mxt/robotscene/outputs/manual_web_demo/runtime/latest.jpg'
[manual-web-demo-worker] camera write failed: [Errno 2] No such file or directory: '/home/mxt/robotscene/outputs/manual_web_demo/runtime/latest.tmp.jpg' -> '/home/mxt/robotscene/outputs/manual_web_demo/runtime/latest.jpg'
[manual-web-demo-worker] camera write failed: [Errno 2] No such file or directory: '/home/mxt/robotscene/outputs/manual_web_demo/runtime/latest.tmp.jpg' -> '/home/mxt/robotscene/outputs/manual_web_demo/runtime/latest.jpg'
[manual-web-demo-worker] camera write failed: [Errno 2] No such file or directory: '/home/mxt/robotscene/outputs/manual_web_demo/runtime/latest.tmp.jpg' -> '/home/mxt/robotscene/outputs/manual_web_demo/runtime/latest.jpg'
[manual-web-demo-worker] camera write failed: [Errno 2] No such file or directory: '/home/mxt/robotscene/outputs/manual_web_demo/runtime/latest.tmp.jpg' -> '/home/mxt/robotscene/outputs/manual_web_demo/runtime/latest.jpg'
[manual-web-demo-worker] camera write failed: [Errno 2] No such file or directory: '/home/mxt/robotscene/outputs/manual_web_demo/runtime/latest.tmp.jpg' -> '/home/mxt/robotscene/outputs/manual_web_demo/runtime/latest.jpg'
[manual-web-demo-worker] camera write failed: [Errno 2] No such file or directory: '/home/mxt/robotscene/outputs/manual_web_demo/runtime/latest.tmp.jpg' -> '/home/mxt/robotscene/outputs/manual_web_demo/runtime/latest.jpg'
[manual-web-demo-worker] camera write failed: [Errno 2] No such file or directory: '/home/mxt/robotscene/outputs/manual_web_demo/runtime/latest.tmp.jpg' -> '/home/mxt/robotscene/outputs/manual_web_demo/runtime/latest.jpg'
[manual-web-demo-worker] camera write failed: [Errno 2] No such file or directory: '/home/mxt/robotscene/outputs/manual_web_demo/runtime/latest.tmp.jpg' -> '/home/mxt/robotscene/outputs/manual_web_demo/runtime/latest.jpg'
[manual-web-demo-worker] camera write failed: [Errno 2] No such file or directory: '/home/mxt/robotscene/outputs/manual_web_demo/runtime/latest.tmp.jpg' -> '/home/mxt/robotscene/outputs/manual_web_demo/runtime/latest.jpg'
[manual-web-demo-worker] camera write failed: [Errno 2] No such file or directory: '/home/mxt/robotscene/outputs/manual_web_demo/runtime/latest.tmp.jpg' -> '/home/mxt/robotscene/outputs/manual_web_demo/runtime/latest.jpg'
[manual-web-demo-worker] camera write failed: [Errno 2] No such file or directory: '/home/mxt/robotscene/outputs/manual_web_demo/runtime/latest.tmp.jpg' -> '/home/mxt/robotscene/outputs/manual_web_demo/runtime/latest.jpg'
[manual-web-demo-worker] camera write failed: [Errno 2] No such file or directory: '/home/mxt/robotscene/outputs/manual_web_demo/runtime/latest.tmp.jpg' -> '/home/mxt/robotscene/outputs/manual_web_demo/runtime/latest.jpg'
[manual-web-demo-worker] camera write failed: [Errno 2] No such file or directory: '/home/mxt/robotscene/outputs/manual_web_demo/runtime/latest.tmp.jpg' -> '/home/mxt/robotscene/outputs/manual_web_demo/runtime/latest.jpg'
[manual-web-demo-worker] camera write failed: [Errno 2] No such file or directory: '/home/mxt/robotscene/outputs/manual_web_demo/runtime/latest.tmp.jpg' -> '/home/mxt/robotscene/outputs/manual_web_demo/runtime/latest.jpg'
[manual-web-demo-worker] camera write failed: [Errno 2] No such file or directory: '/home/mxt/robotscene/outputs/manual_web_demo/runtime/latest.tmp.jpg' -> '/home/mxt/robotscene/outputs/manual_web_demo/runtime/latest.jpg'
[manual-web-demo-worker] camera write failed: [Errno 2] No such file or directory: '/home/mxt/robotscene/outputs/manual_web_demo/runtime/latest.tmp.jpg' -> '/home/mxt/robotscene/outputs/manual_web_demo/runtime/latest.jpg'
[manual-web-demo-worker] camera write failed: [Errno 2] No such file or directory: '/home/mxt/robotscene/outputs/manual_web_demo/runtime/latest.tmp.jpg' -> '/home/mxt/robotscene/outputs/manual_web_demo/runtime/latest.jpg'
[manual-web-demo-worker] camera write failed: [Errno 2] No such file or directory: '/home/mxt/robotscene/outputs/manual_web_demo/runtime/latest.tmp.jpg' -> '/home/mxt/robotscene/outputs/manual_web_demo/runtime/latest.jpg'
[manual-web-demo-worker] camera write failed: [Errno 2] No such file or directory: '/home/mxt/robotscene/outputs/manual_web_demo/runtime/latest.tmp.jpg' -> '/home/mxt/robotscene/outputs/manual_web_demo/runtime/latest.jpg'
[manual-web-demo-worker] camera write failed: [Errno 2] No such file or directory: '/home/mxt/robotscene/outputs/manual_web_demo/runtime/latest.tmp.jpg' -> '/home/mxt/robotscene/outputs/manual_web_demo/runtime/latest.jpg'
[manual-web-demo-worker] camera write failed: [Errno 2] No such file or directory: '/home/mxt/robotscene/outputs/manual_web_demo/runtime/latest.tmp.jpg' -> '/home/mxt/robotscene/outputs/manual_web_demo/runtime/latest.jpg'
[manual-web-demo-worker] camera write failed: [Errno 2] No such file or directory: '/home/mxt/robotscene/outputs/manual_web_demo/runtime/latest.tmp.jpg' -> '/home/mxt/robotscene/outputs/manual_web_demo/runtime/latest.jpg'
[manual-web-demo-worker] camera write failed: [Errno 2] No such file or directory: '/home/mxt/robotscene/outputs/manual_web_demo/runtime/latest.tmp.jpg' -> '/home/mxt/robotscene/outputs/manual_web_demo/runtime/latest.jpg'
[manual-web-demo-worker] camera write failed: [Errno 2] No such file or directory: '/home/mxt/robotscene/outputs/manual_web_demo/runtime/latest.tmp.jpg' -> '/home/mxt/robotscene/outputs/manual_web_demo/runtime/latest.jpg'
[manual-web-demo-worker] camera write failed: [Errno 2] No such file or directory: '/home/mxt/robotscene/outputs/manual_web_demo/runtime/latest.tmp.jpg' -> '/home/mxt/robotscene/outputs/manual_web_demo/runtime/latest.jpg'
[manual-web-demo-worker] camera write failed: [Errno 2] No such file or directory: '/home/mxt/robotscene/outputs/manual_web_demo/runtime/latest.tmp.jpg' -> '/home/mxt/robotscene/outputs/manual_web_demo/runtime/latest.jpg'
[manual-web-demo-worker] camera write failed: [Errno 2] No such file or directory: '/home/mxt/robotscene/outputs/manual_web_demo/runtime/latest.tmp.jpg' -> '/home/mxt/robotscene/outputs/manual_web_demo/runtime/latest.jpg'
[manual-web-demo-worker] camera write failed: [Errno 2] No such file or directory: '/home/mxt/robotscene/outputs/manual_web_demo/runtime/latest.tmp.jpg' -> '/home/mxt/robotscene/outputs/manual_web_demo/runtime/latest.jpg'
[manual-web-demo-worker] camera write failed: [Errno 2] No such file or directory: '/home/mxt/robotscene/outputs/manual_web_demo/runtime/latest.tmp.jpg' -> '/home/mxt/robotscene/outputs/manual_web_demo/runtime/latest.jpg'
[manual-web-demo-worker] camera write failed: [Errno 2] No such file or directory: '/home/mxt/robotscene/outputs/manual_web_demo/runtime/latest.tmp.jpg' -> '/home/mxt/robotscene/outputs/manual_web_demo/runtime/latest.jpg'
[manual-web-demo-worker] camera write failed: [Errno 2] No such file or directory: '/home/mxt/robotscene/outputs/manual_web_demo/runtime/latest.tmp.jpg' -> '/home/mxt/robotscene/outputs/manual_web_demo/runtime/latest.jpg'
[manual-web-demo-worker] camera write failed: [Errno 2] No such file or directory: '/home/mxt/robotscene/outputs/manual_web_demo/runtime/latest.tmp.jpg' -> '/home/mxt/robotscene/outputs/manual_web_demo/runtime/latest.jpg'
[manual-web-demo-worker] camera write failed: [Errno 2] No such file or directory: '/home/mxt/robotscene/outputs/manual_web_demo/runtime/latest.tmp.jpg' -> '/home/mxt/robotscene/outputs/manual_web_demo/runtime/latest.jpg'
[manual-web-demo-worker] camera write failed: [Errno 2] No such file or directory: '/home/mxt/robotscene/outputs/manual_web_demo/runtime/latest.tmp.jpg' -> '/home/mxt/robotscene/outputs/manual_web_demo/runtime/latest.jpg'
[manual-web-demo-worker] camera write failed: [Errno 2] No such file or directory: '/home/mxt/robotscene/outputs/manual_web_demo/runtime/latest.tmp.jpg' -> '/home/mxt/robotscene/outputs/manual_web_demo/runtime/latest.jpg'
[manual-web-demo-worker] camera write failed: [Errno 2] No such file or directory: '/home/mxt/robotscene/outputs/manual_web_demo/runtime/latest.tmp.jpg' -> '/home/mxt/robotscene/outputs/manual_web_demo/runtime/latest.jpg'
[manual-web-demo-worker] camera write failed: [Errno 2] No such file or directory: '/home/mxt/robotscene/outputs/manual_web_demo/runtime/latest.tmp.jpg' -> '/home/mxt/robotscene/outputs/manual_web_demo/runtime/latest.jpg'
[manual-web-demo-worker] camera write failed: [Errno 2] No such file or directory: '/home/mxt/robotscene/outputs/manual_web_demo/runtime/latest.tmp.jpg' -> '/home/mxt/robotscene/outputs/manual_web_demo/runtime/latest.jpg'
[manual-web-demo-worker] camera write failed: [Errno 2] No such file or directory: '/home/mxt/robotscene/outputs/manual_web_demo/runtime/latest.tmp.jpg' -> '/home/mxt/robotscene/outputs/manual_web_demo/runtime/latest.jpg'
[manual-web-demo-worker] camera write failed: [Errno 2] No such file or directory: '/home/mxt/robotscene/outputs/manual_web_demo/runtime/latest.tmp.jpg' -> '/home/mxt/robotscene/outputs/manual_web_demo/runtime/latest.jpg'
[manual-web-demo-worker] camera write failed: [Errno 2] No such file or directory: '/home/mxt/robotscene/outputs/manual_web_demo/runtime/latest.tmp.jpg' -> '/home/mxt/robotscene/outputs/manual_web_demo/runtime/latest.jpg'
[manual-web-demo-worker] camera write failed: [Errno 2] No such file or directory: '/home/mxt/robotscene/outputs/manual_web_demo/runtime/latest.tmp.jpg' -> '/home/mxt/robotscene/outputs/manual_web_demo/runtime/latest.jpg'
[manual-web-demo-worker] camera write failed: [Errno 2] No such file or directory: '/home/mxt/robotscene/outputs/manual_web_demo/runtime/latest.tmp.jpg' -> '/home/mxt/robotscene/outputs/manual_web_demo/runtime/latest.jpg'
[manual-web-demo-worker] camera write failed: [Errno 2] No such file or directory: '/home/mxt/robotscene/outputs/manual_web_demo/runtime/latest.tmp.jpg' -> '/home/mxt/robotscene/outputs/manual_web_demo/runtime/latest.jpg'
[manual-web-demo-worker] camera write failed: [Errno 2] No such file or directory: '/home/mxt/robotscene/outputs/manual_web_demo/runtime/latest.tmp.jpg' -> '/home/mxt/robotscene/outputs/manual_web_demo/runtime/latest.jpg'
[manual-web-demo-worker] camera write failed: [Errno 2] No such file or directory: '/home/mxt/robotscene/outputs/manual_web_demo/runtime/latest.tmp.jpg' -> '/home/mxt/robotscene/outputs/manual_web_demo/runtime/latest.jpg'
[manual-web-demo-worker] camera write failed: [Errno 2] No such file or directory: '/home/mxt/robotscene/outputs/manual_web_demo/runtime/latest.tmp.jpg' -> '/home/mxt/robotscene/outputs/manual_web_demo/runtime/latest.jpg'
[manual-web-demo-worker] camera write failed: [Errno 2] No such file or directory: '/home/mxt/robotscene/outputs/manual_web_demo/runtime/latest.tmp.jpg' -> '/home/mxt/robotscene/outputs/manual_web_demo/runtime/latest.jpg'
[manual-web-demo-worker] camera write failed: [Errno 2] No such file or directory: '/home/mxt/robotscene/outputs/manual_web_demo/runtime/latest.tmp.jpg' -> '/home/mxt/robotscene/outputs/manual_web_demo/runtime/latest.jpg'
[manual-web-demo-worker] camera write failed: [Errno 2] No such file or directory: '/home/mxt/robotscene/outputs/manual_web_demo/runtime/latest.tmp.jpg' -> '/home/mxt/robotscene/outputs/manual_web_demo/runtime/latest.jpg'
[manual-web-demo-worker] camera write failed: [Errno 2] No such file or directory: '/home/mxt/robotscene/outputs/manual_web_demo/runtime/latest.tmp.jpg' -> '/home/mxt/robotscene/outputs/manual_web_demo/runtime/latest.jpg'
[manual-web-demo-worker] camera write failed: [Errno 2] No such file or directory: '/home/mxt/robotscene/outputs/manual_web_demo/runtime/latest.tmp.jpg' -> '/home/mxt/robotscene/outputs/manual_web_demo/runtime/latest.jpg'
[manual-web-demo-worker] camera write failed: [Errno 2] No such file or directory: '/home/mxt/robotscene/outputs/manual_web_demo/runtime/latest.tmp.jpg' -> '/home/mxt/robotscene/outputs/manual_web_demo/runtime/latest.jpg'
[manual-web-demo-worker] camera write failed: [Errno 2] No such file or directory: '/home/mxt/robotscene/outputs/manual_web_demo/runtime/latest.tmp.jpg' -> '/home/mxt/robotscene/outputs/manual_web_demo/runtime/latest.jpg'
[manual-web-demo-worker] camera write failed: [Errno 2] No such file or directory: '/home/mxt/robotscene/outputs/manual_web_demo/runtime/latest.tmp.jpg' -> '/home/mxt/robotscene/outputs/manual_web_demo/runtime/latest.jpg'
[manual-web-demo-worker] camera write failed: [Errno 2] No such file or directory: '/home/mxt/robotscene/outputs/manual_web_demo/runtime/latest.tmp.jpg' -> '/home/mxt/robotscene/outputs/manual_web_demo/runtime/latest.jpg'
[manual-web-demo-worker] camera write failed: [Errno 2] No such file or directory: '/home/mxt/robotscene/outputs/manual_web_demo/runtime/latest.tmp.jpg' -> '/home/mxt/robotscene/outputs/manual_web_demo/runtime/latest.jpg'
[manual-web-demo-worker] camera write failed: [Errno 2] No such file or directory: '/home/mxt/robotscene/outputs/manual_web_demo/runtime/latest.tmp.jpg' -> '/home/mxt/robotscene/outputs/manual_web_demo/runtime/latest.jpg'
[manual-web-demo-worker] camera write failed: [Errno 2] No such file or directory: '/home/mxt/robotscene/outputs/manual_web_demo/runtime/latest.tmp.jpg' -> '/home/mxt/robotscene/outputs/manual_web_demo/runtime/latest.jpg'
[manual-web-demo-worker] camera write failed: [Errno 2] No such file or directory: '/home/mxt/robotscene/outputs/manual_web_demo/runtime/latest.tmp.jpg' -> '/home/mxt/robotscene/outputs/manual_web_demo/runtime/latest.jpg'
[manual-web-demo-worker] camera write failed: [Errno 2] No such file or directory: '/home/mxt/robotscene/outputs/manual_web_demo/runtime/latest.tmp.jpg' -> '/home/mxt/robotscene/outputs/manual_web_demo/runtime/latest.jpg'
[manual-web-demo-worker] camera write failed: [Errno 2] No such file or directory: '/home/mxt/robotscene/outputs/manual_web_demo/runtime/latest.tmp.jpg' -> '/home/mxt/robotscene/outputs/manual_web_demo/runtime/latest.jpg'
[manual-web-demo-worker] camera write failed: [Errno 2] No such file or directory: '/home/mxt/robotscene/outputs/manual_web_demo/runtime/latest.tmp.jpg' -> '/home/mxt/robotscene/outputs/manual_web_demo/runtime/latest.jpg'
[manual-web-demo-worker] camera write failed: [Errno 2] No such file or directory: '/home/mxt/robotscene/outputs/manual_web_demo/runtime/latest.tmp.jpg' -> '/home/mxt/robotscene/outputs/manual_web_demo/runtime/latest.jpg'
[manual-web-demo-worker] camera write failed: [Errno 2] No such file or directory: '/home/mxt/robotscene/outputs/manual_web_demo/runtime/latest.tmp.jpg' -> '/home/mxt/robotscene/outputs/manual_web_demo/runtime/latest.jpg'
[manual-web-demo-worker] camera write failed: [Errno 2] No such file or directory: '/home/mxt/robotscene/outputs/manual_web_demo/runtime/latest.tmp.jpg' -> '/home/mxt/robotscene/outputs/manual_web_demo/runtime/latest.jpg'
[manual-web-demo-worker] camera write failed: [Errno 2] No such file or directory: '/home/mxt/robotscene/outputs/manual_web_demo/runtime/latest.tmp.jpg' -> '/home/mxt/robotscene/outputs/manual_web_demo/runtime/latest.jpg'
[manual-web-demo-worker] camera write failed: [Errno 2] No such file or directory: '/home/mxt/robotscene/outputs/manual_web_demo/runtime/latest.tmp.jpg' -> '/home/mxt/robotscene/outputs/manual_web_demo/runtime/latest.jpg'
[manual-web-demo-worker] camera write failed: [Errno 2] No such file or directory: '/home/mxt/robotscene/outputs/manual_web_demo/runtime/latest.tmp.jpg' -> '/home/mxt/robotscene/outputs/manual_web_demo/runtime/latest.jpg'
[manual-web-demo-worker] camera write failed: [Errno 2] No such file or directory: '/home/mxt/robotscene/outputs/manual_web_demo/runtime/latest.tmp.jpg' -> '/home/mxt/robotscene/outputs/manual_web_demo/runtime/latest.jpg'
[manual-web-demo-worker] camera write failed: [Errno 2] No such file or directory: '/home/mxt/robotscene/outputs/manual_web_demo/runtime/latest.tmp.jpg' -> '/home/mxt/robotscene/outputs/manual_web_demo/runtime/latest.jpg'
[manual-web-demo-worker] camera write failed: [Errno 2] No such file or directory: '/home/mxt/robotscene/outputs/manual_web_demo/runtime/latest.tmp.jpg' -> '/home/mxt/robotscene/outputs/manual_web_demo/runtime/latest.jpg'
[manual-web-demo-worker] camera write failed: [Errno 2] No such file or directory: '/home/mxt/robotscene/outputs/manual_web_demo/runtime/latest.tmp.jpg' -> '/home/mxt/robotscene/outputs/manual_web_demo/runtime/latest.jpg'
[manual-web-demo-worker] camera write failed: [Errno 2] No such file or directory: '/home/mxt/robotscene/outputs/manual_web_demo/runtime/latest.tmp.jpg' -> '/home/mxt/robotscene/outputs/manual_web_demo/runtime/latest.jpg'
[manual-web-demo-worker] camera write failed: [Errno 2] No such file or directory: '/home/mxt/robotscene/outputs/manual_web_demo/runtime/latest.tmp.jpg' -> '/home/mxt/robotscene/outputs/manual_web_demo/runtime/latest.jpg'
[manual-web-demo-worker] camera write failed: [Errno 2] No such file or directory: '/home/mxt/robotscene/outputs/manual_web_demo/runtime/latest.tmp.jpg' -> '/home/mxt/robotscene/outputs/manual_web_demo/runtime/latest.jpg'
[manual-web-demo-worker] camera write failed: [Errno 2] No such file or directory: '/home/mxt/robotscene/outputs/manual_web_demo/runtime/latest.tmp.jpg' -> '/home/mxt/robotscene/outputs/manual_web_demo/runtime/latest.jpg'
[manual-web-demo-worker] camera write failed: [Errno 2] No such file or directory: '/home/mxt/robotscene/outputs/manual_web_demo/runtime/latest.tmp.jpg' -> '/home/mxt/robotscene/outputs/manual_web_demo/runtime/latest.jpg'
[manual-web-demo-worker] camera write failed: [Errno 2] No such file or directory: '/home/mxt/robotscene/outputs/manual_web_demo/runtime/latest.tmp.jpg' -> '/home/mxt/robotscene/outputs/manual_web_demo/runtime/latest.jpg'
[manual-web-demo-worker] camera write failed: [Errno 2] No such file or directory: '/home/mxt/robotscene/outputs/manual_web_demo/runtime/latest.tmp.jpg' -> '/home/mxt/robotscene/outputs/manual_web_demo/runtime/latest.jpg'
[manual-web-demo-worker] camera write failed: [Errno 2] No such file or directory: '/home/mxt/robotscene/outputs/manual_web_demo/runtime/latest.tmp.jpg' -> '/home/mxt/robotscene/outputs/manual_web_demo/runtime/latest.jpg'
[manual-web-demo-worker] camera write failed: [Errno 2] No such file or directory: '/home/mxt/robotscene/outputs/manual_web_demo/runtime/latest.tmp.jpg' -> '/home/mxt/robotscene/outputs/manual_web_demo/runtime/latest.jpg'
[manual-web-demo-worker] camera write failed: [Errno 2] No such file or directory: '/home/mxt/robotscene/outputs/manual_web_demo/runtime/latest.tmp.jpg' -> '/home/mxt/robotscene/outputs/manual_web_demo/runtime/latest.jpg'
[manual-web-demo-worker] camera write failed: [Errno 2] No such file or directory: '/home/mxt/robotscene/outputs/manual_web_demo/runtime/latest.tmp.jpg' -> '/home/mxt/robotscene/outputs/manual_web_demo/runtime/latest.jpg'
[manual-web-demo-worker] camera write failed: [Errno 2] No such file or directory: '/home/mxt/robotscene/outputs/manual_web_demo/runtime/latest.tmp.jpg' -> '/home/mxt/robotscene/outputs/manual_web_demo/runtime/latest.jpg'
[manual-web-demo-worker] camera write failed: [Errno 2] No such file or directory: '/home/mxt/robotscene/outputs/manual_web_demo/runtime/latest.tmp.jpg' -> '/home/mxt/robotscene/outputs/manual_web_demo/runtime/latest.jpg'
[manual-web-demo-worker] camera write failed: [Errno 2] No such file or directory: '/home/mxt/robotscene/outputs/manual_web_demo/runtime/latest.tmp.jpg' -> '/home/mxt/robotscene/outputs/manual_web_demo/runtime/latest.jpg'
[manual-web-demo-worker] camera write failed: [Errno 2] No such file or directory: '/home/mxt/robotscene/outputs/manual_web_demo/runtime/latest.tmp.jpg' -> '/home/mxt/robotscene/outputs/manual_web_demo/runtime/latest.jpg'
[manual-web-demo-worker] camera write failed: [Errno 2] No such file or directory: '/home/mxt/robotscene/outputs/manual_web_demo/runtime/latest.tmp.jpg' -> '/home/mxt/robotscene/outputs/manual_web_demo/runtime/latest.jpg'
[manual-web-demo-worker] camera write failed: [Errno 2] No such file or directory: '/home/mxt/robotscene/outputs/manual_web_demo/runtime/latest.tmp.jpg' -> '/home/mxt/robotscene/outputs/manual_web_demo/runtime/latest.jpg'
[manual-web-demo-worker] camera write failed: [Errno 2] No such file or directory: '/home/mxt/robotscene/outputs/manual_web_demo/runtime/latest.tmp.jpg' -> '/home/mxt/robotscene/outputs/manual_web_demo/runtime/latest.jpg'
[manual-web-demo-worker] camera write failed: [Errno 2] No such file or directory: '/home/mxt/robotscene/outputs/manual_web_demo/runtime/latest.tmp.jpg' -> '/home/mxt/robotscene/outputs/manual_web_demo/runtime/latest.jpg'
[manual-web-demo-worker] camera write failed: [Errno 2] No such file or directory: '/home/mxt/robotscene/outputs/manual_web_demo/runtime/latest.tmp.jpg' -> '/home/mxt/robotscene/outputs/manual_web_demo/runtime/latest.jpg'
[manual-web-demo-worker] camera write failed: [Errno 2] No such file or directory: '/home/mxt/robotscene/outputs/manual_web_demo/runtime/latest.tmp.jpg' -> '/home/mxt/robotscene/outputs/manual_web_demo/runtime/latest.jpg'
[manual-web-demo-worker] camera write failed: [Errno 2] No such file or directory: '/home/mxt/robotscene/outputs/manual_web_demo/runtime/latest.tmp.jpg' -> '/home/mxt/robotscene/outputs/manual_web_demo/runtime/latest.jpg'
[manual-web-demo-worker] camera write failed: [Errno 2] No such file or directory: '/home/mxt/robotscene/outputs/manual_web_demo/runtime/latest.tmp.jpg' -> '/home/mxt/robotscene/outputs/manual_web_demo/runtime/latest.jpg'
[manual-web-demo-worker] camera write failed: [Errno 2] No such file or directory: '/home/mxt/robotscene/outputs/manual_web_demo/runtime/latest.tmp.jpg' -> '/home/mxt/robotscene/outputs/manual_web_demo/runtime/latest.jpg'
[manual-web-demo-worker] camera write failed: [Errno 2] No such file or directory: '/home/mxt/robotscene/outputs/manual_web_demo/runtime/latest.tmp.jpg' -> '/home/mxt/robotscene/outputs/manual_web_demo/runtime/latest.jpg'
[manual-web-demo-worker] camera write failed: [Errno 2] No such file or directory: '/home/mxt/robotscene/outputs/manual_web_demo/runtime/latest.tmp.jpg' -> '/home/mxt/robotscene/outputs/manual_web_demo/runtime/latest.jpg'
[manual-web-demo-worker] camera write failed: [Errno 2] No such file or directory: '/home/mxt/robotscene/outputs/manual_web_demo/runtime/latest.tmp.jpg' -> '/home/mxt/robotscene/outputs/manual_web_demo/runtime/latest.jpg'
[manual-web-demo-worker] camera write failed: [Errno 2] No such file or directory: '/home/mxt/robotscene/outputs/manual_web_demo/runtime/latest.tmp.jpg' -> '/home/mxt/robotscene/outputs/manual_web_demo/runtime/latest.jpg'
[manual-web-demo-worker] camera write failed: [Errno 2] No such file or directory: '/home/mxt/robotscene/outputs/manual_web_demo/runtime/latest.tmp.jpg' -> '/home/mxt/robotscene/outputs/manual_web_demo/runtime/latest.jpg'
[manual-web-demo-worker] camera write failed: [Errno 2] No such file or directory: '/home/mxt/robotscene/outputs/manual_web_demo/runtime/latest.tmp.jpg' -> '/home/mxt/robotscene/outputs/manual_web_demo/runtime/latest.jpg'
[manual-web-demo-worker] camera write failed: [Errno 2] No such file or directory: '/home/mxt/robotscene/outputs/manual_web_demo/runtime/latest.tmp.jpg' -> '/home/mxt/robotscene/outputs/manual_web_demo/runtime/latest.jpg'
[manual-web-demo-worker] camera write failed: [Errno 2] No such file or directory: '/home/mxt/robotscene/outputs/manual_web_demo/runtime/latest.tmp.jpg' -> '/home/mxt/robotscene/outputs/manual_web_demo/runtime/latest.jpg'
[manual-web-demo-worker] camera write failed: [Errno 2] No such file or directory: '/home/mxt/robotscene/outputs/manual_web_demo/runtime/latest.tmp.jpg' -> '/home/mxt/robotscene/outputs/manual_web_demo/runtime/latest.jpg'
[manual-web-demo-worker] camera write failed: [Errno 2] No such file or directory: '/home/mxt/robotscene/outputs/manual_web_demo/runtime/latest.tmp.jpg' -> '/home/mxt/robotscene/outputs/manual_web_demo/runtime/latest.jpg'
[manual-web-demo-worker] camera write failed: [Errno 2] No such file or directory: '/home/mxt/robotscene/outputs/manual_web_demo/runtime/latest.tmp.jpg' -> '/home/mxt/robotscene/outputs/manual_web_demo/runtime/latest.jpg'
[manual-web-demo-worker] camera write failed: [Errno 2] No such file or directory: '/home/mxt/robotscene/outputs/manual_web_demo/runtime/latest.tmp.jpg' -> '/home/mxt/robotscene/outputs/manual_web_demo/runtime/latest.jpg'
[manual-web-demo-worker] camera write failed: [Errno 2] No such file or directory: '/home/mxt/robotscene/outputs/manual_web_demo/runtime/latest.tmp.jpg' -> '/home/mxt/robotscene/outputs/manual_web_demo/runtime/latest.jpg'
[manual-web-demo-worker] camera write failed: [Errno 2] No such file or directory: '/home/mxt/robotscene/outputs/manual_web_demo/runtime/latest.tmp.jpg' -> '/home/mxt/robotscene/outputs/manual_web_demo/runtime/latest.jpg'
[manual-web-demo-worker] camera write failed: [Errno 2] No such file or directory: '/home/mxt/robotscene/outputs/manual_web_demo/runtime/latest.tmp.jpg' -> '/home/mxt/robotscene/outputs/manual_web_demo/runtime/latest.jpg'
[manual-web-demo-worker] camera write failed: [Errno 2] No such file or directory: '/home/mxt/robotscene/outputs/manual_web_demo/runtime/latest.tmp.jpg' -> '/home/mxt/robotscene/outputs/manual_web_demo/runtime/latest.jpg'
[manual-web-demo-worker] camera write failed: [Errno 2] No such file or directory: '/home/mxt/robotscene/outputs/manual_web_demo/runtime/latest.tmp.jpg' -> '/home/mxt/robotscene/outputs/manual_web_demo/runtime/latest.jpg'
[manual-web-demo-worker] camera write failed: [Errno 2] No such file or directory: '/home/mxt/robotscene/outputs/manual_web_demo/runtime/latest.tmp.jpg' -> '/home/mxt/robotscene/outputs/manual_web_demo/runtime/latest.jpg'
[manual-web-demo-worker] camera write failed: [Errno 2] No such file or directory: '/home/mxt/robotscene/outputs/manual_web_demo/runtime/latest.tmp.jpg' -> '/home/mxt/robotscene/outputs/manual_web_demo/runtime/latest.jpg'
[manual-web-demo-worker] camera write failed: [Errno 2] No such file or directory: '/home/mxt/robotscene/outputs/manual_web_demo/runtime/latest.tmp.jpg' -> '/home/mxt/robotscene/outputs/manual_web_demo/runtime/latest.jpg'
[manual-web-demo-worker] camera write failed: [Errno 2] No such file or directory: '/home/mxt/robotscene/outputs/manual_web_demo/runtime/latest.tmp.jpg' -> '/home/mxt/robotscene/outputs/manual_web_demo/runtime/latest.jpg'
[manual-web-demo-worker] camera write failed: [Errno 2] No such file or directory: '/home/mxt/robotscene/outputs/manual_web_demo/runtime/latest.tmp.jpg' -> '/home/mxt/robotscene/outputs/manual_web_demo/runtime/latest.jpg'
[manual-web-demo-worker] camera write failed: [Errno 2] No such file or directory: '/home/mxt/robotscene/outputs/manual_web_demo/runtime/latest.tmp.jpg' -> '/home/mxt/robotscene/outputs/manual_web_demo/runtime/latest.jpg'
[manual-web-demo-worker] camera write failed: [Errno 2] No such file or directory: '/home/mxt/robotscene/outputs/manual_web_demo/runtime/latest.tmp.jpg' -> '/home/mxt/robotscene/outputs/manual_web_demo/runtime/latest.jpg'
[manual-web-demo-worker] camera write failed: [Errno 2] No such file or directory: '/home/mxt/robotscene/outputs/manual_web_demo/runtime/latest.tmp.jpg' -> '/home/mxt/robotscene/outputs/manual_web_demo/runtime/latest.jpg'
[manual-web-demo-worker] camera write failed: [Errno 2] No such file or directory: '/home/mxt/robotscene/outputs/manual_web_demo/runtime/latest.tmp.jpg' -> '/home/mxt/robotscene/outputs/manual_web_demo/runtime/latest.jpg'
[manual-web-demo-worker] camera write failed: [Errno 2] No such file or directory: '/home/mxt/robotscene/outputs/manual_web_demo/runtime/latest.tmp.jpg' -> '/home/mxt/robotscene/outputs/manual_web_demo/runtime/latest.jpg'
[manual-web-demo-worker] camera write failed: [Errno 2] No such file or directory: '/home/mxt/robotscene/outputs/manual_web_demo/runtime/latest.tmp.jpg' -> '/home/mxt/robotscene/outputs/manual_web_demo/runtime/latest.jpg'
[manual-web-demo-worker] camera write failed: [Errno 2] No such file or directory: '/home/mxt/robotscene/outputs/manual_web_demo/runtime/latest.tmp.jpg' -> '/home/mxt/robotscene/outputs/manual_web_demo/runtime/latest.jpg'
[manual-web-demo-worker] camera write failed: [Errno 2] No such file or directory: '/home/mxt/robotscene/outputs/manual_web_demo/runtime/latest.tmp.jpg' -> '/home/mxt/robotscene/outputs/manual_web_demo/runtime/latest.jpg'
[manual-web-demo-worker] camera write failed: [Errno 2] No such file or directory: '/home/mxt/robotscene/outputs/manual_web_demo/runtime/latest.tmp.jpg' -> '/home/mxt/robotscene/outputs/manual_web_demo/runtime/latest.jpg'
[manual-web-demo-worker] camera write failed: [Errno 2] No such file or directory: '/home/mxt/robotscene/outputs/manual_web_demo/runtime/latest.tmp.jpg' -> '/home/mxt/robotscene/outputs/manual_web_demo/runtime/latest.jpg'
[manual-web-demo-worker] camera write failed: [Errno 2] No such file or directory: '/home/mxt/robotscene/outputs/manual_web_demo/runtime/latest.tmp.jpg' -> '/home/mxt/robotscene/outputs/manual_web_demo/runtime/latest.jpg'
[manual-web-demo-worker] camera write failed: [Errno 2] No such file or directory: '/home/mxt/robotscene/outputs/manual_web_demo/runtime/latest.tmp.jpg' -> '/home/mxt/robotscene/outputs/manual_web_demo/runtime/latest.jpg'
[manual-web-demo-worker] camera write failed: [Errno 2] No such file or directory: '/home/mxt/robotscene/outputs/manual_web_demo/runtime/latest.tmp.jpg' -> '/home/mxt/robotscene/outputs/manual_web_demo/runtime/latest.jpg'
[manual-web-demo-worker] camera write failed: [Errno 2] No such file or directory: '/home/mxt/robotscene/outputs/manual_web_demo/runtime/latest.tmp.jpg' -> '/home/mxt/robotscene/outputs/manual_web_demo/runtime/latest.jpg'
[manual-web-demo-worker] camera write failed: [Errno 2] No such file or directory: '/home/mxt/robotscene/outputs/manual_web_demo/runtime/latest.tmp.jpg' -> '/home/mxt/robotscene/outputs/manual_web_demo/runtime/latest.jpg'
[manual-web-demo-worker] camera write failed: [Errno 2] No such file or directory: '/home/mxt/robotscene/outputs/manual_web_demo/runtime/latest.tmp.jpg' -> '/home/mxt/robotscene/outputs/manual_web_demo/runtime/latest.jpg'
[manual-web-demo-worker] camera write failed: [Errno 2] No such file or directory: '/home/mxt/robotscene/outputs/manual_web_demo/runtime/latest.tmp.jpg' -> '/home/mxt/robotscene/outputs/manual_web_demo/runtime/latest.jpg'
[manual-web-demo-worker] camera write failed: [Errno 2] No such file or directory: '/home/mxt/robotscene/outputs/manual_web_demo/runtime/latest.tmp.jpg' -> '/home/mxt/robotscene/outputs/manual_web_demo/runtime/latest.jpg'
[manual-web-demo-worker] camera write failed: [Errno 2] No such file or directory: '/home/mxt/robotscene/outputs/manual_web_demo/runtime/latest.tmp.jpg' -> '/home/mxt/robotscene/outputs/manual_web_demo/runtime/latest.jpg'
[manual-web-demo-worker] camera write failed: [Errno 2] No such file or directory: '/home/mxt/robotscene/outputs/manual_web_demo/runtime/latest.tmp.jpg' -> '/home/mxt/robotscene/outputs/manual_web_demo/runtime/latest.jpg'
[manual-web-demo-worker] camera write failed: [Errno 2] No such file or directory: '/home/mxt/robotscene/outputs/manual_web_demo/runtime/latest.tmp.jpg' -> '/home/mxt/robotscene/outputs/manual_web_demo/runtime/latest.jpg'
[manual-web-demo-worker] camera write failed: [Errno 2] No such file or directory: '/home/mxt/robotscene/outputs/manual_web_demo/runtime/latest.tmp.jpg' -> '/home/mxt/robotscene/outputs/manual_web_demo/runtime/latest.jpg'
[manual-web-demo-worker] camera write failed: [Errno 2] No such file or directory: '/home/mxt/robotscene/outputs/manual_web_demo/runtime/latest.tmp.jpg' -> '/home/mxt/robotscene/outputs/manual_web_demo/runtime/latest.jpg'
[manual-web-demo-worker] camera write failed: [Errno 2] No such file or directory: '/home/mxt/robotscene/outputs/manual_web_demo/runtime/latest.tmp.jpg' -> '/home/mxt/robotscene/outputs/manual_web_demo/runtime/latest.jpg'
[manual-web-demo-worker] camera write failed: [Errno 2] No such file or directory: '/home/mxt/robotscene/outputs/manual_web_demo/runtime/latest.tmp.jpg' -> '/home/mxt/robotscene/outputs/manual_web_demo/runtime/latest.jpg'
[manual-web-demo-worker] camera write failed: [Errno 2] No such file or directory: '/home/mxt/robotscene/outputs/manual_web_demo/runtime/latest.tmp.jpg' -> '/home/mxt/robotscene/outputs/manual_web_demo/runtime/latest.jpg'
[manual-web-demo-worker] camera write failed: [Errno 2] No such file or directory: '/home/mxt/robotscene/outputs/manual_web_demo/runtime/latest.tmp.jpg' -> '/home/mxt/robotscene/outputs/manual_web_demo/runtime/latest.jpg'
[manual-web-demo-worker] camera write failed: [Errno 2] No such file or directory: '/home/mxt/robotscene/outputs/manual_web_demo/runtime/latest.tmp.jpg' -> '/home/mxt/robotscene/outputs/manual_web_demo/runtime/latest.jpg'
[manual-web-demo-worker] camera write failed: [Errno 2] No such file or directory: '/home/mxt/robotscene/outputs/manual_web_demo/runtime/latest.tmp.jpg' -> '/home/mxt/robotscene/outputs/manual_web_demo/runtime/latest.jpg'
[manual-web-demo-worker] camera write failed: [Errno 2] No such file or directory: '/home/mxt/robotscene/outputs/manual_web_demo/runtime/latest.tmp.jpg' -> '/home/mxt/robotscene/outputs/manual_web_demo/runtime/latest.jpg'
[manual-web-demo-worker] camera write failed: [Errno 2] No such file or directory: '/home/mxt/robotscene/outputs/manual_web_demo/runtime/latest.tmp.jpg' -> '/home/mxt/robotscene/outputs/manual_web_demo/runtime/latest.jpg'
[manual-web-demo-worker] camera write failed: [Errno 2] No such file or directory: '/home/mxt/robotscene/outputs/manual_web_demo/runtime/latest.tmp.jpg' -> '/home/mxt/robotscene/outputs/manual_web_demo/runtime/latest.jpg'
[manual-web-demo-worker] camera write failed: [Errno 2] No such file or directory: '/home/mxt/robotscene/outputs/manual_web_demo/runtime/latest.tmp.jpg' -> '/home/mxt/robotscene/outputs/manual_web_demo/runtime/latest.jpg'
[manual-web-demo-worker] camera write failed: [Errno 2] No such file or directory: '/home/mxt/robotscene/outputs/manual_web_demo/runtime/latest.tmp.jpg' -> '/home/mxt/robotscene/outputs/manual_web_demo/runtime/latest.jpg'
[manual-web-demo-worker] camera write failed: [Errno 2] No such file or directory: '/home/mxt/robotscene/outputs/manual_web_demo/runtime/latest.tmp.jpg' -> '/home/mxt/robotscene/outputs/manual_web_demo/runtime/latest.jpg'
[manual-web-demo-worker] camera write failed: [Errno 2] No such file or directory: '/home/mxt/robotscene/outputs/manual_web_demo/runtime/latest.tmp.jpg' -> '/home/mxt/robotscene/outputs/manual_web_demo/runtime/latest.jpg'
[manual-web-demo-worker] camera write failed: [Errno 2] No such file or directory: '/home/mxt/robotscene/outputs/manual_web_demo/runtime/latest.tmp.jpg' -> '/home/mxt/robotscene/outputs/manual_web_demo/runtime/latest.jpg'
[manual-web-demo-worker] camera write failed: [Errno 2] No such file or directory: '/home/mxt/robotscene/outputs/manual_web_demo/runtime/latest.tmp.jpg' -> '/home/mxt/robotscene/outputs/manual_web_demo/runtime/latest.jpg'
[manual-web-demo-worker] camera write failed: [Errno 2] No such file or directory: '/home/mxt/robotscene/outputs/manual_web_demo/runtime/latest.tmp.jpg' -> '/home/mxt/robotscene/outputs/manual_web_demo/runtime/latest.jpg'
[manual-web-demo-worker] camera write failed: [Errno 2] No such file or directory: '/home/mxt/robotscene/outputs/manual_web_demo/runtime/latest.tmp.jpg' -> '/home/mxt/robotscene/outputs/manual_web_demo/runtime/latest.jpg'
[manual-web-demo-worker] camera write failed: [Errno 2] No such file or directory: '/home/mxt/robotscene/outputs/manual_web_demo/runtime/latest.tmp.jpg' -> '/home/mxt/robotscene/outputs/manual_web_demo/runtime/latest.jpg'
[manual-web-demo-worker] camera write failed: [Errno 2] No such file or directory: '/home/mxt/robotscene/outputs/manual_web_demo/runtime/latest.tmp.jpg' -> '/home/mxt/robotscene/outputs/manual_web_demo/runtime/latest.jpg'
[manual-web-demo-worker] camera write failed: [Errno 2] No such file or directory: '/home/mxt/robotscene/outputs/manual_web_demo/runtime/latest.tmp.jpg' -> '/home/mxt/robotscene/outputs/manual_web_demo/runtime/latest.jpg'
[manual-web-demo-worker] camera write failed: [Errno 2] No such file or directory: '/home/mxt/robotscene/outputs/manual_web_demo/runtime/latest.tmp.jpg' -> '/home/mxt/robotscene/outputs/manual_web_demo/runtime/latest.jpg'
[manual-web-demo-worker] camera write failed: [Errno 2] No such file or directory: '/home/mxt/robotscene/outputs/manual_web_demo/runtime/latest.tmp.jpg' -> '/home/mxt/robotscene/outputs/manual_web_demo/runtime/latest.jpg'
[manual-web-demo-worker] camera write failed: [Errno 2] No such file or directory: '/home/mxt/robotscene/outputs/manual_web_demo/runtime/latest.tmp.jpg' -> '/home/mxt/robotscene/outputs/manual_web_demo/runtime/latest.jpg'
[manual-web-demo-worker] camera write failed: [Errno 2] No such file or directory: '/home/mxt/robotscene/outputs/manual_web_demo/runtime/latest.tmp.jpg' -> '/home/mxt/robotscene/outputs/manual_web_demo/runtime/latest.jpg'
[manual-web-demo-worker] camera write failed: [Errno 2] No such file or directory: '/home/mxt/robotscene/outputs/manual_web_demo/runtime/latest.tmp.jpg' -> '/home/mxt/robotscene/outputs/manual_web_demo/runtime/latest.jpg'
[manual-web-demo-worker] camera write failed: [Errno 2] No such file or directory: '/home/mxt/robotscene/outputs/manual_web_demo/runtime/latest.tmp.jpg' -> '/home/mxt/robotscene/outputs/manual_web_demo/runtime/latest.jpg'
[manual-web-demo-worker] camera write failed: [Errno 2] No such file or directory: '/home/mxt/robotscene/outputs/manual_web_demo/runtime/latest.tmp.jpg' -> '/home/mxt/robotscene/outputs/manual_web_demo/runtime/latest.jpg'
[manual-web-demo-worker] camera write failed: [Errno 2] No such file or directory: '/home/mxt/robotscene/outputs/manual_web_demo/runtime/latest.tmp.jpg' -> '/home/mxt/robotscene/outputs/manual_web_demo/runtime/latest.jpg'
[manual-web-demo-worker] camera write failed: [Errno 2] No such file or directory: '/home/mxt/robotscene/outputs/manual_web_demo/runtime/latest.tmp.jpg' -> '/home/mxt/robotscene/outputs/manual_web_demo/runtime/latest.jpg'
[manual-web-demo-worker] camera write failed: [Errno 2] No such file or directory: '/home/mxt/robotscene/outputs/manual_web_demo/runtime/latest.tmp.jpg' -> '/home/mxt/robotscene/outputs/manual_web_demo/runtime/latest.jpg'
[manual-web-demo-worker] camera write failed: [Errno 2] No such file or directory: '/home/mxt/robotscene/outputs/manual_web_demo/runtime/latest.tmp.jpg' -> '/home/mxt/robotscene/outputs/manual_web_demo/runtime/latest.jpg'
[manual-web-demo-worker] camera write failed: [Errno 2] No such file or directory: '/home/mxt/robotscene/outputs/manual_web_demo/runtime/latest.tmp.jpg' -> '/home/mxt/robotscene/outputs/manual_web_demo/runtime/latest.jpg'
[manual-web-demo-worker] camera write failed: [Errno 2] No such file or directory: '/home/mxt/robotscene/outputs/manual_web_demo/runtime/latest.tmp.jpg' -> '/home/mxt/robotscene/outputs/manual_web_demo/runtime/latest.jpg'
[manual-web-demo-worker] camera write failed: [Errno 2] No such file or directory: '/home/mxt/robotscene/outputs/manual_web_demo/runtime/latest.tmp.jpg' -> '/home/mxt/robotscene/outputs/manual_web_demo/runtime/latest.jpg'
[manual-web-demo-worker] camera write failed: [Errno 2] No such file or directory: '/home/mxt/robotscene/outputs/manual_web_demo/runtime/latest.tmp.jpg' -> '/home/mxt/robotscene/outputs/manual_web_demo/runtime/latest.jpg'
[manual-web-demo-worker] camera write failed: [Errno 2] No such file or directory: '/home/mxt/robotscene/outputs/manual_web_demo/runtime/latest.tmp.jpg' -> '/home/mxt/robotscene/outputs/manual_web_demo/runtime/latest.jpg'
[manual-web-demo-worker] camera write failed: [Errno 2] No such file or directory: '/home/mxt/robotscene/outputs/manual_web_demo/runtime/latest.tmp.jpg' -> '/home/mxt/robotscene/outputs/manual_web_demo/runtime/latest.jpg'
[manual-web-demo-worker] camera write failed: [Errno 2] No such file or directory: '/home/mxt/robotscene/outputs/manual_web_demo/runtime/latest.tmp.jpg' -> '/home/mxt/robotscene/outputs/manual_web_demo/runtime/latest.jpg'
[manual-web-demo-worker] camera write failed: [Errno 2] No such file or directory: '/home/mxt/robotscene/outputs/manual_web_demo/runtime/latest.tmp.jpg' -> '/home/mxt/robotscene/outputs/manual_web_demo/runtime/latest.jpg'
[manual-web-demo-worker] camera write failed: [Errno 2] No such file or directory: '/home/mxt/robotscene/outputs/manual_web_demo/runtime/latest.tmp.jpg' -> '/home/mxt/robotscene/outputs/manual_web_demo/runtime/latest.jpg'
[manual-web-demo-worker] camera write failed: [Errno 2] No such file or directory: '/home/mxt/robotscene/outputs/manual_web_demo/runtime/latest.tmp.jpg' -> '/home/mxt/robotscene/outputs/manual_web_demo/runtime/latest.jpg'
[manual-web-demo-worker] camera write failed: [Errno 2] No such file or directory: '/home/mxt/robotscene/outputs/manual_web_demo/runtime/latest.tmp.jpg' -> '/home/mxt/robotscene/outputs/manual_web_demo/runtime/latest.jpg'
[manual-web-demo-worker] camera write failed: [Errno 2] No such file or directory: '/home/mxt/robotscene/outputs/manual_web_demo/runtime/latest.tmp.jpg' -> '/home/mxt/robotscene/outputs/manual_web_demo/runtime/latest.jpg'
[manual-web-demo-worker] camera write failed: [Errno 2] No such file or directory: '/home/mxt/robotscene/outputs/manual_web_demo/runtime/latest.tmp.jpg' -> '/home/mxt/robotscene/outputs/manual_web_demo/runtime/latest.jpg'
[manual-web-demo-worker] camera write failed: [Errno 2] No such file or directory: '/home/mxt/robotscene/outputs/manual_web_demo/runtime/latest.tmp.jpg' -> '/home/mxt/robotscene/outputs/manual_web_demo/runtime/latest.jpg'
[manual-web-demo-worker] camera write failed: [Errno 2] No such file or directory: '/home/mxt/robotscene/outputs/manual_web_demo/runtime/latest.tmp.jpg' -> '/home/mxt/robotscene/outputs/manual_web_demo/runtime/latest.jpg'
[manual-web-demo-worker] camera write failed: [Errno 2] No such file or directory: '/home/mxt/robotscene/outputs/manual_web_demo/runtime/latest.tmp.jpg' -> '/home/mxt/robotscene/outputs/manual_web_demo/runtime/latest.jpg'
[manual-web-demo-worker] camera write failed: [Errno 2] No such file or directory: '/home/mxt/robotscene/outputs/manual_web_demo/runtime/latest.tmp.jpg' -> '/home/mxt/robotscene/outputs/manual_web_demo/runtime/latest.jpg'
[manual-web-demo-worker] camera write failed: [Errno 2] No such file or directory: '/home/mxt/robotscene/outputs/manual_web_demo/runtime/latest.tmp.jpg' -> '/home/mxt/robotscene/outputs/manual_web_demo/runtime/latest.jpg'
[manual-web-demo-worker] camera write failed: [Errno 2] No such file or directory: '/home/mxt/robotscene/outputs/manual_web_demo/runtime/latest.tmp.jpg' -> '/home/mxt/robotscene/outputs/manual_web_demo/runtime/latest.jpg'
[manual-web-demo-worker] camera write failed: [Errno 2] No such file or directory: '/home/mxt/robotscene/outputs/manual_web_demo/runtime/latest.tmp.jpg' -> '/home/mxt/robotscene/outputs/manual_web_demo/runtime/latest.jpg'
[manual-web-demo-worker] camera write failed: [Errno 2] No such file or directory: '/home/mxt/robotscene/outputs/manual_web_demo/runtime/latest.tmp.jpg' -> '/home/mxt/robotscene/outputs/manual_web_demo/runtime/latest.jpg'
[manual-web-demo-worker] camera write failed: [Errno 2] No such file or directory: '/home/mxt/robotscene/outputs/manual_web_demo/runtime/latest.tmp.jpg' -> '/home/mxt/robotscene/outputs/manual_web_demo/runtime/latest.jpg'
[manual-web-demo-worker] camera write failed: [Errno 2] No such file or directory: '/home/mxt/robotscene/outputs/manual_web_demo/runtime/latest.tmp.jpg' -> '/home/mxt/robotscene/outputs/manual_web_demo/runtime/latest.jpg'
[manual-web-demo-worker] camera write failed: [Errno 2] No such file or directory: '/home/mxt/robotscene/outputs/manual_web_demo/runtime/latest.tmp.jpg' -> '/home/mxt/robotscene/outputs/manual_web_demo/runtime/latest.jpg'
[manual-web-demo-worker] camera write failed: [Errno 2] No such file or directory: '/home/mxt/robotscene/outputs/manual_web_demo/runtime/latest.tmp.jpg' -> '/home/mxt/robotscene/outputs/manual_web_demo/runtime/latest.jpg'
[manual-web-demo-worker] camera write failed: [Errno 2] No such file or directory: '/home/mxt/robotscene/outputs/manual_web_demo/runtime/latest.tmp.jpg' -> '/home/mxt/robotscene/outputs/manual_web_demo/runtime/latest.jpg'
[manual-web-demo-worker] camera write failed: [Errno 2] No such file or directory: '/home/mxt/robotscene/outputs/manual_web_demo/runtime/latest.tmp.jpg' -> '/home/mxt/robotscene/outputs/manual_web_demo/runtime/latest.jpg'
[manual-web-demo-worker] camera write failed: [Errno 2] No such file or directory: '/home/mxt/robotscene/outputs/manual_web_demo/runtime/latest.tmp.jpg' -> '/home/mxt/robotscene/outputs/manual_web_demo/runtime/latest.jpg'
[manual-web-demo-worker] camera write failed: [Errno 2] No such file or directory: '/home/mxt/robotscene/outputs/manual_web_demo/runtime/latest.tmp.jpg' -> '/home/mxt/robotscene/outputs/manual_web_demo/runtime/latest.jpg'
[manual-web-demo-worker] camera write failed: [Errno 2] No such file or directory: '/home/mxt/robotscene/outputs/manual_web_demo/runtime/latest.tmp.jpg' -> '/home/mxt/robotscene/outputs/manual_web_demo/runtime/latest.jpg'
[manual-web-demo-worker] camera write failed: [Errno 2] No such file or directory: '/home/mxt/robotscene/outputs/manual_web_demo/runtime/latest.tmp.jpg' -> '/home/mxt/robotscene/outputs/manual_web_demo/runtime/latest.jpg'
[manual-web-demo-worker] camera write failed: [Errno 2] No such file or directory: '/home/mxt/robotscene/outputs/manual_web_demo/runtime/latest.tmp.jpg' -> '/home/mxt/robotscene/outputs/manual_web_demo/runtime/latest.jpg'
[manual-web-demo-worker] camera write failed: [Errno 2] No such file or directory: '/home/mxt/robotscene/outputs/manual_web_demo/runtime/latest.tmp.jpg' -> '/home/mxt/robotscene/outputs/manual_web_demo/runtime/latest.jpg'
[manual-web-demo-worker] camera write failed: [Errno 2] No such file or directory: '/home/mxt/robotscene/outputs/manual_web_demo/runtime/latest.tmp.jpg' -> '/home/mxt/robotscene/outputs/manual_web_demo/runtime/latest.jpg'
[manual-web-demo-worker] camera write failed: [Errno 2] No such file or directory: '/home/mxt/robotscene/outputs/manual_web_demo/runtime/latest.tmp.jpg' -> '/home/mxt/robotscene/outputs/manual_web_demo/runtime/latest.jpg'
[manual-web-demo-worker] camera write failed: [Errno 2] No such file or directory: '/home/mxt/robotscene/outputs/manual_web_demo/runtime/latest.tmp.jpg' -> '/home/mxt/robotscene/outputs/manual_web_demo/runtime/latest.jpg'
[manual-web-demo-worker] camera write failed: [Errno 2] No such file or directory: '/home/mxt/robotscene/outputs/manual_web_demo/runtime/latest.tmp.jpg' -> '/home/mxt/robotscene/outputs/manual_web_demo/runtime/latest.jpg'
[manual-web-demo-worker] camera write failed: [Errno 2] No such file or directory: '/home/mxt/robotscene/outputs/manual_web_demo/runtime/latest.tmp.jpg' -> '/home/mxt/robotscene/outputs/manual_web_demo/runtime/latest.jpg'
[manual-web-demo-worker] camera write failed: [Errno 2] No such file or directory: '/home/mxt/robotscene/outputs/manual_web_demo/runtime/latest.tmp.jpg' -> '/home/mxt/robotscene/outputs/manual_web_demo/runtime/latest.jpg'
[manual-web-demo-worker] camera write failed: [Errno 2] No such file or directory: '/home/mxt/robotscene/outputs/manual_web_demo/runtime/latest.tmp.jpg' -> '/home/mxt/robotscene/outputs/manual_web_demo/runtime/latest.jpg'
[manual-web-demo-worker] camera write failed: [Errno 2] No such file or directory: '/home/mxt/robotscene/outputs/manual_web_demo/runtime/latest.tmp.jpg' -> '/home/mxt/robotscene/outputs/manual_web_demo/runtime/latest.jpg'
[manual-web-demo-worker] camera write failed: [Errno 2] No such file or directory: '/home/mxt/robotscene/outputs/manual_web_demo/runtime/latest.tmp.jpg' -> '/home/mxt/robotscene/outputs/manual_web_demo/runtime/latest.jpg'
[manual-web-demo-worker] camera write failed: [Errno 2] No such file or directory: '/home/mxt/robotscene/outputs/manual_web_demo/runtime/latest.tmp.jpg' -> '/home/mxt/robotscene/outputs/manual_web_demo/runtime/latest.jpg'
[manual-web-demo-worker] camera write failed: [Errno 2] No such file or directory: '/home/mxt/robotscene/outputs/manual_web_demo/runtime/latest.tmp.jpg' -> '/home/mxt/robotscene/outputs/manual_web_demo/runtime/latest.jpg'
[manual-web-demo-worker] camera write failed: [Errno 2] No such file or directory: '/home/mxt/robotscene/outputs/manual_web_demo/runtime/latest.tmp.jpg' -> '/home/mxt/robotscene/outputs/manual_web_demo/runtime/latest.jpg'
[manual-web-demo-worker] camera write failed: [Errno 2] No such file or directory: '/home/mxt/robotscene/outputs/manual_web_demo/runtime/latest.tmp.jpg' -> '/home/mxt/robotscene/outputs/manual_web_demo/runtime/latest.jpg'
[manual-web-demo-worker] camera write failed: [Errno 2] No such file or directory: '/home/mxt/robotscene/outputs/manual_web_demo/runtime/latest.tmp.jpg' -> '/home/mxt/robotscene/outputs/manual_web_demo/runtime/latest.jpg'
[manual-web-demo-worker] camera write failed: [Errno 2] No such file or directory: '/home/mxt/robotscene/outputs/manual_web_demo/runtime/latest.tmp.jpg' -> '/home/mxt/robotscene/outputs/manual_web_demo/runtime/latest.jpg'
[manual-web-demo-worker] camera write failed: [Errno 2] No such file or directory: '/home/mxt/robotscene/outputs/manual_web_demo/runtime/latest.tmp.jpg' -> '/home/mxt/robotscene/outputs/manual_web_demo/runtime/latest.jpg'
[manual-web-demo-worker] camera write failed: [Errno 2] No such file or directory: '/home/mxt/robotscene/outputs/manual_web_demo/runtime/latest.tmp.jpg' -> '/home/mxt/robotscene/outputs/manual_web_demo/runtime/latest.jpg'
[manual-web-demo-worker] camera write failed: [Errno 2] No such file or directory: '/home/mxt/robotscene/outputs/manual_web_demo/runtime/latest.tmp.jpg' -> '/home/mxt/robotscene/outputs/manual_web_demo/runtime/latest.jpg'
[manual-web-demo-worker] camera write failed: [Errno 2] No such file or directory: '/home/mxt/robotscene/outputs/manual_web_demo/runtime/latest.tmp.jpg' -> '/home/mxt/robotscene/outputs/manual_web_demo/runtime/latest.jpg'
[manual-web-demo-worker] camera write failed: [Errno 2] No such file or directory: '/home/mxt/robotscene/outputs/manual_web_demo/runtime/latest.tmp.jpg' -> '/home/mxt/robotscene/outputs/manual_web_demo/runtime/latest.jpg'
[manual-web-demo-worker] camera write failed: [Errno 2] No such file or directory: '/home/mxt/robotscene/outputs/manual_web_demo/runtime/latest.tmp.jpg' -> '/home/mxt/robotscene/outputs/manual_web_demo/runtime/latest.jpg'
[manual-web-demo-worker] camera write failed: [Errno 2] No such file or directory: '/home/mxt/robotscene/outputs/manual_web_demo/runtime/latest.tmp.jpg' -> '/home/mxt/robotscene/outputs/manual_web_demo/runtime/latest.jpg'
[manual-web-demo-worker] camera write failed: [Errno 2] No such file or directory: '/home/mxt/robotscene/outputs/manual_web_demo/runtime/latest.tmp.jpg' -> '/home/mxt/robotscene/outputs/manual_web_demo/runtime/latest.jpg'
[manual-web-demo-worker] camera write failed: [Errno 2] No such file or directory: '/home/mxt/robotscene/outputs/manual_web_demo/runtime/latest.tmp.jpg' -> '/home/mxt/robotscene/outputs/manual_web_demo/runtime/latest.jpg'
[manual-web-demo-worker] camera write failed: [Errno 2] No such file or directory: '/home/mxt/robotscene/outputs/manual_web_demo/runtime/latest.tmp.jpg' -> '/home/mxt/robotscene/outputs/manual_web_demo/runtime/latest.jpg'
[manual-web-demo-worker] camera write failed: [Errno 2] No such file or directory: '/home/mxt/robotscene/outputs/manual_web_demo/runtime/latest.tmp.jpg' -> '/home/mxt/robotscene/outputs/manual_web_demo/runtime/latest.jpg'
[manual-web-demo-worker] camera write failed: [Errno 2] No such file or directory: '/home/mxt/robotscene/outputs/manual_web_demo/runtime/latest.tmp.jpg' -> '/home/mxt/robotscene/outputs/manual_web_demo/runtime/latest.jpg'
[manual-web-demo-worker] camera write failed: [Errno 2] No such file or directory: '/home/mxt/robotscene/outputs/manual_web_demo/runtime/latest.tmp.jpg' -> '/home/mxt/robotscene/outputs/manual_web_demo/runtime/latest.jpg'
[manual-web-demo-worker] camera write failed: [Errno 2] No such file or directory: '/home/mxt/robotscene/outputs/manual_web_demo/runtime/latest.tmp.jpg' -> '/home/mxt/robotscene/outputs/manual_web_demo/runtime/latest.jpg'
[manual-web-demo-worker] camera write failed: [Errno 2] No such file or directory: '/home/mxt/robotscene/outputs/manual_web_demo/runtime/latest.tmp.jpg' -> '/home/mxt/robotscene/outputs/manual_web_demo/runtime/latest.jpg'
[manual-web-demo-worker] camera write failed: [Errno 2] No such file or directory: '/home/mxt/robotscene/outputs/manual_web_demo/runtime/latest.tmp.jpg' -> '/home/mxt/robotscene/outputs/manual_web_demo/runtime/latest.jpg'
[manual-web-demo-worker] camera write failed: [Errno 2] No such file or directory: '/home/mxt/robotscene/outputs/manual_web_demo/runtime/latest.tmp.jpg' -> '/home/mxt/robotscene/outputs/manual_web_demo/runtime/latest.jpg'
[manual-web-demo-worker] camera write failed: [Errno 2] No such file or directory: '/home/mxt/robotscene/outputs/manual_web_demo/runtime/latest.tmp.jpg' -> '/home/mxt/robotscene/outputs/manual_web_demo/runtime/latest.jpg'
[manual-web-demo-worker] camera write failed: [Errno 2] No such file or directory: '/home/mxt/robotscene/outputs/manual_web_demo/runtime/latest.tmp.jpg' -> '/home/mxt/robotscene/outputs/manual_web_demo/runtime/latest.jpg'
[manual-web-demo-worker] camera write failed: [Errno 2] No such file or directory: '/home/mxt/robotscene/outputs/manual_web_demo/runtime/latest.tmp.jpg' -> '/home/mxt/robotscene/outputs/manual_web_demo/runtime/latest.jpg'
[manual-web-demo-worker] camera write failed: [Errno 2] No such file or directory: '/home/mxt/robotscene/outputs/manual_web_demo/runtime/latest.tmp.jpg' -> '/home/mxt/robotscene/outputs/manual_web_demo/runtime/latest.jpg'
[manual-web-demo-worker] camera write failed: [Errno 2] No such file or directory: '/home/mxt/robotscene/outputs/manual_web_demo/runtime/latest.tmp.jpg' -> '/home/mxt/robotscene/outputs/manual_web_demo/runtime/latest.jpg'
[manual-web-demo-worker] camera write failed: [Errno 2] No such file or directory: '/home/mxt/robotscene/outputs/manual_web_demo/runtime/latest.tmp.jpg' -> '/home/mxt/robotscene/outputs/manual_web_demo/runtime/latest.jpg'
[manual-web-demo-worker] camera write failed: [Errno 2] No such file or directory: '/home/mxt/robotscene/outputs/manual_web_demo/runtime/latest.tmp.jpg' -> '/home/mxt/robotscene/outputs/manual_web_demo/runtime/latest.jpg'
[manual-web-demo-worker] camera write failed: [Errno 2] No such file or directory: '/home/mxt/robotscene/outputs/manual_web_demo/runtime/latest.tmp.jpg' -> '/home/mxt/robotscene/outputs/manual_web_demo/runtime/latest.jpg'
[manual-web-demo-worker] camera write failed: [Errno 2] No such file or directory: '/home/mxt/robotscene/outputs/manual_web_demo/runtime/latest.tmp.jpg' -> '/home/mxt/robotscene/outputs/manual_web_demo/runtime/latest.jpg'
[manual-web-demo-worker] camera write failed: [Errno 2] No such file or directory: '/home/mxt/robotscene/outputs/manual_web_demo/runtime/latest.tmp.jpg' -> '/home/mxt/robotscene/outputs/manual_web_demo/runtime/latest.jpg'
[manual-web-demo-worker] camera write failed: [Errno 2] No such file or directory: '/home/mxt/robotscene/outputs/manual_web_demo/runtime/latest.tmp.jpg' -> '/home/mxt/robotscene/outputs/manual_web_demo/runtime/latest.jpg'
[manual-web-demo-worker] camera write failed: [Errno 2] No such file or directory: '/home/mxt/robotscene/outputs/manual_web_demo/runtime/latest.tmp.jpg' -> '/home/mxt/robotscene/outputs/manual_web_demo/runtime/latest.jpg'
[manual-web-demo-worker] camera write failed: [Errno 2] No such file or directory: '/home/mxt/robotscene/outputs/manual_web_demo/runtime/latest.tmp.jpg' -> '/home/mxt/robotscene/outputs/manual_web_demo/runtime/latest.jpg'
[manual-web-demo-worker] camera write failed: [Errno 2] No such file or directory: '/home/mxt/robotscene/outputs/manual_web_demo/runtime/latest.tmp.jpg' -> '/home/mxt/robotscene/outputs/manual_web_demo/runtime/latest.jpg'
[manual-web-demo-worker] camera write failed: [Errno 2] No such file or directory: '/home/mxt/robotscene/outputs/manual_web_demo/runtime/latest.tmp.jpg' -> '/home/mxt/robotscene/outputs/manual_web_demo/runtime/latest.jpg'
[manual-web-demo-worker] camera write failed: [Errno 2] No such file or directory: '/home/mxt/robotscene/outputs/manual_web_demo/runtime/latest.tmp.jpg' -> '/home/mxt/robotscene/outputs/manual_web_demo/runtime/latest.jpg'
[manual-web-demo-worker] camera write failed: [Errno 2] No such file or directory: '/home/mxt/robotscene/outputs/manual_web_demo/runtime/latest.tmp.jpg' -> '/home/mxt/robotscene/outputs/manual_web_demo/runtime/latest.jpg'
[manual-web-demo-worker] camera write failed: [Errno 2] No such file or directory: '/home/mxt/robotscene/outputs/manual_web_demo/runtime/latest.tmp.jpg' -> '/home/mxt/robotscene/outputs/manual_web_demo/runtime/latest.jpg'
[manual-web-demo-worker] camera write failed: [Errno 2] No such file or directory: '/home/mxt/robotscene/outputs/manual_web_demo/runtime/latest.tmp.jpg' -> '/home/mxt/robotscene/outputs/manual_web_demo/runtime/latest.jpg'
[manual-web-demo-worker] camera write failed: [Errno 2] No such file or directory: '/home/mxt/robotscene/outputs/manual_web_demo/runtime/latest.tmp.jpg' -> '/home/mxt/robotscene/outputs/manual_web_demo/runtime/latest.jpg'
[manual-web-demo-worker] camera write failed: [Errno 2] No such file or directory: '/home/mxt/robotscene/outputs/manual_web_demo/runtime/latest.tmp.jpg' -> '/home/mxt/robotscene/outputs/manual_web_demo/runtime/latest.jpg'
[manual-web-demo-worker] camera write failed: [Errno 2] No such file or directory: '/home/mxt/robotscene/outputs/manual_web_demo/runtime/latest.tmp.jpg' -> '/home/mxt/robotscene/outputs/manual_web_demo/runtime/latest.jpg'
[manual-web-demo-worker] camera write failed: [Errno 2] No such file or directory: '/home/mxt/robotscene/outputs/manual_web_demo/runtime/latest.tmp.jpg' -> '/home/mxt/robotscene/outputs/manual_web_demo/runtime/latest.jpg'
[manual-web-demo-worker] camera write failed: [Errno 2] No such file or directory: '/home/mxt/robotscene/outputs/manual_web_demo/runtime/latest.tmp.jpg' -> '/home/mxt/robotscene/outputs/manual_web_demo/runtime/latest.jpg'
[manual-web-demo-worker] camera write failed: [Errno 2] No such file or directory: '/home/mxt/robotscene/outputs/manual_web_demo/runtime/latest.tmp.jpg' -> '/home/mxt/robotscene/outputs/manual_web_demo/runtime/latest.jpg'
[manual-web-demo-worker] camera write failed: [Errno 2] No such file or directory: '/home/mxt/robotscene/outputs/manual_web_demo/runtime/latest.tmp.jpg' -> '/home/mxt/robotscene/outputs/manual_web_demo/runtime/latest.jpg'
[manual-web-demo-worker] camera write failed: [Errno 2] No such file or directory: '/home/mxt/robotscene/outputs/manual_web_demo/runtime/latest.tmp.jpg' -> '/home/mxt/robotscene/outputs/manual_web_demo/runtime/latest.jpg'
[manual-web-demo-worker] camera write failed: [Errno 2] No such file or directory: '/home/mxt/robotscene/outputs/manual_web_demo/runtime/latest.tmp.jpg' -> '/home/mxt/robotscene/outputs/manual_web_demo/runtime/latest.jpg'
[manual-web-demo-worker] camera write failed: [Errno 2] No such file or directory: '/home/mxt/robotscene/outputs/manual_web_demo/runtime/latest.tmp.jpg' -> '/home/mxt/robotscene/outputs/manual_web_demo/runtime/latest.jpg'
[manual-web-demo-worker] camera write failed: [Errno 2] No such file or directory: '/home/mxt/robotscene/outputs/manual_web_demo/runtime/latest.tmp.jpg' -> '/home/mxt/robotscene/outputs/manual_web_demo/runtime/latest.jpg'
[manual-web-demo-worker] camera write failed: [Errno 2] No such file or directory: '/home/mxt/robotscene/outputs/manual_web_demo/runtime/latest.tmp.jpg' -> '/home/mxt/robotscene/outputs/manual_web_demo/runtime/latest.jpg'
[manual-web-demo-worker] camera write failed: [Errno 2] No such file or directory: '/home/mxt/robotscene/outputs/manual_web_demo/runtime/latest.tmp.jpg' -> '/home/mxt/robotscene/outputs/manual_web_demo/runtime/latest.jpg'
[manual-web-demo-worker] camera write failed: [Errno 2] No such file or directory: '/home/mxt/robotscene/outputs/manual_web_demo/runtime/latest.tmp.jpg' -> '/home/mxt/robotscene/outputs/manual_web_demo/runtime/latest.jpg'
[manual-web-demo-worker] camera write failed: [Errno 2] No such file or directory: '/home/mxt/robotscene/outputs/manual_web_demo/runtime/latest.tmp.jpg' -> '/home/mxt/robotscene/outputs/manual_web_demo/runtime/latest.jpg'
[manual-web-demo-worker] camera write failed: [Errno 2] No such file or directory: '/home/mxt/robotscene/outputs/manual_web_demo/runtime/latest.tmp.jpg' -> '/home/mxt/robotscene/outputs/manual_web_demo/runtime/latest.jpg'
[manual-web-demo-worker] camera write failed: [Errno 2] No such file or directory: '/home/mxt/robotscene/outputs/manual_web_demo/runtime/latest.tmp.jpg' -> '/home/mxt/robotscene/outputs/manual_web_demo/runtime/latest.jpg'
[manual-web-demo-worker] camera write failed: [Errno 2] No such file or directory: '/home/mxt/robotscene/outputs/manual_web_demo/runtime/latest.tmp.jpg' -> '/home/mxt/robotscene/outputs/manual_web_demo/runtime/latest.jpg'
[manual-web-demo-worker] camera write failed: [Errno 2] No such file or directory: '/home/mxt/robotscene/outputs/manual_web_demo/runtime/latest.tmp.jpg' -> '/home/mxt/robotscene/outputs/manual_web_demo/runtime/latest.jpg'
[manual-web-demo-worker] camera write failed: [Errno 2] No such file or directory: '/home/mxt/robotscene/outputs/manual_web_demo/runtime/latest.tmp.jpg' -> '/home/mxt/robotscene/outputs/manual_web_demo/runtime/latest.jpg'
[manual-web-demo-worker] camera write failed: [Errno 2] No such file or directory: '/home/mxt/robotscene/outputs/manual_web_demo/runtime/latest.tmp.jpg' -> '/home/mxt/robotscene/outputs/manual_web_demo/runtime/latest.jpg'
[manual-web-demo-worker] camera write failed: [Errno 2] No such file or directory: '/home/mxt/robotscene/outputs/manual_web_demo/runtime/latest.tmp.jpg' -> '/home/mxt/robotscene/outputs/manual_web_demo/runtime/latest.jpg'
[manual-web-demo-worker] camera write failed: [Errno 2] No such file or directory: '/home/mxt/robotscene/outputs/manual_web_demo/runtime/latest.tmp.jpg' -> '/home/mxt/robotscene/outputs/manual_web_demo/runtime/latest.jpg'
[manual-web-demo-worker] camera write failed: [Errno 2] No such file or directory: '/home/mxt/robotscene/outputs/manual_web_demo/runtime/latest.tmp.jpg' -> '/home/mxt/robotscene/outputs/manual_web_demo/runtime/latest.jpg'
[manual-web-demo-worker] camera write failed: [Errno 2] No such file or directory: '/home/mxt/robotscene/outputs/manual_web_demo/runtime/latest.tmp.jpg' -> '/home/mxt/robotscene/outputs/manual_web_demo/runtime/latest.jpg'
[manual-web-demo-worker] camera write failed: [Errno 2] No such file or directory: '/home/mxt/robotscene/outputs/manual_web_demo/runtime/latest.tmp.jpg' -> '/home/mxt/robotscene/outputs/manual_web_demo/runtime/latest.jpg'
[manual-web-demo-worker] camera write failed: [Errno 2] No such file or directory: '/home/mxt/robotscene/outputs/manual_web_demo/runtime/latest.tmp.jpg' -> '/home/mxt/robotscene/outputs/manual_web_demo/runtime/latest.jpg'
[manual-web-demo-worker] camera write failed: [Errno 2] No such file or directory: '/home/mxt/robotscene/outputs/manual_web_demo/runtime/latest.tmp.jpg' -> '/home/mxt/robotscene/outputs/manual_web_demo/runtime/latest.jpg'
[manual-web-demo-worker] camera write failed: [Errno 2] No such file or directory: '/home/mxt/robotscene/outputs/manual_web_demo/runtime/latest.tmp.jpg' -> '/home/mxt/robotscene/outputs/manual_web_demo/runtime/latest.jpg'
[manual-web-demo-worker] camera write failed: [Errno 2] No such file or directory: '/home/mxt/robotscene/outputs/manual_web_demo/runtime/latest.tmp.jpg' -> '/home/mxt/robotscene/outputs/manual_web_demo/runtime/latest.jpg'
[manual-web-demo-worker] camera write failed: [Errno 2] No such file or directory: '/home/mxt/robotscene/outputs/manual_web_demo/runtime/latest.tmp.jpg' -> '/home/mxt/robotscene/outputs/manual_web_demo/runtime/latest.jpg'
[manual-web-demo-worker] camera write failed: [Errno 2] No such file or directory: '/home/mxt/robotscene/outputs/manual_web_demo/runtime/latest.tmp.jpg' -> '/home/mxt/robotscene/outputs/manual_web_demo/runtime/latest.jpg'
[manual-web-demo-worker] camera write failed: [Errno 2] No such file or directory: '/home/mxt/robotscene/outputs/manual_web_demo/runtime/latest.tmp.jpg' -> '/home/mxt/robotscene/outputs/manual_web_demo/runtime/latest.jpg'
[manual-web-demo-worker] camera write failed: [Errno 2] No such file or directory: '/home/mxt/robotscene/outputs/manual_web_demo/runtime/latest.tmp.jpg' -> '/home/mxt/robotscene/outputs/manual_web_demo/runtime/latest.jpg'
[manual-web-demo-worker] camera write failed: [Errno 2] No such file or directory: '/home/mxt/robotscene/outputs/manual_web_demo/runtime/latest.tmp.jpg' -> '/home/mxt/robotscene/outputs/manual_web_demo/runtime/latest.jpg'
[manual-web-demo-worker] camera write failed: [Errno 2] No such file or directory: '/home/mxt/robotscene/outputs/manual_web_demo/runtime/latest.tmp.jpg' -> '/home/mxt/robotscene/outputs/manual_web_demo/runtime/latest.jpg'
[manual-web-demo-worker] camera write failed: [Errno 2] No such file or directory: '/home/mxt/robotscene/outputs/manual_web_demo/runtime/latest.tmp.jpg' -> '/home/mxt/robotscene/outputs/manual_web_demo/runtime/latest.jpg'
[manual-web-demo-worker] camera write failed: [Errno 2] No such file or directory: '/home/mxt/robotscene/outputs/manual_web_demo/runtime/latest.tmp.jpg' -> '/home/mxt/robotscene/outputs/manual_web_demo/runtime/latest.jpg'
[manual-web-demo-worker] camera write failed: [Errno 2] No such file or directory: '/home/mxt/robotscene/outputs/manual_web_demo/runtime/latest.tmp.jpg' -> '/home/mxt/robotscene/outputs/manual_web_demo/runtime/latest.jpg'
[manual-web-demo-worker] camera write failed: [Errno 2] No such file or directory: '/home/mxt/robotscene/outputs/manual_web_demo/runtime/latest.tmp.jpg' -> '/home/mxt/robotscene/outputs/manual_web_demo/runtime/latest.jpg'
[manual-web-demo-worker] camera write failed: [Errno 2] No such file or directory: '/home/mxt/robotscene/outputs/manual_web_demo/runtime/latest.tmp.jpg' -> '/home/mxt/robotscene/outputs/manual_web_demo/runtime/latest.jpg'
[manual-web-demo-worker] camera write failed: [Errno 2] No such file or directory: '/home/mxt/robotscene/outputs/manual_web_demo/runtime/latest.tmp.jpg' -> '/home/mxt/robotscene/outputs/manual_web_demo/runtime/latest.jpg'
[manual-web-demo-worker] camera write failed: [Errno 2] No such file or directory: '/home/mxt/robotscene/outputs/manual_web_demo/runtime/latest.tmp.jpg' -> '/home/mxt/robotscene/outputs/manual_web_demo/runtime/latest.jpg'
[manual-web-demo-worker] camera write failed: [Errno 2] No such file or directory: '/home/mxt/robotscene/outputs/manual_web_demo/runtime/latest.tmp.jpg' -> '/home/mxt/robotscene/outputs/manual_web_demo/runtime/latest.jpg'
[manual-web-demo-worker] camera write failed: [Errno 2] No such file or directory: '/home/mxt/robotscene/outputs/manual_web_demo/runtime/latest.tmp.jpg' -> '/home/mxt/robotscene/outputs/manual_web_demo/runtime/latest.jpg'
[manual-web-demo-worker] camera write failed: [Errno 2] No such file or directory: '/home/mxt/robotscene/outputs/manual_web_demo/runtime/latest.tmp.jpg' -> '/home/mxt/robotscene/outputs/manual_web_demo/runtime/latest.jpg'
[manual-web-demo-worker] camera write failed: [Errno 2] No such file or directory: '/home/mxt/robotscene/outputs/manual_web_demo/runtime/latest.tmp.jpg' -> '/home/mxt/robotscene/outputs/manual_web_demo/runtime/latest.jpg'
[manual-web-demo-worker] camera write failed: [Errno 2] No such file or directory: '/home/mxt/robotscene/outputs/manual_web_demo/runtime/latest.tmp.jpg' -> '/home/mxt/robotscene/outputs/manual_web_demo/runtime/latest.jpg'
[manual-web-demo-worker] camera write failed: [Errno 2] No such file or directory: '/home/mxt/robotscene/outputs/manual_web_demo/runtime/latest.tmp.jpg' -> '/home/mxt/robotscene/outputs/manual_web_demo/runtime/latest.jpg'
[manual-web-demo-worker] camera write failed: [Errno 2] No such file or directory: '/home/mxt/robotscene/outputs/manual_web_demo/runtime/latest.tmp.jpg' -> '/home/mxt/robotscene/outputs/manual_web_demo/runtime/latest.jpg'
[manual-web-demo-worker] camera write failed: [Errno 2] No such file or directory: '/home/mxt/robotscene/outputs/manual_web_demo/runtime/latest.tmp.jpg' -> '/home/mxt/robotscene/outputs/manual_web_demo/runtime/latest.jpg'
[manual-web-demo-worker] camera write failed: [Errno 2] No such file or directory: '/home/mxt/robotscene/outputs/manual_web_demo/runtime/latest.tmp.jpg' -> '/home/mxt/robotscene/outputs/manual_web_demo/runtime/latest.jpg'
[manual-web-demo-worker] camera write failed: [Errno 2] No such file or directory: '/home/mxt/robotscene/outputs/manual_web_demo/runtime/latest.tmp.jpg' -> '/home/mxt/robotscene/outputs/manual_web_demo/runtime/latest.jpg'
[manual-web-demo-worker] camera write failed: [Errno 2] No such file or directory: '/home/mxt/robotscene/outputs/manual_web_demo/runtime/latest.tmp.jpg' -> '/home/mxt/robotscene/outputs/manual_web_demo/runtime/latest.jpg'
[manual-web-demo-worker] camera write failed: [Errno 2] No such file or directory: '/home/mxt/robotscene/outputs/manual_web_demo/runtime/latest.tmp.jpg' -> '/home/mxt/robotscene/outputs/manual_web_demo/runtime/latest.jpg'
[manual-web-demo-worker] camera write failed: [Errno 2] No such file or directory: '/home/mxt/robotscene/outputs/manual_web_demo/runtime/latest.tmp.jpg' -> '/home/mxt/robotscene/outputs/manual_web_demo/runtime/latest.jpg'
[manual-web-demo-worker] camera write failed: [Errno 2] No such file or directory: '/home/mxt/robotscene/outputs/manual_web_demo/runtime/latest.tmp.jpg' -> '/home/mxt/robotscene/outputs/manual_web_demo/runtime/latest.jpg'
[manual-web-demo-worker] camera write failed: [Errno 2] No such file or directory: '/home/mxt/robotscene/outputs/manual_web_demo/runtime/latest.tmp.jpg' -> '/home/mxt/robotscene/outputs/manual_web_demo/runtime/latest.jpg'
[manual-web-demo-worker] camera write failed: [Errno 2] No such file or directory: '/home/mxt/robotscene/outputs/manual_web_demo/runtime/latest.tmp.jpg' -> '/home/mxt/robotscene/outputs/manual_web_demo/runtime/latest.jpg'
[manual-web-demo-worker] camera write failed: [Errno 2] No such file or directory: '/home/mxt/robotscene/outputs/manual_web_demo/runtime/latest.tmp.jpg' -> '/home/mxt/robotscene/outputs/manual_web_demo/runtime/latest.jpg'
[manual-web-demo-worker] camera write failed: [Errno 2] No such file or directory: '/home/mxt/robotscene/outputs/manual_web_demo/runtime/latest.tmp.jpg' -> '/home/mxt/robotscene/outputs/manual_web_demo/runtime/latest.jpg'
[manual-web-demo-worker] camera write failed: [Errno 2] No such file or directory: '/home/mxt/robotscene/outputs/manual_web_demo/runtime/latest.tmp.jpg' -> '/home/mxt/robotscene/outputs/manual_web_demo/runtime/latest.jpg'
[manual-web-demo-worker] camera write failed: [Errno 2] No such file or directory: '/home/mxt/robotscene/outputs/manual_web_demo/runtime/latest.tmp.jpg' -> '/home/mxt/robotscene/outputs/manual_web_demo/runtime/latest.jpg'
[manual-web-demo-worker] camera write failed: [Errno 2] No such file or directory: '/home/mxt/robotscene/outputs/manual_web_demo/runtime/latest.tmp.jpg' -> '/home/mxt/robotscene/outputs/manual_web_demo/runtime/latest.jpg'
[manual-web-demo-worker] camera write failed: [Errno 2] No such file or directory: '/home/mxt/robotscene/outputs/manual_web_demo/runtime/latest.tmp.jpg' -> '/home/mxt/robotscene/outputs/manual_web_demo/runtime/latest.jpg'
[manual-web-demo-worker] camera write failed: [Errno 2] No such file or directory: '/home/mxt/robotscene/outputs/manual_web_demo/runtime/latest.tmp.jpg' -> '/home/mxt/robotscene/outputs/manual_web_demo/runtime/latest.jpg'
[manual-web-demo-worker] camera write failed: [Errno 2] No such file or directory: '/home/mxt/robotscene/outputs/manual_web_demo/runtime/latest.tmp.jpg' -> '/home/mxt/robotscene/outputs/manual_web_demo/runtime/latest.jpg'
[manual-web-demo-worker] camera write failed: [Errno 2] No such file or directory: '/home/mxt/robotscene/outputs/manual_web_demo/runtime/latest.tmp.jpg' -> '/home/mxt/robotscene/outputs/manual_web_demo/runtime/latest.jpg'
[manual-web-demo-worker] camera write failed: [Errno 2] No such file or directory: '/home/mxt/robotscene/outputs/manual_web_demo/runtime/latest.tmp.jpg' -> '/home/mxt/robotscene/outputs/manual_web_demo/runtime/latest.jpg'
[manual-web-demo-worker] camera write failed: [Errno 2] No such file or directory: '/home/mxt/robotscene/outputs/manual_web_demo/runtime/latest.tmp.jpg' -> '/home/mxt/robotscene/outputs/manual_web_demo/runtime/latest.jpg'
[manual-web-demo-worker] camera write failed: [Errno 2] No such file or directory: '/home/mxt/robotscene/outputs/manual_web_demo/runtime/latest.tmp.jpg' -> '/home/mxt/robotscene/outputs/manual_web_demo/runtime/latest.jpg'
[manual-web-demo-worker] camera write failed: [Errno 2] No such file or directory: '/home/mxt/robotscene/outputs/manual_web_demo/runtime/latest.tmp.jpg' -> '/home/mxt/robotscene/outputs/manual_web_demo/runtime/latest.jpg'
[manual-web-demo-worker] camera write failed: [Errno 2] No such file or directory: '/home/mxt/robotscene/outputs/manual_web_demo/runtime/latest.tmp.jpg' -> '/home/mxt/robotscene/outputs/manual_web_demo/runtime/latest.jpg'
[manual-web-demo-worker] camera write failed: [Errno 2] No such file or directory: '/home/mxt/robotscene/outputs/manual_web_demo/runtime/latest.tmp.jpg' -> '/home/mxt/robotscene/outputs/manual_web_demo/runtime/latest.jpg'
[manual-web-demo-worker] camera write failed: [Errno 2] No such file or directory: '/home/mxt/robotscene/outputs/manual_web_demo/runtime/latest.tmp.jpg' -> '/home/mxt/robotscene/outputs/manual_web_demo/runtime/latest.jpg'
[manual-web-demo-worker] camera write failed: [Errno 2] No such file or directory: '/home/mxt/robotscene/outputs/manual_web_demo/runtime/latest.tmp.jpg' -> '/home/mxt/robotscene/outputs/manual_web_demo/runtime/latest.jpg'
[manual-web-demo-worker] camera write failed: [Errno 2] No such file or directory: '/home/mxt/robotscene/outputs/manual_web_demo/runtime/latest.tmp.jpg' -> '/home/mxt/robotscene/outputs/manual_web_demo/runtime/latest.jpg'
[manual-web-demo-worker] camera write failed: [Errno 2] No such file or directory: '/home/mxt/robotscene/outputs/manual_web_demo/runtime/latest.tmp.jpg' -> '/home/mxt/robotscene/outputs/manual_web_demo/runtime/latest.jpg'
[manual-web-demo-worker] camera write failed: [Errno 2] No such file or directory: '/home/mxt/robotscene/outputs/manual_web_demo/runtime/latest.tmp.jpg' -> '/home/mxt/robotscene/outputs/manual_web_demo/runtime/latest.jpg'
[manual-web-demo-worker] camera write failed: [Errno 2] No such file or directory: '/home/mxt/robotscene/outputs/manual_web_demo/runtime/latest.tmp.jpg' -> '/home/mxt/robotscene/outputs/manual_web_demo/runtime/latest.jpg'
[manual-web-demo-worker] camera write failed: [Errno 2] No such file or directory: '/home/mxt/robotscene/outputs/manual_web_demo/runtime/latest.tmp.jpg' -> '/home/mxt/robotscene/outputs/manual_web_demo/runtime/latest.jpg'
[manual-web-demo-worker] camera write failed: [Errno 2] No such file or directory: '/home/mxt/robotscene/outputs/manual_web_demo/runtime/latest.tmp.jpg' -> '/home/mxt/robotscene/outputs/manual_web_demo/runtime/latest.jpg'
[manual-web-demo-worker] camera write failed: [Errno 2] No such file or directory: '/home/mxt/robotscene/outputs/manual_web_demo/runtime/latest.tmp.jpg' -> '/home/mxt/robotscene/outputs/manual_web_demo/runtime/latest.jpg'
[manual-web-demo-worker] camera write failed: [Errno 2] No such file or directory: '/home/mxt/robotscene/outputs/manual_web_demo/runtime/latest.tmp.jpg' -> '/home/mxt/robotscene/outputs/manual_web_demo/runtime/latest.jpg'
[manual-web-demo-worker] camera write failed: [Errno 2] No such file or directory: '/home/mxt/robotscene/outputs/manual_web_demo/runtime/latest.tmp.jpg' -> '/home/mxt/robotscene/outputs/manual_web_demo/runtime/latest.jpg'
[manual-web-demo-worker] camera write failed: [Errno 2] No such file or directory: '/home/mxt/robotscene/outputs/manual_web_demo/runtime/latest.tmp.jpg' -> '/home/mxt/robotscene/outputs/manual_web_demo/runtime/latest.jpg'
[manual-web-demo-worker] camera write failed: [Errno 2] No such file or directory: '/home/mxt/robotscene/outputs/manual_web_demo/runtime/latest.tmp.jpg' -> '/home/mxt/robotscene/outputs/manual_web_demo/runtime/latest.jpg'
[manual-web-demo-worker] camera write failed: [Errno 2] No such file or directory: '/home/mxt/robotscene/outputs/manual_web_demo/runtime/latest.tmp.jpg' -> '/home/mxt/robotscene/outputs/manual_web_demo/runtime/latest.jpg'
[manual-web-demo-worker] camera write failed: [Errno 2] No such file or directory: '/home/mxt/robotscene/outputs/manual_web_demo/runtime/latest.tmp.jpg' -> '/home/mxt/robotscene/outputs/manual_web_demo/runtime/latest.jpg'
[manual-web-demo-worker] camera write failed: [Errno 2] No such file or directory: '/home/mxt/robotscene/outputs/manual_web_demo/runtime/latest.tmp.jpg' -> '/home/mxt/robotscene/outputs/manual_web_demo/runtime/latest.jpg'
[manual-web-demo-worker] camera write failed: [Errno 2] No such file or directory: '/home/mxt/robotscene/outputs/manual_web_demo/runtime/latest.tmp.jpg' -> '/home/mxt/robotscene/outputs/manual_web_demo/runtime/latest.jpg'
[manual-web-demo-worker] camera write failed: [Errno 2] No such file or directory: '/home/mxt/robotscene/outputs/manual_web_demo/runtime/latest.tmp.jpg' -> '/home/mxt/robotscene/outputs/manual_web_demo/runtime/latest.jpg'
[manual-web-demo-worker] camera write failed: [Errno 2] No such file or directory: '/home/mxt/robotscene/outputs/manual_web_demo/runtime/latest.tmp.jpg' -> '/home/mxt/robotscene/outputs/manual_web_demo/runtime/latest.jpg'
[manual-web-demo-worker] camera write failed: [Errno 2] No such file or directory: '/home/mxt/robotscene/outputs/manual_web_demo/runtime/latest.tmp.jpg' -> '/home/mxt/robotscene/outputs/manual_web_demo/runtime/latest.jpg'
[manual-web-demo-worker] camera write failed: [Errno 2] No such file or directory: '/home/mxt/robotscene/outputs/manual_web_demo/runtime/latest.tmp.jpg' -> '/home/mxt/robotscene/outputs/manual_web_demo/runtime/latest.jpg'
[manual-web-demo-worker] camera write failed: [Errno 2] No such file or directory: '/home/mxt/robotscene/outputs/manual_web_demo/runtime/latest.tmp.jpg' -> '/home/mxt/robotscene/outputs/manual_web_demo/runtime/latest.jpg'
[manual-web-demo-worker] camera write failed: [Errno 2] No such file or directory: '/home/mxt/robotscene/outputs/manual_web_demo/runtime/latest.tmp.jpg' -> '/home/mxt/robotscene/outputs/manual_web_demo/runtime/latest.jpg'
[manual-web-demo-worker] camera write failed: [Errno 2] No such file or directory: '/home/mxt/robotscene/outputs/manual_web_demo/runtime/latest.tmp.jpg' -> '/home/mxt/robotscene/outputs/manual_web_demo/runtime/latest.jpg'
[manual-web-demo-worker] camera write failed: [Errno 2] No such file or directory: '/home/mxt/robotscene/outputs/manual_web_demo/runtime/latest.tmp.jpg' -> '/home/mxt/robotscene/outputs/manual_web_demo/runtime/latest.jpg'
[manual-web-demo-worker] camera write failed: [Errno 2] No such file or directory: '/home/mxt/robotscene/outputs/manual_web_demo/runtime/latest.tmp.jpg' -> '/home/mxt/robotscene/outputs/manual_web_demo/runtime/latest.jpg'
[manual-web-demo-worker] camera write failed: [Errno 2] No such file or directory: '/home/mxt/robotscene/outputs/manual_web_demo/runtime/latest.tmp.jpg' -> '/home/mxt/robotscene/outputs/manual_web_demo/runtime/latest.jpg'
[manual-web-demo-worker] camera write failed: [Errno 2] No such file or directory: '/home/mxt/robotscene/outputs/manual_web_demo/runtime/latest.tmp.jpg' -> '/home/mxt/robotscene/outputs/manual_web_demo/runtime/latest.jpg'
[manual-web-demo-worker] camera write failed: [Errno 2] No such file or directory: '/home/mxt/robotscene/outputs/manual_web_demo/runtime/latest.tmp.jpg' -> '/home/mxt/robotscene/outputs/manual_web_demo/runtime/latest.jpg'
[manual-web-demo-worker] camera write failed: [Errno 2] No such file or directory: '/home/mxt/robotscene/outputs/manual_web_demo/runtime/latest.tmp.jpg' -> '/home/mxt/robotscene/outputs/manual_web_demo/runtime/latest.jpg'
[manual-web-demo-worker] camera write failed: [Errno 2] No such file or directory: '/home/mxt/robotscene/outputs/manual_web_demo/runtime/latest.tmp.jpg' -> '/home/mxt/robotscene/outputs/manual_web_demo/runtime/latest.jpg'
[manual-web-demo-worker] camera write failed: [Errno 2] No such file or directory: '/home/mxt/robotscene/outputs/manual_web_demo/runtime/latest.tmp.jpg' -> '/home/mxt/robotscene/outputs/manual_web_demo/runtime/latest.jpg'
[manual-web-demo-worker] camera write failed: [Errno 2] No such file or directory: '/home/mxt/robotscene/outputs/manual_web_demo/runtime/latest.tmp.jpg' -> '/home/mxt/robotscene/outputs/manual_web_demo/runtime/latest.jpg'
[manual-web-demo-worker] camera write failed: [Errno 2] No such file or directory: '/home/mxt/robotscene/outputs/manual_web_demo/runtime/latest.tmp.jpg' -> '/home/mxt/robotscene/outputs/manual_web_demo/runtime/latest.jpg'
[manual-web-demo-worker] camera write failed: [Errno 2] No such file or directory: '/home/mxt/robotscene/outputs/manual_web_demo/runtime/latest.tmp.jpg' -> '/home/mxt/robotscene/outputs/manual_web_demo/runtime/latest.jpg'
[manual-web-demo-worker] camera write failed: [Errno 2] No such file or directory: '/home/mxt/robotscene/outputs/manual_web_demo/runtime/latest.tmp.jpg' -> '/home/mxt/robotscene/outputs/manual_web_demo/runtime/latest.jpg'
[manual-web-demo-worker] camera write failed: [Errno 2] No such file or directory: '/home/mxt/robotscene/outputs/manual_web_demo/runtime/latest.tmp.jpg' -> '/home/mxt/robotscene/outputs/manual_web_demo/runtime/latest.jpg'
[manual-web-demo-worker] camera write failed: [Errno 2] No such file or directory: '/home/mxt/robotscene/outputs/manual_web_demo/runtime/latest.tmp.jpg' -> '/home/mxt/robotscene/outputs/manual_web_demo/runtime/latest.jpg'
[manual-web-demo-worker] camera write failed: [Errno 2] No such file or directory: '/home/mxt/robotscene/outputs/manual_web_demo/runtime/latest.tmp.jpg' -> '/home/mxt/robotscene/outputs/manual_web_demo/runtime/latest.jpg'
[manual-web-demo-worker] camera write failed: [Errno 2] No such file or directory: '/home/mxt/robotscene/outputs/manual_web_demo/runtime/latest.tmp.jpg' -> '/home/mxt/robotscene/outputs/manual_web_demo/runtime/latest.jpg'
[manual-web-demo-worker] camera write failed: [Errno 2] No such file or directory: '/home/mxt/robotscene/outputs/manual_web_demo/runtime/latest.tmp.jpg' -> '/home/mxt/robotscene/outputs/manual_web_demo/runtime/latest.jpg'
[manual-web-demo-worker] camera write failed: [Errno 2] No such file or directory: '/home/mxt/robotscene/outputs/manual_web_demo/runtime/latest.tmp.jpg' -> '/home/mxt/robotscene/outputs/manual_web_demo/runtime/latest.jpg'
[manual-web-demo-worker] camera write failed: [Errno 2] No such file or directory: '/home/mxt/robotscene/outputs/manual_web_demo/runtime/latest.tmp.jpg' -> '/home/mxt/robotscene/outputs/manual_web_demo/runtime/latest.jpg'
[manual-web-demo-worker] camera write failed: [Errno 2] No such file or directory: '/home/mxt/robotscene/outputs/manual_web_demo/runtime/latest.tmp.jpg' -> '/home/mxt/robotscene/outputs/manual_web_demo/runtime/latest.jpg'
[manual-web-demo-worker] camera write failed: [Errno 2] No such file or directory: '/home/mxt/robotscene/outputs/manual_web_demo/runtime/latest.tmp.jpg' -> '/home/mxt/robotscene/outputs/manual_web_demo/runtime/latest.jpg'
[manual-web-demo-worker] camera write failed: [Errno 2] No such file or directory: '/home/mxt/robotscene/outputs/manual_web_demo/runtime/latest.tmp.jpg' -> '/home/mxt/robotscene/outputs/manual_web_demo/runtime/latest.jpg'
[manual-web-demo-worker] camera write failed: [Errno 2] No such file or directory: '/home/mxt/robotscene/outputs/manual_web_demo/runtime/latest.tmp.jpg' -> '/home/mxt/robotscene/outputs/manual_web_demo/runtime/latest.jpg'
[manual-web-demo-worker] camera write failed: [Errno 2] No such file or directory: '/home/mxt/robotscene/outputs/manual_web_demo/runtime/latest.tmp.jpg' -> '/home/mxt/robotscene/outputs/manual_web_demo/runtime/latest.jpg'
[manual-web-demo-worker] camera write failed: [Errno 2] No such file or directory: '/home/mxt/robotscene/outputs/manual_web_demo/runtime/latest.tmp.jpg' -> '/home/mxt/robotscene/outputs/manual_web_demo/runtime/latest.jpg'
[manual-web-demo-worker] camera write failed: [Errno 2] No such file or directory: '/home/mxt/robotscene/outputs/manual_web_demo/runtime/latest.tmp.jpg' -> '/home/mxt/robotscene/outputs/manual_web_demo/runtime/latest.jpg'
[manual-web-demo-worker] camera write failed: [Errno 2] No such file or directory: '/home/mxt/robotscene/outputs/manual_web_demo/runtime/latest.tmp.jpg' -> '/home/mxt/robotscene/outputs/manual_web_demo/runtime/latest.jpg'
[manual-web-demo-worker] camera write failed: [Errno 2] No such file or directory: '/home/mxt/robotscene/outputs/manual_web_demo/runtime/latest.tmp.jpg' -> '/home/mxt/robotscene/outputs/manual_web_demo/runtime/latest.jpg'
[manual-web-demo-worker] camera write failed: [Errno 2] No such file or directory: '/home/mxt/robotscene/outputs/manual_web_demo/runtime/latest.tmp.jpg' -> '/home/mxt/robotscene/outputs/manual_web_demo/runtime/latest.jpg'
[manual-web-demo-worker] camera write failed: [Errno 2] No such file or directory: '/home/mxt/robotscene/outputs/manual_web_demo/runtime/latest.tmp.jpg' -> '/home/mxt/robotscene/outputs/manual_web_demo/runtime/latest.jpg'
[manual-web-demo-worker] camera write failed: [Errno 2] No such file or directory: '/home/mxt/robotscene/outputs/manual_web_demo/runtime/latest.tmp.jpg' -> '/home/mxt/robotscene/outputs/manual_web_demo/runtime/latest.jpg'
[manual-web-demo-worker] camera write failed: [Errno 2] No such file or directory: '/home/mxt/robotscene/outputs/manual_web_demo/runtime/latest.tmp.jpg' -> '/home/mxt/robotscene/outputs/manual_web_demo/runtime/latest.jpg'
[manual-web-demo-worker] camera write failed: [Errno 2] No such file or directory: '/home/mxt/robotscene/outputs/manual_web_demo/runtime/latest.tmp.jpg' -> '/home/mxt/robotscene/outputs/manual_web_demo/runtime/latest.jpg'
[manual-web-demo-worker] camera write failed: [Errno 2] No such file or directory: '/home/mxt/robotscene/outputs/manual_web_demo/runtime/latest.tmp.jpg' -> '/home/mxt/robotscene/outputs/manual_web_demo/runtime/latest.jpg'
[manual-web-demo-worker] camera write failed: [Errno 2] No such file or directory: '/home/mxt/robotscene/outputs/manual_web_demo/runtime/latest.tmp.jpg' -> '/home/mxt/robotscene/outputs/manual_web_demo/runtime/latest.jpg'
[manual-web-demo-worker] camera write failed: [Errno 2] No such file or directory: '/home/mxt/robotscene/outputs/manual_web_demo/runtime/latest.tmp.jpg' -> '/home/mxt/robotscene/outputs/manual_web_demo/runtime/latest.jpg'
[manual-web-demo-worker] camera write failed: [Errno 2] No such file or directory: '/home/mxt/robotscene/outputs/manual_web_demo/runtime/latest.tmp.jpg' -> '/home/mxt/robotscene/outputs/manual_web_demo/runtime/latest.jpg'
[manual-web-demo-worker] camera write failed: [Errno 2] No such file or directory: '/home/mxt/robotscene/outputs/manual_web_demo/runtime/latest.tmp.jpg' -> '/home/mxt/robotscene/outputs/manual_web_demo/runtime/latest.jpg'
[manual-web-demo-worker] camera write failed: [Errno 2] No such file or directory: '/home/mxt/robotscene/outputs/manual_web_demo/runtime/latest.tmp.jpg' -> '/home/mxt/robotscene/outputs/manual_web_demo/runtime/latest.jpg'
[manual-web-demo-worker] camera write failed: [Errno 2] No such file or directory: '/home/mxt/robotscene/outputs/manual_web_demo/runtime/latest.tmp.jpg' -> '/home/mxt/robotscene/outputs/manual_web_demo/runtime/latest.jpg'
[manual-web-demo-worker] camera write failed: [Errno 2] No such file or directory: '/home/mxt/robotscene/outputs/manual_web_demo/runtime/latest.tmp.jpg' -> '/home/mxt/robotscene/outputs/manual_web_demo/runtime/latest.jpg'
[manual-web-demo-worker] camera write failed: [Errno 2] No such file or directory: '/home/mxt/robotscene/outputs/manual_web_demo/runtime/latest.tmp.jpg' -> '/home/mxt/robotscene/outputs/manual_web_demo/runtime/latest.jpg'
[manual-web-demo-worker] camera write failed: [Errno 2] No such file or directory: '/home/mxt/robotscene/outputs/manual_web_demo/runtime/latest.tmp.jpg' -> '/home/mxt/robotscene/outputs/manual_web_demo/runtime/latest.jpg'
[manual-web-demo-worker] camera write failed: [Errno 2] No such file or directory: '/home/mxt/robotscene/outputs/manual_web_demo/runtime/latest.tmp.jpg' -> '/home/mxt/robotscene/outputs/manual_web_demo/runtime/latest.jpg'
[manual-web-demo-worker] camera write failed: [Errno 2] No such file or directory: '/home/mxt/robotscene/outputs/manual_web_demo/runtime/latest.tmp.jpg' -> '/home/mxt/robotscene/outputs/manual_web_demo/runtime/latest.jpg'
[manual-web-demo-worker] camera write failed: [Errno 2] No such file or directory: '/home/mxt/robotscene/outputs/manual_web_demo/runtime/latest.tmp.jpg' -> '/home/mxt/robotscene/outputs/manual_web_demo/runtime/latest.jpg'
[manual-web-demo-worker] camera write failed: [Errno 2] No such file or directory: '/home/mxt/robotscene/outputs/manual_web_demo/runtime/latest.tmp.jpg' -> '/home/mxt/robotscene/outputs/manual_web_demo/runtime/latest.jpg'
[manual-web-demo-worker] camera write failed: [Errno 2] No such file or directory: '/home/mxt/robotscene/outputs/manual_web_demo/runtime/latest.tmp.jpg' -> '/home/mxt/robotscene/outputs/manual_web_demo/runtime/latest.jpg'
[manual-web-demo-worker] camera write failed: [Errno 2] No such file or directory: '/home/mxt/robotscene/outputs/manual_web_demo/runtime/latest.tmp.jpg' -> '/home/mxt/robotscene/outputs/manual_web_demo/runtime/latest.jpg'
[manual-web-demo-worker] camera write failed: [Errno 2] No such file or directory: '/home/mxt/robotscene/outputs/manual_web_demo/runtime/latest.tmp.jpg' -> '/home/mxt/robotscene/outputs/manual_web_demo/runtime/latest.jpg'
[manual-web-demo-worker] camera write failed: [Errno 2] No such file or directory: '/home/mxt/robotscene/outputs/manual_web_demo/runtime/latest.tmp.jpg' -> '/home/mxt/robotscene/outputs/manual_web_demo/runtime/latest.jpg'
[manual-web-demo-worker] camera write failed: [Errno 2] No such file or directory: '/home/mxt/robotscene/outputs/manual_web_demo/runtime/latest.tmp.jpg' -> '/home/mxt/robotscene/outputs/manual_web_demo/runtime/latest.jpg'
[manual-web-demo-worker] camera write failed: [Errno 2] No such file or directory: '/home/mxt/robotscene/outputs/manual_web_demo/runtime/latest.tmp.jpg' -> '/home/mxt/robotscene/outputs/manual_web_demo/runtime/latest.jpg'
[manual-web-demo-worker] camera write failed: [Errno 2] No such file or directory: '/home/mxt/robotscene/outputs/manual_web_demo/runtime/latest.tmp.jpg' -> '/home/mxt/robotscene/outputs/manual_web_demo/runtime/latest.jpg'
[manual-web-demo-worker] camera write failed: [Errno 2] No such file or directory: '/home/mxt/robotscene/outputs/manual_web_demo/runtime/latest.tmp.jpg' -> '/home/mxt/robotscene/outputs/manual_web_demo/runtime/latest.jpg'
[manual-web-demo-worker] camera write failed: [Errno 2] No such file or directory: '/home/mxt/robotscene/outputs/manual_web_demo/runtime/latest.tmp.jpg' -> '/home/mxt/robotscene/outputs/manual_web_demo/runtime/latest.jpg'
[manual-web-demo-worker] camera write failed: [Errno 2] No such file or directory: '/home/mxt/robotscene/outputs/manual_web_demo/runtime/latest.tmp.jpg' -> '/home/mxt/robotscene/outputs/manual_web_demo/runtime/latest.jpg'
[manual-web-demo-worker] camera write failed: [Errno 2] No such file or directory: '/home/mxt/robotscene/outputs/manual_web_demo/runtime/latest.tmp.jpg' -> '/home/mxt/robotscene/outputs/manual_web_demo/runtime/latest.jpg'
[manual-web-demo-worker] camera write failed: [Errno 2] No such file or directory: '/home/mxt/robotscene/outputs/manual_web_demo/runtime/latest.tmp.jpg' -> '/home/mxt/robotscene/outputs/manual_web_demo/runtime/latest.jpg'
[manual-web-demo-worker] camera write failed: [Errno 2] No such file or directory: '/home/mxt/robotscene/outputs/manual_web_demo/runtime/latest.tmp.jpg' -> '/home/mxt/robotscene/outputs/manual_web_demo/runtime/latest.jpg'
[manual-web-demo-worker] camera write failed: [Errno 2] No such file or directory: '/home/mxt/robotscene/outputs/manual_web_demo/runtime/latest.tmp.jpg' -> '/home/mxt/robotscene/outputs/manual_web_demo/runtime/latest.jpg'
[manual-web-demo-worker] camera write failed: [Errno 2] No such file or directory: '/home/mxt/robotscene/outputs/manual_web_demo/runtime/latest.tmp.jpg' -> '/home/mxt/robotscene/outputs/manual_web_demo/runtime/latest.jpg'
[manual-web-demo-worker] camera write failed: [Errno 2] No such file or directory: '/home/mxt/robotscene/outputs/manual_web_demo/runtime/latest.tmp.jpg' -> '/home/mxt/robotscene/outputs/manual_web_demo/runtime/latest.jpg'
[manual-web-demo-worker] camera write failed: [Errno 2] No such file or directory: '/home/mxt/robotscene/outputs/manual_web_demo/runtime/latest.tmp.jpg' -> '/home/mxt/robotscene/outputs/manual_web_demo/runtime/latest.jpg'
[manual-web-demo-worker] camera write failed: [Errno 2] No such file or directory: '/home/mxt/robotscene/outputs/manual_web_demo/runtime/latest.tmp.jpg' -> '/home/mxt/robotscene/outputs/manual_web_demo/runtime/latest.jpg'
[manual-web-demo-worker] camera write failed: [Errno 2] No such file or directory: '/home/mxt/robotscene/outputs/manual_web_demo/runtime/latest.tmp.jpg' -> '/home/mxt/robotscene/outputs/manual_web_demo/runtime/latest.jpg'
[manual-web-demo-worker] camera write failed: [Errno 2] No such file or directory: '/home/mxt/robotscene/outputs/manual_web_demo/runtime/latest.tmp.jpg' -> '/home/mxt/robotscene/outputs/manual_web_demo/runtime/latest.jpg'
[manual-web-demo-worker] camera write failed: [Errno 2] No such file or directory: '/home/mxt/robotscene/outputs/manual_web_demo/runtime/latest.tmp.jpg' -> '/home/mxt/robotscene/outputs/manual_web_demo/runtime/latest.jpg'
[manual-web-demo-worker] camera write failed: [Errno 2] No such file or directory: '/home/mxt/robotscene/outputs/manual_web_demo/runtime/latest.tmp.jpg' -> '/home/mxt/robotscene/outputs/manual_web_demo/runtime/latest.jpg'
[manual-web-demo-worker] camera write failed: [Errno 2] No such file or directory: '/home/mxt/robotscene/outputs/manual_web_demo/runtime/latest.tmp.jpg' -> '/home/mxt/robotscene/outputs/manual_web_demo/runtime/latest.jpg'
[manual-web-demo-worker] camera write failed: [Errno 2] No such file or directory: '/home/mxt/robotscene/outputs/manual_web_demo/runtime/latest.tmp.jpg' -> '/home/mxt/robotscene/outputs/manual_web_demo/runtime/latest.jpg'
[manual-web-demo-worker] camera write failed: [Errno 2] No such file or directory: '/home/mxt/robotscene/outputs/manual_web_demo/runtime/latest.tmp.jpg' -> '/home/mxt/robotscene/outputs/manual_web_demo/runtime/latest.jpg'
[manual-web-demo-worker] camera write failed: [Errno 2] No such file or directory: '/home/mxt/robotscene/outputs/manual_web_demo/runtime/latest.tmp.jpg' -> '/home/mxt/robotscene/outputs/manual_web_demo/runtime/latest.jpg'
[manual-web-demo-worker] camera write failed: [Errno 2] No such file or directory: '/home/mxt/robotscene/outputs/manual_web_demo/runtime/latest.tmp.jpg' -> '/home/mxt/robotscene/outputs/manual_web_demo/runtime/latest.jpg'
[manual-web-demo-worker] camera write failed: [Errno 2] No such file or directory: '/home/mxt/robotscene/outputs/manual_web_demo/runtime/latest.tmp.jpg' -> '/home/mxt/robotscene/outputs/manual_web_demo/runtime/latest.jpg'
[manual-web-demo-worker] camera write failed: [Errno 2] No such file or directory: '/home/mxt/robotscene/outputs/manual_web_demo/runtime/latest.tmp.jpg' -> '/home/mxt/robotscene/outputs/manual_web_demo/runtime/latest.jpg'
[manual-web-demo-worker] camera write failed: [Errno 2] No such file or directory: '/home/mxt/robotscene/outputs/manual_web_demo/runtime/latest.tmp.jpg' -> '/home/mxt/robotscene/outputs/manual_web_demo/runtime/latest.jpg'
[manual-web-demo-worker] camera write failed: [Errno 2] No such file or directory: '/home/mxt/robotscene/outputs/manual_web_demo/runtime/latest.tmp.jpg' -> '/home/mxt/robotscene/outputs/manual_web_demo/runtime/latest.jpg'
[manual-web-demo-worker] camera write failed: [Errno 2] No such file or directory: '/home/mxt/robotscene/outputs/manual_web_demo/runtime/latest.tmp.jpg' -> '/home/mxt/robotscene/outputs/manual_web_demo/runtime/latest.jpg'
[manual-web-demo-worker] camera write failed: [Errno 2] No such file or directory: '/home/mxt/robotscene/outputs/manual_web_demo/runtime/latest.tmp.jpg' -> '/home/mxt/robotscene/outputs/manual_web_demo/runtime/latest.jpg'
[manual-web-demo-worker] camera write failed: [Errno 2] No such file or directory: '/home/mxt/robotscene/outputs/manual_web_demo/runtime/latest.tmp.jpg' -> '/home/mxt/robotscene/outputs/manual_web_demo/runtime/latest.jpg'
[manual-web-demo-worker] camera write failed: [Errno 2] No such file or directory: '/home/mxt/robotscene/outputs/manual_web_demo/runtime/latest.tmp.jpg' -> '/home/mxt/robotscene/outputs/manual_web_demo/runtime/latest.jpg'
[manual-web-demo-worker] camera write failed: [Errno 2] No such file or directory: '/home/mxt/robotscene/outputs/manual_web_demo/runtime/latest.tmp.jpg' -> '/home/mxt/robotscene/outputs/manual_web_demo/runtime/latest.jpg'
[manual-web-demo-worker] camera write failed: [Errno 2] No such file or directory: '/home/mxt/robotscene/outputs/manual_web_demo/runtime/latest.tmp.jpg' -> '/home/mxt/robotscene/outputs/manual_web_demo/runtime/latest.jpg'
[manual-web-demo-worker] camera write failed: [Errno 2] No such file or directory: '/home/mxt/robotscene/outputs/manual_web_demo/runtime/latest.tmp.jpg' -> '/home/mxt/robotscene/outputs/manual_web_demo/runtime/latest.jpg'
[manual-web-demo-worker] camera write failed: [Errno 2] No such file or directory: '/home/mxt/robotscene/outputs/manual_web_demo/runtime/latest.tmp.jpg' -> '/home/mxt/robotscene/outputs/manual_web_demo/runtime/latest.jpg'
[manual-web-demo-worker] camera write failed: [Errno 2] No such file or directory: '/home/mxt/robotscene/outputs/manual_web_demo/runtime/latest.tmp.jpg' -> '/home/mxt/robotscene/outputs/manual_web_demo/runtime/latest.jpg'
[manual-web-demo-worker] camera write failed: [Errno 2] No such file or directory: '/home/mxt/robotscene/outputs/manual_web_demo/runtime/latest.tmp.jpg' -> '/home/mxt/robotscene/outputs/manual_web_demo/runtime/latest.jpg'
[manual-web-demo-worker] camera write failed: [Errno 2] No such file or directory: '/home/mxt/robotscene/outputs/manual_web_demo/runtime/latest.tmp.jpg' -> '/home/mxt/robotscene/outputs/manual_web_demo/runtime/latest.jpg'
[manual-web-demo-worker] camera write failed: [Errno 2] No such file or directory: '/home/mxt/robotscene/outputs/manual_web_demo/runtime/latest.tmp.jpg' -> '/home/mxt/robotscene/outputs/manual_web_demo/runtime/latest.jpg'
[manual-web-demo-worker] camera write failed: [Errno 2] No such file or directory: '/home/mxt/robotscene/outputs/manual_web_demo/runtime/latest.tmp.jpg' -> '/home/mxt/robotscene/outputs/manual_web_demo/runtime/latest.jpg'
[manual-web-demo-worker] camera write failed: [Errno 2] No such file or directory: '/home/mxt/robotscene/outputs/manual_web_demo/runtime/latest.tmp.jpg' -> '/home/mxt/robotscene/outputs/manual_web_demo/runtime/latest.jpg'
[manual-web-demo-worker] camera write failed: [Errno 2] No such file or directory: '/home/mxt/robotscene/outputs/manual_web_demo/runtime/latest.tmp.jpg' -> '/home/mxt/robotscene/outputs/manual_web_demo/runtime/latest.jpg'
[manual-web-demo-worker] camera write failed: [Errno 2] No such file or directory: '/home/mxt/robotscene/outputs/manual_web_demo/runtime/latest.tmp.jpg' -> '/home/mxt/robotscene/outputs/manual_web_demo/runtime/latest.jpg'
[manual-web-demo-worker] camera write failed: [Errno 2] No such file or directory: '/home/mxt/robotscene/outputs/manual_web_demo/runtime/latest.tmp.jpg' -> '/home/mxt/robotscene/outputs/manual_web_demo/runtime/latest.jpg'
[manual-web-demo-worker] camera write failed: [Errno 2] No such file or directory: '/home/mxt/robotscene/outputs/manual_web_demo/runtime/latest.tmp.jpg' -> '/home/mxt/robotscene/outputs/manual_web_demo/runtime/latest.jpg'
[manual-web-demo-worker] camera write failed: [Errno 2] No such file or directory: '/home/mxt/robotscene/outputs/manual_web_demo/runtime/latest.tmp.jpg' -> '/home/mxt/robotscene/outputs/manual_web_demo/runtime/latest.jpg'
[manual-web-demo-worker] camera write failed: [Errno 2] No such file or directory: '/home/mxt/robotscene/outputs/manual_web_demo/runtime/latest.tmp.jpg' -> '/home/mxt/robotscene/outputs/manual_web_demo/runtime/latest.jpg'
[manual-web-demo-worker] camera write failed: [Errno 2] No such file or directory: '/home/mxt/robotscene/outputs/manual_web_demo/runtime/latest.tmp.jpg' -> '/home/mxt/robotscene/outputs/manual_web_demo/runtime/latest.jpg'
[manual-web-demo-worker] camera write failed: [Errno 2] No such file or directory: '/home/mxt/robotscene/outputs/manual_web_demo/runtime/latest.tmp.jpg' -> '/home/mxt/robotscene/outputs/manual_web_demo/runtime/latest.jpg'
[manual-web-demo-worker] camera write failed: [Errno 2] No such file or directory: '/home/mxt/robotscene/outputs/manual_web_demo/runtime/latest.tmp.jpg' -> '/home/mxt/robotscene/outputs/manual_web_demo/runtime/latest.jpg'
[manual-web-demo-worker] camera write failed: [Errno 2] No such file or directory: '/home/mxt/robotscene/outputs/manual_web_demo/runtime/latest.tmp.jpg' -> '/home/mxt/robotscene/outputs/manual_web_demo/runtime/latest.jpg'
[manual-web-demo-worker] camera write failed: [Errno 2] No such file or directory: '/home/mxt/robotscene/outputs/manual_web_demo/runtime/latest.tmp.jpg' -> '/home/mxt/robotscene/outputs/manual_web_demo/runtime/latest.jpg'
[manual-web-demo-worker] camera write failed: [Errno 2] No such file or directory: '/home/mxt/robotscene/outputs/manual_web_demo/runtime/latest.tmp.jpg' -> '/home/mxt/robotscene/outputs/manual_web_demo/runtime/latest.jpg'
[manual-web-demo-worker] camera write failed: [Errno 2] No such file or directory: '/home/mxt/robotscene/outputs/manual_web_demo/runtime/latest.tmp.jpg' -> '/home/mxt/robotscene/outputs/manual_web_demo/runtime/latest.jpg'
[manual-web-demo-worker] camera write failed: [Errno 2] No such file or directory: '/home/mxt/robotscene/outputs/manual_web_demo/runtime/latest.tmp.jpg' -> '/home/mxt/robotscene/outputs/manual_web_demo/runtime/latest.jpg'
[manual-web-demo-worker] camera write failed: [Errno 2] No such file or directory: '/home/mxt/robotscene/outputs/manual_web_demo/runtime/latest.tmp.jpg' -> '/home/mxt/robotscene/outputs/manual_web_demo/runtime/latest.jpg'
[manual-web-demo-worker] camera write failed: [Errno 2] No such file or directory: '/home/mxt/robotscene/outputs/manual_web_demo/runtime/latest.tmp.jpg' -> '/home/mxt/robotscene/outputs/manual_web_demo/runtime/latest.jpg'
[manual-web-demo-worker] camera write failed: [Errno 2] No such file or directory: '/home/mxt/robotscene/outputs/manual_web_demo/runtime/latest.tmp.jpg' -> '/home/mxt/robotscene/outputs/manual_web_demo/runtime/latest.jpg'
[manual-web-demo-worker] camera write failed: [Errno 2] No such file or directory: '/home/mxt/robotscene/outputs/manual_web_demo/runtime/latest.tmp.jpg' -> '/home/mxt/robotscene/outputs/manual_web_demo/runtime/latest.jpg'
[manual-web-demo-worker] camera write failed: [Errno 2] No such file or directory: '/home/mxt/robotscene/outputs/manual_web_demo/runtime/latest.tmp.jpg' -> '/home/mxt/robotscene/outputs/manual_web_demo/runtime/latest.jpg'
[manual-web-demo-worker] camera write failed: [Errno 2] No such file or directory: '/home/mxt/robotscene/outputs/manual_web_demo/runtime/latest.tmp.jpg' -> '/home/mxt/robotscene/outputs/manual_web_demo/runtime/latest.jpg'
[manual-web-demo-worker] camera write failed: [Errno 2] No such file or directory: '/home/mxt/robotscene/outputs/manual_web_demo/runtime/latest.tmp.jpg' -> '/home/mxt/robotscene/outputs/manual_web_demo/runtime/latest.jpg'
[manual-web-demo-worker] camera write failed: [Errno 2] No such file or directory: '/home/mxt/robotscene/outputs/manual_web_demo/runtime/latest.tmp.jpg' -> '/home/mxt/robotscene/outputs/manual_web_demo/runtime/latest.jpg'
[manual-web-demo-worker] camera write failed: [Errno 2] No such file or directory: '/home/mxt/robotscene/outputs/manual_web_demo/runtime/latest.tmp.jpg' -> '/home/mxt/robotscene/outputs/manual_web_demo/runtime/latest.jpg'
[manual-web-demo-worker] camera write failed: [Errno 2] No such file or directory: '/home/mxt/robotscene/outputs/manual_web_demo/runtime/latest.tmp.jpg' -> '/home/mxt/robotscene/outputs/manual_web_demo/runtime/latest.jpg'
[manual-web-demo-worker] camera write failed: [Errno 2] No such file or directory: '/home/mxt/robotscene/outputs/manual_web_demo/runtime/latest.tmp.jpg' -> '/home/mxt/robotscene/outputs/manual_web_demo/runtime/latest.jpg'
[manual-web-demo-worker] camera write failed: [Errno 2] No such file or directory: '/home/mxt/robotscene/outputs/manual_web_demo/runtime/latest.tmp.jpg' -> '/home/mxt/robotscene/outputs/manual_web_demo/runtime/latest.jpg'
[manual-web-demo-worker] camera write failed: [Errno 2] No such file or directory: '/home/mxt/robotscene/outputs/manual_web_demo/runtime/latest.tmp.jpg' -> '/home/mxt/robotscene/outputs/manual_web_demo/runtime/latest.jpg'
[manual-web-demo-worker] camera write failed: [Errno 2] No such file or directory: '/home/mxt/robotscene/outputs/manual_web_demo/runtime/latest.tmp.jpg' -> '/home/mxt/robotscene/outputs/manual_web_demo/runtime/latest.jpg'
[manual-web-demo-worker] camera write failed: [Errno 2] No such file or directory: '/home/mxt/robotscene/outputs/manual_web_demo/runtime/latest.tmp.jpg' -> '/home/mxt/robotscene/outputs/manual_web_demo/runtime/latest.jpg'
[manual-web-demo-worker] camera write failed: [Errno 2] No such file or directory: '/home/mxt/robotscene/outputs/manual_web_demo/runtime/latest.tmp.jpg' -> '/home/mxt/robotscene/outputs/manual_web_demo/runtime/latest.jpg'
[manual-web-demo-worker] camera write failed: [Errno 2] No such file or directory: '/home/mxt/robotscene/outputs/manual_web_demo/runtime/latest.tmp.jpg' -> '/home/mxt/robotscene/outputs/manual_web_demo/runtime/latest.jpg'
[manual-web-demo-worker] camera write failed: [Errno 2] No such file or directory: '/home/mxt/robotscene/outputs/manual_web_demo/runtime/latest.tmp.jpg' -> '/home/mxt/robotscene/outputs/manual_web_demo/runtime/latest.jpg'
[manual-web-demo-worker] camera write failed: [Errno 2] No such file or directory: '/home/mxt/robotscene/outputs/manual_web_demo/runtime/latest.tmp.jpg' -> '/home/mxt/robotscene/outputs/manual_web_demo/runtime/latest.jpg'
[manual-web-demo-worker] camera write failed: [Errno 2] No such file or directory: '/home/mxt/robotscene/outputs/manual_web_demo/runtime/latest.tmp.jpg' -> '/home/mxt/robotscene/outputs/manual_web_demo/runtime/latest.jpg'
[manual-web-demo-worker] camera write failed: [Errno 2] No such file or directory: '/home/mxt/robotscene/outputs/manual_web_demo/runtime/latest.tmp.jpg' -> '/home/mxt/robotscene/outputs/manual_web_demo/runtime/latest.jpg'
[manual-web-demo-worker] camera write failed: [Errno 2] No such file or directory: '/home/mxt/robotscene/outputs/manual_web_demo/runtime/latest.tmp.jpg' -> '/home/mxt/robotscene/outputs/manual_web_demo/runtime/latest.jpg'
[manual-web-demo-worker] camera write failed: [Errno 2] No such file or directory: '/home/mxt/robotscene/outputs/manual_web_demo/runtime/latest.tmp.jpg' -> '/home/mxt/robotscene/outputs/manual_web_demo/runtime/latest.jpg'
[manual-web-demo-worker] camera write failed: [Errno 2] No such file or directory: '/home/mxt/robotscene/outputs/manual_web_demo/runtime/latest.tmp.jpg' -> '/home/mxt/robotscene/outputs/manual_web_demo/runtime/latest.jpg'
[manual-web-demo-worker] camera write failed: [Errno 2] No such file or directory: '/home/mxt/robotscene/outputs/manual_web_demo/runtime/latest.tmp.jpg' -> '/home/mxt/robotscene/outputs/manual_web_demo/runtime/latest.jpg'
[manual-web-demo-worker] camera write failed: [Errno 2] No such file or directory: '/home/mxt/robotscene/outputs/manual_web_demo/runtime/latest.tmp.jpg' -> '/home/mxt/robotscene/outputs/manual_web_demo/runtime/latest.jpg'
[manual-web-demo-worker] camera write failed: [Errno 2] No such file or directory: '/home/mxt/robotscene/outputs/manual_web_demo/runtime/latest.tmp.jpg' -> '/home/mxt/robotscene/outputs/manual_web_demo/runtime/latest.jpg'
[manual-web-demo-worker] camera write failed: [Errno 2] No such file or directory: '/home/mxt/robotscene/outputs/manual_web_demo/runtime/latest.tmp.jpg' -> '/home/mxt/robotscene/outputs/manual_web_demo/runtime/latest.jpg'
[manual-web-demo-worker] camera write failed: [Errno 2] No such file or directory: '/home/mxt/robotscene/outputs/manual_web_demo/runtime/latest.tmp.jpg' -> '/home/mxt/robotscene/outputs/manual_web_demo/runtime/latest.jpg'
[manual-web-demo-worker] camera write failed: [Errno 2] No such file or directory: '/home/mxt/robotscene/outputs/manual_web_demo/runtime/latest.tmp.jpg' -> '/home/mxt/robotscene/outputs/manual_web_demo/runtime/latest.jpg'
[manual-web-demo-worker] camera write failed: [Errno 2] No such file or directory: '/home/mxt/robotscene/outputs/manual_web_demo/runtime/latest.tmp.jpg' -> '/home/mxt/robotscene/outputs/manual_web_demo/runtime/latest.jpg'
[manual-web-demo-worker] camera write failed: [Errno 2] No such file or directory: '/home/mxt/robotscene/outputs/manual_web_demo/runtime/latest.tmp.jpg' -> '/home/mxt/robotscene/outputs/manual_web_demo/runtime/latest.jpg'
[manual-web-demo-worker] camera write failed: [Errno 2] No such file or directory: '/home/mxt/robotscene/outputs/manual_web_demo/runtime/latest.tmp.jpg' -> '/home/mxt/robotscene/outputs/manual_web_demo/runtime/latest.jpg'
[manual-web-demo-worker] camera write failed: [Errno 2] No such file or directory: '/home/mxt/robotscene/outputs/manual_web_demo/runtime/latest.tmp.jpg' -> '/home/mxt/robotscene/outputs/manual_web_demo/runtime/latest.jpg'
[manual-web-demo-worker] camera write failed: [Errno 2] No such file or directory: '/home/mxt/robotscene/outputs/manual_web_demo/runtime/latest.tmp.jpg' -> '/home/mxt/robotscene/outputs/manual_web_demo/runtime/latest.jpg'
[manual-web-demo-worker] camera write failed: [Errno 2] No such file or directory: '/home/mxt/robotscene/outputs/manual_web_demo/runtime/latest.tmp.jpg' -> '/home/mxt/robotscene/outputs/manual_web_demo/runtime/latest.jpg'
[manual-web-demo-worker] camera write failed: [Errno 2] No such file or directory: '/home/mxt/robotscene/outputs/manual_web_demo/runtime/latest.tmp.jpg' -> '/home/mxt/robotscene/outputs/manual_web_demo/runtime/latest.jpg'
[manual-web-demo-worker] camera write failed: [Errno 2] No such file or directory: '/home/mxt/robotscene/outputs/manual_web_demo/runtime/latest.tmp.jpg' -> '/home/mxt/robotscene/outputs/manual_web_demo/runtime/latest.jpg'
[manual-web-demo-worker] camera write failed: [Errno 2] No such file or directory: '/home/mxt/robotscene/outputs/manual_web_demo/runtime/latest.tmp.jpg' -> '/home/mxt/robotscene/outputs/manual_web_demo/runtime/latest.jpg'
[manual-web-demo-worker] camera write failed: [Errno 2] No such file or directory: '/home/mxt/robotscene/outputs/manual_web_demo/runtime/latest.tmp.jpg' -> '/home/mxt/robotscene/outputs/manual_web_demo/runtime/latest.jpg'
[manual-web-demo-worker] camera write failed: [Errno 2] No such file or directory: '/home/mxt/robotscene/outputs/manual_web_demo/runtime/latest.tmp.jpg' -> '/home/mxt/robotscene/outputs/manual_web_demo/runtime/latest.jpg'
[manual-web-demo-worker] camera write failed: [Errno 2] No such file or directory: '/home/mxt/robotscene/outputs/manual_web_demo/runtime/latest.tmp.jpg' -> '/home/mxt/robotscene/outputs/manual_web_demo/runtime/latest.jpg'
[manual-web-demo-worker] camera write failed: [Errno 2] No such file or directory: '/home/mxt/robotscene/outputs/manual_web_demo/runtime/latest.tmp.jpg' -> '/home/mxt/robotscene/outputs/manual_web_demo/runtime/latest.jpg'
[manual-web-demo-worker] camera write failed: [Errno 2] No such file or directory: '/home/mxt/robotscene/outputs/manual_web_demo/runtime/latest.tmp.jpg' -> '/home/mxt/robotscene/outputs/manual_web_demo/runtime/latest.jpg'
[manual-web-demo-worker] camera write failed: [Errno 2] No such file or directory: '/home/mxt/robotscene/outputs/manual_web_demo/runtime/latest.tmp.jpg' -> '/home/mxt/robotscene/outputs/manual_web_demo/runtime/latest.jpg'
[manual-web-demo-worker] camera write failed: [Errno 2] No such file or directory: '/home/mxt/robotscene/outputs/manual_web_demo/runtime/latest.tmp.jpg' -> '/home/mxt/robotscene/outputs/manual_web_demo/runtime/latest.jpg'
[manual-web-demo-worker] camera write failed: [Errno 2] No such file or directory: '/home/mxt/robotscene/outputs/manual_web_demo/runtime/latest.tmp.jpg' -> '/home/mxt/robotscene/outputs/manual_web_demo/runtime/latest.jpg'
[manual-web-demo-worker] camera write failed: [Errno 2] No such file or directory: '/home/mxt/robotscene/outputs/manual_web_demo/runtime/latest.tmp.jpg' -> '/home/mxt/robotscene/outputs/manual_web_demo/runtime/latest.jpg'
[manual-web-demo-worker] camera write failed: [Errno 2] No such file or directory: '/home/mxt/robotscene/outputs/manual_web_demo/runtime/latest.tmp.jpg' -> '/home/mxt/robotscene/outputs/manual_web_demo/runtime/latest.jpg'
[manual-web-demo-worker] camera write failed: [Errno 2] No such file or directory: '/home/mxt/robotscene/outputs/manual_web_demo/runtime/latest.tmp.jpg' -> '/home/mxt/robotscene/outputs/manual_web_demo/runtime/latest.jpg'
[manual-web-demo-worker] camera write failed: [Errno 2] No such file or directory: '/home/mxt/robotscene/outputs/manual_web_demo/runtime/latest.tmp.jpg' -> '/home/mxt/robotscene/outputs/manual_web_demo/runtime/latest.jpg'
[manual-web-demo-worker] camera write failed: [Errno 2] No such file or directory: '/home/mxt/robotscene/outputs/manual_web_demo/runtime/latest.tmp.jpg' -> '/home/mxt/robotscene/outputs/manual_web_demo/runtime/latest.jpg'
[manual-web-demo-worker] camera write failed: [Errno 2] No such file or directory: '/home/mxt/robotscene/outputs/manual_web_demo/runtime/latest.tmp.jpg' -> '/home/mxt/robotscene/outputs/manual_web_demo/runtime/latest.jpg'
[manual-web-demo-worker] camera write failed: [Errno 2] No such file or directory: '/home/mxt/robotscene/outputs/manual_web_demo/runtime/latest.tmp.jpg' -> '/home/mxt/robotscene/outputs/manual_web_demo/runtime/latest.jpg'
[manual-web-demo-worker] camera write failed: [Errno 2] No such file or directory: '/home/mxt/robotscene/outputs/manual_web_demo/runtime/latest.tmp.jpg' -> '/home/mxt/robotscene/outputs/manual_web_demo/runtime/latest.jpg'
[manual-web-demo-worker] camera write failed: [Errno 2] No such file or directory: '/home/mxt/robotscene/outputs/manual_web_demo/runtime/latest.tmp.jpg' -> '/home/mxt/robotscene/outputs/manual_web_demo/runtime/latest.jpg'
[manual-web-demo-worker] camera write failed: [Errno 2] No such file or directory: '/home/mxt/robotscene/outputs/manual_web_demo/runtime/latest.tmp.jpg' -> '/home/mxt/robotscene/outputs/manual_web_demo/runtime/latest.jpg'
[manual-web-demo-worker] camera write failed: [Errno 2] No such file or directory: '/home/mxt/robotscene/outputs/manual_web_demo/runtime/latest.tmp.jpg' -> '/home/mxt/robotscene/outputs/manual_web_demo/runtime/latest.jpg'
[manual-web-demo-worker] camera write failed: [Errno 2] No such file or directory: '/home/mxt/robotscene/outputs/manual_web_demo/runtime/latest.tmp.jpg' -> '/home/mxt/robotscene/outputs/manual_web_demo/runtime/latest.jpg'
[manual-web-demo-worker] camera write failed: [Errno 2] No such file or directory: '/home/mxt/robotscene/outputs/manual_web_demo/runtime/latest.tmp.jpg' -> '/home/mxt/robotscene/outputs/manual_web_demo/runtime/latest.jpg'
[manual-web-demo-worker] camera write failed: [Errno 2] No such file or directory: '/home/mxt/robotscene/outputs/manual_web_demo/runtime/latest.tmp.jpg' -> '/home/mxt/robotscene/outputs/manual_web_demo/runtime/latest.jpg'
[manual-web-demo-worker] camera write failed: [Errno 2] No such file or directory: '/home/mxt/robotscene/outputs/manual_web_demo/runtime/latest.tmp.jpg' -> '/home/mxt/robotscene/outputs/manual_web_demo/runtime/latest.jpg'
[manual-web-demo-worker] camera write failed: [Errno 2] No such file or directory: '/home/mxt/robotscene/outputs/manual_web_demo/runtime/latest.tmp.jpg' -> '/home/mxt/robotscene/outputs/manual_web_demo/runtime/latest.jpg'
[manual-web-demo-worker] camera write failed: [Errno 2] No such file or directory: '/home/mxt/robotscene/outputs/manual_web_demo/runtime/latest.tmp.jpg' -> '/home/mxt/robotscene/outputs/manual_web_demo/runtime/latest.jpg'
[manual-web-demo-worker] camera write failed: [Errno 2] No such file or directory: '/home/mxt/robotscene/outputs/manual_web_demo/runtime/latest.tmp.jpg' -> '/home/mxt/robotscene/outputs/manual_web_demo/runtime/latest.jpg'
[manual-web-demo-worker] camera write failed: [Errno 2] No such file or directory: '/home/mxt/robotscene/outputs/manual_web_demo/runtime/latest.tmp.jpg' -> '/home/mxt/robotscene/outputs/manual_web_demo/runtime/latest.jpg'
[manual-web-demo-worker] camera write failed: [Errno 2] No such file or directory: '/home/mxt/robotscene/outputs/manual_web_demo/runtime/latest.tmp.jpg' -> '/home/mxt/robotscene/outputs/manual_web_demo/runtime/latest.jpg'
[manual-web-demo-worker] camera write failed: [Errno 2] No such file or directory: '/home/mxt/robotscene/outputs/manual_web_demo/runtime/latest.tmp.jpg' -> '/home/mxt/robotscene/outputs/manual_web_demo/runtime/latest.jpg'
[manual-web-demo-worker] camera write failed: [Errno 2] No such file or directory: '/home/mxt/robotscene/outputs/manual_web_demo/runtime/latest.tmp.jpg' -> '/home/mxt/robotscene/outputs/manual_web_demo/runtime/latest.jpg'
[manual-web-demo-worker] camera write failed: [Errno 2] No such file or directory: '/home/mxt/robotscene/outputs/manual_web_demo/runtime/latest.tmp.jpg' -> '/home/mxt/robotscene/outputs/manual_web_demo/runtime/latest.jpg'
[manual-web-demo-worker] camera write failed: [Errno 2] No such file or directory: '/home/mxt/robotscene/outputs/manual_web_demo/runtime/latest.tmp.jpg' -> '/home/mxt/robotscene/outputs/manual_web_demo/runtime/latest.jpg'
[manual-web-demo-worker] camera write failed: [Errno 2] No such file or directory: '/home/mxt/robotscene/outputs/manual_web_demo/runtime/latest.tmp.jpg' -> '/home/mxt/robotscene/outputs/manual_web_demo/runtime/latest.jpg'
[manual-web-demo-worker] camera write failed: [Errno 2] No such file or directory: '/home/mxt/robotscene/outputs/manual_web_demo/runtime/latest.tmp.jpg' -> '/home/mxt/robotscene/outputs/manual_web_demo/runtime/latest.jpg'
[manual-web-demo-worker] camera write failed: [Errno 2] No such file or directory: '/home/mxt/robotscene/outputs/manual_web_demo/runtime/latest.tmp.jpg' -> '/home/mxt/robotscene/outputs/manual_web_demo/runtime/latest.jpg'
[manual-web-demo-worker] camera write failed: [Errno 2] No such file or directory: '/home/mxt/robotscene/outputs/manual_web_demo/runtime/latest.tmp.jpg' -> '/home/mxt/robotscene/outputs/manual_web_demo/runtime/latest.jpg'
[manual-web-demo-worker] camera write failed: [Errno 2] No such file or directory: '/home/mxt/robotscene/outputs/manual_web_demo/runtime/latest.tmp.jpg' -> '/home/mxt/robotscene/outputs/manual_web_demo/runtime/latest.jpg'
[manual-web-demo-worker] camera write failed: [Errno 2] No such file or directory: '/home/mxt/robotscene/outputs/manual_web_demo/runtime/latest.tmp.jpg' -> '/home/mxt/robotscene/outputs/manual_web_demo/runtime/latest.jpg'
[manual-web-demo-worker] camera write failed: [Errno 2] No such file or directory: '/home/mxt/robotscene/outputs/manual_web_demo/runtime/latest.tmp.jpg' -> '/home/mxt/robotscene/outputs/manual_web_demo/runtime/latest.jpg'
[manual-web-demo-worker] camera write failed: [Errno 2] No such file or directory: '/home/mxt/robotscene/outputs/manual_web_demo/runtime/latest.tmp.jpg' -> '/home/mxt/robotscene/outputs/manual_web_demo/runtime/latest.jpg'
[manual-web-demo-worker] camera write failed: [Errno 2] No such file or directory: '/home/mxt/robotscene/outputs/manual_web_demo/runtime/latest.tmp.jpg' -> '/home/mxt/robotscene/outputs/manual_web_demo/runtime/latest.jpg'
[manual-web-demo-worker] camera write failed: [Errno 2] No such file or directory: '/home/mxt/robotscene/outputs/manual_web_demo/runtime/latest.tmp.jpg' -> '/home/mxt/robotscene/outputs/manual_web_demo/runtime/latest.jpg'
[manual-web-demo-worker] camera write failed: [Errno 2] No such file or directory: '/home/mxt/robotscene/outputs/manual_web_demo/runtime/latest.tmp.jpg' -> '/home/mxt/robotscene/outputs/manual_web_demo/runtime/latest.jpg'
[manual-web-demo-worker] camera write failed: [Errno 2] No such file or directory: '/home/mxt/robotscene/outputs/manual_web_demo/runtime/latest.tmp.jpg' -> '/home/mxt/robotscene/outputs/manual_web_demo/runtime/latest.jpg'
[manual-web-demo-worker] camera write failed: [Errno 2] No such file or directory: '/home/mxt/robotscene/outputs/manual_web_demo/runtime/latest.tmp.jpg' -> '/home/mxt/robotscene/outputs/manual_web_demo/runtime/latest.jpg'
[manual-web-demo-worker] camera write failed: [Errno 2] No such file or directory: '/home/mxt/robotscene/outputs/manual_web_demo/runtime/latest.tmp.jpg' -> '/home/mxt/robotscene/outputs/manual_web_demo/runtime/latest.jpg'
[manual-web-demo-worker] camera write failed: [Errno 2] No such file or directory: '/home/mxt/robotscene/outputs/manual_web_demo/runtime/latest.tmp.jpg' -> '/home/mxt/robotscene/outputs/manual_web_demo/runtime/latest.jpg'
[manual-web-demo-worker] camera write failed: [Errno 2] No such file or directory: '/home/mxt/robotscene/outputs/manual_web_demo/runtime/latest.tmp.jpg' -> '/home/mxt/robotscene/outputs/manual_web_demo/runtime/latest.jpg'
[manual-web-demo-worker] camera write failed: [Errno 2] No such file or directory: '/home/mxt/robotscene/outputs/manual_web_demo/runtime/latest.tmp.jpg' -> '/home/mxt/robotscene/outputs/manual_web_demo/runtime/latest.jpg'
[manual-web-demo-worker] camera write failed: [Errno 2] No such file or directory: '/home/mxt/robotscene/outputs/manual_web_demo/runtime/latest.tmp.jpg' -> '/home/mxt/robotscene/outputs/manual_web_demo/runtime/latest.jpg'
[manual-web-demo-worker] camera write failed: [Errno 2] No such file or directory: '/home/mxt/robotscene/outputs/manual_web_demo/runtime/latest.tmp.jpg' -> '/home/mxt/robotscene/outputs/manual_web_demo/runtime/latest.jpg'
[manual-web-demo-worker] camera write failed: [Errno 2] No such file or directory: '/home/mxt/robotscene/outputs/manual_web_demo/runtime/latest.tmp.jpg' -> '/home/mxt/robotscene/outputs/manual_web_demo/runtime/latest.jpg'
[manual-web-demo-worker] camera write failed: [Errno 2] No such file or directory: '/home/mxt/robotscene/outputs/manual_web_demo/runtime/latest.tmp.jpg' -> '/home/mxt/robotscene/outputs/manual_web_demo/runtime/latest.jpg'
[manual-web-demo-worker] camera write failed: [Errno 2] No such file or directory: '/home/mxt/robotscene/outputs/manual_web_demo/runtime/latest.tmp.jpg' -> '/home/mxt/robotscene/outputs/manual_web_demo/runtime/latest.jpg'
[manual-web-demo-worker] camera write failed: [Errno 2] No such file or directory: '/home/mxt/robotscene/outputs/manual_web_demo/runtime/latest.tmp.jpg' -> '/home/mxt/robotscene/outputs/manual_web_demo/runtime/latest.jpg'
[manual-web-demo-worker] camera write failed: [Errno 2] No such file or directory: '/home/mxt/robotscene/outputs/manual_web_demo/runtime/latest.tmp.jpg' -> '/home/mxt/robotscene/outputs/manual_web_demo/runtime/latest.jpg'
[manual-web-demo-worker] camera write failed: [Errno 2] No such file or directory: '/home/mxt/robotscene/outputs/manual_web_demo/runtime/latest.tmp.jpg' -> '/home/mxt/robotscene/outputs/manual_web_demo/runtime/latest.jpg'
[manual-web-demo-worker] camera write failed: [Errno 2] No such file or directory: '/home/mxt/robotscene/outputs/manual_web_demo/runtime/latest.tmp.jpg' -> '/home/mxt/robotscene/outputs/manual_web_demo/runtime/latest.jpg'
[manual-web-demo-worker] camera write failed: [Errno 2] No such file or directory: '/home/mxt/robotscene/outputs/manual_web_demo/runtime/latest.tmp.jpg' -> '/home/mxt/robotscene/outputs/manual_web_demo/runtime/latest.jpg'
[manual-web-demo-worker] camera write failed: [Errno 2] No such file or directory: '/home/mxt/robotscene/outputs/manual_web_demo/runtime/latest.tmp.jpg' -> '/home/mxt/robotscene/outputs/manual_web_demo/runtime/latest.jpg'
[manual-web-demo-worker] camera write failed: [Errno 2] No such file or directory: '/home/mxt/robotscene/outputs/manual_web_demo/runtime/latest.tmp.jpg' -> '/home/mxt/robotscene/outputs/manual_web_demo/runtime/latest.jpg'
[manual-web-demo-worker] camera write failed: [Errno 2] No such file or directory: '/home/mxt/robotscene/outputs/manual_web_demo/runtime/latest.tmp.jpg' -> '/home/mxt/robotscene/outputs/manual_web_demo/runtime/latest.jpg'
[manual-web-demo-worker] camera write failed: [Errno 2] No such file or directory: '/home/mxt/robotscene/outputs/manual_web_demo/runtime/latest.tmp.jpg' -> '/home/mxt/robotscene/outputs/manual_web_demo/runtime/latest.jpg'
[manual-web-demo-worker] camera write failed: [Errno 2] No such file or directory: '/home/mxt/robotscene/outputs/manual_web_demo/runtime/latest.tmp.jpg' -> '/home/mxt/robotscene/outputs/manual_web_demo/runtime/latest.jpg'
[manual-web-demo-worker] camera write failed: [Errno 2] No such file or directory: '/home/mxt/robotscene/outputs/manual_web_demo/runtime/latest.tmp.jpg' -> '/home/mxt/robotscene/outputs/manual_web_demo/runtime/latest.jpg'
[manual-web-demo-worker] camera write failed: [Errno 2] No such file or directory: '/home/mxt/robotscene/outputs/manual_web_demo/runtime/latest.tmp.jpg' -> '/home/mxt/robotscene/outputs/manual_web_demo/runtime/latest.jpg'
[manual-web-demo-worker] camera write failed: [Errno 2] No such file or directory: '/home/mxt/robotscene/outputs/manual_web_demo/runtime/latest.tmp.jpg' -> '/home/mxt/robotscene/outputs/manual_web_demo/runtime/latest.jpg'
[manual-web-demo-worker] camera write failed: [Errno 2] No such file or directory: '/home/mxt/robotscene/outputs/manual_web_demo/runtime/latest.tmp.jpg' -> '/home/mxt/robotscene/outputs/manual_web_demo/runtime/latest.jpg'
[manual-web-demo-worker] camera write failed: [Errno 2] No such file or directory: '/home/mxt/robotscene/outputs/manual_web_demo/runtime/latest.tmp.jpg' -> '/home/mxt/robotscene/outputs/manual_web_demo/runtime/latest.jpg'
[manual-web-demo-worker] camera write failed: [Errno 2] No such file or directory: '/home/mxt/robotscene/outputs/manual_web_demo/runtime/latest.tmp.jpg' -> '/home/mxt/robotscene/outputs/manual_web_demo/runtime/latest.jpg'
[manual-web-demo-worker] camera write failed: [Errno 2] No such file or directory: '/home/mxt/robotscene/outputs/manual_web_demo/runtime/latest.tmp.jpg' -> '/home/mxt/robotscene/outputs/manual_web_demo/runtime/latest.jpg'
[manual-web-demo-worker] camera write failed: [Errno 2] No such file or directory: '/home/mxt/robotscene/outputs/manual_web_demo/runtime/latest.tmp.jpg' -> '/home/mxt/robotscene/outputs/manual_web_demo/runtime/latest.jpg'
[manual-web-demo-worker] camera write failed: [Errno 2] No such file or directory: '/home/mxt/robotscene/outputs/manual_web_demo/runtime/latest.tmp.jpg' -> '/home/mxt/robotscene/outputs/manual_web_demo/runtime/latest.jpg'
[manual-web-demo-worker] camera write failed: [Errno 2] No such file or directory: '/home/mxt/robotscene/outputs/manual_web_demo/runtime/latest.tmp.jpg' -> '/home/mxt/robotscene/outputs/manual_web_demo/runtime/latest.jpg'
[manual-web-demo-worker] camera write failed: [Errno 2] No such file or directory: '/home/mxt/robotscene/outputs/manual_web_demo/runtime/latest.tmp.jpg' -> '/home/mxt/robotscene/outputs/manual_web_demo/runtime/latest.jpg'
[manual-web-demo-worker] camera write failed: [Errno 2] No such file or directory: '/home/mxt/robotscene/outputs/manual_web_demo/runtime/latest.tmp.jpg' -> '/home/mxt/robotscene/outputs/manual_web_demo/runtime/latest.jpg'
[manual-web-demo-worker] camera write failed: [Errno 2] No such file or directory: '/home/mxt/robotscene/outputs/manual_web_demo/runtime/latest.tmp.jpg' -> '/home/mxt/robotscene/outputs/manual_web_demo/runtime/latest.jpg'
[manual-web-demo-worker] camera write failed: [Errno 2] No such file or directory: '/home/mxt/robotscene/outputs/manual_web_demo/runtime/latest.tmp.jpg' -> '/home/mxt/robotscene/outputs/manual_web_demo/runtime/latest.jpg'
[manual-web-demo-worker] camera write failed: [Errno 2] No such file or directory: '/home/mxt/robotscene/outputs/manual_web_demo/runtime/latest.tmp.jpg' -> '/home/mxt/robotscene/outputs/manual_web_demo/runtime/latest.jpg'
[manual-web-demo-worker] camera write failed: [Errno 2] No such file or directory: '/home/mxt/robotscene/outputs/manual_web_demo/runtime/latest.tmp.jpg' -> '/home/mxt/robotscene/outputs/manual_web_demo/runtime/latest.jpg'
[manual-web-demo-worker] camera write failed: [Errno 2] No such file or directory: '/home/mxt/robotscene/outputs/manual_web_demo/runtime/latest.tmp.jpg' -> '/home/mxt/robotscene/outputs/manual_web_demo/runtime/latest.jpg'
[manual-web-demo-worker] camera write failed: [Errno 2] No such file or directory: '/home/mxt/robotscene/outputs/manual_web_demo/runtime/latest.tmp.jpg' -> '/home/mxt/robotscene/outputs/manual_web_demo/runtime/latest.jpg'
[manual-web-demo-worker] camera write failed: [Errno 2] No such file or directory: '/home/mxt/robotscene/outputs/manual_web_demo/runtime/latest.tmp.jpg' -> '/home/mxt/robotscene/outputs/manual_web_demo/runtime/latest.jpg'
[manual-web-demo-worker] camera write failed: [Errno 2] No such file or directory: '/home/mxt/robotscene/outputs/manual_web_demo/runtime/latest.tmp.jpg' -> '/home/mxt/robotscene/outputs/manual_web_demo/runtime/latest.jpg'
[manual-web-demo-worker] camera write failed: [Errno 2] No such file or directory: '/home/mxt/robotscene/outputs/manual_web_demo/runtime/latest.tmp.jpg' -> '/home/mxt/robotscene/outputs/manual_web_demo/runtime/latest.jpg'
[manual-web-demo-worker] camera write failed: [Errno 2] No such file or directory: '/home/mxt/robotscene/outputs/manual_web_demo/runtime/latest.tmp.jpg' -> '/home/mxt/robotscene/outputs/manual_web_demo/runtime/latest.jpg'
[manual-web-demo-worker] camera write failed: [Errno 2] No such file or directory: '/home/mxt/robotscene/outputs/manual_web_demo/runtime/latest.tmp.jpg' -> '/home/mxt/robotscene/outputs/manual_web_demo/runtime/latest.jpg'
[INFO] [1787114975.991129647] [manual_web_demo_ros_worker]: manual web demo ROS worker ready
[manual-web-demo-worker] camera write failed: [Errno 2] No such file or directory: '/home/mxt/robotscene/outputs/manual_web_demo/runtime/latest.tmp.jpg' -> '/home/mxt/robotscene/outputs/manual_web_demo/runtime/latest.jpg'
[manual-web-demo-worker] camera write failed: [Errno 2] No such file or directory: '/home/mxt/robotscene/outputs/manual_web_demo/runtime/latest.tmp.jpg' -> '/home/mxt/robotscene/outputs/manual_web_demo/runtime/latest.jpg'
[manual-web-demo-worker] camera write failed: [Errno 2] No such file or directory: '/home/mxt/robotscene/outputs/manual_web_demo/runtime/latest.tmp.jpg' -> '/home/mxt/robotscene/outputs/manual_web_demo/runtime/latest.jpg'
[manual-web-demo-worker] camera write failed: [Errno 2] No such file or directory: '/home/mxt/robotscene/outputs/manual_web_demo/runtime/latest.tmp.jpg' -> '/home/mxt/robotscene/outputs/manual_web_demo/runtime/latest.jpg'
[manual-web-demo-worker] camera write failed: [Errno 2] No such file or directory: '/home/mxt/robotscene/outputs/manual_web_demo/runtime/latest.tmp.jpg' -> '/home/mxt/robotscene/outputs/manual_web_demo/runtime/latest.jpg'
[manual-web-demo-worker] camera write failed: [Errno 2] No such file or directory: '/home/mxt/robotscene/outputs/manual_web_demo/runtime/latest.tmp.jpg' -> '/home/mxt/robotscene/outputs/manual_web_demo/runtime/latest.jpg'
[manual-web-demo-worker] camera write failed: [Errno 2] No such file or directory: '/home/mxt/robotscene/outputs/manual_web_demo/runtime/latest.tmp.jpg' -> '/home/mxt/robotscene/outputs/manual_web_demo/runtime/latest.jpg'
[manual-web-demo-worker] camera write failed: [Errno 2] No such file or directory: '/home/mxt/robotscene/outputs/manual_web_demo/runtime/latest.tmp.jpg' -> '/home/mxt/robotscene/outputs/manual_web_demo/runtime/latest.jpg'
[manual-web-demo-worker] camera write failed: [Errno 2] No such file or directory: '/home/mxt/robotscene/outputs/manual_web_demo/runtime/latest.tmp.jpg' -> '/home/mxt/robotscene/outputs/manual_web_demo/runtime/latest.jpg'
[manual-web-demo-worker] camera write failed: [Errno 2] No such file or directory: '/home/mxt/robotscene/outputs/manual_web_demo/runtime/latest.tmp.jpg' -> '/home/mxt/robotscene/outputs/manual_web_demo/runtime/latest.jpg'
[manual-web-demo-worker] camera write failed: [Errno 2] No such file or directory: '/home/mxt/robotscene/outputs/manual_web_demo/runtime/latest.tmp.jpg' -> '/home/mxt/robotscene/outputs/manual_web_demo/runtime/latest.jpg'
[manual-web-demo-worker] camera write failed: [Errno 2] No such file or directory: '/home/mxt/robotscene/outputs/manual_web_demo/runtime/latest.tmp.jpg' -> '/home/mxt/robotscene/outputs/manual_web_demo/runtime/latest.jpg'
[manual-web-demo-worker] camera write failed: [Errno 2] No such file or directory: '/home/mxt/robotscene/outputs/manual_web_demo/runtime/latest.tmp.jpg' -> '/home/mxt/robotscene/outputs/manual_web_demo/runtime/latest.jpg'
[manual-web-demo-worker] camera write failed: [Errno 2] No such file or directory: '/home/mxt/robotscene/outputs/manual_web_demo/runtime/latest.tmp.jpg' -> '/home/mxt/robotscene/outputs/manual_web_demo/runtime/latest.jpg'
[manual-web-demo-worker] camera write failed: [Errno 2] No such file or directory: '/home/mxt/robotscene/outputs/manual_web_demo/runtime/latest.tmp.jpg' -> '/home/mxt/robotscene/outputs/manual_web_demo/runtime/latest.jpg'
[manual-web-demo-worker] camera write failed: [Errno 2] No such file or directory: '/home/mxt/robotscene/outputs/manual_web_demo/runtime/latest.tmp.jpg' -> '/home/mxt/robotscene/outputs/manual_web_demo/runtime/latest.jpg'
[manual-web-demo-worker] camera write failed: [Errno 2] No such file or directory: '/home/mxt/robotscene/outputs/manual_web_demo/runtime/latest.tmp.jpg' -> '/home/mxt/robotscene/outputs/manual_web_demo/runtime/latest.jpg'
[manual-web-demo-worker] camera write failed: [Errno 2] No such file or directory: '/home/mxt/robotscene/outputs/manual_web_demo/runtime/latest.tmp.jpg' -> '/home/mxt/robotscene/outputs/manual_web_demo/runtime/latest.jpg'
[manual-web-demo-worker] camera write failed: [Errno 2] No such file or directory: '/home/mxt/robotscene/outputs/manual_web_demo/runtime/latest.tmp.jpg' -> '/home/mxt/robotscene/outputs/manual_web_demo/runtime/latest.jpg'
[manual-web-demo-worker] camera write failed: [Errno 2] No such file or directory: '/home/mxt/robotscene/outputs/manual_web_demo/runtime/latest.tmp.jpg' -> '/home/mxt/robotscene/outputs/manual_web_demo/runtime/latest.jpg'
[manual-web-demo-worker] camera write failed: [Errno 2] No such file or directory: '/home/mxt/robotscene/outputs/manual_web_demo/runtime/latest.tmp.jpg' -> '/home/mxt/robotscene/outputs/manual_web_demo/runtime/latest.jpg'
[manual-web-demo-worker] camera write failed: [Errno 2] No such file or directory: '/home/mxt/robotscene/outputs/manual_web_demo/runtime/latest.tmp.jpg' -> '/home/mxt/robotscene/outputs/manual_web_demo/runtime/latest.jpg'
[manual-web-demo-worker] camera write failed: [Errno 2] No such file or directory: '/home/mxt/robotscene/outputs/manual_web_demo/runtime/latest.tmp.jpg' -> '/home/mxt/robotscene/outputs/manual_web_demo/runtime/latest.jpg'
[manual-web-demo-worker] camera write failed: [Errno 2] No such file or directory: '/home/mxt/robotscene/outputs/manual_web_demo/runtime/latest.tmp.jpg' -> '/home/mxt/robotscene/outputs/manual_web_demo/runtime/latest.jpg'
[manual-web-demo-worker] camera write failed: [Errno 2] No such file or directory: '/home/mxt/robotscene/outputs/manual_web_demo/runtime/latest.tmp.jpg' -> '/home/mxt/robotscene/outputs/manual_web_demo/runtime/latest.jpg'
[manual-web-demo-worker] camera write failed: [Errno 2] No such file or directory: '/home/mxt/robotscene/outputs/manual_web_demo/runtime/latest.tmp.jpg' -> '/home/mxt/robotscene/outputs/manual_web_demo/runtime/latest.jpg'
[manual-web-demo-worker] camera write failed: [Errno 2] No such file or directory: '/home/mxt/robotscene/outputs/manual_web_demo/runtime/latest.tmp.jpg' -> '/home/mxt/robotscene/outputs/manual_web_demo/runtime/latest.jpg'
[manual-web-demo-worker] camera write failed: [Errno 2] No such file or directory: '/home/mxt/robotscene/outputs/manual_web_demo/runtime/latest.tmp.jpg' -> '/home/mxt/robotscene/outputs/manual_web_demo/runtime/latest.jpg'
[manual-web-demo-worker] camera write failed: [Errno 2] No such file or directory: '/home/mxt/robotscene/outputs/manual_web_demo/runtime/latest.tmp.jpg' -> '/home/mxt/robotscene/outputs/manual_web_demo/runtime/latest.jpg'
[manual-web-demo-worker] camera write failed: [Errno 2] No such file or directory: '/home/mxt/robotscene/outputs/manual_web_demo/runtime/latest.tmp.jpg' -> '/home/mxt/robotscene/outputs/manual_web_demo/runtime/latest.jpg'
[manual-web-demo-worker] camera write failed: [Errno 2] No such file or directory: '/home/mxt/robotscene/outputs/manual_web_demo/runtime/latest.tmp.jpg' -> '/home/mxt/robotscene/outputs/manual_web_demo/runtime/latest.jpg'
[manual-web-demo-worker] camera write failed: [Errno 2] No such file or directory: '/home/mxt/robotscene/outputs/manual_web_demo/runtime/latest.tmp.jpg' -> '/home/mxt/robotscene/outputs/manual_web_demo/runtime/latest.jpg'
[manual-web-demo-worker] camera write failed: [Errno 2] No such file or directory: '/home/mxt/robotscene/outputs/manual_web_demo/runtime/latest.tmp.jpg' -> '/home/mxt/robotscene/outputs/manual_web_demo/runtime/latest.jpg'
[manual-web-demo-worker] camera write failed: [Errno 2] No such file or directory: '/home/mxt/robotscene/outputs/manual_web_demo/runtime/latest.tmp.jpg' -> '/home/mxt/robotscene/outputs/manual_web_demo/runtime/latest.jpg'
[manual-web-demo-worker] camera write failed: [Errno 2] No such file or directory: '/home/mxt/robotscene/outputs/manual_web_demo/runtime/latest.tmp.jpg' -> '/home/mxt/robotscene/outputs/manual_web_demo/runtime/latest.jpg'
[manual-web-demo-worker] camera write failed: [Errno 2] No such file or directory: '/home/mxt/robotscene/outputs/manual_web_demo/runtime/latest.tmp.jpg' -> '/home/mxt/robotscene/outputs/manual_web_demo/runtime/latest.jpg'
[manual-web-demo-worker] camera write failed: [Errno 2] No such file or directory: '/home/mxt/robotscene/outputs/manual_web_demo/runtime/latest.tmp.jpg' -> '/home/mxt/robotscene/outputs/manual_web_demo/runtime/latest.jpg'
[manual-web-demo-worker] camera write failed: [Errno 2] No such file or directory: '/home/mxt/robotscene/outputs/manual_web_demo/runtime/latest.tmp.jpg' -> '/home/mxt/robotscene/outputs/manual_web_demo/runtime/latest.jpg'
[manual-web-demo-worker] camera write failed: [Errno 2] No such file or directory: '/home/mxt/robotscene/outputs/manual_web_demo/runtime/latest.tmp.jpg' -> '/home/mxt/robotscene/outputs/manual_web_demo/runtime/latest.jpg'
[manual-web-demo-worker] camera write failed: [Errno 2] No such file or directory: '/home/mxt/robotscene/outputs/manual_web_demo/runtime/latest.tmp.jpg' -> '/home/mxt/robotscene/outputs/manual_web_demo/runtime/latest.jpg'
[manual-web-demo-worker] camera write failed: [Errno 2] No such file or directory: '/home/mxt/robotscene/outputs/manual_web_demo/runtime/latest.tmp.jpg' -> '/home/mxt/robotscene/outputs/manual_web_demo/runtime/latest.jpg'
[manual-web-demo-worker] camera write failed: [Errno 2] No such file or directory: '/home/mxt/robotscene/outputs/manual_web_demo/runtime/latest.tmp.jpg' -> '/home/mxt/robotscene/outputs/manual_web_demo/runtime/latest.jpg'
[manual-web-demo-worker] camera write failed: [Errno 2] No such file or directory: '/home/mxt/robotscene/outputs/manual_web_demo/runtime/latest.tmp.jpg' -> '/home/mxt/robotscene/outputs/manual_web_demo/runtime/latest.jpg'
[manual-web-demo-worker] camera write failed: [Errno 2] No such file or directory: '/home/mxt/robotscene/outputs/manual_web_demo/runtime/latest.tmp.jpg' -> '/home/mxt/robotscene/outputs/manual_web_demo/runtime/latest.jpg'
[manual-web-demo-worker] camera write failed: [Errno 2] No such file or directory: '/home/mxt/robotscene/outputs/manual_web_demo/runtime/latest.tmp.jpg' -> '/home/mxt/robotscene/outputs/manual_web_demo/runtime/latest.jpg'
[manual-web-demo-worker] camera write failed: [Errno 2] No such file or directory: '/home/mxt/robotscene/outputs/manual_web_demo/runtime/latest.tmp.jpg' -> '/home/mxt/robotscene/outputs/manual_web_demo/runtime/latest.jpg'
[manual-web-demo-worker] camera write failed: [Errno 2] No such file or directory: '/home/mxt/robotscene/outputs/manual_web_demo/runtime/latest.tmp.jpg' -> '/home/mxt/robotscene/outputs/manual_web_demo/runtime/latest.jpg'
[manual-web-demo-worker] camera write failed: [Errno 2] No such file or directory: '/home/mxt/robotscene/outputs/manual_web_demo/runtime/latest.tmp.jpg' -> '/home/mxt/robotscene/outputs/manual_web_demo/runtime/latest.jpg'
[manual-web-demo-worker] camera write failed: [Errno 2] No such file or directory: '/home/mxt/robotscene/outputs/manual_web_demo/runtime/latest.tmp.jpg' -> '/home/mxt/robotscene/outputs/manual_web_demo/runtime/latest.jpg'
[manual-web-demo-worker] camera write failed: [Errno 2] No such file or directory: '/home/mxt/robotscene/outputs/manual_web_demo/runtime/latest.tmp.jpg' -> '/home/mxt/robotscene/outputs/manual_web_demo/runtime/latest.jpg'
[manual-web-demo-worker] camera write failed: [Errno 2] No such file or directory: '/home/mxt/robotscene/outputs/manual_web_demo/runtime/latest.tmp.jpg' -> '/home/mxt/robotscene/outputs/manual_web_demo/runtime/latest.jpg'
[manual-web-demo-worker] camera write failed: [Errno 2] No such file or directory: '/home/mxt/robotscene/outputs/manual_web_demo/runtime/latest.tmp.jpg' -> '/home/mxt/robotscene/outputs/manual_web_demo/runtime/latest.jpg'
[manual-web-demo-worker] camera write failed: [Errno 2] No such file or directory: '/home/mxt/robotscene/outputs/manual_web_demo/runtime/latest.tmp.jpg' -> '/home/mxt/robotscene/outputs/manual_web_demo/runtime/latest.jpg'
[manual-web-demo-worker] camera write failed: [Errno 2] No such file or directory: '/home/mxt/robotscene/outputs/manual_web_demo/runtime/latest.tmp.jpg' -> '/home/mxt/robotscene/outputs/manual_web_demo/runtime/latest.jpg'
[manual-web-demo-worker] camera write failed: [Errno 2] No such file or directory: '/home/mxt/robotscene/outputs/manual_web_demo/runtime/latest.tmp.jpg' -> '/home/mxt/robotscene/outputs/manual_web_demo/runtime/latest.jpg'
[manual-web-demo-worker] camera write failed: [Errno 2] No such file or directory: '/home/mxt/robotscene/outputs/manual_web_demo/runtime/latest.tmp.jpg' -> '/home/mxt/robotscene/outputs/manual_web_demo/runtime/latest.jpg'
[manual-web-demo-worker] camera write failed: [Errno 2] No such file or directory: '/home/mxt/robotscene/outputs/manual_web_demo/runtime/latest.tmp.jpg' -> '/home/mxt/robotscene/outputs/manual_web_demo/runtime/latest.jpg'
[manual-web-demo-worker] camera write failed: [Errno 2] No such file or directory: '/home/mxt/robotscene/outputs/manual_web_demo/runtime/latest.tmp.jpg' -> '/home/mxt/robotscene/outputs/manual_web_demo/runtime/latest.jpg'
[manual-web-demo-worker] camera write failed: [Errno 2] No such file or directory: '/home/mxt/robotscene/outputs/manual_web_demo/runtime/latest.tmp.jpg' -> '/home/mxt/robotscene/outputs/manual_web_demo/runtime/latest.jpg'
[manual-web-demo-worker] camera write failed: [Errno 2] No such file or directory: '/home/mxt/robotscene/outputs/manual_web_demo/runtime/latest.tmp.jpg' -> '/home/mxt/robotscene/outputs/manual_web_demo/runtime/latest.jpg'
[manual-web-demo-worker] camera write failed: [Errno 2] No such file or directory: '/home/mxt/robotscene/outputs/manual_web_demo/runtime/latest.tmp.jpg' -> '/home/mxt/robotscene/outputs/manual_web_demo/runtime/latest.jpg'
[manual-web-demo-worker] camera write failed: [Errno 2] No such file or directory: '/home/mxt/robotscene/outputs/manual_web_demo/runtime/latest.tmp.jpg' -> '/home/mxt/robotscene/outputs/manual_web_demo/runtime/latest.jpg'
[manual-web-demo-worker] camera write failed: [Errno 2] No such file or directory: '/home/mxt/robotscene/outputs/manual_web_demo/runtime/latest.tmp.jpg' -> '/home/mxt/robotscene/outputs/manual_web_demo/runtime/latest.jpg'
[manual-web-demo-worker] camera write failed: [Errno 2] No such file or directory: '/home/mxt/robotscene/outputs/manual_web_demo/runtime/latest.tmp.jpg' -> '/home/mxt/robotscene/outputs/manual_web_demo/runtime/latest.jpg'
[manual-web-demo-worker] camera write failed: [Errno 2] No such file or directory: '/home/mxt/robotscene/outputs/manual_web_demo/runtime/latest.tmp.jpg' -> '/home/mxt/robotscene/outputs/manual_web_demo/runtime/latest.jpg'
[manual-web-demo-worker] camera write failed: [Errno 2] No such file or directory: '/home/mxt/robotscene/outputs/manual_web_demo/runtime/latest.tmp.jpg' -> '/home/mxt/robotscene/outputs/manual_web_demo/runtime/latest.jpg'
[manual-web-demo-worker] camera write failed: [Errno 2] No such file or directory: '/home/mxt/robotscene/outputs/manual_web_demo/runtime/latest.tmp.jpg' -> '/home/mxt/robotscene/outputs/manual_web_demo/runtime/latest.jpg'
[manual-web-demo-worker] camera write failed: [Errno 2] No such file or directory: '/home/mxt/robotscene/outputs/manual_web_demo/runtime/latest.tmp.jpg' -> '/home/mxt/robotscene/outputs/manual_web_demo/runtime/latest.jpg'
[manual-web-demo-worker] camera write failed: [Errno 2] No such file or directory: '/home/mxt/robotscene/outputs/manual_web_demo/runtime/latest.tmp.jpg' -> '/home/mxt/robotscene/outputs/manual_web_demo/runtime/latest.jpg'
[manual-web-demo-worker] camera write failed: [Errno 2] No such file or directory: '/home/mxt/robotscene/outputs/manual_web_demo/runtime/latest.tmp.jpg' -> '/home/mxt/robotscene/outputs/manual_web_demo/runtime/latest.jpg'
[manual-web-demo-worker] camera write failed: [Errno 2] No such file or directory: '/home/mxt/robotscene/outputs/manual_web_demo/runtime/latest.tmp.jpg' -> '/home/mxt/robotscene/outputs/manual_web_demo/runtime/latest.jpg'
[manual-web-demo-worker] camera write failed: [Errno 2] No such file or directory: '/home/mxt/robotscene/outputs/manual_web_demo/runtime/latest.tmp.jpg' -> '/home/mxt/robotscene/outputs/manual_web_demo/runtime/latest.jpg'
[manual-web-demo-worker] camera write failed: [Errno 2] No such file or directory: '/home/mxt/robotscene/outputs/manual_web_demo/runtime/latest.tmp.jpg' -> '/home/mxt/robotscene/outputs/manual_web_demo/runtime/latest.jpg'
[manual-web-demo-worker] camera write failed: [Errno 2] No such file or directory: '/home/mxt/robotscene/outputs/manual_web_demo/runtime/latest.tmp.jpg' -> '/home/mxt/robotscene/outputs/manual_web_demo/runtime/latest.jpg'
[manual-web-demo-worker] camera write failed: [Errno 2] No such file or directory: '/home/mxt/robotscene/outputs/manual_web_demo/runtime/latest.tmp.jpg' -> '/home/mxt/robotscene/outputs/manual_web_demo/runtime/latest.jpg'
[manual-web-demo-worker] camera write failed: [Errno 2] No such file or directory: '/home/mxt/robotscene/outputs/manual_web_demo/runtime/latest.tmp.jpg' -> '/home/mxt/robotscene/outputs/manual_web_demo/runtime/latest.jpg'
[manual-web-demo-worker] camera write failed: [Errno 2] No such file or directory: '/home/mxt/robotscene/outputs/manual_web_demo/runtime/latest.tmp.jpg' -> '/home/mxt/robotscene/outputs/manual_web_demo/runtime/latest.jpg'
[manual-web-demo-worker] camera write failed: [Errno 2] No such file or directory: '/home/mxt/robotscene/outputs/manual_web_demo/runtime/latest.tmp.jpg' -> '/home/mxt/robotscene/outputs/manual_web_demo/runtime/latest.jpg'
[manual-web-demo-worker] camera write failed: [Errno 2] No such file or directory: '/home/mxt/robotscene/outputs/manual_web_demo/runtime/latest.tmp.jpg' -> '/home/mxt/robotscene/outputs/manual_web_demo/runtime/latest.jpg'
[manual-web-demo-worker] camera write failed: [Errno 2] No such file or directory: '/home/mxt/robotscene/outputs/manual_web_demo/runtime/latest.tmp.jpg' -> '/home/mxt/robotscene/outputs/manual_web_demo/runtime/latest.jpg'
[manual-web-demo-worker] camera write failed: [Errno 2] No such file or directory: '/home/mxt/robotscene/outputs/manual_web_demo/runtime/latest.tmp.jpg' -> '/home/mxt/robotscene/outputs/manual_web_demo/runtime/latest.jpg'
[manual-web-demo-worker] camera write failed: [Errno 2] No such file or directory: '/home/mxt/robotscene/outputs/manual_web_demo/runtime/latest.tmp.jpg' -> '/home/mxt/robotscene/outputs/manual_web_demo/runtime/latest.jpg'
[manual-web-demo-worker] camera write failed: [Errno 2] No such file or directory: '/home/mxt/robotscene/outputs/manual_web_demo/runtime/latest.tmp.jpg' -> '/home/mxt/robotscene/outputs/manual_web_demo/runtime/latest.jpg'
[manual-web-demo-worker] camera write failed: [Errno 2] No such file or directory: '/home/mxt/robotscene/outputs/manual_web_demo/runtime/latest.tmp.jpg' -> '/home/mxt/robotscene/outputs/manual_web_demo/runtime/latest.jpg'
[manual-web-demo-worker] camera write failed: [Errno 2] No such file or directory: '/home/mxt/robotscene/outputs/manual_web_demo/runtime/latest.tmp.jpg' -> '/home/mxt/robotscene/outputs/manual_web_demo/runtime/latest.jpg'
[manual-web-demo-worker] camera write failed: [Errno 2] No such file or directory: '/home/mxt/robotscene/outputs/manual_web_demo/runtime/latest.tmp.jpg' -> '/home/mxt/robotscene/outputs/manual_web_demo/runtime/latest.jpg'
[manual-web-demo-worker] camera write failed: [Errno 2] No such file or directory: '/home/mxt/robotscene/outputs/manual_web_demo/runtime/latest.tmp.jpg' -> '/home/mxt/robotscene/outputs/manual_web_demo/runtime/latest.jpg'
[manual-web-demo-worker] camera write failed: [Errno 2] No such file or directory: '/home/mxt/robotscene/outputs/manual_web_demo/runtime/latest.tmp.jpg' -> '/home/mxt/robotscene/outputs/manual_web_demo/runtime/latest.jpg'
[manual-web-demo-worker] camera write failed: [Errno 2] No such file or directory: '/home/mxt/robotscene/outputs/manual_web_demo/runtime/latest.tmp.jpg' -> '/home/mxt/robotscene/outputs/manual_web_demo/runtime/latest.jpg'
[manual-web-demo-worker] camera write failed: [Errno 2] No such file or directory: '/home/mxt/robotscene/outputs/manual_web_demo/runtime/latest.tmp.jpg' -> '/home/mxt/robotscene/outputs/manual_web_demo/runtime/latest.jpg'
[manual-web-demo-worker] camera write failed: [Errno 2] No such file or directory: '/home/mxt/robotscene/outputs/manual_web_demo/runtime/latest.tmp.jpg' -> '/home/mxt/robotscene/outputs/manual_web_demo/runtime/latest.jpg'
[manual-web-demo-worker] camera write failed: [Errno 2] No such file or directory: '/home/mxt/robotscene/outputs/manual_web_demo/runtime/latest.tmp.jpg' -> '/home/mxt/robotscene/outputs/manual_web_demo/runtime/latest.jpg'
[manual-web-demo-worker] camera write failed: [Errno 2] No such file or directory: '/home/mxt/robotscene/outputs/manual_web_demo/runtime/latest.tmp.jpg' -> '/home/mxt/robotscene/outputs/manual_web_demo/runtime/latest.jpg'
[manual-web-demo-worker] camera write failed: [Errno 2] No such file or directory: '/home/mxt/robotscene/outputs/manual_web_demo/runtime/latest.tmp.jpg' -> '/home/mxt/robotscene/outputs/manual_web_demo/runtime/latest.jpg'
[manual-web-demo-worker] camera write failed: [Errno 2] No such file or directory: '/home/mxt/robotscene/outputs/manual_web_demo/runtime/latest.tmp.jpg' -> '/home/mxt/robotscene/outputs/manual_web_demo/runtime/latest.jpg'
[manual-web-demo-worker] camera write failed: [Errno 2] No such file or directory: '/home/mxt/robotscene/outputs/manual_web_demo/runtime/latest.tmp.jpg' -> '/home/mxt/robotscene/outputs/manual_web_demo/runtime/latest.jpg'
[manual-web-demo-worker] camera write failed: [Errno 2] No such file or directory: '/home/mxt/robotscene/outputs/manual_web_demo/runtime/latest.tmp.jpg' -> '/home/mxt/robotscene/outputs/manual_web_demo/runtime/latest.jpg'
[manual-web-demo-worker] camera write failed: [Errno 2] No such file or directory: '/home/mxt/robotscene/outputs/manual_web_demo/runtime/latest.tmp.jpg' -> '/home/mxt/robotscene/outputs/manual_web_demo/runtime/latest.jpg'
[manual-web-demo-worker] camera write failed: [Errno 2] No such file or directory: '/home/mxt/robotscene/outputs/manual_web_demo/runtime/latest.tmp.jpg' -> '/home/mxt/robotscene/outputs/manual_web_demo/runtime/latest.jpg'
[manual-web-demo-worker] camera write failed: [Errno 2] No such file or directory: '/home/mxt/robotscene/outputs/manual_web_demo/runtime/latest.tmp.jpg' -> '/home/mxt/robotscene/outputs/manual_web_demo/runtime/latest.jpg'
[manual-web-demo-worker] camera write failed: [Errno 2] No such file or directory: '/home/mxt/robotscene/outputs/manual_web_demo/runtime/latest.tmp.jpg' -> '/home/mxt/robotscene/outputs/manual_web_demo/runtime/latest.jpg'
[manual-web-demo-worker] camera write failed: [Errno 2] No such file or directory: '/home/mxt/robotscene/outputs/manual_web_demo/runtime/latest.tmp.jpg' -> '/home/mxt/robotscene/outputs/manual_web_demo/runtime/latest.jpg'
[manual-web-demo-worker] camera write failed: [Errno 2] No such file or directory: '/home/mxt/robotscene/outputs/manual_web_demo/runtime/latest.tmp.jpg' -> '/home/mxt/robotscene/outputs/manual_web_demo/runtime/latest.jpg'
[manual-web-demo-worker] camera write failed: [Errno 2] No such file or directory: '/home/mxt/robotscene/outputs/manual_web_demo/runtime/latest.tmp.jpg' -> '/home/mxt/robotscene/outputs/manual_web_demo/runtime/latest.jpg'
[manual-web-demo-worker] camera write failed: [Errno 2] No such file or directory: '/home/mxt/robotscene/outputs/manual_web_demo/runtime/latest.tmp.jpg' -> '/home/mxt/robotscene/outputs/manual_web_demo/runtime/latest.jpg'
[manual-web-demo-worker] camera write failed: [Errno 2] No such file or directory: '/home/mxt/robotscene/outputs/manual_web_demo/runtime/latest.tmp.jpg' -> '/home/mxt/robotscene/outputs/manual_web_demo/runtime/latest.jpg'
[manual-web-demo-worker] camera write failed: [Errno 2] No such file or directory: '/home/mxt/robotscene/outputs/manual_web_demo/runtime/latest.tmp.jpg' -> '/home/mxt/robotscene/outputs/manual_web_demo/runtime/latest.jpg'
[manual-web-demo-worker] camera write failed: [Errno 2] No such file or directory: '/home/mxt/robotscene/outputs/manual_web_demo/runtime/latest.tmp.jpg' -> '/home/mxt/robotscene/outputs/manual_web_demo/runtime/latest.jpg'
[manual-web-demo-worker] camera write failed: [Errno 2] No such file or directory: '/home/mxt/robotscene/outputs/manual_web_demo/runtime/latest.tmp.jpg' -> '/home/mxt/robotscene/outputs/manual_web_demo/runtime/latest.jpg'
[manual-web-demo-worker] camera write failed: [Errno 2] No such file or directory: '/home/mxt/robotscene/outputs/manual_web_demo/runtime/latest.tmp.jpg' -> '/home/mxt/robotscene/outputs/manual_web_demo/runtime/latest.jpg'
[manual-web-demo-worker] camera write failed: [Errno 2] No such file or directory: '/home/mxt/robotscene/outputs/manual_web_demo/runtime/latest.tmp.jpg' -> '/home/mxt/robotscene/outputs/manual_web_demo/runtime/latest.jpg'
[manual-web-demo-worker] camera write failed: [Errno 2] No such file or directory: '/home/mxt/robotscene/outputs/manual_web_demo/runtime/latest.tmp.jpg' -> '/home/mxt/robotscene/outputs/manual_web_demo/runtime/latest.jpg'
[manual-web-demo-worker] camera write failed: [Errno 2] No such file or directory: '/home/mxt/robotscene/outputs/manual_web_demo/runtime/latest.tmp.jpg' -> '/home/mxt/robotscene/outputs/manual_web_demo/runtime/latest.jpg'
[manual-web-demo-worker] camera write failed: [Errno 2] No such file or directory: '/home/mxt/robotscene/outputs/manual_web_demo/runtime/latest.tmp.jpg' -> '/home/mxt/robotscene/outputs/manual_web_demo/runtime/latest.jpg'
[manual-web-demo-worker] camera write failed: [Errno 2] No such file or directory: '/home/mxt/robotscene/outputs/manual_web_demo/runtime/latest.tmp.jpg' -> '/home/mxt/robotscene/outputs/manual_web_demo/runtime/latest.jpg'
[manual-web-demo-worker] camera write failed: [Errno 2] No such file or directory: '/home/mxt/robotscene/outputs/manual_web_demo/runtime/latest.tmp.jpg' -> '/home/mxt/robotscene/outputs/manual_web_demo/runtime/latest.jpg'
[manual-web-demo-worker] camera write failed: [Errno 2] No such file or directory: '/home/mxt/robotscene/outputs/manual_web_demo/runtime/latest.tmp.jpg' -> '/home/mxt/robotscene/outputs/manual_web_demo/runtime/latest.jpg'
[manual-web-demo-worker] camera write failed: [Errno 2] No such file or directory: '/home/mxt/robotscene/outputs/manual_web_demo/runtime/latest.tmp.jpg' -> '/home/mxt/robotscene/outputs/manual_web_demo/runtime/latest.jpg'
[manual-web-demo-worker] camera write failed: [Errno 2] No such file or directory: '/home/mxt/robotscene/outputs/manual_web_demo/runtime/latest.tmp.jpg' -> '/home/mxt/robotscene/outputs/manual_web_demo/runtime/latest.jpg'
[INFO] [1787115239.380725553] [manual_web_demo_ros_worker]: manual web demo ROS worker ready
[INFO] [1787116706.323193410] [manual_web_demo_ros_worker]: manual web demo ROS worker ready
[INFO] [1787116747.056920118] [manual_web_demo_ros_worker]: manual web demo ROS worker ready
[INFO] [1787116844.270951772] [manual_web_demo_ros_worker]: manual web demo ROS worker ready
[INFO] [1787117286.271577542] [manual_web_demo_ros_worker]: manual web demo ROS worker ready
[INFO] [1787117318.591888557] [manual_web_demo_ros_worker]: manual web demo ROS worker ready
1787117917.106264 [0]        tev: ddsi_udp_conn_write to udp/239.255.0.1:7400 failed with retcode -1
1787117918.503338 [0]        tev: ddsi_udp_conn_write to udp/239.255.0.1:7400 failed with retcode -1
1787117918.603072 [0]        tev: ddsi_udp_conn_write to udp/239.255.0.1:7400 failed with retcode -1
1787117918.603117 [0]        tev: ddsi_udp_conn_write to udp/192.168.3.129:7438 failed with retcode -1
1787117918.603345 [0]        tev: ddsi_udp_conn_write to udp/239.255.0.1:7400 failed with retcode -1
1787117918.703520 [0]        tev: ddsi_udp_conn_write to udp/239.255.0.1:7400 failed with retcode -1
1787117918.803581 [0]        tev: ddsi_udp_conn_write to udp/239.255.0.1:7400 failed with retcode -1
1787117918.903721 [0]        tev: ddsi_udp_conn_write to udp/239.255.0.1:7400 failed with retcode -1
1787117919.004147 [0]        tev: ddsi_udp_conn_write to udp/239.255.0.1:7400 failed with retcode -1
1787117919.104545 [0]        tev: ddsi_udp_conn_write to udp/239.255.0.1:7400 failed with retcode -1
1787117919.304976 [0]        tev: ddsi_udp_conn_write to udp/239.255.0.1:7400 failed with retcode -1
1787117919.505123 [0]        tev: ddsi_udp_conn_write to udp/239.255.0.1:7400 failed with retcode -1
1787117919.905126 [0]        tev: ddsi_udp_conn_write to udp/239.255.0.1:7400 failed with retcode -1
1787117920.305199 [0]        tev: ddsi_udp_conn_write to udp/239.255.0.1:7400 failed with retcode -1
1787117921.105294 [0]        tev: ddsi_udp_conn_write to udp/239.255.0.1:7400 failed with retcode -1
1787117921.905707 [0]        tev: ddsi_udp_conn_write to udp/239.255.0.1:7400 failed with retcode -1
1787117923.506180 [0]        tev: ddsi_udp_conn_write to udp/239.255.0.1:7400 failed with retcode -1
1787117925.106668 [0]        tev: ddsi_udp_conn_write to udp/239.255.0.1:7400 failed with retcode -1
1787117926.603465 [0]        tev: ddsi_udp_conn_write to udp/239.255.0.1:7400 failed with retcode -1
1787117926.603524 [0]        tev: ddsi_udp_conn_write to udp/192.168.3.129:7438 failed with retcode -1
1787117934.603814 [0]        tev: ddsi_udp_conn_write to udp/239.255.0.1:7400 failed with retcode -1
1787117934.603905 [0]        tev: ddsi_udp_conn_write to udp/192.168.3.129:7438 failed with retcode -1
1787117942.604246 [0]        tev: ddsi_udp_conn_write to udp/239.255.0.1:7400 failed with retcode -1
1787117942.604304 [0]        tev: ddsi_udp_conn_write to udp/192.168.3.129:7438 failed with retcode -1
1787117950.604671 [0]        tev: ddsi_udp_conn_write to udp/239.255.0.1:7400 failed with retcode -1
1787117950.604736 [0]        tev: ddsi_udp_conn_write to udp/192.168.3.129:7438 failed with retcode -1
1787117958.604862 [0]        tev: ddsi_udp_conn_write to udp/239.255.0.1:7400 failed with retcode -1
1787117958.604928 [0]        tev: ddsi_udp_conn_write to udp/192.168.3.129:7438 failed with retcode -1
1787117966.605293 [0]        tev: ddsi_udp_conn_write to udp/239.255.0.1:7400 failed with retcode -1
1787117966.605358 [0]        tev: ddsi_udp_conn_write to udp/192.168.3.129:7438 failed with retcode -1
1787117974.605699 [0]        tev: ddsi_udp_conn_write to udp/239.255.0.1:7400 failed with retcode -1
1787117974.605765 [0]        tev: ddsi_udp_conn_write to udp/192.168.3.129:7438 failed with retcode -1
1787117982.605725 [0]        tev: ddsi_udp_conn_write to udp/239.255.0.1:7400 failed with retcode -1
1787117982.605741 [0]        tev: ddsi_udp_conn_write to udp/192.168.3.129:7438 failed with retcode -1
1787117990.605952 [0]        tev: ddsi_udp_conn_write to udp/239.255.0.1:7400 failed with retcode -1
1787117990.606018 [0]        tev: ddsi_udp_conn_write to udp/192.168.3.129:7438 failed with retcode -1
1787117998.606082 [0]        tev: ddsi_udp_conn_write to udp/239.255.0.1:7400 failed with retcode -1
1787117998.606148 [0]        tev: ddsi_udp_conn_write to udp/192.168.3.129:7438 failed with retcode -1
1787118006.606376 [0]        tev: ddsi_udp_conn_write to udp/239.255.0.1:7400 failed with retcode -1
1787118006.606443 [0]        tev: ddsi_udp_conn_write to udp/192.168.3.129:7438 failed with retcode -1
1787118014.606763 [0]        tev: ddsi_udp_conn_write to udp/239.255.0.1:7400 failed with retcode -1
1787118014.606854 [0]        tev: ddsi_udp_conn_write to udp/192.168.3.129:7438 failed with retcode -1
1787118022.606977 [0]        tev: ddsi_udp_conn_write to udp/239.255.0.1:7400 failed with retcode -1
1787118022.607041 [0]        tev: ddsi_udp_conn_write to udp/192.168.3.129:7438 failed with retcode -1
1787118030.607109 [0]        tev: ddsi_udp_conn_write to udp/239.255.0.1:7400 failed with retcode -1
1787118030.607174 [0]        tev: ddsi_udp_conn_write to udp/192.168.3.129:7438 failed with retcode -1
1787118038.607548 [0]        tev: ddsi_udp_conn_write to udp/239.255.0.1:7400 failed with retcode -1
1787118038.607613 [0]        tev: ddsi_udp_conn_write to udp/192.168.3.129:7438 failed with retcode -1
1787118046.607903 [0]        tev: ddsi_udp_conn_write to udp/239.255.0.1:7400 failed with retcode -1
1787118046.607935 [0]        tev: ddsi_udp_conn_write to udp/192.168.3.129:7438 failed with retcode -1
1787118054.608338 [0]        tev: ddsi_udp_conn_write to udp/239.255.0.1:7400 failed with retcode -1
1787118054.608405 [0]        tev: ddsi_udp_conn_write to udp/192.168.3.129:7438 failed with retcode -1
1787118062.608423 [0]        tev: ddsi_udp_conn_write to udp/239.255.0.1:7400 failed with retcode -1
1787118062.608487 [0]        tev: ddsi_udp_conn_write to udp/192.168.3.129:7438 failed with retcode -1
1787118070.608526 [0]        tev: ddsi_udp_conn_write to udp/239.255.0.1:7400 failed with retcode -1
1787118070.608605 [0]        tev: ddsi_udp_conn_write to udp/192.168.3.129:7438 failed with retcode -1
1787118078.608805 [0]        tev: ddsi_udp_conn_write to udp/239.255.0.1:7400 failed with retcode -1
1787118078.608910 [0]        tev: ddsi_udp_conn_write to udp/192.168.3.129:7438 failed with retcode -1
1787118086.609110 [0]        tev: ddsi_udp_conn_write to udp/239.255.0.1:7400 failed with retcode -1
1787118086.609175 [0]        tev: ddsi_udp_conn_write to udp/192.168.3.129:7438 failed with retcode -1
1787118094.609211 [0]        tev: ddsi_udp_conn_write to udp/239.255.0.1:7400 failed with retcode -1
1787118094.609275 [0]        tev: ddsi_udp_conn_write to udp/192.168.3.129:7438 failed with retcode -1
1787118102.609517 [0]        tev: ddsi_udp_conn_write to udp/239.255.0.1:7400 failed with retcode -1
1787118102.609583 [0]        tev: ddsi_udp_conn_write to udp/192.168.3.129:7438 failed with retcode -1
1787118110.609866 [0]        tev: ddsi_udp_conn_write to udp/239.255.0.1:7400 failed with retcode -1
1787118110.609932 [0]        tev: ddsi_udp_conn_write to udp/192.168.3.129:7438 failed with retcode -1
1787118118.610185 [0]        tev: ddsi_udp_conn_write to udp/239.255.0.1:7400 failed with retcode -1
1787118118.610251 [0]        tev: ddsi_udp_conn_write to udp/192.168.3.129:7438 failed with retcode -1
1787118126.610539 [0]        tev: ddsi_udp_conn_write to udp/239.255.0.1:7400 failed with retcode -1
1787118126.610605 [0]        tev: ddsi_udp_conn_write to udp/192.168.3.129:7438 failed with retcode -1
1787118134.610683 [0]        tev: ddsi_udp_conn_write to udp/239.255.0.1:7400 failed with retcode -1
1787118134.610746 [0]        tev: ddsi_udp_conn_write to udp/192.168.3.129:7438 failed with retcode -1
1787118142.611043 [0]        tev: ddsi_udp_conn_write to udp/239.255.0.1:7400 failed with retcode -1
1787118142.611108 [0]        tev: ddsi_udp_conn_write to udp/192.168.3.129:7438 failed with retcode -1
1787118150.611392 [0]        tev: ddsi_udp_conn_write to udp/239.255.0.1:7400 failed with retcode -1
1787118150.611459 [0]        tev: ddsi_udp_conn_write to udp/192.168.3.129:7438 failed with retcode -1
1787118158.611692 [0]        tev: ddsi_udp_conn_write to udp/239.255.0.1:7400 failed with retcode -1
1787118158.611756 [0]        tev: ddsi_udp_conn_write to udp/192.168.3.129:7438 failed with retcode -1
1787118166.612090 [0]        tev: ddsi_udp_conn_write to udp/239.255.0.1:7400 failed with retcode -1
1787118166.612126 [0]        tev: ddsi_udp_conn_write to udp/192.168.3.129:7438 failed with retcode -1
1787118174.612504 [0]        tev: ddsi_udp_conn_write to udp/239.255.0.1:7400 failed with retcode -1
1787118174.612568 [0]        tev: ddsi_udp_conn_write to udp/192.168.3.129:7438 failed with retcode -1
1787118182.612925 [0]        tev: ddsi_udp_conn_write to udp/239.255.0.1:7400 failed with retcode -1
1787118182.612990 [0]        tev: ddsi_udp_conn_write to udp/192.168.3.129:7438 failed with retcode -1
1787118190.613239 [0]        tev: ddsi_udp_conn_write to udp/239.255.0.1:7400 failed with retcode -1
1787118190.613305 [0]        tev: ddsi_udp_conn_write to udp/192.168.3.129:7438 failed with retcode -1
1787118198.613639 [0]        tev: ddsi_udp_conn_write to udp/239.255.0.1:7400 failed with retcode -1
1787118198.613704 [0]        tev: ddsi_udp_conn_write to udp/192.168.3.129:7438 failed with retcode -1
1787118206.614071 [0]        tev: ddsi_udp_conn_write to udp/239.255.0.1:7400 failed with retcode -1
1787118206.614192 [0]        tev: ddsi_udp_conn_write to udp/192.168.3.129:7438 failed with retcode -1
1787118214.614085 [0]        tev: ddsi_udp_conn_write to udp/239.255.0.1:7400 failed with retcode -1
1787118214.614098 [0]        tev: ddsi_udp_conn_write to udp/192.168.3.129:7438 failed with retcode -1
1787118222.614432 [0]        tev: ddsi_udp_conn_write to udp/239.255.0.1:7400 failed with retcode -1
1787118222.614497 [0]        tev: ddsi_udp_conn_write to udp/192.168.3.129:7438 failed with retcode -1
1787118230.614801 [0]        tev: ddsi_udp_conn_write to udp/239.255.0.1:7400 failed with retcode -1
1787118230.614892 [0]        tev: ddsi_udp_conn_write to udp/192.168.3.129:7438 failed with retcode -1
1787118238.614978 [0]        tev: ddsi_udp_conn_write to udp/239.255.0.1:7400 failed with retcode -1
1787118238.615043 [0]        tev: ddsi_udp_conn_write to udp/192.168.3.129:7438 failed with retcode -1
1787118246.615307 [0]        tev: ddsi_udp_conn_write to udp/239.255.0.1:7400 failed with retcode -1
1787118246.615370 [0]        tev: ddsi_udp_conn_write to udp/192.168.3.129:7438 failed with retcode -1
1787118254.615699 [0]        tev: ddsi_udp_conn_write to udp/239.255.0.1:7400 failed with retcode -1
1787118254.615763 [0]        tev: ddsi_udp_conn_write to udp/192.168.3.129:7438 failed with retcode -1
1787118262.616150 [0]        tev: ddsi_udp_conn_write to udp/239.255.0.1:7400 failed with retcode -1
1787118262.616212 [0]        tev: ddsi_udp_conn_write to udp/192.168.3.129:7438 failed with retcode -1
1787118270.616230 [0]        tev: ddsi_udp_conn_write to udp/239.255.0.1:7400 failed with retcode -1
1787118270.616291 [0]        tev: ddsi_udp_conn_write to udp/192.168.3.129:7438 failed with retcode -1
1787118278.616674 [0]        tev: ddsi_udp_conn_write to udp/239.255.0.1:7400 failed with retcode -1
1787118278.616737 [0]        tev: ddsi_udp_conn_write to udp/192.168.3.129:7438 failed with retcode -1
1787118286.616720 [0]        tev: ddsi_udp_conn_write to udp/239.255.0.1:7400 failed with retcode -1
1787118286.616741 [0]        tev: ddsi_udp_conn_write to udp/192.168.3.129:7438 failed with retcode -1
1787118294.617070 [0]        tev: ddsi_udp_conn_write to udp/239.255.0.1:7400 failed with retcode -1
1787118294.617096 [0]        tev: ddsi_udp_conn_write to udp/192.168.3.129:7438 failed with retcode -1
1787118302.617302 [0]        tev: ddsi_udp_conn_write to udp/239.255.0.1:7400 failed with retcode -1
1787118302.617324 [0]        tev: ddsi_udp_conn_write to udp/192.168.3.129:7438 failed with retcode -1
1787118310.617566 [0]        tev: ddsi_udp_conn_write to udp/239.255.0.1:7400 failed with retcode -1
1787118310.617588 [0]        tev: ddsi_udp_conn_write to udp/192.168.3.129:7438 failed with retcode -1
1787118318.617793 [0]        tev: ddsi_udp_conn_write to udp/239.255.0.1:7400 failed with retcode -1
1787118318.617877 [0]        tev: ddsi_udp_conn_write to udp/192.168.3.129:7438 failed with retcode -1
1787118326.618127 [0]        tev: ddsi_udp_conn_write to udp/239.255.0.1:7400 failed with retcode -1
1787118326.618193 [0]        tev: ddsi_udp_conn_write to udp/192.168.3.129:7438 failed with retcode -1
1787118334.618339 [0]        tev: ddsi_udp_conn_write to udp/239.255.0.1:7400 failed with retcode -1
1787118334.618404 [0]        tev: ddsi_udp_conn_write to udp/192.168.3.129:7438 failed with retcode -1
1787118342.618514 [0]        tev: ddsi_udp_conn_write to udp/239.255.0.1:7400 failed with retcode -1
1787118342.618579 [0]        tev: ddsi_udp_conn_write to udp/192.168.3.129:7438 failed with retcode -1
1787118350.618510 [0]        tev: ddsi_udp_conn_write to udp/239.255.0.1:7400 failed with retcode -1
1787118350.618527 [0]        tev: ddsi_udp_conn_write to udp/192.168.3.129:7438 failed with retcode -1
1787118358.618881 [0]        tev: ddsi_udp_conn_write to udp/239.255.0.1:7400 failed with retcode -1
1787118358.618945 [0]        tev: ddsi_udp_conn_write to udp/192.168.3.129:7438 failed with retcode -1
1787118366.618990 [0]        tev: ddsi_udp_conn_write to udp/239.255.0.1:7400 failed with retcode -1
1787118366.619088 [0]        tev: ddsi_udp_conn_write to udp/192.168.3.129:7438 failed with retcode -1
1787118374.619119 [0]        tev: ddsi_udp_conn_write to udp/239.255.0.1:7400 failed with retcode -1
1787118374.619181 [0]        tev: ddsi_udp_conn_write to udp/192.168.3.129:7438 failed with retcode -1
1787118382.619258 [0]        tev: ddsi_udp_conn_write to udp/239.255.0.1:7400 failed with retcode -1
1787118382.619320 [0]        tev: ddsi_udp_conn_write to udp/192.168.3.129:7438 failed with retcode -1
1787118390.619426 [0]        tev: ddsi_udp_conn_write to udp/239.255.0.1:7400 failed with retcode -1
1787118390.619491 [0]        tev: ddsi_udp_conn_write to udp/192.168.3.129:7438 failed with retcode -1
1787118398.619551 [0]        tev: ddsi_udp_conn_write to udp/239.255.0.1:7400 failed with retcode -1
1787118398.619615 [0]        tev: ddsi_udp_conn_write to udp/192.168.3.129:7438 failed with retcode -1
1787118406.619586 [0]        tev: ddsi_udp_conn_write to udp/239.255.0.1:7400 failed with retcode -1
1787118406.619604 [0]        tev: ddsi_udp_conn_write to udp/192.168.3.129:7438 failed with retcode -1
1787118414.619967 [0]        tev: ddsi_udp_conn_write to udp/239.255.0.1:7400 failed with retcode -1
1787118414.620032 [0]        tev: ddsi_udp_conn_write to udp/192.168.3.129:7438 failed with retcode -1
1787118422.620101 [0]        tev: ddsi_udp_conn_write to udp/239.255.0.1:7400 failed with retcode -1
1787118422.620161 [0]        tev: ddsi_udp_conn_write to udp/192.168.3.129:7438 failed with retcode -1
1787118430.620237 [0]        tev: ddsi_udp_conn_write to udp/239.255.0.1:7400 failed with retcode -1
1787118430.620299 [0]        tev: ddsi_udp_conn_write to udp/192.168.3.129:7438 failed with retcode -1
1787118438.620321 [0]        tev: ddsi_udp_conn_write to udp/239.255.0.1:7400 failed with retcode -1
1787118438.620384 [0]        tev: ddsi_udp_conn_write to udp/192.168.3.129:7438 failed with retcode -1
1787118446.620442 [0]        tev: ddsi_udp_conn_write to udp/239.255.0.1:7400 failed with retcode -1
1787118446.620469 [0]        tev: ddsi_udp_conn_write to udp/192.168.3.129:7438 failed with retcode -1
1787118454.620748 [0]        tev: ddsi_udp_conn_write to udp/239.255.0.1:7400 failed with retcode -1
1787118454.620811 [0]        tev: ddsi_udp_conn_write to udp/192.168.3.129:7438 failed with retcode -1
1787118462.621063 [0]        tev: ddsi_udp_conn_write to udp/239.255.0.1:7400 failed with retcode -1
1787118462.621127 [0]        tev: ddsi_udp_conn_write to udp/192.168.3.129:7438 failed with retcode -1
1787118470.621415 [0]        tev: ddsi_udp_conn_write to udp/239.255.0.1:7400 failed with retcode -1
1787118470.621478 [0]        tev: ddsi_udp_conn_write to udp/192.168.3.129:7438 failed with retcode -1
1787118478.621525 [0]        tev: ddsi_udp_conn_write to udp/239.255.0.1:7400 failed with retcode -1
1787118478.621554 [0]        tev: ddsi_udp_conn_write to udp/192.168.3.129:7438 failed with retcode -1
1787118486.621888 [0]        tev: ddsi_udp_conn_write to udp/239.255.0.1:7400 failed with retcode -1
1787118486.621953 [0]        tev: ddsi_udp_conn_write to udp/192.168.3.129:7438 failed with retcode -1
1787118494.622262 [0]        tev: ddsi_udp_conn_write to udp/239.255.0.1:7400 failed with retcode -1
1787118494.622327 [0]        tev: ddsi_udp_conn_write to udp/192.168.3.129:7438 failed with retcode -1
1787118502.622387 [0]        tev: ddsi_udp_conn_write to udp/239.255.0.1:7400 failed with retcode -1
1787118502.622450 [0]        tev: ddsi_udp_conn_write to udp/192.168.3.129:7438 failed with retcode -1
1787118510.622539 [0]        tev: ddsi_udp_conn_write to udp/239.255.0.1:7400 failed with retcode -1
1787118510.622604 [0]        tev: ddsi_udp_conn_write to udp/192.168.3.129:7438 failed with retcode -1
1787118518.622664 [0]        tev: ddsi_udp_conn_write to udp/239.255.0.1:7400 failed with retcode -1
1787118518.622724 [0]        tev: ddsi_udp_conn_write to udp/192.168.3.129:7438 failed with retcode -1
1787118526.623080 [0]        tev: ddsi_udp_conn_write to udp/239.255.0.1:7400 failed with retcode -1
1787118526.623113 [0]        tev: ddsi_udp_conn_write to udp/192.168.3.129:7438 failed with retcode -1
1787118534.623211 [0]        tev: ddsi_udp_conn_write to udp/239.255.0.1:7400 failed with retcode -1
1787118534.623268 [0]        tev: ddsi_udp_conn_write to udp/192.168.3.129:7438 failed with retcode -1
1787118542.623648 [0]        tev: ddsi_udp_conn_write to udp/239.255.0.1:7400 failed with retcode -1
1787118542.623671 [0]        tev: ddsi_udp_conn_write to udp/192.168.3.129:7438 failed with retcode -1
1787118550.624119 [0]        tev: ddsi_udp_conn_write to udp/239.255.0.1:7400 failed with retcode -1
1787118550.624182 [0]        tev: ddsi_udp_conn_write to udp/192.168.3.129:7438 failed with retcode -1
1787118558.624546 [0]        tev: ddsi_udp_conn_write to udp/239.255.0.1:7400 failed with retcode -1
1787118558.624610 [0]        tev: ddsi_udp_conn_write to udp/192.168.3.129:7438 failed with retcode -1
1787118566.624669 [0]        tev: ddsi_udp_conn_write to udp/239.255.0.1:7400 failed with retcode -1
1787118566.624730 [0]        tev: ddsi_udp_conn_write to udp/192.168.3.129:7438 failed with retcode -1
1787118574.624801 [0]        tev: ddsi_udp_conn_write to udp/239.255.0.1:7400 failed with retcode -1
1787118574.624880 [0]        tev: ddsi_udp_conn_write to udp/192.168.3.129:7438 failed with retcode -1
1787118582.624982 [0]        tev: ddsi_udp_conn_write to udp/239.255.0.1:7400 failed with retcode -1
1787118582.625046 [0]        tev: ddsi_udp_conn_write to udp/192.168.3.129:7438 failed with retcode -1
1787118590.625116 [0]        tev: ddsi_udp_conn_write to udp/239.255.0.1:7400 failed with retcode -1
1787118590.625180 [0]        tev: ddsi_udp_conn_write to udp/192.168.3.129:7438 failed with retcode -1
1787118598.625501 [0]        tev: ddsi_udp_conn_write to udp/239.255.0.1:7400 failed with retcode -1
1787118598.625564 [0]        tev: ddsi_udp_conn_write to udp/192.168.3.129:7438 failed with retcode -1
1787118606.625847 [0]        tev: ddsi_udp_conn_write to udp/239.255.0.1:7400 failed with retcode -1
1787118606.625912 [0]        tev: ddsi_udp_conn_write to udp/192.168.3.129:7438 failed with retcode -1
1787118614.626127 [0]        tev: ddsi_udp_conn_write to udp/239.255.0.1:7400 failed with retcode -1
1787118614.626191 [0]        tev: ddsi_udp_conn_write to udp/192.168.3.129:7438 failed with retcode -1
1787118622.626165 [0]        tev: ddsi_udp_conn_write to udp/239.255.0.1:7400 failed with retcode -1
1787118622.626204 [0]        tev: ddsi_udp_conn_write to udp/192.168.3.129:7438 failed with retcode -1
1787118630.626516 [0]        tev: ddsi_udp_conn_write to udp/239.255.0.1:7400 failed with retcode -1
1787118630.626583 [0]        tev: ddsi_udp_conn_write to udp/192.168.3.129:7438 failed with retcode -1
1787118638.626634 [0]        tev: ddsi_udp_conn_write to udp/239.255.0.1:7400 failed with retcode -1
1787118638.626696 [0]        tev: ddsi_udp_conn_write to udp/192.168.3.129:7438 failed with retcode -1
1787118646.627050 [0]        tev: ddsi_udp_conn_write to udp/239.255.0.1:7400 failed with retcode -1
1787118646.627114 [0]        tev: ddsi_udp_conn_write to udp/192.168.3.129:7438 failed with retcode -1
1787118654.627465 [0]        tev: ddsi_udp_conn_write to udp/239.255.0.1:7400 failed with retcode -1
1787118654.627529 [0]        tev: ddsi_udp_conn_write to udp/192.168.3.129:7438 failed with retcode -1
1787118662.627913 [0]        tev: ddsi_udp_conn_write to udp/239.255.0.1:7400 failed with retcode -1
1787118662.627977 [0]        tev: ddsi_udp_conn_write to udp/192.168.3.129:7438 failed with retcode -1
1787118670.628193 [0]        tev: ddsi_udp_conn_write to udp/239.255.0.1:7400 failed with retcode -1
1787118670.628258 [0]        tev: ddsi_udp_conn_write to udp/192.168.3.129:7438 failed with retcode -1
1787118678.628336 [0]        tev: ddsi_udp_conn_write to udp/239.255.0.1:7400 failed with retcode -1
1787118678.628400 [0]        tev: ddsi_udp_conn_write to udp/192.168.3.129:7438 failed with retcode -1
1787118686.628714 [0]        tev: ddsi_udp_conn_write to udp/239.255.0.1:7400 failed with retcode -1
1787118686.628810 [0]        tev: ddsi_udp_conn_write to udp/192.168.3.129:7438 failed with retcode -1
1787118694.629024 [0]        tev: ddsi_udp_conn_write to udp/239.255.0.1:7400 failed with retcode -1
1787118694.629089 [0]        tev: ddsi_udp_conn_write to udp/192.168.3.129:7438 failed with retcode -1
1787118702.629177 [0]        tev: ddsi_udp_conn_write to udp/239.255.0.1:7400 failed with retcode -1
1787118702.629243 [0]        tev: ddsi_udp_conn_write to udp/192.168.3.129:7438 failed with retcode -1
1787118710.629590 [0]        tev: ddsi_udp_conn_write to udp/239.255.0.1:7400 failed with retcode -1
1787118710.629655 [0]        tev: ddsi_udp_conn_write to udp/192.168.3.129:7438 failed with retcode -1
1787118718.629942 [0]        tev: ddsi_udp_conn_write to udp/239.255.0.1:7400 failed with retcode -1
1787118718.630005 [0]        tev: ddsi_udp_conn_write to udp/192.168.3.129:7438 failed with retcode -1
1787118726.630367 [0]        tev: ddsi_udp_conn_write to udp/239.255.0.1:7400 failed with retcode -1
1787118726.630430 [0]        tev: ddsi_udp_conn_write to udp/192.168.3.129:7438 failed with retcode -1
1787118734.630795 [0]        tev: ddsi_udp_conn_write to udp/239.255.0.1:7400 failed with retcode -1
1787118734.630891 [0]        tev: ddsi_udp_conn_write to udp/192.168.3.129:7438 failed with retcode -1
1787118742.631221 [0]        tev: ddsi_udp_conn_write to udp/239.255.0.1:7400 failed with retcode -1
1787118742.631289 [0]        tev: ddsi_udp_conn_write to udp/192.168.3.129:7438 failed with retcode -1
1787118750.631342 [0]        tev: ddsi_udp_conn_write to udp/239.255.0.1:7400 failed with retcode -1
1787118750.631426 [0]        tev: ddsi_udp_conn_write to udp/192.168.3.129:7438 failed with retcode -1
1787118758.631571 [0]        tev: ddsi_udp_conn_write to udp/239.255.0.1:7400 failed with retcode -1
1787118758.631644 [0]        tev: ddsi_udp_conn_write to udp/192.168.3.129:7438 failed with retcode -1
1787118766.631719 [0]        tev: ddsi_udp_conn_write to udp/239.255.0.1:7400 failed with retcode -1
1787118766.631785 [0]        tev: ddsi_udp_conn_write to udp/192.168.3.129:7438 failed with retcode -1
1787118774.631869 [0]        tev: ddsi_udp_conn_write to udp/239.255.0.1:7400 failed with retcode -1
1787118774.631931 [0]        tev: ddsi_udp_conn_write to udp/192.168.3.129:7438 failed with retcode -1
1787118782.631948 [0]        tev: ddsi_udp_conn_write to udp/239.255.0.1:7400 failed with retcode -1
1787118782.632010 [0]        tev: ddsi_udp_conn_write to udp/192.168.3.129:7438 failed with retcode -1
1787118790.632080 [0]        tev: ddsi_udp_conn_write to udp/239.255.0.1:7400 failed with retcode -1
1787118790.632141 [0]        tev: ddsi_udp_conn_write to udp/192.168.3.129:7438 failed with retcode -1
1787118798.632203 [0]        tev: ddsi_udp_conn_write to udp/239.255.0.1:7400 failed with retcode -1
1787118798.632263 [0]        tev: ddsi_udp_conn_write to udp/192.168.3.129:7438 failed with retcode -1
1787118806.632530 [0]        tev: ddsi_udp_conn_write to udp/239.255.0.1:7400 failed with retcode -1
1787118806.632595 [0]        tev: ddsi_udp_conn_write to udp/192.168.3.129:7438 failed with retcode -1
1787118814.632622 [0]        tev: ddsi_udp_conn_write to udp/239.255.0.1:7400 failed with retcode -1
1787118814.632678 [0]        tev: ddsi_udp_conn_write to udp/192.168.3.129:7438 failed with retcode -1
1787118822.632902 [0]        tev: ddsi_udp_conn_write to udp/239.255.0.1:7400 failed with retcode -1
1787118822.632930 [0]        tev: ddsi_udp_conn_write to udp/192.168.3.129:7438 failed with retcode -1
1787118830.633029 [0]        tev: ddsi_udp_conn_write to udp/239.255.0.1:7400 failed with retcode -1
1787118830.633093 [0]        tev: ddsi_udp_conn_write to udp/192.168.3.129:7438 failed with retcode -1
1787118838.633111 [0]        tev: ddsi_udp_conn_write to udp/239.255.0.1:7400 failed with retcode -1
1787118838.633171 [0]        tev: ddsi_udp_conn_write to udp/192.168.3.129:7438 failed with retcode -1
1787118846.633212 [0]        tev: ddsi_udp_conn_write to udp/239.255.0.1:7400 failed with retcode -1
1787118846.633298 [0]        tev: ddsi_udp_conn_write to udp/192.168.3.129:7438 failed with retcode -1
1787118854.633303 [0]        tev: ddsi_udp_conn_write to udp/239.255.0.1:7400 failed with retcode -1
1787118854.633368 [0]        tev: ddsi_udp_conn_write to udp/192.168.3.129:7438 failed with retcode -1
1787118862.633380 [0]        tev: ddsi_udp_conn_write to udp/239.255.0.1:7400 failed with retcode -1
1787118862.633441 [0]        tev: ddsi_udp_conn_write to udp/192.168.3.129:7438 failed with retcode -1
1787118870.633721 [0]        tev: ddsi_udp_conn_write to udp/239.255.0.1:7400 failed with retcode -1
1787118870.633783 [0]        tev: ddsi_udp_conn_write to udp/192.168.3.129:7438 failed with retcode -1
1787118878.634056 [0]        tev: ddsi_udp_conn_write to udp/239.255.0.1:7400 failed with retcode -1
1787118878.634121 [0]        tev: ddsi_udp_conn_write to udp/192.168.3.129:7438 failed with retcode -1
1787118886.634427 [0]        tev: ddsi_udp_conn_write to udp/239.255.0.1:7400 failed with retcode -1
1787118886.634490 [0]        tev: ddsi_udp_conn_write to udp/192.168.3.129:7438 failed with retcode -1
1787118894.634481 [0]        tev: ddsi_udp_conn_write to udp/239.255.0.1:7400 failed with retcode -1
1787118894.634500 [0]        tev: ddsi_udp_conn_write to udp/192.168.3.129:7438 failed with retcode -1
1787118902.634947 [0]        tev: ddsi_udp_conn_write to udp/239.255.0.1:7400 failed with retcode -1
1787118902.635012 [0]        tev: ddsi_udp_conn_write to udp/192.168.3.129:7438 failed with retcode -1
1787118910.635342 [0]        tev: ddsi_udp_conn_write to udp/239.255.0.1:7400 failed with retcode -1
1787118910.635406 [0]        tev: ddsi_udp_conn_write to udp/192.168.3.129:7438 failed with retcode -1
1787118918.635764 [0]        tev: ddsi_udp_conn_write to udp/239.255.0.1:7400 failed with retcode -1
1787118918.635859 [0]        tev: ddsi_udp_conn_write to udp/192.168.3.129:7438 failed with retcode -1
1787118926.636098 [0]        tev: ddsi_udp_conn_write to udp/239.255.0.1:7400 failed with retcode -1
1787118926.636163 [0]        tev: ddsi_udp_conn_write to udp/192.168.3.129:7438 failed with retcode -1
1787118934.636503 [0]        tev: ddsi_udp_conn_write to udp/239.255.0.1:7400 failed with retcode -1
1787118934.636567 [0]        tev: ddsi_udp_conn_write to udp/192.168.3.129:7438 failed with retcode -1
1787118942.636920 [0]        tev: ddsi_udp_conn_write to udp/239.255.0.1:7400 failed with retcode -1
1787118942.636987 [0]        tev: ddsi_udp_conn_write to udp/192.168.3.129:7438 failed with retcode -1
1787118950.637228 [0]        tev: ddsi_udp_conn_write to udp/239.255.0.1:7400 failed with retcode -1
1787118950.637292 [0]        tev: ddsi_udp_conn_write to udp/192.168.3.129:7438 failed with retcode -1
1787118958.637604 [0]        tev: ddsi_udp_conn_write to udp/239.255.0.1:7400 failed with retcode -1
1787118958.637668 [0]        tev: ddsi_udp_conn_write to udp/192.168.3.129:7438 failed with retcode -1
1787118966.637936 [0]        tev: ddsi_udp_conn_write to udp/239.255.0.1:7400 failed with retcode -1
1787118966.638000 [0]        tev: ddsi_udp_conn_write to udp/192.168.3.129:7438 failed with retcode -1
1787118974.638250 [0]        tev: ddsi_udp_conn_write to udp/239.255.0.1:7400 failed with retcode -1
1787118974.638313 [0]        tev: ddsi_udp_conn_write to udp/192.168.3.129:7438 failed with retcode -1
1787118982.638664 [0]        tev: ddsi_udp_conn_write to udp/239.255.0.1:7400 failed with retcode -1
1787118982.638732 [0]        tev: ddsi_udp_conn_write to udp/192.168.3.129:7438 failed with retcode -1
1787118990.639123 [0]        tev: ddsi_udp_conn_write to udp/239.255.0.1:7400 failed with retcode -1
1787118990.639186 [0]        tev: ddsi_udp_conn_write to udp/192.168.3.129:7438 failed with retcode -1
1787118998.639547 [0]        tev: ddsi_udp_conn_write to udp/239.255.0.1:7400 failed with retcode -1
1787118998.639613 [0]        tev: ddsi_udp_conn_write to udp/192.168.3.129:7438 failed with retcode -1
1787119006.639879 [0]        tev: ddsi_udp_conn_write to udp/239.255.0.1:7400 failed with retcode -1
1787119006.639971 [0]        tev: ddsi_udp_conn_write to udp/192.168.3.129:7438 failed with retcode -1
1787119014.640288 [0]        tev: ddsi_udp_conn_write to udp/239.255.0.1:7400 failed with retcode -1
1787119014.640352 [0]        tev: ddsi_udp_conn_write to udp/192.168.3.129:7438 failed with retcode -1
1787119022.640462 [0]        tev: ddsi_udp_conn_write to udp/239.255.0.1:7400 failed with retcode -1
1787119022.640527 [0]        tev: ddsi_udp_conn_write to udp/192.168.3.129:7438 failed with retcode -1
1787119030.640957 [0]        tev: ddsi_udp_conn_write to udp/239.255.0.1:7400 failed with retcode -1
1787119030.641021 [0]        tev: ddsi_udp_conn_write to udp/192.168.3.129:7438 failed with retcode -1
1787119038.641370 [0]        tev: ddsi_udp_conn_write to udp/239.255.0.1:7400 failed with retcode -1
1787119038.641435 [0]        tev: ddsi_udp_conn_write to udp/192.168.3.129:7438 failed with retcode -1
1787119046.641799 [0]        tev: ddsi_udp_conn_write to udp/239.255.0.1:7400 failed with retcode -1
1787119046.641894 [0]        tev: ddsi_udp_conn_write to udp/192.168.3.129:7438 failed with retcode -1
1787119054.642160 [0]        tev: ddsi_udp_conn_write to udp/239.255.0.1:7400 failed with retcode -1
1787119054.642225 [0]        tev: ddsi_udp_conn_write to udp/192.168.3.129:7438 failed with retcode -1
1787119062.642542 [0]        tev: ddsi_udp_conn_write to udp/239.255.0.1:7400 failed with retcode -1
1787119062.642607 [0]        tev: ddsi_udp_conn_write to udp/192.168.3.129:7438 failed with retcode -1
1787119070.642653 [0]        tev: ddsi_udp_conn_write to udp/239.255.0.1:7400 failed with retcode -1
1787119070.642706 [0]        tev: ddsi_udp_conn_write to udp/192.168.3.129:7438 failed with retcode -1
1787119078.643076 [0]        tev: ddsi_udp_conn_write to udp/239.255.0.1:7400 failed with retcode -1
1787119078.643140 [0]        tev: ddsi_udp_conn_write to udp/192.168.3.129:7438 failed with retcode -1
1787119086.643146 [0]        tev: ddsi_udp_conn_write to udp/239.255.0.1:7400 failed with retcode -1
1787119086.643211 [0]        tev: ddsi_udp_conn_write to udp/192.168.3.129:7438 failed with retcode -1
1787119094.643575 [0]        tev: ddsi_udp_conn_write to udp/239.255.0.1:7400 failed with retcode -1
1787119094.643641 [0]        tev: ddsi_udp_conn_write to udp/192.168.3.129:7438 failed with retcode -1
1787119102.643745 [0]        tev: ddsi_udp_conn_write to udp/239.255.0.1:7400 failed with retcode -1
1787119102.643812 [0]        tev: ddsi_udp_conn_write to udp/192.168.3.129:7438 failed with retcode -1
1787119110.643868 [0]        tev: ddsi_udp_conn_write to udp/239.255.0.1:7400 failed with retcode -1
1787119110.643951 [0]        tev: ddsi_udp_conn_write to udp/192.168.3.129:7438 failed with retcode -1
1787119118.643962 [0]        tev: ddsi_udp_conn_write to udp/239.255.0.1:7400 failed with retcode -1
1787119118.644026 [0]        tev: ddsi_udp_conn_write to udp/192.168.3.129:7438 failed with retcode -1
1787119126.644094 [0]        tev: ddsi_udp_conn_write to udp/239.255.0.1:7400 failed with retcode -1
1787119126.644161 [0]        tev: ddsi_udp_conn_write to udp/192.168.3.129:7438 failed with retcode -1
1787119134.644205 [0]        tev: ddsi_udp_conn_write to udp/239.255.0.1:7400 failed with retcode -1
1787119134.644286 [0]        tev: ddsi_udp_conn_write to udp/192.168.3.129:7438 failed with retcode -1
1787119142.644324 [0]        tev: ddsi_udp_conn_write to udp/239.255.0.1:7400 failed with retcode -1
1787119142.644390 [0]        tev: ddsi_udp_conn_write to udp/192.168.3.129:7438 failed with retcode -1
1787119150.644444 [0]        tev: ddsi_udp_conn_write to udp/239.255.0.1:7400 failed with retcode -1
1787119150.644509 [0]        tev: ddsi_udp_conn_write to udp/192.168.3.129:7438 failed with retcode -1
1787119158.644570 [0]        tev: ddsi_udp_conn_write to udp/239.255.0.1:7400 failed with retcode -1
1787119158.644658 [0]        tev: ddsi_udp_conn_write to udp/192.168.3.129:7438 failed with retcode -1
1787119166.644584 [0]        tev: ddsi_udp_conn_write to udp/239.255.0.1:7400 failed with retcode -1
1787119166.644599 [0]        tev: ddsi_udp_conn_write to udp/192.168.3.129:7438 failed with retcode -1
1787119174.644782 [0]        tev: ddsi_udp_conn_write to udp/239.255.0.1:7400 failed with retcode -1
1787119174.644870 [0]        tev: ddsi_udp_conn_write to udp/192.168.3.129:7438 failed with retcode -1
1787119182.644933 [0]        tev: ddsi_udp_conn_write to udp/239.255.0.1:7400 failed with retcode -1
1787119182.644999 [0]        tev: ddsi_udp_conn_write to udp/192.168.3.129:7438 failed with retcode -1
1787119190.645059 [0]        tev: ddsi_udp_conn_write to udp/239.255.0.1:7400 failed with retcode -1
1787119190.645124 [0]        tev: ddsi_udp_conn_write to udp/192.168.3.129:7438 failed with retcode -1
1787119198.645141 [0]        tev: ddsi_udp_conn_write to udp/239.255.0.1:7400 failed with retcode -1
1787119198.645206 [0]        tev: ddsi_udp_conn_write to udp/192.168.3.129:7438 failed with retcode -1
1787119206.645258 [0]        tev: ddsi_udp_conn_write to udp/239.255.0.1:7400 failed with retcode -1
1787119206.645338 [0]        tev: ddsi_udp_conn_write to udp/192.168.3.129:7438 failed with retcode -1
1787119214.645360 [0]        tev: ddsi_udp_conn_write to udp/239.255.0.1:7400 failed with retcode -1
1787119214.645443 [0]        tev: ddsi_udp_conn_write to udp/192.168.3.129:7438 failed with retcode -1
1787119222.645458 [0]        tev: ddsi_udp_conn_write to udp/239.255.0.1:7400 failed with retcode -1
1787119222.645544 [0]        tev: ddsi_udp_conn_write to udp/192.168.3.129:7438 failed with retcode -1
1787119230.645578 [0]        tev: ddsi_udp_conn_write to udp/239.255.0.1:7400 failed with retcode -1
1787119230.645643 [0]        tev: ddsi_udp_conn_write to udp/192.168.3.129:7438 failed with retcode -1
1787119238.645704 [0]        tev: ddsi_udp_conn_write to udp/239.255.0.1:7400 failed with retcode -1
1787119238.645768 [0]        tev: ddsi_udp_conn_write to udp/192.168.3.129:7438 failed with retcode -1
1787119246.645840 [0]        tev: ddsi_udp_conn_write to udp/239.255.0.1:7400 failed with retcode -1
1787119246.645902 [0]        tev: ddsi_udp_conn_write to udp/192.168.3.129:7438 failed with retcode -1
1787119254.645953 [0]        tev: ddsi_udp_conn_write to udp/239.255.0.1:7400 failed with retcode -1
1787119254.646021 [0]        tev: ddsi_udp_conn_write to udp/192.168.3.129:7438 failed with retcode -1
1787119262.646129 [0]        tev: ddsi_udp_conn_write to udp/239.255.0.1:7400 failed with retcode -1
1787119262.646196 [0]        tev: ddsi_udp_conn_write to udp/192.168.3.129:7438 failed with retcode -1
1787119270.646269 [0]        tev: ddsi_udp_conn_write to udp/239.255.0.1:7400 failed with retcode -1
1787119270.646331 [0]        tev: ddsi_udp_conn_write to udp/192.168.3.129:7438 failed with retcode -1
1787119278.646430 [0]        tev: ddsi_udp_conn_write to udp/239.255.0.1:7400 failed with retcode -1
1787119278.646495 [0]        tev: ddsi_udp_conn_write to udp/192.168.3.129:7438 failed with retcode -1
1787119286.646721 [0]        tev: ddsi_udp_conn_write to udp/239.255.0.1:7400 failed with retcode -1
1787119286.646786 [0]        tev: ddsi_udp_conn_write to udp/192.168.3.129:7438 failed with retcode -1
1787119294.647031 [0]        tev: ddsi_udp_conn_write to udp/239.255.0.1:7400 failed with retcode -1
1787119294.647096 [0]        tev: ddsi_udp_conn_write to udp/192.168.3.129:7438 failed with retcode -1
1787119302.647347 [0]        tev: ddsi_udp_conn_write to udp/239.255.0.1:7400 failed with retcode -1
1787119302.647412 [0]        tev: ddsi_udp_conn_write to udp/192.168.3.129:7438 failed with retcode -1
1787119310.647691 [0]        tev: ddsi_udp_conn_write to udp/239.255.0.1:7400 failed with retcode -1
1787119310.647757 [0]        tev: ddsi_udp_conn_write to udp/192.168.3.129:7438 failed with retcode -1
1787119318.648053 [0]        tev: ddsi_udp_conn_write to udp/239.255.0.1:7400 failed with retcode -1
1787119318.648122 [0]        tev: ddsi_udp_conn_write to udp/192.168.3.129:7438 failed with retcode -1
1787119326.648454 [0]        tev: ddsi_udp_conn_write to udp/239.255.0.1:7400 failed with retcode -1
1787119326.648512 [0]        tev: ddsi_udp_conn_write to udp/192.168.3.129:7438 failed with retcode -1
1787119334.648865 [0]        tev: ddsi_udp_conn_write to udp/239.255.0.1:7400 failed with retcode -1
1787119334.648931 [0]        tev: ddsi_udp_conn_write to udp/192.168.3.129:7438 failed with retcode -1
1787119342.649128 [0]        tev: ddsi_udp_conn_write to udp/239.255.0.1:7400 failed with retcode -1
1787119342.649162 [0]        tev: ddsi_udp_conn_write to udp/192.168.3.129:7438 failed with retcode -1
1787119350.649597 [0]        tev: ddsi_udp_conn_write to udp/239.255.0.1:7400 failed with retcode -1
1787119350.649618 [0]        tev: ddsi_udp_conn_write to udp/192.168.3.129:7438 failed with retcode -1
1787119358.649769 [0]        tev: ddsi_udp_conn_write to udp/239.255.0.1:7400 failed with retcode -1
1787119358.649845 [0]        tev: ddsi_udp_conn_write to udp/192.168.3.129:7438 failed with retcode -1
1787119366.649907 [0]        tev: ddsi_udp_conn_write to udp/239.255.0.1:7400 failed with retcode -1
1787119366.649970 [0]        tev: ddsi_udp_conn_write to udp/192.168.3.129:7438 failed with retcode -1
1787119374.650323 [0]        tev: ddsi_udp_conn_write to udp/239.255.0.1:7400 failed with retcode -1
1787119374.650391 [0]        tev: ddsi_udp_conn_write to udp/192.168.3.129:7438 failed with retcode -1
1787119382.650595 [0]        tev: ddsi_udp_conn_write to udp/239.255.0.1:7400 failed with retcode -1
1787119382.650660 [0]        tev: ddsi_udp_conn_write to udp/192.168.3.129:7438 failed with retcode -1
1787119390.650767 [0]        tev: ddsi_udp_conn_write to udp/239.255.0.1:7400 failed with retcode -1
1787119390.650855 [0]        tev: ddsi_udp_conn_write to udp/192.168.3.129:7438 failed with retcode -1
1787119398.651174 [0]        tev: ddsi_udp_conn_write to udp/239.255.0.1:7400 failed with retcode -1
1787119398.651239 [0]        tev: ddsi_udp_conn_write to udp/192.168.3.129:7438 failed with retcode -1
1787119406.651612 [0]        tev: ddsi_udp_conn_write to udp/239.255.0.1:7400 failed with retcode -1
1787119406.651631 [0]        tev: ddsi_udp_conn_write to udp/192.168.3.129:7438 failed with retcode -1
1787119414.651958 [0]        tev: ddsi_udp_conn_write to udp/239.255.0.1:7400 failed with retcode -1
1787119414.652024 [0]        tev: ddsi_udp_conn_write to udp/192.168.3.129:7438 failed with retcode -1
1787119422.652370 [0]        tev: ddsi_udp_conn_write to udp/239.255.0.1:7400 failed with retcode -1
1787119422.652435 [0]        tev: ddsi_udp_conn_write to udp/192.168.3.129:7438 failed with retcode -1
1787119430.652858 [0]        tev: ddsi_udp_conn_write to udp/239.255.0.1:7400 failed with retcode -1
1787119430.652927 [0]        tev: ddsi_udp_conn_write to udp/192.168.3.129:7438 failed with retcode -1
1787119438.653023 [0]        tev: ddsi_udp_conn_write to udp/239.255.0.1:7400 failed with retcode -1
1787119438.653087 [0]        tev: ddsi_udp_conn_write to udp/192.168.3.129:7438 failed with retcode -1
1787119446.653365 [0]        tev: ddsi_udp_conn_write to udp/239.255.0.1:7400 failed with retcode -1
1787119446.653430 [0]        tev: ddsi_udp_conn_write to udp/192.168.3.129:7438 failed with retcode -1
1787119454.653705 [0]        tev: ddsi_udp_conn_write to udp/239.255.0.1:7400 failed with retcode -1
1787119454.653771 [0]        tev: ddsi_udp_conn_write to udp/192.168.3.129:7438 failed with retcode -1
1787119462.653857 [0]        tev: ddsi_udp_conn_write to udp/239.255.0.1:7400 failed with retcode -1
1787119462.653922 [0]        tev: ddsi_udp_conn_write to udp/192.168.3.129:7438 failed with retcode -1
1787119470.654158 [0]        tev: ddsi_udp_conn_write to udp/239.255.0.1:7400 failed with retcode -1
1787119470.654224 [0]        tev: ddsi_udp_conn_write to udp/192.168.3.129:7438 failed with retcode -1
1787119478.654570 [0]        tev: ddsi_udp_conn_write to udp/239.255.0.1:7400 failed with retcode -1
1787119478.654597 [0]        tev: ddsi_udp_conn_write to udp/192.168.3.129:7438 failed with retcode -1
1787119486.654956 [0]        tev: ddsi_udp_conn_write to udp/239.255.0.1:7400 failed with retcode -1
1787119486.655021 [0]        tev: ddsi_udp_conn_write to udp/192.168.3.129:7438 failed with retcode -1
1787119494.655364 [0]        tev: ddsi_udp_conn_write to udp/239.255.0.1:7400 failed with retcode -1
1787119494.655384 [0]        tev: ddsi_udp_conn_write to udp/192.168.3.129:7438 failed with retcode -1
1787119502.655845 [0]        tev: ddsi_udp_conn_write to udp/239.255.0.1:7400 failed with retcode -1
1787119502.655911 [0]        tev: ddsi_udp_conn_write to udp/192.168.3.129:7438 failed with retcode -1
1787119510.656221 [0]        tev: ddsi_udp_conn_write to udp/239.255.0.1:7400 failed with retcode -1
1787119510.656286 [0]        tev: ddsi_udp_conn_write to udp/192.168.3.129:7438 failed with retcode -1
1787119518.656591 [0]        tev: ddsi_udp_conn_write to udp/239.255.0.1:7400 failed with retcode -1
1787119518.656656 [0]        tev: ddsi_udp_conn_write to udp/192.168.3.129:7438 failed with retcode -1
1787119526.656947 [0]        tev: ddsi_udp_conn_write to udp/239.255.0.1:7400 failed with retcode -1
1787119526.657011 [0]        tev: ddsi_udp_conn_write to udp/192.168.3.129:7438 failed with retcode -1
1787119534.657325 [0]        tev: ddsi_udp_conn_write to udp/239.255.0.1:7400 failed with retcode -1
1787119534.657389 [0]        tev: ddsi_udp_conn_write to udp/192.168.3.129:7438 failed with retcode -1
1787119542.657415 [0]        tev: ddsi_udp_conn_write to udp/239.255.0.1:7400 failed with retcode -1
1787119542.657480 [0]        tev: ddsi_udp_conn_write to udp/192.168.3.129:7438 failed with retcode -1
1787119550.657787 [0]        tev: ddsi_udp_conn_write to udp/239.255.0.1:7400 failed with retcode -1
1787119550.657878 [0]        tev: ddsi_udp_conn_write to udp/192.168.3.129:7438 failed with retcode -1
1787119558.658231 [0]        tev: ddsi_udp_conn_write to udp/239.255.0.1:7400 failed with retcode -1
1787119558.658296 [0]        tev: ddsi_udp_conn_write to udp/192.168.3.129:7438 failed with retcode -1
1787119566.658666 [0]        tev: ddsi_udp_conn_write to udp/239.255.0.1:7400 failed with retcode -1
1787119566.658730 [0]        tev: ddsi_udp_conn_write to udp/192.168.3.129:7438 failed with retcode -1
1787119574.659141 [0]        tev: ddsi_udp_conn_write to udp/239.255.0.1:7400 failed with retcode -1
1787119574.659162 [0]        tev: ddsi_udp_conn_write to udp/192.168.3.129:7438 failed with retcode -1
1787119582.659602 [0]        tev: ddsi_udp_conn_write to udp/239.255.0.1:7400 failed with retcode -1
1787119582.659668 [0]        tev: ddsi_udp_conn_write to udp/192.168.3.129:7438 failed with retcode -1
1787119590.659769 [0]        tev: ddsi_udp_conn_write to udp/239.255.0.1:7400 failed with retcode -1
1787119590.659865 [0]        tev: ddsi_udp_conn_write to udp/192.168.3.129:7438 failed with retcode -1
1787119598.660150 [0]        tev: ddsi_udp_conn_write to udp/239.255.0.1:7400 failed with retcode -1
1787119598.660215 [0]        tev: ddsi_udp_conn_write to udp/192.168.3.129:7438 failed with retcode -1
1787119606.660304 [0]        tev: ddsi_udp_conn_write to udp/239.255.0.1:7400 failed with retcode -1
1787119606.660368 [0]        tev: ddsi_udp_conn_write to udp/192.168.3.129:7438 failed with retcode -1
1787119614.660748 [0]        tev: ddsi_udp_conn_write to udp/239.255.0.1:7400 failed with retcode -1
1787119614.660814 [0]        tev: ddsi_udp_conn_write to udp/192.168.3.129:7438 failed with retcode -1
1787119622.661182 [0]        tev: ddsi_udp_conn_write to udp/239.255.0.1:7400 failed with retcode -1
1787119622.661248 [0]        tev: ddsi_udp_conn_write to udp/192.168.3.129:7438 failed with retcode -1
1787119630.661616 [0]        tev: ddsi_udp_conn_write to udp/239.255.0.1:7400 failed with retcode -1
1787119630.661644 [0]        tev: ddsi_udp_conn_write to udp/192.168.3.129:7438 failed with retcode -1
1787119638.662113 [0]        tev: ddsi_udp_conn_write to udp/239.255.0.1:7400 failed with retcode -1
1787119638.662177 [0]        tev: ddsi_udp_conn_write to udp/192.168.3.129:7438 failed with retcode -1
1787119646.662522 [0]        tev: ddsi_udp_conn_write to udp/239.255.0.1:7400 failed with retcode -1
1787119646.662588 [0]        tev: ddsi_udp_conn_write to udp/192.168.3.129:7438 failed with retcode -1
1787119654.662906 [0]        tev: ddsi_udp_conn_write to udp/239.255.0.1:7400 failed with retcode -1
1787119654.662944 [0]        tev: ddsi_udp_conn_write to udp/192.168.3.129:7438 failed with retcode -1
1787119662.663075 [0]        tev: ddsi_udp_conn_write to udp/239.255.0.1:7400 failed with retcode -1
1787119662.663140 [0]        tev: ddsi_udp_conn_write to udp/192.168.3.129:7438 failed with retcode -1
1787119670.663394 [0]        tev: ddsi_udp_conn_write to udp/239.255.0.1:7400 failed with retcode -1
1787119670.663459 [0]        tev: ddsi_udp_conn_write to udp/192.168.3.129:7438 failed with retcode -1
1787119678.663720 [0]        tev: ddsi_udp_conn_write to udp/239.255.0.1:7400 failed with retcode -1
1787119678.663785 [0]        tev: ddsi_udp_conn_write to udp/192.168.3.129:7438 failed with retcode -1
1787119686.664096 [0]        tev: ddsi_udp_conn_write to udp/239.255.0.1:7400 failed with retcode -1
1787119686.664161 [0]        tev: ddsi_udp_conn_write to udp/192.168.3.129:7438 failed with retcode -1
1787119694.664276 [0]        tev: ddsi_udp_conn_write to udp/239.255.0.1:7400 failed with retcode -1
1787119694.664340 [0]        tev: ddsi_udp_conn_write to udp/192.168.3.129:7438 failed with retcode -1
1787119702.664621 [0]        tev: ddsi_udp_conn_write to udp/239.255.0.1:7400 failed with retcode -1
1787119702.664687 [0]        tev: ddsi_udp_conn_write to udp/192.168.3.129:7438 failed with retcode -1
1787119710.664793 [0]        tev: ddsi_udp_conn_write to udp/239.255.0.1:7400 failed with retcode -1
1787119710.664883 [0]        tev: ddsi_udp_conn_write to udp/192.168.3.129:7438 failed with retcode -1
1787119718.665144 [0]        tev: ddsi_udp_conn_write to udp/239.255.0.1:7400 failed with retcode -1
1787119718.665209 [0]        tev: ddsi_udp_conn_write to udp/192.168.3.129:7438 failed with retcode -1
1787119726.665482 [0]        tev: ddsi_udp_conn_write to udp/239.255.0.1:7400 failed with retcode -1
1787119726.665547 [0]        tev: ddsi_udp_conn_write to udp/192.168.3.129:7438 failed with retcode -1
1787119734.665882 [0]        tev: ddsi_udp_conn_write to udp/239.255.0.1:7400 failed with retcode -1
1787119734.665946 [0]        tev: ddsi_udp_conn_write to udp/192.168.3.129:7438 failed with retcode -1
1787119742.666176 [0]        tev: ddsi_udp_conn_write to udp/239.255.0.1:7400 failed with retcode -1
1787119742.666242 [0]        tev: ddsi_udp_conn_write to udp/192.168.3.129:7438 failed with retcode -1
1787119750.666534 [0]        tev: ddsi_udp_conn_write to udp/239.255.0.1:7400 failed with retcode -1
1787119750.666599 [0]        tev: ddsi_udp_conn_write to udp/192.168.3.129:7438 failed with retcode -1
1787119758.666954 [0]        tev: ddsi_udp_conn_write to udp/239.255.0.1:7400 failed with retcode -1
1787119758.667019 [0]        tev: ddsi_udp_conn_write to udp/192.168.3.129:7438 failed with retcode -1
1787119766.667191 [0]        tev: ddsi_udp_conn_write to udp/239.255.0.1:7400 failed with retcode -1
1787119766.667257 [0]        tev: ddsi_udp_conn_write to udp/192.168.3.129:7438 failed with retcode -1
1787119774.667313 [0]        tev: ddsi_udp_conn_write to udp/239.255.0.1:7400 failed with retcode -1
1787119774.667377 [0]        tev: ddsi_udp_conn_write to udp/192.168.3.129:7438 failed with retcode -1
1787119782.667445 [0]        tev: ddsi_udp_conn_write to udp/239.255.0.1:7400 failed with retcode -1
1787119782.667511 [0]        tev: ddsi_udp_conn_write to udp/192.168.3.129:7438 failed with retcode -1
1787119790.667528 [0]        tev: ddsi_udp_conn_write to udp/239.255.0.1:7400 failed with retcode -1
1787119790.667592 [0]        tev: ddsi_udp_conn_write to udp/192.168.3.129:7438 failed with retcode -1
1787119798.667983 [0]        tev: ddsi_udp_conn_write to udp/239.255.0.1:7400 failed with retcode -1
1787119798.668047 [0]        tev: ddsi_udp_conn_write to udp/192.168.3.129:7438 failed with retcode -1
1787119806.668319 [0]        tev: ddsi_udp_conn_write to udp/239.255.0.1:7400 failed with retcode -1
1787119806.668382 [0]        tev: ddsi_udp_conn_write to udp/192.168.3.129:7438 failed with retcode -1
1787119814.668485 [0]        tev: ddsi_udp_conn_write to udp/239.255.0.1:7400 failed with retcode -1
1787119814.668551 [0]        tev: ddsi_udp_conn_write to udp/192.168.3.129:7438 failed with retcode -1
1787119822.668814 [0]        tev: ddsi_udp_conn_write to udp/239.255.0.1:7400 failed with retcode -1
1787119822.668907 [0]        tev: ddsi_udp_conn_write to udp/192.168.3.129:7438 failed with retcode -1
1787119830.668895 [0]        tev: ddsi_udp_conn_write to udp/239.255.0.1:7400 failed with retcode -1
1787119830.668907 [0]        tev: ddsi_udp_conn_write to udp/192.168.3.129:7438 failed with retcode -1
1787119838.669031 [0]        tev: ddsi_udp_conn_write to udp/239.255.0.1:7400 failed with retcode -1
1787119838.669096 [0]        tev: ddsi_udp_conn_write to udp/192.168.3.129:7438 failed with retcode -1
1787119846.669165 [0]        tev: ddsi_udp_conn_write to udp/239.255.0.1:7400 failed with retcode -1
1787119846.669229 [0]        tev: ddsi_udp_conn_write to udp/192.168.3.129:7438 failed with retcode -1
1787119854.669292 [0]        tev: ddsi_udp_conn_write to udp/239.255.0.1:7400 failed with retcode -1
1787119854.669359 [0]        tev: ddsi_udp_conn_write to udp/192.168.3.129:7438 failed with retcode -1
1787119862.669370 [0]        tev: ddsi_udp_conn_write to udp/239.255.0.1:7400 failed with retcode -1
1787119862.669432 [0]        tev: ddsi_udp_conn_write to udp/192.168.3.129:7438 failed with retcode -1
1787119870.669508 [0]        tev: ddsi_udp_conn_write to udp/239.255.0.1:7400 failed with retcode -1
1787119870.669574 [0]        tev: ddsi_udp_conn_write to udp/192.168.3.129:7438 failed with retcode -1
1787119878.669555 [0]        tev: ddsi_udp_conn_write to udp/239.255.0.1:7400 failed with retcode -1
1787119878.669581 [0]        tev: ddsi_udp_conn_write to udp/192.168.3.129:7438 failed with retcode -1
1787119886.669726 [0]        tev: ddsi_udp_conn_write to udp/239.255.0.1:7400 failed with retcode -1
1787119886.669792 [0]        tev: ddsi_udp_conn_write to udp/192.168.3.129:7438 failed with retcode -1
1787119894.669854 [0]        tev: ddsi_udp_conn_write to udp/239.255.0.1:7400 failed with retcode -1
1787119894.669871 [0]        tev: ddsi_udp_conn_write to udp/192.168.3.129:7438 failed with retcode -1
1787119902.669982 [0]        tev: ddsi_udp_conn_write to udp/239.255.0.1:7400 failed with retcode -1
1787119902.670044 [0]        tev: ddsi_udp_conn_write to udp/192.168.3.129:7438 failed with retcode -1
1787119910.670108 [0]        tev: ddsi_udp_conn_write to udp/239.255.0.1:7400 failed with retcode -1
1787119910.670174 [0]        tev: ddsi_udp_conn_write to udp/192.168.3.129:7438 failed with retcode -1
1787119918.670232 [0]        tev: ddsi_udp_conn_write to udp/239.255.0.1:7400 failed with retcode -1
1787119918.670298 [0]        tev: ddsi_udp_conn_write to udp/192.168.3.129:7438 failed with retcode -1
1787119926.670355 [0]        tev: ddsi_udp_conn_write to udp/239.255.0.1:7400 failed with retcode -1
1787119926.670424 [0]        tev: ddsi_udp_conn_write to udp/192.168.3.129:7438 failed with retcode -1
1787119934.670478 [0]        tev: ddsi_udp_conn_write to udp/239.255.0.1:7400 failed with retcode -1
1787119934.670550 [0]        tev: ddsi_udp_conn_write to udp/192.168.3.129:7438 failed with retcode -1
1787119942.670615 [0]        tev: ddsi_udp_conn_write to udp/239.255.0.1:7400 failed with retcode -1
1787119942.670677 [0]        tev: ddsi_udp_conn_write to udp/192.168.3.129:7438 failed with retcode -1
1787119950.670745 [0]        tev: ddsi_udp_conn_write to udp/239.255.0.1:7400 failed with retcode -1
1787119950.670810 [0]        tev: ddsi_udp_conn_write to udp/192.168.3.129:7438 failed with retcode -1
1787119958.670887 [0]        tev: ddsi_udp_conn_write to udp/239.255.0.1:7400 failed with retcode -1
1787119958.670952 [0]        tev: ddsi_udp_conn_write to udp/192.168.3.129:7438 failed with retcode -1
1787119966.671005 [0]        tev: ddsi_udp_conn_write to udp/239.255.0.1:7400 failed with retcode -1
1787119966.671067 [0]        tev: ddsi_udp_conn_write to udp/192.168.3.129:7438 failed with retcode -1
1787119974.671060 [0]        tev: ddsi_udp_conn_write to udp/239.255.0.1:7400 failed with retcode -1
1787119974.671087 [0]        tev: ddsi_udp_conn_write to udp/192.168.3.129:7438 failed with retcode -1
1787119982.671226 [0]        tev: ddsi_udp_conn_write to udp/239.255.0.1:7400 failed with retcode -1
1787119982.671288 [0]        tev: ddsi_udp_conn_write to udp/192.168.3.129:7438 failed with retcode -1
1787119990.671312 [0]        tev: ddsi_udp_conn_write to udp/239.255.0.1:7400 failed with retcode -1
1787119990.671375 [0]        tev: ddsi_udp_conn_write to udp/192.168.3.129:7438 failed with retcode -1
1787119998.671432 [0]        tev: ddsi_udp_conn_write to udp/239.255.0.1:7400 failed with retcode -1
1787119998.671495 [0]        tev: ddsi_udp_conn_write to udp/192.168.3.129:7438 failed with retcode -1
1787120006.671556 [0]        tev: ddsi_udp_conn_write to udp/239.255.0.1:7400 failed with retcode -1
1787120006.671617 [0]        tev: ddsi_udp_conn_write to udp/192.168.3.129:7438 failed with retcode -1
1787120014.671680 [0]        tev: ddsi_udp_conn_write to udp/239.255.0.1:7400 failed with retcode -1
1787120014.671744 [0]        tev: ddsi_udp_conn_write to udp/192.168.3.129:7438 failed with retcode -1
1787120022.671803 [0]        tev: ddsi_udp_conn_write to udp/239.255.0.1:7400 failed with retcode -1
1787120022.671883 [0]        tev: ddsi_udp_conn_write to udp/192.168.3.129:7438 failed with retcode -1
1787120030.671938 [0]        tev: ddsi_udp_conn_write to udp/239.255.0.1:7400 failed with retcode -1
1787120030.671998 [0]        tev: ddsi_udp_conn_write to udp/192.168.3.129:7438 failed with retcode -1
1787120038.672019 [0]        tev: ddsi_udp_conn_write to udp/239.255.0.1:7400 failed with retcode -1
1787120038.672083 [0]        tev: ddsi_udp_conn_write to udp/192.168.3.129:7438 failed with retcode -1
1787120046.672148 [0]        tev: ddsi_udp_conn_write to udp/239.255.0.1:7400 failed with retcode -1
1787120046.672212 [0]        tev: ddsi_udp_conn_write to udp/192.168.3.129:7438 failed with retcode -1
1787120054.672276 [0]        tev: ddsi_udp_conn_write to udp/239.255.0.1:7400 failed with retcode -1
1787120054.672339 [0]        tev: ddsi_udp_conn_write to udp/192.168.3.129:7438 failed with retcode -1
1787120062.672397 [0]        tev: ddsi_udp_conn_write to udp/239.255.0.1:7400 failed with retcode -1
1787120062.672457 [0]        tev: ddsi_udp_conn_write to udp/192.168.3.129:7438 failed with retcode -1
1787120070.672526 [0]        tev: ddsi_udp_conn_write to udp/239.255.0.1:7400 failed with retcode -1
1787120070.672588 [0]        tev: ddsi_udp_conn_write to udp/192.168.3.129:7438 failed with retcode -1
1787120078.672653 [0]        tev: ddsi_udp_conn_write to udp/239.255.0.1:7400 failed with retcode -1
1787120078.672715 [0]        tev: ddsi_udp_conn_write to udp/192.168.3.129:7438 failed with retcode -1
1787120086.672777 [0]        tev: ddsi_udp_conn_write to udp/239.255.0.1:7400 failed with retcode -1
1787120086.672857 [0]        tev: ddsi_udp_conn_write to udp/192.168.3.129:7438 failed with retcode -1
1787120094.672913 [0]        tev: ddsi_udp_conn_write to udp/239.255.0.1:7400 failed with retcode -1
1787120094.672974 [0]        tev: ddsi_udp_conn_write to udp/192.168.3.129:7438 failed with retcode -1
1787120102.673045 [0]        tev: ddsi_udp_conn_write to udp/239.255.0.1:7400 failed with retcode -1
1787120102.673107 [0]        tev: ddsi_udp_conn_write to udp/192.168.3.129:7438 failed with retcode -1
1787120110.673164 [0]        tev: ddsi_udp_conn_write to udp/239.255.0.1:7400 failed with retcode -1
1787120110.673226 [0]        tev: ddsi_udp_conn_write to udp/192.168.3.129:7438 failed with retcode -1
1787120118.673245 [0]        tev: ddsi_udp_conn_write to udp/239.255.0.1:7400 failed with retcode -1
1787120118.673308 [0]        tev: ddsi_udp_conn_write to udp/192.168.3.129:7438 failed with retcode -1
1787120126.673368 [0]        tev: ddsi_udp_conn_write to udp/239.255.0.1:7400 failed with retcode -1
1787120126.673429 [0]        tev: ddsi_udp_conn_write to udp/192.168.3.129:7438 failed with retcode -1
1787120134.673487 [0]        tev: ddsi_udp_conn_write to udp/239.255.0.1:7400 failed with retcode -1
1787120134.673577 [0]        tev: ddsi_udp_conn_write to udp/192.168.3.129:7438 failed with retcode -1
1787120142.673603 [0]        tev: ddsi_udp_conn_write to udp/239.255.0.1:7400 failed with retcode -1
1787120142.673664 [0]        tev: ddsi_udp_conn_write to udp/192.168.3.129:7438 failed with retcode -1
1787120150.673774 [0]        tev: ddsi_udp_conn_write to udp/239.255.0.1:7400 failed with retcode -1
1787120150.673870 [0]        tev: ddsi_udp_conn_write to udp/192.168.3.129:7438 failed with retcode -1
1787120158.673901 [0]        tev: ddsi_udp_conn_write to udp/239.255.0.1:7400 failed with retcode -1
1787120158.673964 [0]        tev: ddsi_udp_conn_write to udp/192.168.3.129:7438 failed with retcode -1
1787120166.674028 [0]        tev: ddsi_udp_conn_write to udp/239.255.0.1:7400 failed with retcode -1
1787120166.674092 [0]        tev: ddsi_udp_conn_write to udp/192.168.3.129:7438 failed with retcode -1
1787120174.674111 [0]        tev: ddsi_udp_conn_write to udp/239.255.0.1:7400 failed with retcode -1
1787120174.674180 [0]        tev: ddsi_udp_conn_write to udp/192.168.3.129:7438 failed with retcode -1
1787120182.674182 [0]        tev: ddsi_udp_conn_write to udp/239.255.0.1:7400 failed with retcode -1
1787120182.674246 [0]        tev: ddsi_udp_conn_write to udp/192.168.3.129:7438 failed with retcode -1
1787120190.674281 [0]        tev: ddsi_udp_conn_write to udp/239.255.0.1:7400 failed with retcode -1
1787120190.674348 [0]        tev: ddsi_udp_conn_write to udp/192.168.3.129:7438 failed with retcode -1
1787120198.674418 [0]        tev: ddsi_udp_conn_write to udp/239.255.0.1:7400 failed with retcode -1
1787120198.674483 [0]        tev: ddsi_udp_conn_write to udp/192.168.3.129:7438 failed with retcode -1
1787120206.674528 [0]        tev: ddsi_udp_conn_write to udp/239.255.0.1:7400 failed with retcode -1
1787120206.674588 [0]        tev: ddsi_udp_conn_write to udp/192.168.3.129:7438 failed with retcode -1
1787120214.674911 [0]        tev: ddsi_udp_conn_write to udp/239.255.0.1:7400 failed with retcode -1
1787120214.674979 [0]        tev: ddsi_udp_conn_write to udp/192.168.3.129:7438 failed with retcode -1
1787120222.675184 [0]        tev: ddsi_udp_conn_write to udp/239.255.0.1:7400 failed with retcode -1
1787120222.675250 [0]        tev: ddsi_udp_conn_write to udp/192.168.3.129:7438 failed with retcode -1
1787120230.675293 [0]        tev: ddsi_udp_conn_write to udp/239.255.0.1:7400 failed with retcode -1
1787120230.675358 [0]        tev: ddsi_udp_conn_write to udp/192.168.3.129:7438 failed with retcode -1
1787120238.675612 [0]        tev: ddsi_udp_conn_write to udp/239.255.0.1:7400 failed with retcode -1
1787120238.675650 [0]        tev: ddsi_udp_conn_write to udp/192.168.3.129:7438 failed with retcode -1
1787120246.675971 [0]        tev: ddsi_udp_conn_write to udp/239.255.0.1:7400 failed with retcode -1
1787120246.676037 [0]        tev: ddsi_udp_conn_write to udp/192.168.3.129:7438 failed with retcode -1
1787120254.676081 [0]        tev: ddsi_udp_conn_write to udp/239.255.0.1:7400 failed with retcode -1
1787120254.676142 [0]        tev: ddsi_udp_conn_write to udp/192.168.3.129:7438 failed with retcode -1
1787120262.676411 [0]        tev: ddsi_udp_conn_write to udp/239.255.0.1:7400 failed with retcode -1
1787120262.676476 [0]        tev: ddsi_udp_conn_write to udp/192.168.3.129:7438 failed with retcode -1
1787120270.676764 [0]        tev: ddsi_udp_conn_write to udp/239.255.0.1:7400 failed with retcode -1
1787120270.676854 [0]        tev: ddsi_udp_conn_write to udp/192.168.3.129:7438 failed with retcode -1
1787120278.676893 [0]        tev: ddsi_udp_conn_write to udp/239.255.0.1:7400 failed with retcode -1
1787120278.676954 [0]        tev: ddsi_udp_conn_write to udp/192.168.3.129:7438 failed with retcode -1
1787120286.677184 [0]        tev: ddsi_udp_conn_write to udp/239.255.0.1:7400 failed with retcode -1
1787120286.677250 [0]        tev: ddsi_udp_conn_write to udp/192.168.3.129:7438 failed with retcode -1
1787120294.677453 [0]        tev: ddsi_udp_conn_write to udp/239.255.0.1:7400 failed with retcode -1
1787120294.677549 [0]        tev: ddsi_udp_conn_write to udp/192.168.3.129:7438 failed with retcode -1
1787120302.677518 [0]        tev: ddsi_udp_conn_write to udp/239.255.0.1:7400 failed with retcode -1
1787120302.677576 [0]        tev: ddsi_udp_conn_write to udp/192.168.3.129:7438 failed with retcode -1
1787120310.677946 [0]        tev: ddsi_udp_conn_write to udp/239.255.0.1:7400 failed with retcode -1
1787120310.678012 [0]        tev: ddsi_udp_conn_write to udp/192.168.3.129:7438 failed with retcode -1
1787120318.678375 [0]        tev: ddsi_udp_conn_write to udp/239.255.0.1:7400 failed with retcode -1
1787120318.678440 [0]        tev: ddsi_udp_conn_write to udp/192.168.3.129:7438 failed with retcode -1
1787120326.678435 [0]        tev: ddsi_udp_conn_write to udp/239.255.0.1:7400 failed with retcode -1
1787120326.678495 [0]        tev: ddsi_udp_conn_write to udp/192.168.3.129:7438 failed with retcode -1
1787120334.678779 [0]        tev: ddsi_udp_conn_write to udp/239.255.0.1:7400 failed with retcode -1
1787120334.678871 [0]        tev: ddsi_udp_conn_write to udp/192.168.3.129:7438 failed with retcode -1
1787120342.679198 [0]        tev: ddsi_udp_conn_write to udp/239.255.0.1:7400 failed with retcode -1
1787120342.679264 [0]        tev: ddsi_udp_conn_write to udp/192.168.3.129:7438 failed with retcode -1
1787120350.679272 [0]        tev: ddsi_udp_conn_write to udp/239.255.0.1:7400 failed with retcode -1
1787120350.679335 [0]        tev: ddsi_udp_conn_write to udp/192.168.3.129:7438 failed with retcode -1
1787120358.679742 [0]        tev: ddsi_udp_conn_write to udp/239.255.0.1:7400 failed with retcode -1
1787120358.679807 [0]        tev: ddsi_udp_conn_write to udp/192.168.3.129:7438 failed with retcode -1
1787120366.680163 [0]        tev: ddsi_udp_conn_write to udp/239.255.0.1:7400 failed with retcode -1
1787120366.680228 [0]        tev: ddsi_udp_conn_write to udp/192.168.3.129:7438 failed with retcode -1
1787120374.680247 [0]        tev: ddsi_udp_conn_write to udp/239.255.0.1:7400 failed with retcode -1
1787120374.680313 [0]        tev: ddsi_udp_conn_write to udp/192.168.3.129:7438 failed with retcode -1
1787120382.680698 [0]        tev: ddsi_udp_conn_write to udp/239.255.0.1:7400 failed with retcode -1
1787120382.680763 [0]        tev: ddsi_udp_conn_write to udp/192.168.3.129:7438 failed with retcode -1
1787120390.681005 [0]        tev: ddsi_udp_conn_write to udp/239.255.0.1:7400 failed with retcode -1
1787120390.681070 [0]        tev: ddsi_udp_conn_write to udp/192.168.3.129:7438 failed with retcode -1
1787120398.681134 [0]        tev: ddsi_udp_conn_write to udp/239.255.0.1:7400 failed with retcode -1
1787120398.681194 [0]        tev: ddsi_udp_conn_write to udp/192.168.3.129:7438 failed with retcode -1
1787120406.681446 [0]        tev: ddsi_udp_conn_write to udp/239.255.0.1:7400 failed with retcode -1
1787120406.681512 [0]        tev: ddsi_udp_conn_write to udp/192.168.3.129:7438 failed with retcode -1
1787120414.681568 [0]        tev: ddsi_udp_conn_write to udp/239.255.0.1:7400 failed with retcode -1
1787120414.681634 [0]        tev: ddsi_udp_conn_write to udp/192.168.3.129:7438 failed with retcode -1
1787120422.681704 [0]        tev: ddsi_udp_conn_write to udp/239.255.0.1:7400 failed with retcode -1
1787120422.681766 [0]        tev: ddsi_udp_conn_write to udp/192.168.3.129:7438 failed with retcode -1
1787120430.682064 [0]        tev: ddsi_udp_conn_write to udp/239.255.0.1:7400 failed with retcode -1
1787120430.682128 [0]        tev: ddsi_udp_conn_write to udp/192.168.3.129:7438 failed with retcode -1
1787120438.682114 [0]        tev: ddsi_udp_conn_write to udp/239.255.0.1:7400 failed with retcode -1
1787120438.682135 [0]        tev: ddsi_udp_conn_write to udp/192.168.3.129:7438 failed with retcode -1
1787120446.682204 [0]        tev: ddsi_udp_conn_write to udp/239.255.0.1:7400 failed with retcode -1
1787120446.682221 [0]        tev: ddsi_udp_conn_write to udp/192.168.3.129:7438 failed with retcode -1
1787120454.682385 [0]        tev: ddsi_udp_conn_write to udp/239.255.0.1:7400 failed with retcode -1
1787120454.682485 [0]        tev: ddsi_udp_conn_write to udp/192.168.3.129:7438 failed with retcode -1
1787120462.682720 [0]        tev: ddsi_udp_conn_write to udp/239.255.0.1:7400 failed with retcode -1
1787120462.682785 [0]        tev: ddsi_udp_conn_write to udp/192.168.3.129:7438 failed with retcode -1
1787120470.682858 [0]        tev: ddsi_udp_conn_write to udp/239.255.0.1:7400 failed with retcode -1
1787120470.682918 [0]        tev: ddsi_udp_conn_write to udp/192.168.3.129:7438 failed with retcode -1
1787120478.682939 [0]        tev: ddsi_udp_conn_write to udp/239.255.0.1:7400 failed with retcode -1
1787120478.683002 [0]        tev: ddsi_udp_conn_write to udp/192.168.3.129:7438 failed with retcode -1
1787120486.683264 [0]        tev: ddsi_udp_conn_write to udp/239.255.0.1:7400 failed with retcode -1
1787120486.683327 [0]        tev: ddsi_udp_conn_write to udp/192.168.3.129:7438 failed with retcode -1
1787120494.683341 [0]        tev: ddsi_udp_conn_write to udp/239.255.0.1:7400 failed with retcode -1
1787120494.683407 [0]        tev: ddsi_udp_conn_write to udp/192.168.3.129:7438 failed with retcode -1
1787120502.683769 [0]        tev: ddsi_udp_conn_write to udp/239.255.0.1:7400 failed with retcode -1
1787120502.683795 [0]        tev: ddsi_udp_conn_write to udp/192.168.3.129:7438 failed with retcode -1
1787120510.684002 [0]        tev: ddsi_udp_conn_write to udp/239.255.0.1:7400 failed with retcode -1
1787120510.684070 [0]        tev: ddsi_udp_conn_write to udp/192.168.3.129:7438 failed with retcode -1
1787120518.684093 [0]        tev: ddsi_udp_conn_write to udp/239.255.0.1:7400 failed with retcode -1
1787120518.684155 [0]        tev: ddsi_udp_conn_write to udp/192.168.3.129:7438 failed with retcode -1
1787120526.684186 [0]        tev: ddsi_udp_conn_write to udp/239.255.0.1:7400 failed with retcode -1
1787120526.684251 [0]        tev: ddsi_udp_conn_write to udp/192.168.3.129:7438 failed with retcode -1
1787120534.684305 [0]        tev: ddsi_udp_conn_write to udp/239.255.0.1:7400 failed with retcode -1
1787120534.684383 [0]        tev: ddsi_udp_conn_write to udp/192.168.3.129:7438 failed with retcode -1
1787120542.684375 [0]        tev: ddsi_udp_conn_write to udp/239.255.0.1:7400 failed with retcode -1
1787120542.684439 [0]        tev: ddsi_udp_conn_write to udp/192.168.3.129:7438 failed with retcode -1
1787120550.684709 [0]        tev: ddsi_udp_conn_write to udp/239.255.0.1:7400 failed with retcode -1
1787120550.684747 [0]        tev: ddsi_udp_conn_write to udp/192.168.3.129:7438 failed with retcode -1
1787120558.685063 [0]        tev: ddsi_udp_conn_write to udp/239.255.0.1:7400 failed with retcode -1
1787120558.685127 [0]        tev: ddsi_udp_conn_write to udp/192.168.3.129:7438 failed with retcode -1
1787120566.685134 [0]        tev: ddsi_udp_conn_write to udp/239.255.0.1:7400 failed with retcode -1
1787120566.685192 [0]        tev: ddsi_udp_conn_write to udp/192.168.3.129:7438 failed with retcode -1
1787120574.685478 [0]        tev: ddsi_udp_conn_write to udp/239.255.0.1:7400 failed with retcode -1
1787120574.685543 [0]        tev: ddsi_udp_conn_write to udp/192.168.3.129:7438 failed with retcode -1
1787120582.685943 [0]        tev: ddsi_udp_conn_write to udp/239.255.0.1:7400 failed with retcode -1
1787120582.686007 [0]        tev: ddsi_udp_conn_write to udp/192.168.3.129:7438 failed with retcode -1
1787120590.686372 [0]        tev: ddsi_udp_conn_write to udp/239.255.0.1:7400 failed with retcode -1
1787120590.686401 [0]        tev: ddsi_udp_conn_write to udp/192.168.3.129:7438 failed with retcode -1
1787120598.686538 [0]        tev: ddsi_udp_conn_write to udp/239.255.0.1:7400 failed with retcode -1
1787120598.686599 [0]        tev: ddsi_udp_conn_write to udp/192.168.3.129:7438 failed with retcode -1
1787120606.686879 [0]        tev: ddsi_udp_conn_write to udp/239.255.0.1:7400 failed with retcode -1
1787120606.686944 [0]        tev: ddsi_udp_conn_write to udp/192.168.3.129:7438 failed with retcode -1
1787120614.686950 [0]        tev: ddsi_udp_conn_write to udp/239.255.0.1:7400 failed with retcode -1
1787120614.687040 [0]        tev: ddsi_udp_conn_write to udp/192.168.3.129:7438 failed with retcode -1
1787120622.687398 [0]        tev: ddsi_udp_conn_write to udp/239.255.0.1:7400 failed with retcode -1
1787120622.687423 [0]        tev: ddsi_udp_conn_write to udp/192.168.3.129:7438 failed with retcode -1
1787120630.687839 [0]        tev: ddsi_udp_conn_write to udp/239.255.0.1:7400 failed with retcode -1
1787120630.687866 [0]        tev: ddsi_udp_conn_write to udp/192.168.3.129:7438 failed with retcode -1
1787120638.688031 [0]        tev: ddsi_udp_conn_write to udp/239.255.0.1:7400 failed with retcode -1
1787120638.688095 [0]        tev: ddsi_udp_conn_write to udp/192.168.3.129:7438 failed with retcode -1
1787120646.688108 [0]        tev: ddsi_udp_conn_write to udp/239.255.0.1:7400 failed with retcode -1
1787120646.688174 [0]        tev: ddsi_udp_conn_write to udp/192.168.3.129:7438 failed with retcode -1
1787120654.688419 [0]        tev: ddsi_udp_conn_write to udp/239.255.0.1:7400 failed with retcode -1
1787120654.688444 [0]        tev: ddsi_udp_conn_write to udp/192.168.3.129:7438 failed with retcode -1
1787120662.688642 [0]        tev: ddsi_udp_conn_write to udp/239.255.0.1:7400 failed with retcode -1
1787120662.688706 [0]        tev: ddsi_udp_conn_write to udp/192.168.3.129:7438 failed with retcode -1
1787120670.689075 [0]        tev: ddsi_udp_conn_write to udp/239.255.0.1:7400 failed with retcode -1
1787120670.689140 [0]        tev: ddsi_udp_conn_write to udp/192.168.3.129:7438 failed with retcode -1
1787120678.689403 [0]        tev: ddsi_udp_conn_write to udp/239.255.0.1:7400 failed with retcode -1
1787120678.689468 [0]        tev: ddsi_udp_conn_write to udp/192.168.3.129:7438 failed with retcode -1
1787120686.689479 [0]        tev: ddsi_udp_conn_write to udp/239.255.0.1:7400 failed with retcode -1
1787120686.689544 [0]        tev: ddsi_udp_conn_write to udp/192.168.3.129:7438 failed with retcode -1
1787120694.689877 [0]        tev: ddsi_udp_conn_write to udp/239.255.0.1:7400 failed with retcode -1
1787120694.689942 [0]        tev: ddsi_udp_conn_write to udp/192.168.3.129:7438 failed with retcode -1
1787120702.689985 [0]        tev: ddsi_udp_conn_write to udp/239.255.0.1:7400 failed with retcode -1
1787120702.690050 [0]        tev: ddsi_udp_conn_write to udp/192.168.3.129:7438 failed with retcode -1
1787120710.690077 [0]        tev: ddsi_udp_conn_write to udp/239.255.0.1:7400 failed with retcode -1
1787120710.690142 [0]        tev: ddsi_udp_conn_write to udp/192.168.3.129:7438 failed with retcode -1
1787120718.690480 [0]        tev: ddsi_udp_conn_write to udp/239.255.0.1:7400 failed with retcode -1
1787120718.690545 [0]        tev: ddsi_udp_conn_write to udp/192.168.3.129:7438 failed with retcode -1
1787120726.690596 [0]        tev: ddsi_udp_conn_write to udp/239.255.0.1:7400 failed with retcode -1
1787120726.690656 [0]        tev: ddsi_udp_conn_write to udp/192.168.3.129:7438 failed with retcode -1
1787120734.690699 [0]        tev: ddsi_udp_conn_write to udp/239.255.0.1:7400 failed with retcode -1
1787120734.690765 [0]        tev: ddsi_udp_conn_write to udp/192.168.3.129:7438 failed with retcode -1
1787120742.691044 [0]        tev: ddsi_udp_conn_write to udp/239.255.0.1:7400 failed with retcode -1
1787120742.691109 [0]        tev: ddsi_udp_conn_write to udp/192.168.3.129:7438 failed with retcode -1
1787120750.691275 [0]        tev: ddsi_udp_conn_write to udp/239.255.0.1:7400 failed with retcode -1
1787120750.691338 [0]        tev: ddsi_udp_conn_write to udp/192.168.3.129:7438 failed with retcode -1
1787120758.691570 [0]        tev: ddsi_udp_conn_write to udp/239.255.0.1:7400 failed with retcode -1
1787120758.691634 [0]        tev: ddsi_udp_conn_write to udp/192.168.3.129:7438 failed with retcode -1
1787120766.691740 [0]        tev: ddsi_udp_conn_write to udp/239.255.0.1:7400 failed with retcode -1
1787120766.691806 [0]        tev: ddsi_udp_conn_write to udp/192.168.3.129:7438 failed with retcode -1
1787120774.691910 [0]        tev: ddsi_udp_conn_write to udp/239.255.0.1:7400 failed with retcode -1
1787120774.692006 [0]        tev: ddsi_udp_conn_write to udp/192.168.3.129:7438 failed with retcode -1
1787120782.691937 [0]        tev: ddsi_udp_conn_write to udp/239.255.0.1:7400 failed with retcode -1
1787120782.691998 [0]        tev: ddsi_udp_conn_write to udp/192.168.3.129:7438 failed with retcode -1
1787120790.692341 [0]        tev: ddsi_udp_conn_write to udp/239.255.0.1:7400 failed with retcode -1
1787120790.692406 [0]        tev: ddsi_udp_conn_write to udp/192.168.3.129:7438 failed with retcode -1
1787120798.692781 [0]        tev: ddsi_udp_conn_write to udp/239.255.0.1:7400 failed with retcode -1
1787120798.692876 [0]        tev: ddsi_udp_conn_write to udp/192.168.3.129:7438 failed with retcode -1
1787120806.693158 [0]        tev: ddsi_udp_conn_write to udp/239.255.0.1:7400 failed with retcode -1
1787120806.693223 [0]        tev: ddsi_udp_conn_write to udp/192.168.3.129:7438 failed with retcode -1
1787120814.693250 [0]        tev: ddsi_udp_conn_write to udp/239.255.0.1:7400 failed with retcode -1
1787120814.693318 [0]        tev: ddsi_udp_conn_write to udp/192.168.3.129:7438 failed with retcode -1
1787120822.693641 [0]        tev: ddsi_udp_conn_write to udp/239.255.0.1:7400 failed with retcode -1
1787120822.693705 [0]        tev: ddsi_udp_conn_write to udp/192.168.3.129:7438 failed with retcode -1
1787120830.693978 [0]        tev: ddsi_udp_conn_write to udp/239.255.0.1:7400 failed with retcode -1
1787120830.694041 [0]        tev: ddsi_udp_conn_write to udp/192.168.3.129:7438 failed with retcode -1
1787120838.694318 [0]        tev: ddsi_udp_conn_write to udp/239.255.0.1:7400 failed with retcode -1
1787120838.694386 [0]        tev: ddsi_udp_conn_write to udp/192.168.3.129:7438 failed with retcode -1
1787120846.694650 [0]        tev: ddsi_udp_conn_write to udp/239.255.0.1:7400 failed with retcode -1
1787120846.694719 [0]        tev: ddsi_udp_conn_write to udp/192.168.3.129:7438 failed with retcode -1
1787120854.694958 [0]        tev: ddsi_udp_conn_write to udp/239.255.0.1:7400 failed with retcode -1
1787120854.695022 [0]        tev: ddsi_udp_conn_write to udp/192.168.3.129:7438 failed with retcode -1
1787120862.695347 [0]        tev: ddsi_udp_conn_write to udp/239.255.0.1:7400 failed with retcode -1
1787120862.695411 [0]        tev: ddsi_udp_conn_write to udp/192.168.3.129:7438 failed with retcode -1
1787120870.695791 [0]        tev: ddsi_udp_conn_write to udp/239.255.0.1:7400 failed with retcode -1
1787120870.695882 [0]        tev: ddsi_udp_conn_write to udp/192.168.3.129:7438 failed with retcode -1
1787120878.695949 [0]        tev: ddsi_udp_conn_write to udp/239.255.0.1:7400 failed with retcode -1
1787120878.695986 [0]        tev: ddsi_udp_conn_write to udp/192.168.3.129:7438 failed with retcode -1
1787120886.696317 [0]        tev: ddsi_udp_conn_write to udp/239.255.0.1:7400 failed with retcode -1
1787120886.696382 [0]        tev: ddsi_udp_conn_write to udp/192.168.3.129:7438 failed with retcode -1
1787120894.696733 [0]        tev: ddsi_udp_conn_write to udp/239.255.0.1:7400 failed with retcode -1
1787120894.696798 [0]        tev: ddsi_udp_conn_write to udp/192.168.3.129:7438 failed with retcode -1
1787120902.697060 [0]        tev: ddsi_udp_conn_write to udp/239.255.0.1:7400 failed with retcode -1
1787120902.697125 [0]        tev: ddsi_udp_conn_write to udp/192.168.3.129:7438 failed with retcode -1
1787120910.697411 [0]        tev: ddsi_udp_conn_write to udp/239.255.0.1:7400 failed with retcode -1
1787120910.697474 [0]        tev: ddsi_udp_conn_write to udp/192.168.3.129:7438 failed with retcode -1
1787120918.697773 [0]        tev: ddsi_udp_conn_write to udp/239.255.0.1:7400 failed with retcode -1
1787120918.697875 [0]        tev: ddsi_udp_conn_write to udp/192.168.3.129:7438 failed with retcode -1
1787120926.698164 [0]        tev: ddsi_udp_conn_write to udp/239.255.0.1:7400 failed with retcode -1
1787120926.698228 [0]        tev: ddsi_udp_conn_write to udp/192.168.3.129:7438 failed with retcode -1
1787120934.698583 [0]        tev: ddsi_udp_conn_write to udp/239.255.0.1:7400 failed with retcode -1
1787120934.698680 [0]        tev: ddsi_udp_conn_write to udp/192.168.3.129:7438 failed with retcode -1
1787120942.699051 [0]        tev: ddsi_udp_conn_write to udp/239.255.0.1:7400 failed with retcode -1
1787120942.699115 [0]        tev: ddsi_udp_conn_write to udp/192.168.3.129:7438 failed with retcode -1
1787120950.699369 [0]        tev: ddsi_udp_conn_write to udp/239.255.0.1:7400 failed with retcode -1
1787120950.699435 [0]        tev: ddsi_udp_conn_write to udp/192.168.3.129:7438 failed with retcode -1
1787120958.699727 [0]        tev: ddsi_udp_conn_write to udp/239.255.0.1:7400 failed with retcode -1
1787120958.699771 [0]        tev: ddsi_udp_conn_write to udp/192.168.3.129:7438 failed with retcode -1
1787120966.700226 [0]        tev: ddsi_udp_conn_write to udp/239.255.0.1:7400 failed with retcode -1
1787120966.700290 [0]        tev: ddsi_udp_conn_write to udp/192.168.3.129:7438 failed with retcode -1
1787120974.700585 [0]        tev: ddsi_udp_conn_write to udp/239.255.0.1:7400 failed with retcode -1
1787120974.700649 [0]        tev: ddsi_udp_conn_write to udp/192.168.3.129:7438 failed with retcode -1
1787120982.700825 [0]        tev: ddsi_udp_conn_write to udp/239.255.0.1:7400 failed with retcode -1
1787120982.700845 [0]        tev: ddsi_udp_conn_write to udp/192.168.3.129:7438 failed with retcode -1
1787120990.701006 [0]        tev: ddsi_udp_conn_write to udp/239.255.0.1:7400 failed with retcode -1
1787120990.701066 [0]        tev: ddsi_udp_conn_write to udp/192.168.3.129:7438 failed with retcode -1
1787120998.701059 [0]        tev: ddsi_udp_conn_write to udp/239.255.0.1:7400 failed with retcode -1
1787120998.701073 [0]        tev: ddsi_udp_conn_write to udp/192.168.3.129:7438 failed with retcode -1
1787121006.701538 [0]        tev: ddsi_udp_conn_write to udp/239.255.0.1:7400 failed with retcode -1
1787121006.701604 [0]        tev: ddsi_udp_conn_write to udp/192.168.3.129:7438 failed with retcode -1
1787121014.701706 [0]        tev: ddsi_udp_conn_write to udp/239.255.0.1:7400 failed with retcode -1
1787121014.701772 [0]        tev: ddsi_udp_conn_write to udp/192.168.3.129:7438 failed with retcode -1
1787121022.702153 [0]        tev: ddsi_udp_conn_write to udp/239.255.0.1:7400 failed with retcode -1
1787121022.702217 [0]        tev: ddsi_udp_conn_write to udp/192.168.3.129:7438 failed with retcode -1
1787121030.702564 [0]        tev: ddsi_udp_conn_write to udp/239.255.0.1:7400 failed with retcode -1
1787121030.702598 [0]        tev: ddsi_udp_conn_write to udp/192.168.3.129:7438 failed with retcode -1
1787121038.702635 [0]        tev: ddsi_udp_conn_write to udp/239.255.0.1:7400 failed with retcode -1
1787121038.702652 [0]        tev: ddsi_udp_conn_write to udp/192.168.3.129:7438 failed with retcode -1
1787121046.702830 [0]        tev: ddsi_udp_conn_write to udp/239.255.0.1:7400 failed with retcode -1
1787121046.702872 [0]        tev: ddsi_udp_conn_write to udp/192.168.3.129:7438 failed with retcode -1
1787121054.702992 [0]        tev: ddsi_udp_conn_write to udp/239.255.0.1:7400 failed with retcode -1
1787121054.703008 [0]        tev: ddsi_udp_conn_write to udp/192.168.3.129:7438 failed with retcode -1
1787121062.703347 [0]        tev: ddsi_udp_conn_write to udp/239.255.0.1:7400 failed with retcode -1
1787121062.703380 [0]        tev: ddsi_udp_conn_write to udp/192.168.3.129:7438 failed with retcode -1
1787121070.703742 [0]        tev: ddsi_udp_conn_write to udp/239.255.0.1:7400 failed with retcode -1
1787121070.703808 [0]        tev: ddsi_udp_conn_write to udp/192.168.3.129:7438 failed with retcode -1
1787121078.704102 [0]        tev: ddsi_udp_conn_write to udp/239.255.0.1:7400 failed with retcode -1
1787121078.704170 [0]        tev: ddsi_udp_conn_write to udp/192.168.3.129:7438 failed with retcode -1
1787121086.704523 [0]        tev: ddsi_udp_conn_write to udp/239.255.0.1:7400 failed with retcode -1
1787121086.704589 [0]        tev: ddsi_udp_conn_write to udp/192.168.3.129:7438 failed with retcode -1
1787121094.704904 [0]        tev: ddsi_udp_conn_write to udp/239.255.0.1:7400 failed with retcode -1
1787121094.704977 [0]        tev: ddsi_udp_conn_write to udp/192.168.3.129:7438 failed with retcode -1
1787121102.705365 [0]        tev: ddsi_udp_conn_write to udp/239.255.0.1:7400 failed with retcode -1
1787121102.705430 [0]        tev: ddsi_udp_conn_write to udp/192.168.3.129:7438 failed with retcode -1
1787121110.705440 [0]        tev: ddsi_udp_conn_write to udp/239.255.0.1:7400 failed with retcode -1
1787121110.705504 [0]        tev: ddsi_udp_conn_write to udp/192.168.3.129:7438 failed with retcode -1
1787121118.705569 [0]        tev: ddsi_udp_conn_write to udp/239.255.0.1:7400 failed with retcode -1
1787121118.705634 [0]        tev: ddsi_udp_conn_write to udp/192.168.3.129:7438 failed with retcode -1
1787121126.705940 [0]        tev: ddsi_udp_conn_write to udp/239.255.0.1:7400 failed with retcode -1
1787121126.706014 [0]        tev: ddsi_udp_conn_write to udp/192.168.3.129:7438 failed with retcode -1
1787121134.706307 [0]        tev: ddsi_udp_conn_write to udp/239.255.0.1:7400 failed with retcode -1
1787121134.706375 [0]        tev: ddsi_udp_conn_write to udp/192.168.3.129:7438 failed with retcode -1
1787121142.706729 [0]        tev: ddsi_udp_conn_write to udp/239.255.0.1:7400 failed with retcode -1
1787121142.706797 [0]        tev: ddsi_udp_conn_write to udp/192.168.3.129:7438 failed with retcode -1
1787121150.707050 [0]        tev: ddsi_udp_conn_write to udp/239.255.0.1:7400 failed with retcode -1
1787121150.707115 [0]        tev: ddsi_udp_conn_write to udp/192.168.3.129:7438 failed with retcode -1
1787121158.707458 [0]        tev: ddsi_udp_conn_write to udp/239.255.0.1:7400 failed with retcode -1
1787121158.707492 [0]        tev: ddsi_udp_conn_write to udp/192.168.3.129:7438 failed with retcode -1
1787121166.707940 [0]        tev: ddsi_udp_conn_write to udp/239.255.0.1:7400 failed with retcode -1
1787121166.708009 [0]        tev: ddsi_udp_conn_write to udp/192.168.3.129:7438 failed with retcode -1
1787121174.708355 [0]        tev: ddsi_udp_conn_write to udp/239.255.0.1:7400 failed with retcode -1
1787121174.708423 [0]        tev: ddsi_udp_conn_write to udp/192.168.3.129:7438 failed with retcode -1
1787121182.708502 [0]        tev: ddsi_udp_conn_write to udp/239.255.0.1:7400 failed with retcode -1
1787121182.708567 [0]        tev: ddsi_udp_conn_write to udp/192.168.3.129:7438 failed with retcode -1
1787121190.708861 [0]        tev: ddsi_udp_conn_write to udp/239.255.0.1:7400 failed with retcode -1
1787121190.708929 [0]        tev: ddsi_udp_conn_write to udp/192.168.3.129:7438 failed with retcode -1
1787121198.709274 [0]        tev: ddsi_udp_conn_write to udp/239.255.0.1:7400 failed with retcode -1
1787121198.709339 [0]        tev: ddsi_udp_conn_write to udp/192.168.3.129:7438 failed with retcode -1
1787121206.709732 [0]        tev: ddsi_udp_conn_write to udp/239.255.0.1:7400 failed with retcode -1
1787121206.709810 [0]        tev: ddsi_udp_conn_write to udp/192.168.3.129:7438 failed with retcode -1
1787121214.710072 [0]        tev: ddsi_udp_conn_write to udp/239.255.0.1:7400 failed with retcode -1
1787121214.710138 [0]        tev: ddsi_udp_conn_write to udp/192.168.3.129:7438 failed with retcode -1
1787121222.710242 [0]        tev: ddsi_udp_conn_write to udp/239.255.0.1:7400 failed with retcode -1
1787121222.710308 [0]        tev: ddsi_udp_conn_write to udp/192.168.3.129:7438 failed with retcode -1
1787121230.710588 [0]        tev: ddsi_udp_conn_write to udp/239.255.0.1:7400 failed with retcode -1
1787121230.710654 [0]        tev: ddsi_udp_conn_write to udp/192.168.3.129:7438 failed with retcode -1
1787121238.710994 [0]        tev: ddsi_udp_conn_write to udp/239.255.0.1:7400 failed with retcode -1
1787121238.711060 [0]        tev: ddsi_udp_conn_write to udp/192.168.3.129:7438 failed with retcode -1
1787121246.711391 [0]        tev: ddsi_udp_conn_write to udp/239.255.0.1:7400 failed with retcode -1
1787121246.711457 [0]        tev: ddsi_udp_conn_write to udp/192.168.3.129:7438 failed with retcode -1
1787121254.711810 [0]        tev: ddsi_udp_conn_write to udp/239.255.0.1:7400 failed with retcode -1
1787121254.711903 [0]        tev: ddsi_udp_conn_write to udp/192.168.3.129:7438 failed with retcode -1
1787121262.712104 [0]        tev: ddsi_udp_conn_write to udp/239.255.0.1:7400 failed with retcode -1
1787121262.712165 [0]        tev: ddsi_udp_conn_write to udp/192.168.3.129:7438 failed with retcode -1
1787121270.712485 [0]        tev: ddsi_udp_conn_write to udp/239.255.0.1:7400 failed with retcode -1
1787121270.712550 [0]        tev: ddsi_udp_conn_write to udp/192.168.3.129:7438 failed with retcode -1
1787121278.712923 [0]        tev: ddsi_udp_conn_write to udp/239.255.0.1:7400 failed with retcode -1
1787121278.712992 [0]        tev: ddsi_udp_conn_write to udp/192.168.3.129:7438 failed with retcode -1
1787121286.713343 [0]        tev: ddsi_udp_conn_write to udp/239.255.0.1:7400 failed with retcode -1
1787121286.713368 [0]        tev: ddsi_udp_conn_write to udp/192.168.3.129:7438 failed with retcode -1
1787121294.713779 [0]        tev: ddsi_udp_conn_write to udp/239.255.0.1:7400 failed with retcode -1
1787121294.713872 [0]        tev: ddsi_udp_conn_write to udp/192.168.3.129:7438 failed with retcode -1
1787121302.714122 [0]        tev: ddsi_udp_conn_write to udp/239.255.0.1:7400 failed with retcode -1
1787121302.714187 [0]        tev: ddsi_udp_conn_write to udp/192.168.3.129:7438 failed with retcode -1
1787121310.714213 [0]        tev: ddsi_udp_conn_write to udp/239.255.0.1:7400 failed with retcode -1
1787121310.714284 [0]        tev: ddsi_udp_conn_write to udp/192.168.3.129:7438 failed with retcode -1
1787121318.714571 [0]        tev: ddsi_udp_conn_write to udp/239.255.0.1:7400 failed with retcode -1
1787121318.714634 [0]        tev: ddsi_udp_conn_write to udp/192.168.3.129:7438 failed with retcode -1
1787121326.714910 [0]        tev: ddsi_udp_conn_write to udp/239.255.0.1:7400 failed with retcode -1
1787121326.714976 [0]        tev: ddsi_udp_conn_write to udp/192.168.3.129:7438 failed with retcode -1
1787121334.715032 [0]        tev: ddsi_udp_conn_write to udp/239.255.0.1:7400 failed with retcode -1
1787121334.715097 [0]        tev: ddsi_udp_conn_write to udp/192.168.3.129:7438 failed with retcode -1
1787121342.715422 [0]        tev: ddsi_udp_conn_write to udp/239.255.0.1:7400 failed with retcode -1
1787121342.715449 [0]        tev: ddsi_udp_conn_write to udp/192.168.3.129:7438 failed with retcode -1
1787121350.715841 [0]        tev: ddsi_udp_conn_write to udp/239.255.0.1:7400 failed with retcode -1
1787121350.715915 [0]        tev: ddsi_udp_conn_write to udp/192.168.3.129:7438 failed with retcode -1
1787121358.715993 [0]        tev: ddsi_udp_conn_write to udp/239.255.0.1:7400 failed with retcode -1
1787121358.716056 [0]        tev: ddsi_udp_conn_write to udp/192.168.3.129:7438 failed with retcode -1
1787121366.716333 [0]        tev: ddsi_udp_conn_write to udp/239.255.0.1:7400 failed with retcode -1
1787121366.716398 [0]        tev: ddsi_udp_conn_write to udp/192.168.3.129:7438 failed with retcode -1
1787121374.716470 [0]        tev: ddsi_udp_conn_write to udp/239.255.0.1:7400 failed with retcode -1
1787121374.716532 [0]        tev: ddsi_udp_conn_write to udp/192.168.3.129:7438 failed with retcode -1
1787121382.716892 [0]        tev: ddsi_udp_conn_write to udp/239.255.0.1:7400 failed with retcode -1
1787121382.716975 [0]        tev: ddsi_udp_conn_write to udp/192.168.3.129:7438 failed with retcode -1
1787121390.717209 [0]        tev: ddsi_udp_conn_write to udp/239.255.0.1:7400 failed with retcode -1
1787121390.717275 [0]        tev: ddsi_udp_conn_write to udp/192.168.3.129:7438 failed with retcode -1
1787121398.717346 [0]        tev: ddsi_udp_conn_write to udp/239.255.0.1:7400 failed with retcode -1
1787121398.717413 [0]        tev: ddsi_udp_conn_write to udp/192.168.3.129:7438 failed with retcode -1
1787121406.717480 [0]        tev: ddsi_udp_conn_write to udp/239.255.0.1:7400 failed with retcode -1
1787121406.717541 [0]        tev: ddsi_udp_conn_write to udp/192.168.3.129:7438 failed with retcode -1
1787121414.717614 [0]        tev: ddsi_udp_conn_write to udp/239.255.0.1:7400 failed with retcode -1
1787121414.717678 [0]        tev: ddsi_udp_conn_write to udp/192.168.3.129:7438 failed with retcode -1
1787121422.717782 [0]        tev: ddsi_udp_conn_write to udp/239.255.0.1:7400 failed with retcode -1
1787121422.717880 [0]        tev: ddsi_udp_conn_write to udp/192.168.3.129:7438 failed with retcode -1
1787121430.717923 [0]        tev: ddsi_udp_conn_write to udp/239.255.0.1:7400 failed with retcode -1
1787121430.717984 [0]        tev: ddsi_udp_conn_write to udp/192.168.3.129:7438 failed with retcode -1
1787121438.718265 [0]        tev: ddsi_udp_conn_write to udp/239.255.0.1:7400 failed with retcode -1
1787121438.718330 [0]        tev: ddsi_udp_conn_write to udp/192.168.3.129:7438 failed with retcode -1
1787121446.718260 [0]        tev: ddsi_udp_conn_write to udp/239.255.0.1:7400 failed with retcode -1
1787121446.718272 [0]        tev: ddsi_udp_conn_write to udp/192.168.3.129:7438 failed with retcode -1
1787121454.718667 [0]        tev: ddsi_udp_conn_write to udp/239.255.0.1:7400 failed with retcode -1
1787121454.718731 [0]        tev: ddsi_udp_conn_write to udp/192.168.3.129:7438 failed with retcode -1
1787121462.718986 [0]        tev: ddsi_udp_conn_write to udp/239.255.0.1:7400 failed with retcode -1
1787121462.719015 [0]        tev: ddsi_udp_conn_write to udp/192.168.3.129:7438 failed with retcode -1
1787121470.719380 [0]        tev: ddsi_udp_conn_write to udp/239.255.0.1:7400 failed with retcode -1
1787121470.719446 [0]        tev: ddsi_udp_conn_write to udp/192.168.3.129:7438 failed with retcode -1
1787121478.719765 [0]        tev: ddsi_udp_conn_write to udp/239.255.0.1:7400 failed with retcode -1
1787121478.719853 [0]        tev: ddsi_udp_conn_write to udp/192.168.3.129:7438 failed with retcode -1
1787121486.720169 [0]        tev: ddsi_udp_conn_write to udp/239.255.0.1:7400 failed with retcode -1
1787121486.720234 [0]        tev: ddsi_udp_conn_write to udp/192.168.3.129:7438 failed with retcode -1
1787121494.720559 [0]        tev: ddsi_udp_conn_write to udp/239.255.0.1:7400 failed with retcode -1
1787121494.720624 [0]        tev: ddsi_udp_conn_write to udp/192.168.3.129:7438 failed with retcode -1
1787121502.720921 [0]        tev: ddsi_udp_conn_write to udp/239.255.0.1:7400 failed with retcode -1
1787121502.720985 [0]        tev: ddsi_udp_conn_write to udp/192.168.3.129:7438 failed with retcode -1
1787121510.721212 [0]        tev: ddsi_udp_conn_write to udp/239.255.0.1:7400 failed with retcode -1
1787121510.721249 [0]        tev: ddsi_udp_conn_write to udp/192.168.3.129:7438 failed with retcode -1
1787121518.721642 [0]        tev: ddsi_udp_conn_write to udp/239.255.0.1:7400 failed with retcode -1
1787121518.721673 [0]        tev: ddsi_udp_conn_write to udp/192.168.3.129:7438 failed with retcode -1
1787121526.722106 [0]        tev: ddsi_udp_conn_write to udp/239.255.0.1:7400 failed with retcode -1
1787121526.722131 [0]        tev: ddsi_udp_conn_write to udp/192.168.3.129:7438 failed with retcode -1
1787121534.722287 [0]        tev: ddsi_udp_conn_write to udp/239.255.0.1:7400 failed with retcode -1
1787121534.722353 [0]        tev: ddsi_udp_conn_write to udp/192.168.3.129:7438 failed with retcode -1
1787121542.722595 [0]        tev: ddsi_udp_conn_write to udp/239.255.0.1:7400 failed with retcode -1
1787121542.722616 [0]        tev: ddsi_udp_conn_write to udp/192.168.3.129:7438 failed with retcode -1
1787121550.722849 [0]        tev: ddsi_udp_conn_write to udp/239.255.0.1:7400 failed with retcode -1
1787121550.722917 [0]        tev: ddsi_udp_conn_write to udp/192.168.3.129:7438 failed with retcode -1
1787121558.722954 [0]        tev: ddsi_udp_conn_write to udp/239.255.0.1:7400 failed with retcode -1
1787121558.723018 [0]        tev: ddsi_udp_conn_write to udp/192.168.3.129:7438 failed with retcode -1
1787121566.723356 [0]        tev: ddsi_udp_conn_write to udp/239.255.0.1:7400 failed with retcode -1
1787121566.723422 [0]        tev: ddsi_udp_conn_write to udp/192.168.3.129:7438 failed with retcode -1
1787121574.723734 [0]        tev: ddsi_udp_conn_write to udp/239.255.0.1:7400 failed with retcode -1
1787121574.723799 [0]        tev: ddsi_udp_conn_write to udp/192.168.3.129:7438 failed with retcode -1
1787121582.724099 [0]        tev: ddsi_udp_conn_write to udp/239.255.0.1:7400 failed with retcode -1
1787121582.724166 [0]        tev: ddsi_udp_conn_write to udp/192.168.3.129:7438 failed with retcode -1
1787121590.724448 [0]        tev: ddsi_udp_conn_write to udp/239.255.0.1:7400 failed with retcode -1
1787121590.724514 [0]        tev: ddsi_udp_conn_write to udp/192.168.3.129:7438 failed with retcode -1
1787121598.724585 [0]        tev: ddsi_udp_conn_write to udp/239.255.0.1:7400 failed with retcode -1
1787121598.724648 [0]        tev: ddsi_udp_conn_write to udp/192.168.3.129:7438 failed with retcode -1
1787121606.724942 [0]        tev: ddsi_udp_conn_write to udp/239.255.0.1:7400 failed with retcode -1
1787121606.725005 [0]        tev: ddsi_udp_conn_write to udp/192.168.3.129:7438 failed with retcode -1
1787121614.725330 [0]        tev: ddsi_udp_conn_write to udp/239.255.0.1:7400 failed with retcode -1
1787121614.725393 [0]        tev: ddsi_udp_conn_write to udp/192.168.3.129:7438 failed with retcode -1
1787121622.725471 [0]        tev: ddsi_udp_conn_write to udp/239.255.0.1:7400 failed with retcode -1
1787121622.725534 [0]        tev: ddsi_udp_conn_write to udp/192.168.3.129:7438 failed with retcode -1
1787121630.725808 [0]        tev: ddsi_udp_conn_write to udp/239.255.0.1:7400 failed with retcode -1
1787121630.725899 [0]        tev: ddsi_udp_conn_write to udp/192.168.3.129:7438 failed with retcode -1
1787121638.725937 [0]        tev: ddsi_udp_conn_write to udp/239.255.0.1:7400 failed with retcode -1
1787121638.726005 [0]        tev: ddsi_udp_conn_write to udp/192.168.3.129:7438 failed with retcode -1
1787121646.726276 [0]        tev: ddsi_udp_conn_write to udp/239.255.0.1:7400 failed with retcode -1
1787121646.726341 [0]        tev: ddsi_udp_conn_write to udp/192.168.3.129:7438 failed with retcode -1
1787121654.726697 [0]        tev: ddsi_udp_conn_write to udp/239.255.0.1:7400 failed with retcode -1
1787121654.726761 [0]        tev: ddsi_udp_conn_write to udp/192.168.3.129:7438 failed with retcode -1
1787121662.727035 [0]        tev: ddsi_udp_conn_write to udp/239.255.0.1:7400 failed with retcode -1
1787121662.727098 [0]        tev: ddsi_udp_conn_write to udp/192.168.3.129:7438 failed with retcode -1
1787121670.727501 [0]        tev: ddsi_udp_conn_write to udp/239.255.0.1:7400 failed with retcode -1
1787121670.727565 [0]        tev: ddsi_udp_conn_write to udp/192.168.3.129:7438 failed with retcode -1
1787121678.727883 [0]        tev: ddsi_udp_conn_write to udp/239.255.0.1:7400 failed with retcode -1
1787121678.727947 [0]        tev: ddsi_udp_conn_write to udp/192.168.3.129:7438 failed with retcode -1
1787121686.728255 [0]        tev: ddsi_udp_conn_write to udp/239.255.0.1:7400 failed with retcode -1
1787121686.728321 [0]        tev: ddsi_udp_conn_write to udp/192.168.3.129:7438 failed with retcode -1
1787121694.728685 [0]        tev: ddsi_udp_conn_write to udp/239.255.0.1:7400 failed with retcode -1
1787121694.728749 [0]        tev: ddsi_udp_conn_write to udp/192.168.3.129:7438 failed with retcode -1
1787121702.729004 [0]        tev: ddsi_udp_conn_write to udp/239.255.0.1:7400 failed with retcode -1
1787121702.729067 [0]        tev: ddsi_udp_conn_write to udp/192.168.3.129:7438 failed with retcode -1
1787121710.729323 [0]        tev: ddsi_udp_conn_write to udp/239.255.0.1:7400 failed with retcode -1
1787121710.729391 [0]        tev: ddsi_udp_conn_write to udp/192.168.3.129:7438 failed with retcode -1
1787121718.729667 [0]        tev: ddsi_udp_conn_write to udp/239.255.0.1:7400 failed with retcode -1
1787121718.729730 [0]        tev: ddsi_udp_conn_write to udp/192.168.3.129:7438 failed with retcode -1
1787121726.729947 [0]        tev: ddsi_udp_conn_write to udp/239.255.0.1:7400 failed with retcode -1
1787121726.730010 [0]        tev: ddsi_udp_conn_write to udp/192.168.3.129:7438 failed with retcode -1
1787121734.730330 [0]        tev: ddsi_udp_conn_write to udp/239.255.0.1:7400 failed with retcode -1
1787121734.730395 [0]        tev: ddsi_udp_conn_write to udp/192.168.3.129:7438 failed with retcode -1
1787121742.730642 [0]        tev: ddsi_udp_conn_write to udp/239.255.0.1:7400 failed with retcode -1
1787121742.730704 [0]        tev: ddsi_udp_conn_write to udp/192.168.3.129:7438 failed with retcode -1
1787121750.730945 [0]        tev: ddsi_udp_conn_write to udp/239.255.0.1:7400 failed with retcode -1
1787121750.731009 [0]        tev: ddsi_udp_conn_write to udp/192.168.3.129:7438 failed with retcode -1
1787121758.731289 [0]        tev: ddsi_udp_conn_write to udp/239.255.0.1:7400 failed with retcode -1
1787121758.731352 [0]        tev: ddsi_udp_conn_write to udp/192.168.3.129:7438 failed with retcode -1
1787121766.731586 [0]        tev: ddsi_udp_conn_write to udp/239.255.0.1:7400 failed with retcode -1
1787121766.731650 [0]        tev: ddsi_udp_conn_write to udp/192.168.3.129:7438 failed with retcode -1
1787121774.731987 [0]        tev: ddsi_udp_conn_write to udp/239.255.0.1:7400 failed with retcode -1
1787121774.732051 [0]        tev: ddsi_udp_conn_write to udp/192.168.3.129:7438 failed with retcode -1
1787121782.732453 [0]        tev: ddsi_udp_conn_write to udp/239.255.0.1:7400 failed with retcode -1
1787121782.732516 [0]        tev: ddsi_udp_conn_write to udp/192.168.3.129:7438 failed with retcode -1
1787121790.732594 [0]        tev: ddsi_udp_conn_write to udp/239.255.0.1:7400 failed with retcode -1
1787121790.732657 [0]        tev: ddsi_udp_conn_write to udp/192.168.3.129:7438 failed with retcode -1
1787121798.732728 [0]        tev: ddsi_udp_conn_write to udp/239.255.0.1:7400 failed with retcode -1
1787121798.732790 [0]        tev: ddsi_udp_conn_write to udp/192.168.3.129:7438 failed with retcode -1
1787121806.732880 [0]        tev: ddsi_udp_conn_write to udp/239.255.0.1:7400 failed with retcode -1
1787121806.732941 [0]        tev: ddsi_udp_conn_write to udp/192.168.3.129:7438 failed with retcode -1
1787121814.733260 [0]        tev: ddsi_udp_conn_write to udp/239.255.0.1:7400 failed with retcode -1
1787121814.733323 [0]        tev: ddsi_udp_conn_write to udp/192.168.3.129:7438 failed with retcode -1
1787121822.733386 [0]        tev: ddsi_udp_conn_write to udp/239.255.0.1:7400 failed with retcode -1
1787121822.733446 [0]        tev: ddsi_udp_conn_write to udp/192.168.3.129:7438 failed with retcode -1
1787121830.733796 [0]        tev: ddsi_udp_conn_write to udp/239.255.0.1:7400 failed with retcode -1
1787121830.733893 [0]        tev: ddsi_udp_conn_write to udp/192.168.3.129:7438 failed with retcode -1
1787121838.734115 [0]        tev: ddsi_udp_conn_write to udp/239.255.0.1:7400 failed with retcode -1
1787121838.734181 [0]        tev: ddsi_udp_conn_write to udp/192.168.3.129:7438 failed with retcode -1
1787121846.734438 [0]        tev: ddsi_udp_conn_write to udp/239.255.0.1:7400 failed with retcode -1
1787121846.734509 [0]        tev: ddsi_udp_conn_write to udp/192.168.3.129:7438 failed with retcode -1
1787121854.734565 [0]        tev: ddsi_udp_conn_write to udp/239.255.0.1:7400 failed with retcode -1
1787121854.734625 [0]        tev: ddsi_udp_conn_write to udp/192.168.3.129:7438 failed with retcode -1
1787121862.734945 [0]        tev: ddsi_udp_conn_write to udp/239.255.0.1:7400 failed with retcode -1
1787121862.735010 [0]        tev: ddsi_udp_conn_write to udp/192.168.3.129:7438 failed with retcode -1
1787121870.735079 [0]        tev: ddsi_udp_conn_write to udp/239.255.0.1:7400 failed with retcode -1
1787121870.735142 [0]        tev: ddsi_udp_conn_write to udp/192.168.3.129:7438 failed with retcode -1
1787121878.735213 [0]        tev: ddsi_udp_conn_write to udp/239.255.0.1:7400 failed with retcode -1
1787121878.735277 [0]        tev: ddsi_udp_conn_write to udp/192.168.3.129:7438 failed with retcode -1
1787121886.735597 [0]        tev: ddsi_udp_conn_write to udp/239.255.0.1:7400 failed with retcode -1
1787121886.735661 [0]        tev: ddsi_udp_conn_write to udp/192.168.3.129:7438 failed with retcode -1
1787121894.735593 [0]        tev: ddsi_udp_conn_write to udp/239.255.0.1:7400 failed with retcode -1
1787121894.735605 [0]        tev: ddsi_udp_conn_write to udp/192.168.3.129:7438 failed with retcode -1
1787121902.736061 [0]        tev: ddsi_udp_conn_write to udp/239.255.0.1:7400 failed with retcode -1
1787121902.736126 [0]        tev: ddsi_udp_conn_write to udp/192.168.3.129:7438 failed with retcode -1
1787121910.736228 [0]        tev: ddsi_udp_conn_write to udp/239.255.0.1:7400 failed with retcode -1
1787121910.736290 [0]        tev: ddsi_udp_conn_write to udp/192.168.3.129:7438 failed with retcode -1
1787121918.736335 [0]        tev: ddsi_udp_conn_write to udp/239.255.0.1:7400 failed with retcode -1
1787121918.736425 [0]        tev: ddsi_udp_conn_write to udp/192.168.3.129:7438 failed with retcode -1
1787121926.736427 [0]        tev: ddsi_udp_conn_write to udp/239.255.0.1:7400 failed with retcode -1
1787121926.736478 [0]        tev: ddsi_udp_conn_write to udp/192.168.3.129:7438 failed with retcode -1
1787121934.736531 [0]        tev: ddsi_udp_conn_write to udp/239.255.0.1:7400 failed with retcode -1
1787121934.736598 [0]        tev: ddsi_udp_conn_write to udp/192.168.3.129:7438 failed with retcode -1
1787121942.736629 [0]        tev: ddsi_udp_conn_write to udp/239.255.0.1:7400 failed with retcode -1
1787121942.736693 [0]        tev: ddsi_udp_conn_write to udp/192.168.3.129:7438 failed with retcode -1
1787121950.736699 [0]        tev: ddsi_udp_conn_write to udp/239.255.0.1:7400 failed with retcode -1
1787121950.736726 [0]        tev: ddsi_udp_conn_write to udp/192.168.3.129:7438 failed with retcode -1
1787121958.736952 [0]        tev: ddsi_udp_conn_write to udp/239.255.0.1:7400 failed with retcode -1
1787121958.737016 [0]        tev: ddsi_udp_conn_write to udp/192.168.3.129:7438 failed with retcode -1
1787121966.737058 [0]        tev: ddsi_udp_conn_write to udp/239.255.0.1:7400 failed with retcode -1
1787121966.737123 [0]        tev: ddsi_udp_conn_write to udp/192.168.3.129:7438 failed with retcode -1
1787121974.737123 [0]        tev: ddsi_udp_conn_write to udp/239.255.0.1:7400 failed with retcode -1
1787121974.737188 [0]        tev: ddsi_udp_conn_write to udp/192.168.3.129:7438 failed with retcode -1
1787121982.737211 [0]        tev: ddsi_udp_conn_write to udp/239.255.0.1:7400 failed with retcode -1
1787121982.737276 [0]        tev: ddsi_udp_conn_write to udp/192.168.3.129:7438 failed with retcode -1
1787121990.737298 [0]        tev: ddsi_udp_conn_write to udp/239.255.0.1:7400 failed with retcode -1
1787121990.737363 [0]        tev: ddsi_udp_conn_write to udp/192.168.3.129:7438 failed with retcode -1
1787121998.737601 [0]        tev: ddsi_udp_conn_write to udp/239.255.0.1:7400 failed with retcode -1
1787121998.737666 [0]        tev: ddsi_udp_conn_write to udp/192.168.3.129:7438 failed with retcode -1
1787122006.737944 [0]        tev: ddsi_udp_conn_write to udp/239.255.0.1:7400 failed with retcode -1
1787122006.738008 [0]        tev: ddsi_udp_conn_write to udp/192.168.3.129:7438 failed with retcode -1
1787122014.738265 [0]        tev: ddsi_udp_conn_write to udp/239.255.0.1:7400 failed with retcode -1
1787122014.738329 [0]        tev: ddsi_udp_conn_write to udp/192.168.3.129:7438 failed with retcode -1
1787122022.738357 [0]        tev: ddsi_udp_conn_write to udp/239.255.0.1:7400 failed with retcode -1
1787122022.738423 [0]        tev: ddsi_udp_conn_write to udp/192.168.3.129:7438 failed with retcode -1
1787122030.738442 [0]        tev: ddsi_udp_conn_write to udp/239.255.0.1:7400 failed with retcode -1
1787122030.738505 [0]        tev: ddsi_udp_conn_write to udp/192.168.3.129:7438 failed with retcode -1
1787122038.738543 [0]        tev: ddsi_udp_conn_write to udp/239.255.0.1:7400 failed with retcode -1
1787122038.738609 [0]        tev: ddsi_udp_conn_write to udp/192.168.3.129:7438 failed with retcode -1
1787122046.738705 [0]        tev: ddsi_udp_conn_write to udp/239.255.0.1:7400 failed with retcode -1
1787122046.738780 [0]        tev: ddsi_udp_conn_write to udp/192.168.3.129:7438 failed with retcode -1
1787122054.738832 [0]        tev: ddsi_udp_conn_write to udp/239.255.0.1:7400 failed with retcode -1
1787122054.738891 [0]        tev: ddsi_udp_conn_write to udp/192.168.3.129:7438 failed with retcode -1
1787122062.738918 [0]        tev: ddsi_udp_conn_write to udp/239.255.0.1:7400 failed with retcode -1
1787122062.738944 [0]        tev: ddsi_udp_conn_write to udp/192.168.3.129:7438 failed with retcode -1
1787122070.739018 [0]        tev: ddsi_udp_conn_write to udp/239.255.0.1:7400 failed with retcode -1
1787122070.739039 [0]        tev: ddsi_udp_conn_write to udp/192.168.3.129:7438 failed with retcode -1
1787122078.739183 [0]        tev: ddsi_udp_conn_write to udp/239.255.0.1:7400 failed with retcode -1
1787122078.739205 [0]        tev: ddsi_udp_conn_write to udp/192.168.3.129:7438 failed with retcode -1
1787122086.739244 [0]        tev: ddsi_udp_conn_write to udp/239.255.0.1:7400 failed with retcode -1
1787122086.739263 [0]        tev: ddsi_udp_conn_write to udp/192.168.3.129:7438 failed with retcode -1
1787122094.739380 [0]        tev: ddsi_udp_conn_write to udp/239.255.0.1:7400 failed with retcode -1
1787122094.739445 [0]        tev: ddsi_udp_conn_write to udp/192.168.3.129:7438 failed with retcode -1
1787122102.739475 [0]        tev: ddsi_udp_conn_write to udp/239.255.0.1:7400 failed with retcode -1
1787122102.739500 [0]        tev: ddsi_udp_conn_write to udp/192.168.3.129:7438 failed with retcode -1
1787122110.739650 [0]        tev: ddsi_udp_conn_write to udp/239.255.0.1:7400 failed with retcode -1
1787122110.739718 [0]        tev: ddsi_udp_conn_write to udp/192.168.3.129:7438 failed with retcode -1
1787122118.739999 [0]        tev: ddsi_udp_conn_write to udp/239.255.0.1:7400 failed with retcode -1
1787122118.740046 [0]        tev: ddsi_udp_conn_write to udp/192.168.3.129:7438 failed with retcode -1
1787122126.740188 [0]        tev: ddsi_udp_conn_write to udp/239.255.0.1:7400 failed with retcode -1
1787122126.740251 [0]        tev: ddsi_udp_conn_write to udp/192.168.3.129:7438 failed with retcode -1
1787122134.740596 [0]        tev: ddsi_udp_conn_write to udp/239.255.0.1:7400 failed with retcode -1
1787122134.740666 [0]        tev: ddsi_udp_conn_write to udp/192.168.3.129:7438 failed with retcode -1
1787122142.740934 [0]        tev: ddsi_udp_conn_write to udp/239.255.0.1:7400 failed with retcode -1
1787122142.740999 [0]        tev: ddsi_udp_conn_write to udp/192.168.3.129:7438 failed with retcode -1
1787122150.741327 [0]        tev: ddsi_udp_conn_write to udp/239.255.0.1:7400 failed with retcode -1
1787122150.741391 [0]        tev: ddsi_udp_conn_write to udp/192.168.3.129:7438 failed with retcode -1
1787122158.741470 [0]        tev: ddsi_udp_conn_write to udp/239.255.0.1:7400 failed with retcode -1
1787122158.741534 [0]        tev: ddsi_udp_conn_write to udp/192.168.3.129:7438 failed with retcode -1
1787122166.741563 [0]        tev: ddsi_udp_conn_write to udp/239.255.0.1:7400 failed with retcode -1
1787122166.741608 [0]        tev: ddsi_udp_conn_write to udp/192.168.3.129:7438 failed with retcode -1
1787122174.742019 [0]        tev: ddsi_udp_conn_write to udp/239.255.0.1:7400 failed with retcode -1
1787122174.742084 [0]        tev: ddsi_udp_conn_write to udp/192.168.3.129:7438 failed with retcode -1
1787122182.742145 [0]        tev: ddsi_udp_conn_write to udp/239.255.0.1:7400 failed with retcode -1
1787122182.742210 [0]        tev: ddsi_udp_conn_write to udp/192.168.3.129:7438 failed with retcode -1
1787122190.742479 [0]        tev: ddsi_udp_conn_write to udp/239.255.0.1:7400 failed with retcode -1
1787122190.742540 [0]        tev: ddsi_udp_conn_write to udp/192.168.3.129:7438 failed with retcode -1
1787122198.742923 [0]        tev: ddsi_udp_conn_write to udp/239.255.0.1:7400 failed with retcode -1
1787122198.742988 [0]        tev: ddsi_udp_conn_write to udp/192.168.3.129:7438 failed with retcode -1
1787122206.743306 [0]        tev: ddsi_udp_conn_write to udp/239.255.0.1:7400 failed with retcode -1
1787122206.743371 [0]        tev: ddsi_udp_conn_write to udp/192.168.3.129:7438 failed with retcode -1
1787122214.743682 [0]        tev: ddsi_udp_conn_write to udp/239.255.0.1:7400 failed with retcode -1
1787122214.743751 [0]        tev: ddsi_udp_conn_write to udp/192.168.3.129:7438 failed with retcode -1
1787122222.743850 [0]        tev: ddsi_udp_conn_write to udp/239.255.0.1:7400 failed with retcode -1
1787122222.743951 [0]        tev: ddsi_udp_conn_write to udp/192.168.3.129:7438 failed with retcode -1
1787122230.743958 [0]        tev: ddsi_udp_conn_write to udp/239.255.0.1:7400 failed with retcode -1
1787122230.744024 [0]        tev: ddsi_udp_conn_write to udp/192.168.3.129:7438 failed with retcode -1
1787122238.744083 [0]        tev: ddsi_udp_conn_write to udp/239.255.0.1:7400 failed with retcode -1
1787122238.744149 [0]        tev: ddsi_udp_conn_write to udp/192.168.3.129:7438 failed with retcode -1
1787122246.744210 [0]        tev: ddsi_udp_conn_write to udp/239.255.0.1:7400 failed with retcode -1
1787122246.744278 [0]        tev: ddsi_udp_conn_write to udp/192.168.3.129:7438 failed with retcode -1
1787122254.744332 [0]        tev: ddsi_udp_conn_write to udp/239.255.0.1:7400 failed with retcode -1
1787122254.744416 [0]        tev: ddsi_udp_conn_write to udp/192.168.3.129:7438 failed with retcode -1
1787122262.744427 [0]        tev: ddsi_udp_conn_write to udp/239.255.0.1:7400 failed with retcode -1
1787122262.744509 [0]        tev: ddsi_udp_conn_write to udp/192.168.3.129:7438 failed with retcode -1
1787122270.744526 [0]        tev: ddsi_udp_conn_write to udp/239.255.0.1:7400 failed with retcode -1
1787122270.744611 [0]        tev: ddsi_udp_conn_write to udp/192.168.3.129:7438 failed with retcode -1
1787122278.744637 [0]        tev: ddsi_udp_conn_write to udp/239.255.0.1:7400 failed with retcode -1
1787122278.744720 [0]        tev: ddsi_udp_conn_write to udp/192.168.3.129:7438 failed with retcode -1
1787122286.744751 [0]        tev: ddsi_udp_conn_write to udp/239.255.0.1:7400 failed with retcode -1
1787122286.744870 [0]        tev: ddsi_udp_conn_write to udp/192.168.3.129:7438 failed with retcode -1
1787122294.744868 [0]        tev: ddsi_udp_conn_write to udp/239.255.0.1:7400 failed with retcode -1
1787122294.744932 [0]        tev: ddsi_udp_conn_write to udp/192.168.3.129:7438 failed with retcode -1
1787122302.744969 [0]        tev: ddsi_udp_conn_write to udp/239.255.0.1:7400 failed with retcode -1
1787122302.745059 [0]        tev: ddsi_udp_conn_write to udp/192.168.3.129:7438 failed with retcode -1
1787122310.745095 [0]        tev: ddsi_udp_conn_write to udp/239.255.0.1:7400 failed with retcode -1
1787122310.745160 [0]        tev: ddsi_udp_conn_write to udp/192.168.3.129:7438 failed with retcode -1
1787122318.745216 [0]        tev: ddsi_udp_conn_write to udp/239.255.0.1:7400 failed with retcode -1
1787122318.745298 [0]        tev: ddsi_udp_conn_write to udp/192.168.3.129:7438 failed with retcode -1
1787122326.745324 [0]        tev: ddsi_udp_conn_write to udp/239.255.0.1:7400 failed with retcode -1
1787122326.745388 [0]        tev: ddsi_udp_conn_write to udp/192.168.3.129:7438 failed with retcode -1
1787122334.745453 [0]        tev: ddsi_udp_conn_write to udp/239.255.0.1:7400 failed with retcode -1
1787122334.745515 [0]        tev: ddsi_udp_conn_write to udp/192.168.3.129:7438 failed with retcode -1
1787122342.745578 [0]        tev: ddsi_udp_conn_write to udp/239.255.0.1:7400 failed with retcode -1
1787122342.745641 [0]        tev: ddsi_udp_conn_write to udp/192.168.3.129:7438 failed with retcode -1
1787122350.745708 [0]        tev: ddsi_udp_conn_write to udp/239.255.0.1:7400 failed with retcode -1
1787122350.745776 [0]        tev: ddsi_udp_conn_write to udp/192.168.3.129:7438 failed with retcode -1
1787122358.745863 [0]        tev: ddsi_udp_conn_write to udp/239.255.0.1:7400 failed with retcode -1
1787122358.745930 [0]        tev: ddsi_udp_conn_write to udp/192.168.3.129:7438 failed with retcode -1
1787122366.745923 [0]        tev: ddsi_udp_conn_write to udp/239.255.0.1:7400 failed with retcode -1
1787122366.745988 [0]        tev: ddsi_udp_conn_write to udp/192.168.3.129:7438 failed with retcode -1
1787122374.746101 [0]        tev: ddsi_udp_conn_write to udp/239.255.0.1:7400 failed with retcode -1
1787122374.746165 [0]        tev: ddsi_udp_conn_write to udp/192.168.3.129:7438 failed with retcode -1
1787122382.746193 [0]        tev: ddsi_udp_conn_write to udp/239.255.0.1:7400 failed with retcode -1
1787122382.746288 [0]        tev: ddsi_udp_conn_write to udp/192.168.3.129:7438 failed with retcode -1
1787122390.746600 [0]        tev: ddsi_udp_conn_write to udp/239.255.0.1:7400 failed with retcode -1
1787122390.746666 [0]        tev: ddsi_udp_conn_write to udp/192.168.3.129:7438 failed with retcode -1
1787122398.746954 [0]        tev: ddsi_udp_conn_write to udp/239.255.0.1:7400 failed with retcode -1
1787122398.746980 [0]        tev: ddsi_udp_conn_write to udp/192.168.3.129:7438 failed with retcode -1
1787122406.747329 [0]        tev: ddsi_udp_conn_write to udp/239.255.0.1:7400 failed with retcode -1
1787122406.747394 [0]        tev: ddsi_udp_conn_write to udp/192.168.3.129:7438 failed with retcode -1
1787122414.747684 [0]        tev: ddsi_udp_conn_write to udp/239.255.0.1:7400 failed with retcode -1
1787122414.747749 [0]        tev: ddsi_udp_conn_write to udp/192.168.3.129:7438 failed with retcode -1
1787122422.748020 [0]        tev: ddsi_udp_conn_write to udp/239.255.0.1:7400 failed with retcode -1
1787122422.748086 [0]        tev: ddsi_udp_conn_write to udp/192.168.3.129:7438 failed with retcode -1
1787122430.748333 [0]        tev: ddsi_udp_conn_write to udp/239.255.0.1:7400 failed with retcode -1
1787122430.748399 [0]        tev: ddsi_udp_conn_write to udp/192.168.3.129:7438 failed with retcode -1
1787122438.748671 [0]        tev: ddsi_udp_conn_write to udp/239.255.0.1:7400 failed with retcode -1
1787122438.748695 [0]        tev: ddsi_udp_conn_write to udp/192.168.3.129:7438 failed with retcode -1
1787122446.749141 [0]        tev: ddsi_udp_conn_write to udp/239.255.0.1:7400 failed with retcode -1
1787122446.749160 [0]        tev: ddsi_udp_conn_write to udp/192.168.3.129:7438 failed with retcode -1
1787122454.749508 [0]        tev: ddsi_udp_conn_write to udp/239.255.0.1:7400 failed with retcode -1
1787122454.749573 [0]        tev: ddsi_udp_conn_write to udp/192.168.3.129:7438 failed with retcode -1
1787122462.749970 [0]        tev: ddsi_udp_conn_write to udp/239.255.0.1:7400 failed with retcode -1
1787122462.750032 [0]        tev: ddsi_udp_conn_write to udp/192.168.3.129:7438 failed with retcode -1
1787122470.750347 [0]        tev: ddsi_udp_conn_write to udp/239.255.0.1:7400 failed with retcode -1
1787122470.750376 [0]        tev: ddsi_udp_conn_write to udp/192.168.3.129:7438 failed with retcode -1
1787122478.750399 [0]        tev: ddsi_udp_conn_write to udp/239.255.0.1:7400 failed with retcode -1
1787122478.750413 [0]        tev: ddsi_udp_conn_write to udp/192.168.3.129:7438 failed with retcode -1
1787122486.750808 [0]        tev: ddsi_udp_conn_write to udp/239.255.0.1:7400 failed with retcode -1
1787122486.750899 [0]        tev: ddsi_udp_conn_write to udp/192.168.3.129:7438 failed with retcode -1
1787122494.751251 [0]        tev: ddsi_udp_conn_write to udp/239.255.0.1:7400 failed with retcode -1
1787122494.751318 [0]        tev: ddsi_udp_conn_write to udp/192.168.3.129:7438 failed with retcode -1
1787122502.751607 [0]        tev: ddsi_udp_conn_write to udp/239.255.0.1:7400 failed with retcode -1
1787122502.751673 [0]        tev: ddsi_udp_conn_write to udp/192.168.3.129:7438 failed with retcode -1
1787122510.752069 [0]        tev: ddsi_udp_conn_write to udp/239.255.0.1:7400 failed with retcode -1
1787122510.752135 [0]        tev: ddsi_udp_conn_write to udp/192.168.3.129:7438 failed with retcode -1
1787122518.752418 [0]        tev: ddsi_udp_conn_write to udp/239.255.0.1:7400 failed with retcode -1
1787122518.752482 [0]        tev: ddsi_udp_conn_write to udp/192.168.3.129:7438 failed with retcode -1
1787122526.752814 [0]        tev: ddsi_udp_conn_write to udp/239.255.0.1:7400 failed with retcode -1
1787122526.752901 [0]        tev: ddsi_udp_conn_write to udp/192.168.3.129:7438 failed with retcode -1
1787122534.753240 [0]        tev: ddsi_udp_conn_write to udp/239.255.0.1:7400 failed with retcode -1
1787122534.753310 [0]        tev: ddsi_udp_conn_write to udp/192.168.3.129:7438 failed with retcode -1
1787122542.753620 [0]        tev: ddsi_udp_conn_write to udp/239.255.0.1:7400 failed with retcode -1
1787122542.753722 [0]        tev: ddsi_udp_conn_write to udp/192.168.3.129:7438 failed with retcode -1
1787122550.753988 [0]        tev: ddsi_udp_conn_write to udp/239.255.0.1:7400 failed with retcode -1
1787122550.754059 [0]        tev: ddsi_udp_conn_write to udp/192.168.3.129:7438 failed with retcode -1
1787122558.754095 [0]        tev: ddsi_udp_conn_write to udp/239.255.0.1:7400 failed with retcode -1
1787122558.754157 [0]        tev: ddsi_udp_conn_write to udp/192.168.3.129:7438 failed with retcode -1
1787122566.754501 [0]        tev: ddsi_udp_conn_write to udp/239.255.0.1:7400 failed with retcode -1
1787122566.754566 [0]        tev: ddsi_udp_conn_write to udp/192.168.3.129:7438 failed with retcode -1
1787122574.754668 [0]        tev: ddsi_udp_conn_write to udp/239.255.0.1:7400 failed with retcode -1
1787122574.754732 [0]        tev: ddsi_udp_conn_write to udp/192.168.3.129:7438 failed with retcode -1
1787122582.754976 [0]        tev: ddsi_udp_conn_write to udp/239.255.0.1:7400 failed with retcode -1
1787122582.755039 [0]        tev: ddsi_udp_conn_write to udp/192.168.3.129:7438 failed with retcode -1
1787122590.755292 [0]        tev: ddsi_udp_conn_write to udp/239.255.0.1:7400 failed with retcode -1
1787122590.755336 [0]        tev: ddsi_udp_conn_write to udp/192.168.3.129:7438 failed with retcode -1
1787122598.755635 [0]        tev: ddsi_udp_conn_write to udp/239.255.0.1:7400 failed with retcode -1
1787122598.755698 [0]        tev: ddsi_udp_conn_write to udp/192.168.3.129:7438 failed with retcode -1
1787122606.755797 [0]        tev: ddsi_udp_conn_write to udp/239.255.0.1:7400 failed with retcode -1
1787122606.755894 [0]        tev: ddsi_udp_conn_write to udp/192.168.3.129:7438 failed with retcode -1
1787122614.755928 [0]        tev: ddsi_udp_conn_write to udp/239.255.0.1:7400 failed with retcode -1
1787122614.755989 [0]        tev: ddsi_udp_conn_write to udp/192.168.3.129:7438 failed with retcode -1
1787122622.756370 [0]        tev: ddsi_udp_conn_write to udp/239.255.0.1:7400 failed with retcode -1
1787122622.756440 [0]        tev: ddsi_udp_conn_write to udp/192.168.3.129:7438 failed with retcode -1
1787122630.756759 [0]        tev: ddsi_udp_conn_write to udp/239.255.0.1:7400 failed with retcode -1
1787122630.756852 [0]        tev: ddsi_udp_conn_write to udp/192.168.3.129:7438 failed with retcode -1
1787122638.756756 [0]        tev: ddsi_udp_conn_write to udp/239.255.0.1:7400 failed with retcode -1
1787122638.756772 [0]        tev: ddsi_udp_conn_write to udp/192.168.3.129:7438 failed with retcode -1
1787122646.757290 [0]        tev: ddsi_udp_conn_write to udp/239.255.0.1:7400 failed with retcode -1
1787122646.757354 [0]        tev: ddsi_udp_conn_write to udp/192.168.3.129:7438 failed with retcode -1
1787122654.757731 [0]        tev: ddsi_udp_conn_write to udp/239.255.0.1:7400 failed with retcode -1
1787122654.757802 [0]        tev: ddsi_udp_conn_write to udp/192.168.3.129:7438 failed with retcode -1
1787122662.758131 [0]        tev: ddsi_udp_conn_write to udp/239.255.0.1:7400 failed with retcode -1
1787122662.758199 [0]        tev: ddsi_udp_conn_write to udp/192.168.3.129:7438 failed with retcode -1
1787122670.758298 [0]        tev: ddsi_udp_conn_write to udp/239.255.0.1:7400 failed with retcode -1
1787122670.758361 [0]        tev: ddsi_udp_conn_write to udp/192.168.3.129:7438 failed with retcode -1
1787122678.758652 [0]        tev: ddsi_udp_conn_write to udp/239.255.0.1:7400 failed with retcode -1
1787122678.758716 [0]        tev: ddsi_udp_conn_write to udp/192.168.3.129:7438 failed with retcode -1
1787122686.758847 [0]        tev: ddsi_udp_conn_write to udp/239.255.0.1:7400 failed with retcode -1
1787122686.758912 [0]        tev: ddsi_udp_conn_write to udp/192.168.3.129:7438 failed with retcode -1
1787122694.759188 [0]        tev: ddsi_udp_conn_write to udp/239.255.0.1:7400 failed with retcode -1
1787122694.759253 [0]        tev: ddsi_udp_conn_write to udp/192.168.3.129:7438 failed with retcode -1
1787122702.759572 [0]        tev: ddsi_udp_conn_write to udp/239.255.0.1:7400 failed with retcode -1
1787122702.759664 [0]        tev: ddsi_udp_conn_write to udp/192.168.3.129:7438 failed with retcode -1
1787122710.759801 [0]        tev: ddsi_udp_conn_write to udp/239.255.0.1:7400 failed with retcode -1
1787122710.759895 [0]        tev: ddsi_udp_conn_write to udp/192.168.3.129:7438 failed with retcode -1
1787122718.760250 [0]        tev: ddsi_udp_conn_write to udp/239.255.0.1:7400 failed with retcode -1
1787122718.760315 [0]        tev: ddsi_udp_conn_write to udp/192.168.3.129:7438 failed with retcode -1
1787122726.760581 [0]        tev: ddsi_udp_conn_write to udp/239.255.0.1:7400 failed with retcode -1
1787122726.760649 [0]        tev: ddsi_udp_conn_write to udp/192.168.3.129:7438 failed with retcode -1
1787122734.761011 [0]        tev: ddsi_udp_conn_write to udp/239.255.0.1:7400 failed with retcode -1
1787122734.761077 [0]        tev: ddsi_udp_conn_write to udp/192.168.3.129:7438 failed with retcode -1
1787122742.761443 [0]        tev: ddsi_udp_conn_write to udp/239.255.0.1:7400 failed with retcode -1
1787122742.761507 [0]        tev: ddsi_udp_conn_write to udp/192.168.3.129:7438 failed with retcode -1
1787122750.761559 [0]        tev: ddsi_udp_conn_write to udp/239.255.0.1:7400 failed with retcode -1
1787122750.761635 [0]        tev: ddsi_udp_conn_write to udp/192.168.3.129:7438 failed with retcode -1
1787122758.761937 [0]        tev: ddsi_udp_conn_write to udp/239.255.0.1:7400 failed with retcode -1
1787122758.762002 [0]        tev: ddsi_udp_conn_write to udp/192.168.3.129:7438 failed with retcode -1
1787122766.762352 [0]        tev: ddsi_udp_conn_write to udp/239.255.0.1:7400 failed with retcode -1
1787122766.762417 [0]        tev: ddsi_udp_conn_write to udp/192.168.3.129:7438 failed with retcode -1
1787122774.762878 [0]        tev: ddsi_udp_conn_write to udp/239.255.0.1:7400 failed with retcode -1
1787122774.762961 [0]        tev: ddsi_udp_conn_write to udp/192.168.3.129:7438 failed with retcode -1
1787122782.763118 [0]        tev: ddsi_udp_conn_write to udp/239.255.0.1:7400 failed with retcode -1
1787122782.763184 [0]        tev: ddsi_udp_conn_write to udp/192.168.3.129:7438 failed with retcode -1
1787122790.763568 [0]        tev: ddsi_udp_conn_write to udp/239.255.0.1:7400 failed with retcode -1
1787122790.763586 [0]        tev: ddsi_udp_conn_write to udp/192.168.3.129:7438 failed with retcode -1
1787122798.763952 [0]        tev: ddsi_udp_conn_write to udp/239.255.0.1:7400 failed with retcode -1
1787122798.764022 [0]        tev: ddsi_udp_conn_write to udp/192.168.3.129:7438 failed with retcode -1
1787122806.764354 [0]        tev: ddsi_udp_conn_write to udp/239.255.0.1:7400 failed with retcode -1
1787122806.764423 [0]        tev: ddsi_udp_conn_write to udp/192.168.3.129:7438 failed with retcode -1
1787122814.764732 [0]        tev: ddsi_udp_conn_write to udp/239.255.0.1:7400 failed with retcode -1
1787122814.764800 [0]        tev: ddsi_udp_conn_write to udp/192.168.3.129:7438 failed with retcode -1
1787122822.765068 [0]        tev: ddsi_udp_conn_write to udp/239.255.0.1:7400 failed with retcode -1
1787122822.765133 [0]        tev: ddsi_udp_conn_write to udp/192.168.3.129:7438 failed with retcode -1
1787122830.765477 [0]        tev: ddsi_udp_conn_write to udp/239.255.0.1:7400 failed with retcode -1
1787122830.765497 [0]        tev: ddsi_udp_conn_write to udp/192.168.3.129:7438 failed with retcode -1
1787122838.765649 [0]        tev: ddsi_udp_conn_write to udp/239.255.0.1:7400 failed with retcode -1
1787122838.765714 [0]        tev: ddsi_udp_conn_write to udp/192.168.3.129:7438 failed with retcode -1
1787122846.766005 [0]        tev: ddsi_udp_conn_write to udp/239.255.0.1:7400 failed with retcode -1
1787122846.766068 [0]        tev: ddsi_udp_conn_write to udp/192.168.3.129:7438 failed with retcode -1
1787122854.766343 [0]        tev: ddsi_udp_conn_write to udp/239.255.0.1:7400 failed with retcode -1
1787122854.766408 [0]        tev: ddsi_udp_conn_write to udp/192.168.3.129:7438 failed with retcode -1
1787122862.766646 [0]        tev: ddsi_udp_conn_write to udp/239.255.0.1:7400 failed with retcode -1
1787122862.766740 [0]        tev: ddsi_udp_conn_write to udp/192.168.3.129:7438 failed with retcode -1
1787122870.766976 [0]        tev: ddsi_udp_conn_write to udp/239.255.0.1:7400 failed with retcode -1
1787122870.767042 [0]        tev: ddsi_udp_conn_write to udp/192.168.3.129:7438 failed with retcode -1
1787122878.767163 [0]        tev: ddsi_udp_conn_write to udp/239.255.0.1:7400 failed with retcode -1
1787122878.767232 [0]        tev: ddsi_udp_conn_write to udp/192.168.3.129:7438 failed with retcode -1
1787122886.767185 [0]        tev: ddsi_udp_conn_write to udp/239.255.0.1:7400 failed with retcode -1
1787122886.767202 [0]        tev: ddsi_udp_conn_write to udp/192.168.3.129:7438 failed with retcode -1
1787122894.767366 [0]        tev: ddsi_udp_conn_write to udp/239.255.0.1:7400 failed with retcode -1
1787122894.767429 [0]        tev: ddsi_udp_conn_write to udp/192.168.3.129:7438 failed with retcode -1
1787122902.767474 [0]        tev: ddsi_udp_conn_write to udp/239.255.0.1:7400 failed with retcode -1
1787122902.767541 [0]        tev: ddsi_udp_conn_write to udp/192.168.3.129:7438 failed with retcode -1
1787122910.767709 [0]        tev: ddsi_udp_conn_write to udp/239.255.0.1:7400 failed with retcode -1
1787122910.767733 [0]        tev: ddsi_udp_conn_write to udp/192.168.3.129:7438 failed with retcode -1
1787122918.767987 [0]        tev: ddsi_udp_conn_write to udp/239.255.0.1:7400 failed with retcode -1
1787122918.768008 [0]        tev: ddsi_udp_conn_write to udp/192.168.3.129:7438 failed with retcode -1
1787122926.768099 [0]        tev: ddsi_udp_conn_write to udp/239.255.0.1:7400 failed with retcode -1
1787122926.768117 [0]        tev: ddsi_udp_conn_write to udp/192.168.3.129:7438 failed with retcode -1
1787122934.768331 [0]        tev: ddsi_udp_conn_write to udp/239.255.0.1:7400 failed with retcode -1
1787122934.768398 [0]        tev: ddsi_udp_conn_write to udp/192.168.3.129:7438 failed with retcode -1
1787122942.768499 [0]        tev: ddsi_udp_conn_write to udp/239.255.0.1:7400 failed with retcode -1
1787122942.768564 [0]        tev: ddsi_udp_conn_write to udp/192.168.3.129:7438 failed with retcode -1
1787122950.768671 [0]        tev: ddsi_udp_conn_write to udp/239.255.0.1:7400 failed with retcode -1
1787122950.768740 [0]        tev: ddsi_udp_conn_write to udp/192.168.3.129:7438 failed with retcode -1
1787122958.768785 [0]        tev: ddsi_udp_conn_write to udp/239.255.0.1:7400 failed with retcode -1
1787122958.768900 [0]        tev: ddsi_udp_conn_write to udp/192.168.3.129:7438 failed with retcode -1
1787122966.769022 [0]        tev: ddsi_udp_conn_write to udp/239.255.0.1:7400 failed with retcode -1
1787122966.769088 [0]        tev: ddsi_udp_conn_write to udp/192.168.3.129:7438 failed with retcode -1
1787122974.769147 [0]        tev: ddsi_udp_conn_write to udp/239.255.0.1:7400 failed with retcode -1
1787122974.769216 [0]        tev: ddsi_udp_conn_write to udp/192.168.3.129:7438 failed with retcode -1
1787122982.769212 [0]        tev: ddsi_udp_conn_write to udp/239.255.0.1:7400 failed with retcode -1
1787122982.769250 [0]        tev: ddsi_udp_conn_write to udp/192.168.3.129:7438 failed with retcode -1
1787122990.769373 [0]        tev: ddsi_udp_conn_write to udp/239.255.0.1:7400 failed with retcode -1
1787122990.769443 [0]        tev: ddsi_udp_conn_write to udp/192.168.3.129:7438 failed with retcode -1
1787122998.769502 [0]        tev: ddsi_udp_conn_write to udp/239.255.0.1:7400 failed with retcode -1
1787122998.769569 [0]        tev: ddsi_udp_conn_write to udp/192.168.3.129:7438 failed with retcode -1
1787123006.769624 [0]        tev: ddsi_udp_conn_write to udp/239.255.0.1:7400 failed with retcode -1
1787123006.769688 [0]        tev: ddsi_udp_conn_write to udp/192.168.3.129:7438 failed with retcode -1
1787123014.769750 [0]        tev: ddsi_udp_conn_write to udp/239.255.0.1:7400 failed with retcode -1
1787123014.769814 [0]        tev: ddsi_udp_conn_write to udp/192.168.3.129:7438 failed with retcode -1
1787123022.769784 [0]        tev: ddsi_udp_conn_write to udp/239.255.0.1:7400 failed with retcode -1
1787123022.769815 [0]        tev: ddsi_udp_conn_write to udp/192.168.3.129:7438 failed with retcode -1
1787123030.770203 [0]        tev: ddsi_udp_conn_write to udp/239.255.0.1:7400 failed with retcode -1
1787123030.770223 [0]        tev: ddsi_udp_conn_write to udp/192.168.3.129:7438 failed with retcode -1
1787123038.770396 [0]        tev: ddsi_udp_conn_write to udp/239.255.0.1:7400 failed with retcode -1
1787123038.770459 [0]        tev: ddsi_udp_conn_write to udp/192.168.3.129:7438 failed with retcode -1
1787123046.770467 [0]        tev: ddsi_udp_conn_write to udp/239.255.0.1:7400 failed with retcode -1
1787123046.770532 [0]        tev: ddsi_udp_conn_write to udp/192.168.3.129:7438 failed with retcode -1
1787123054.770533 [0]        tev: ddsi_udp_conn_write to udp/239.255.0.1:7400 failed with retcode -1
1787123054.770598 [0]        tev: ddsi_udp_conn_write to udp/192.168.3.129:7438 failed with retcode -1
1787123062.770679 [0]        tev: ddsi_udp_conn_write to udp/239.255.0.1:7400 failed with retcode -1
1787123062.770743 [0]        tev: ddsi_udp_conn_write to udp/192.168.3.129:7438 failed with retcode -1
1787123070.770803 [0]        tev: ddsi_udp_conn_write to udp/239.255.0.1:7400 failed with retcode -1
1787123070.770884 [0]        tev: ddsi_udp_conn_write to udp/192.168.3.129:7438 failed with retcode -1
1787123078.770928 [0]        tev: ddsi_udp_conn_write to udp/239.255.0.1:7400 failed with retcode -1
1787123078.770996 [0]        tev: ddsi_udp_conn_write to udp/192.168.3.129:7438 failed with retcode -1
1787123086.771054 [0]        tev: ddsi_udp_conn_write to udp/239.255.0.1:7400 failed with retcode -1
1787123086.771117 [0]        tev: ddsi_udp_conn_write to udp/192.168.3.129:7438 failed with retcode -1
1787123094.771179 [0]        tev: ddsi_udp_conn_write to udp/239.255.0.1:7400 failed with retcode -1
1787123094.771240 [0]        tev: ddsi_udp_conn_write to udp/192.168.3.129:7438 failed with retcode -1
1787123102.771498 [0]        tev: ddsi_udp_conn_write to udp/239.255.0.1:7400 failed with retcode -1
1787123102.771519 [0]        tev: ddsi_udp_conn_write to udp/192.168.3.129:7438 failed with retcode -1
1787123110.771917 [0]        tev: ddsi_udp_conn_write to udp/239.255.0.1:7400 failed with retcode -1
1787123110.771939 [0]        tev: ddsi_udp_conn_write to udp/192.168.3.129:7438 failed with retcode -1
1787123118.772107 [0]        tev: ddsi_udp_conn_write to udp/239.255.0.1:7400 failed with retcode -1
1787123118.772176 [0]        tev: ddsi_udp_conn_write to udp/192.168.3.129:7438 failed with retcode -1
1787123126.772251 [0]        tev: ddsi_udp_conn_write to udp/239.255.0.1:7400 failed with retcode -1
1787123126.772288 [0]        tev: ddsi_udp_conn_write to udp/192.168.3.129:7438 failed with retcode -1
1787123134.772459 [0]        tev: ddsi_udp_conn_write to udp/239.255.0.1:7400 failed with retcode -1
1787123134.772487 [0]        tev: ddsi_udp_conn_write to udp/192.168.3.129:7438 failed with retcode -1
1787123142.772596 [0]        tev: ddsi_udp_conn_write to udp/239.255.0.1:7400 failed with retcode -1
1787123142.772621 [0]        tev: ddsi_udp_conn_write to udp/192.168.3.129:7438 failed with retcode -1
1787123150.772724 [0]        tev: ddsi_udp_conn_write to udp/239.255.0.1:7400 failed with retcode -1
1787123150.772792 [0]        tev: ddsi_udp_conn_write to udp/192.168.3.129:7438 failed with retcode -1
1787123158.772857 [0]        tev: ddsi_udp_conn_write to udp/239.255.0.1:7400 failed with retcode -1
1787123158.772919 [0]        tev: ddsi_udp_conn_write to udp/192.168.3.129:7438 failed with retcode -1
1787123166.773193 [0]        tev: ddsi_udp_conn_write to udp/239.255.0.1:7400 failed with retcode -1
1787123166.773257 [0]        tev: ddsi_udp_conn_write to udp/192.168.3.129:7438 failed with retcode -1
1787123174.773526 [0]        tev: ddsi_udp_conn_write to udp/239.255.0.1:7400 failed with retcode -1
1787123174.773594 [0]        tev: ddsi_udp_conn_write to udp/192.168.3.129:7438 failed with retcode -1
1787123182.773950 [0]        tev: ddsi_udp_conn_write to udp/239.255.0.1:7400 failed with retcode -1
1787123182.774014 [0]        tev: ddsi_udp_conn_write to udp/192.168.3.129:7438 failed with retcode -1
1787123190.774283 [0]        tev: ddsi_udp_conn_write to udp/239.255.0.1:7400 failed with retcode -1
1787123190.774347 [0]        tev: ddsi_udp_conn_write to udp/192.168.3.129:7438 failed with retcode -1
1787123198.774406 [0]        tev: ddsi_udp_conn_write to udp/239.255.0.1:7400 failed with retcode -1
1787123198.774470 [0]        tev: ddsi_udp_conn_write to udp/192.168.3.129:7438 failed with retcode -1
1787123206.774542 [0]        tev: ddsi_udp_conn_write to udp/239.255.0.1:7400 failed with retcode -1
1787123206.774608 [0]        tev: ddsi_udp_conn_write to udp/192.168.3.129:7438 failed with retcode -1
1787123214.774676 [0]        tev: ddsi_udp_conn_write to udp/239.255.0.1:7400 failed with retcode -1
1787123214.774740 [0]        tev: ddsi_udp_conn_write to udp/192.168.3.129:7438 failed with retcode -1
1787123222.774876 [0]        tev: ddsi_udp_conn_write to udp/239.255.0.1:7400 failed with retcode -1
1787123222.774940 [0]        tev: ddsi_udp_conn_write to udp/192.168.3.129:7438 failed with retcode -1
1787123230.775029 [0]        tev: ddsi_udp_conn_write to udp/239.255.0.1:7400 failed with retcode -1
1787123230.775094 [0]        tev: ddsi_udp_conn_write to udp/192.168.3.129:7438 failed with retcode -1
1787123238.775174 [0]        tev: ddsi_udp_conn_write to udp/239.255.0.1:7400 failed with retcode -1
1787123238.775239 [0]        tev: ddsi_udp_conn_write to udp/192.168.3.129:7438 failed with retcode -1
1787123246.775587 [0]        tev: ddsi_udp_conn_write to udp/239.255.0.1:7400 failed with retcode -1
1787123246.775651 [0]        tev: ddsi_udp_conn_write to udp/192.168.3.129:7438 failed with retcode -1
1787123254.775756 [0]        tev: ddsi_udp_conn_write to udp/239.255.0.1:7400 failed with retcode -1
1787123254.775849 [0]        tev: ddsi_udp_conn_write to udp/192.168.3.129:7438 failed with retcode -1
1787123262.775877 [0]        tev: ddsi_udp_conn_write to udp/239.255.0.1:7400 failed with retcode -1
1787123262.775943 [0]        tev: ddsi_udp_conn_write to udp/192.168.3.129:7438 failed with retcode -1
1787123270.775870 [0]        tev: ddsi_udp_conn_write to udp/239.255.0.1:7400 failed with retcode -1
1787123270.775884 [0]        tev: ddsi_udp_conn_write to udp/192.168.3.129:7438 failed with retcode -1
1787123278.776051 [0]        tev: ddsi_udp_conn_write to udp/239.255.0.1:7400 failed with retcode -1
1787123278.776117 [0]        tev: ddsi_udp_conn_write to udp/192.168.3.129:7438 failed with retcode -1
1787123286.776165 [0]        tev: ddsi_udp_conn_write to udp/239.255.0.1:7400 failed with retcode -1
1787123286.776229 [0]        tev: ddsi_udp_conn_write to udp/192.168.3.129:7438 failed with retcode -1
1787123294.776282 [0]        tev: ddsi_udp_conn_write to udp/239.255.0.1:7400 failed with retcode -1
1787123294.776360 [0]        tev: ddsi_udp_conn_write to udp/192.168.3.129:7438 failed with retcode -1
1787123302.776352 [0]        tev: ddsi_udp_conn_write to udp/239.255.0.1:7400 failed with retcode -1
1787123302.776416 [0]        tev: ddsi_udp_conn_write to udp/192.168.3.129:7438 failed with retcode -1
1787123310.776436 [0]        tev: ddsi_udp_conn_write to udp/239.255.0.1:7400 failed with retcode -1
1787123310.776498 [0]        tev: ddsi_udp_conn_write to udp/192.168.3.129:7438 failed with retcode -1
1787123318.776699 [0]        tev: ddsi_udp_conn_write to udp/239.255.0.1:7400 failed with retcode -1
1787123318.776777 [0]        tev: ddsi_udp_conn_write to udp/192.168.3.129:7438 failed with retcode -1
1787123326.776766 [0]        tev: ddsi_udp_conn_write to udp/239.255.0.1:7400 failed with retcode -1
1787123326.776866 [0]        tev: ddsi_udp_conn_write to udp/192.168.3.129:7438 failed with retcode -1
1787123334.776974 [0]        tev: ddsi_udp_conn_write to udp/239.255.0.1:7400 failed with retcode -1
1787123334.776993 [0]        tev: ddsi_udp_conn_write to udp/192.168.3.129:7438 failed with retcode -1
1787123342.777107 [0]        tev: ddsi_udp_conn_write to udp/239.255.0.1:7400 failed with retcode -1
1787123342.777172 [0]        tev: ddsi_udp_conn_write to udp/192.168.3.129:7438 failed with retcode -1
1787123350.777273 [0]        tev: ddsi_udp_conn_write to udp/239.255.0.1:7400 failed with retcode -1
1787123350.777335 [0]        tev: ddsi_udp_conn_write to udp/192.168.3.129:7438 failed with retcode -1
1787123358.777440 [0]        tev: ddsi_udp_conn_write to udp/239.255.0.1:7400 failed with retcode -1
1787123358.777508 [0]        tev: ddsi_udp_conn_write to udp/192.168.3.129:7438 failed with retcode -1
1787123366.777608 [0]        tev: ddsi_udp_conn_write to udp/239.255.0.1:7400 failed with retcode -1
1787123366.777677 [0]        tev: ddsi_udp_conn_write to udp/192.168.3.129:7438 failed with retcode -1
1787123374.777775 [0]        tev: ddsi_udp_conn_write to udp/239.255.0.1:7400 failed with retcode -1
1787123374.777872 [0]        tev: ddsi_udp_conn_write to udp/192.168.3.129:7438 failed with retcode -1
1787123382.777955 [0]        tev: ddsi_udp_conn_write to udp/239.255.0.1:7400 failed with retcode -1
1787123382.778021 [0]        tev: ddsi_udp_conn_write to udp/192.168.3.129:7438 failed with retcode -1
1787123390.777948 [0]        tev: ddsi_udp_conn_write to udp/239.255.0.1:7400 failed with retcode -1
1787123390.777963 [0]        tev: ddsi_udp_conn_write to udp/192.168.3.129:7438 failed with retcode -1
1787123398.778113 [0]        tev: ddsi_udp_conn_write to udp/239.255.0.1:7400 failed with retcode -1
1787123398.778181 [0]        tev: ddsi_udp_conn_write to udp/192.168.3.129:7438 failed with retcode -1
1787123406.778215 [0]        tev: ddsi_udp_conn_write to udp/239.255.0.1:7400 failed with retcode -1
1787123406.778281 [0]        tev: ddsi_udp_conn_write to udp/192.168.3.129:7438 failed with retcode -1
1787123414.778381 [0]        tev: ddsi_udp_conn_write to udp/239.255.0.1:7400 failed with retcode -1
1787123414.778446 [0]        tev: ddsi_udp_conn_write to udp/192.168.3.129:7438 failed with retcode -1
1787123422.778552 [0]        tev: ddsi_udp_conn_write to udp/239.255.0.1:7400 failed with retcode -1
1787123422.778621 [0]        tev: ddsi_udp_conn_write to udp/192.168.3.129:7438 failed with retcode -1
1787123430.778750 [0]        tev: ddsi_udp_conn_write to udp/239.255.0.1:7400 failed with retcode -1
1787123430.778771 [0]        tev: ddsi_udp_conn_write to udp/192.168.3.129:7438 failed with retcode -1
1787123438.778983 [0]        tev: ddsi_udp_conn_write to udp/239.255.0.1:7400 failed with retcode -1
1787123438.779049 [0]        tev: ddsi_udp_conn_write to udp/192.168.3.129:7438 failed with retcode -1
1787123446.779084 [0]        tev: ddsi_udp_conn_write to udp/239.255.0.1:7400 failed with retcode -1
1787123446.779148 [0]        tev: ddsi_udp_conn_write to udp/192.168.3.129:7438 failed with retcode -1
1787123454.779185 [0]        tev: ddsi_udp_conn_write to udp/239.255.0.1:7400 failed with retcode -1
1787123454.779260 [0]        tev: ddsi_udp_conn_write to udp/192.168.3.129:7438 failed with retcode -1
1787123462.779357 [0]        tev: ddsi_udp_conn_write to udp/239.255.0.1:7400 failed with retcode -1
1787123462.779421 [0]        tev: ddsi_udp_conn_write to udp/192.168.3.129:7438 failed with retcode -1
1787123470.779505 [0]        tev: ddsi_udp_conn_write to udp/239.255.0.1:7400 failed with retcode -1
1787123470.779532 [0]        tev: ddsi_udp_conn_write to udp/192.168.3.129:7438 failed with retcode -1
1787123478.779723 [0]        tev: ddsi_udp_conn_write to udp/239.255.0.1:7400 failed with retcode -1
1787123478.779787 [0]        tev: ddsi_udp_conn_write to udp/192.168.3.129:7438 failed with retcode -1
1787123486.779925 [0]        tev: ddsi_udp_conn_write to udp/239.255.0.1:7400 failed with retcode -1
1787123486.779990 [0]        tev: ddsi_udp_conn_write to udp/192.168.3.129:7438 failed with retcode -1
1787123494.779899 [0]        tev: ddsi_udp_conn_write to udp/239.255.0.1:7400 failed with retcode -1
1787123494.779916 [0]        tev: ddsi_udp_conn_write to udp/192.168.3.129:7438 failed with retcode -1
1787123502.780339 [0]        tev: ddsi_udp_conn_write to udp/239.255.0.1:7400 failed with retcode -1
1787123502.780406 [0]        tev: ddsi_udp_conn_write to udp/192.168.3.129:7438 failed with retcode -1
1787123510.780430 [0]        tev: ddsi_udp_conn_write to udp/239.255.0.1:7400 failed with retcode -1
1787123510.780494 [0]        tev: ddsi_udp_conn_write to udp/192.168.3.129:7438 failed with retcode -1
1787123518.780605 [0]        tev: ddsi_udp_conn_write to udp/239.255.0.1:7400 failed with retcode -1
1787123518.780669 [0]        tev: ddsi_udp_conn_write to udp/192.168.3.129:7438 failed with retcode -1
1787123526.780783 [0]        tev: ddsi_udp_conn_write to udp/239.255.0.1:7400 failed with retcode -1
1787123526.780874 [0]        tev: ddsi_udp_conn_write to udp/192.168.3.129:7438 failed with retcode -1
1787123534.780977 [0]        tev: ddsi_udp_conn_write to udp/239.255.0.1:7400 failed with retcode -1
1787123534.781045 [0]        tev: ddsi_udp_conn_write to udp/192.168.3.129:7438 failed with retcode -1
1787123542.780988 [0]        tev: ddsi_udp_conn_write to udp/239.255.0.1:7400 failed with retcode -1
1787123542.781004 [0]        tev: ddsi_udp_conn_write to udp/192.168.3.129:7438 failed with retcode -1
1787123550.781211 [0]        tev: ddsi_udp_conn_write to udp/239.255.0.1:7400 failed with retcode -1
1787123550.781274 [0]        tev: ddsi_udp_conn_write to udp/192.168.3.129:7438 failed with retcode -1
1787123558.781381 [0]        tev: ddsi_udp_conn_write to udp/239.255.0.1:7400 failed with retcode -1
1787123558.781445 [0]        tev: ddsi_udp_conn_write to udp/192.168.3.129:7438 failed with retcode -1
1787123566.781490 [0]        tev: ddsi_udp_conn_write to udp/239.255.0.1:7400 failed with retcode -1
1787123566.781551 [0]        tev: ddsi_udp_conn_write to udp/192.168.3.129:7438 failed with retcode -1
1787123574.781585 [0]        tev: ddsi_udp_conn_write to udp/239.255.0.1:7400 failed with retcode -1
1787123574.781650 [0]        tev: ddsi_udp_conn_write to udp/192.168.3.129:7438 failed with retcode -1
1787123582.781754 [0]        tev: ddsi_udp_conn_write to udp/239.255.0.1:7400 failed with retcode -1
1787123582.781856 [0]        tev: ddsi_udp_conn_write to udp/192.168.3.129:7438 failed with retcode -1
1787123590.781934 [0]        tev: ddsi_udp_conn_write to udp/239.255.0.1:7400 failed with retcode -1
1787123590.781997 [0]        tev: ddsi_udp_conn_write to udp/192.168.3.129:7438 failed with retcode -1
1787123598.782067 [0]        tev: ddsi_udp_conn_write to udp/239.255.0.1:7400 failed with retcode -1
1787123598.782132 [0]        tev: ddsi_udp_conn_write to udp/192.168.3.129:7438 failed with retcode -1
1787123606.782223 [0]        tev: ddsi_udp_conn_write to udp/239.255.0.1:7400 failed with retcode -1
1787123606.782288 [0]        tev: ddsi_udp_conn_write to udp/192.168.3.129:7438 failed with retcode -1
1787123614.782249 [0]        tev: ddsi_udp_conn_write to udp/239.255.0.1:7400 failed with retcode -1
1787123614.782297 [0]        tev: ddsi_udp_conn_write to udp/192.168.3.129:7438 failed with retcode -1
1787123622.782598 [0]        tev: ddsi_udp_conn_write to udp/239.255.0.1:7400 failed with retcode -1
1787123622.782665 [0]        tev: ddsi_udp_conn_write to udp/192.168.3.129:7438 failed with retcode -1
1787123630.782936 [0]        tev: ddsi_udp_conn_write to udp/239.255.0.1:7400 failed with retcode -1
1787123630.782999 [0]        tev: ddsi_udp_conn_write to udp/192.168.3.129:7438 failed with retcode -1
1787123638.783031 [0]        tev: ddsi_udp_conn_write to udp/239.255.0.1:7400 failed with retcode -1
1787123638.783095 [0]        tev: ddsi_udp_conn_write to udp/192.168.3.129:7438 failed with retcode -1
1787123646.783322 [0]        tev: ddsi_udp_conn_write to udp/239.255.0.1:7400 failed with retcode -1
1787123646.783341 [0]        tev: ddsi_udp_conn_write to udp/192.168.3.129:7438 failed with retcode -1
1787123654.783722 [0]        tev: ddsi_udp_conn_write to udp/239.255.0.1:7400 failed with retcode -1
1787123654.783805 [0]        tev: ddsi_udp_conn_write to udp/192.168.3.129:7438 failed with retcode -1
1787123662.784106 [0]        tev: ddsi_udp_conn_write to udp/239.255.0.1:7400 failed with retcode -1
1787123662.784168 [0]        tev: ddsi_udp_conn_write to udp/192.168.3.129:7438 failed with retcode -1
1787123670.784529 [0]        tev: ddsi_udp_conn_write to udp/239.255.0.1:7400 failed with retcode -1
1787123670.784556 [0]        tev: ddsi_udp_conn_write to udp/192.168.3.129:7438 failed with retcode -1
1787123678.784749 [0]        tev: ddsi_udp_conn_write to udp/239.255.0.1:7400 failed with retcode -1
1787123678.784866 [0]        tev: ddsi_udp_conn_write to udp/192.168.3.129:7438 failed with retcode -1
1787123686.784969 [0]        tev: ddsi_udp_conn_write to udp/239.255.0.1:7400 failed with retcode -1
1787123686.784988 [0]        tev: ddsi_udp_conn_write to udp/192.168.3.129:7438 failed with retcode -1
1787123694.785057 [0]        tev: ddsi_udp_conn_write to udp/239.255.0.1:7400 failed with retcode -1
1787123694.785073 [0]        tev: ddsi_udp_conn_write to udp/192.168.3.129:7438 failed with retcode -1
1787123702.785251 [0]        tev: ddsi_udp_conn_write to udp/239.255.0.1:7400 failed with retcode -1
1787123702.785316 [0]        tev: ddsi_udp_conn_write to udp/192.168.3.129:7438 failed with retcode -1
1787123710.785420 [0]        tev: ddsi_udp_conn_write to udp/239.255.0.1:7400 failed with retcode -1
1787123710.785485 [0]        tev: ddsi_udp_conn_write to udp/192.168.3.129:7438 failed with retcode -1
1787123718.785810 [0]        tev: ddsi_udp_conn_write to udp/239.255.0.1:7400 failed with retcode -1
1787123718.785908 [0]        tev: ddsi_udp_conn_write to udp/192.168.3.129:7438 failed with retcode -1
1787123726.785994 [0]        tev: ddsi_udp_conn_write to udp/239.255.0.1:7400 failed with retcode -1
1787123726.786056 [0]        tev: ddsi_udp_conn_write to udp/192.168.3.129:7438 failed with retcode -1
1787123734.786078 [0]        tev: ddsi_udp_conn_write to udp/239.255.0.1:7400 failed with retcode -1
1787123734.786098 [0]        tev: ddsi_udp_conn_write to udp/192.168.3.129:7438 failed with retcode -1
1787123742.786486 [0]        tev: ddsi_udp_conn_write to udp/239.255.0.1:7400 failed with retcode -1
1787123742.786552 [0]        tev: ddsi_udp_conn_write to udp/192.168.3.129:7438 failed with retcode -1
1787123750.786845 [0]        tev: ddsi_udp_conn_write to udp/239.255.0.1:7400 failed with retcode -1
1787123750.786912 [0]        tev: ddsi_udp_conn_write to udp/192.168.3.129:7438 failed with retcode -1
1787123758.787056 [0]        tev: ddsi_udp_conn_write to udp/239.255.0.1:7400 failed with retcode -1
1787123758.787075 [0]        tev: ddsi_udp_conn_write to udp/192.168.3.129:7438 failed with retcode -1
1787123766.787497 [0]        tev: ddsi_udp_conn_write to udp/239.255.0.1:7400 failed with retcode -1
1787123766.787566 [0]        tev: ddsi_udp_conn_write to udp/192.168.3.129:7438 failed with retcode -1
1787123774.787629 [0]        tev: ddsi_udp_conn_write to udp/239.255.0.1:7400 failed with retcode -1
1787123774.787692 [0]        tev: ddsi_udp_conn_write to udp/192.168.3.129:7438 failed with retcode -1
1787123782.787742 [0]        tev: ddsi_udp_conn_write to udp/239.255.0.1:7400 failed with retcode -1
1787123782.787807 [0]        tev: ddsi_udp_conn_write to udp/192.168.3.129:7438 failed with retcode -1
1787123790.788141 [0]        tev: ddsi_udp_conn_write to udp/239.255.0.1:7400 failed with retcode -1
1787123790.788209 [0]        tev: ddsi_udp_conn_write to udp/192.168.3.129:7438 failed with retcode -1
1787123798.788487 [0]        tev: ddsi_udp_conn_write to udp/239.255.0.1:7400 failed with retcode -1
1787123798.788552 [0]        tev: ddsi_udp_conn_write to udp/192.168.3.129:7438 failed with retcode -1
1787123806.788619 [0]        tev: ddsi_udp_conn_write to udp/239.255.0.1:7400 failed with retcode -1
1787123806.788685 [0]        tev: ddsi_udp_conn_write to udp/192.168.3.129:7438 failed with retcode -1
1787123814.788958 [0]        tev: ddsi_udp_conn_write to udp/239.255.0.1:7400 failed with retcode -1
1787123814.789027 [0]        tev: ddsi_udp_conn_write to udp/192.168.3.129:7438 failed with retcode -1
1787123822.789094 [0]        tev: ddsi_udp_conn_write to udp/239.255.0.1:7400 failed with retcode -1
1787123822.789158 [0]        tev: ddsi_udp_conn_write to udp/192.168.3.129:7438 failed with retcode -1
1787123830.789448 [0]        tev: ddsi_udp_conn_write to udp/239.255.0.1:7400 failed with retcode -1
1787123830.789478 [0]        tev: ddsi_udp_conn_write to udp/192.168.3.129:7438 failed with retcode -1
1787123838.789876 [0]        tev: ddsi_udp_conn_write to udp/239.255.0.1:7400 failed with retcode -1
1787123838.789943 [0]        tev: ddsi_udp_conn_write to udp/192.168.3.129:7438 failed with retcode -1
1787123846.790155 [0]        tev: ddsi_udp_conn_write to udp/239.255.0.1:7400 failed with retcode -1
1787123846.790220 [0]        tev: ddsi_udp_conn_write to udp/192.168.3.129:7438 failed with retcode -1
1787123854.790301 [0]        tev: ddsi_udp_conn_write to udp/239.255.0.1:7400 failed with retcode -1
1787123854.790364 [0]        tev: ddsi_udp_conn_write to udp/192.168.3.129:7438 failed with retcode -1
1787123862.790660 [0]        tev: ddsi_udp_conn_write to udp/239.255.0.1:7400 failed with retcode -1
1787123862.790723 [0]        tev: ddsi_udp_conn_write to udp/192.168.3.129:7438 failed with retcode -1
1787123870.790986 [0]        tev: ddsi_udp_conn_write to udp/239.255.0.1:7400 failed with retcode -1
1787123870.791051 [0]        tev: ddsi_udp_conn_write to udp/192.168.3.129:7438 failed with retcode -1
1787123878.791477 [0]        tev: ddsi_udp_conn_write to udp/239.255.0.1:7400 failed with retcode -1
1787123878.791496 [0]        tev: ddsi_udp_conn_write to udp/192.168.3.129:7438 failed with retcode -1
1787123886.792004 [0]        tev: ddsi_udp_conn_write to udp/239.255.0.1:7400 failed with retcode -1
1787123886.792070 [0]        tev: ddsi_udp_conn_write to udp/192.168.3.129:7438 failed with retcode -1
1787123894.792467 [0]        tev: ddsi_udp_conn_write to udp/239.255.0.1:7400 failed with retcode -1
1787123894.792533 [0]        tev: ddsi_udp_conn_write to udp/192.168.3.129:7438 failed with retcode -1
1787123902.792795 [0]        tev: ddsi_udp_conn_write to udp/239.255.0.1:7400 failed with retcode -1
1787123902.792889 [0]        tev: ddsi_udp_conn_write to udp/192.168.3.129:7438 failed with retcode -1
1787123910.793247 [0]        tev: ddsi_udp_conn_write to udp/239.255.0.1:7400 failed with retcode -1
1787123910.793313 [0]        tev: ddsi_udp_conn_write to udp/192.168.3.129:7438 failed with retcode -1
1787123918.793272 [0]        tev: ddsi_udp_conn_write to udp/239.255.0.1:7400 failed with retcode -1
1787123918.793293 [0]        tev: ddsi_udp_conn_write to udp/192.168.3.129:7438 failed with retcode -1
1787123926.793739 [0]        tev: ddsi_udp_conn_write to udp/239.255.0.1:7400 failed with retcode -1
1787123926.793805 [0]        tev: ddsi_udp_conn_write to udp/192.168.3.129:7438 failed with retcode -1
1787123934.794110 [0]        tev: ddsi_udp_conn_write to udp/239.255.0.1:7400 failed with retcode -1
1787123934.794175 [0]        tev: ddsi_udp_conn_write to udp/192.168.3.129:7438 failed with retcode -1
1787123942.794561 [0]        tev: ddsi_udp_conn_write to udp/239.255.0.1:7400 failed with retcode -1
1787123942.794626 [0]        tev: ddsi_udp_conn_write to udp/192.168.3.129:7438 failed with retcode -1
1787123950.794910 [0]        tev: ddsi_udp_conn_write to udp/239.255.0.1:7400 failed with retcode -1
1787123950.794974 [0]        tev: ddsi_udp_conn_write to udp/192.168.3.129:7438 failed with retcode -1
1787123958.794893 [0]        tev: ddsi_udp_conn_write to udp/239.255.0.1:7400 failed with retcode -1
1787123958.794928 [0]        tev: ddsi_udp_conn_write to udp/192.168.3.129:7438 failed with retcode -1
1787123966.795404 [0]        tev: ddsi_udp_conn_write to udp/239.255.0.1:7400 failed with retcode -1
1787123966.795466 [0]        tev: ddsi_udp_conn_write to udp/192.168.3.129:7438 failed with retcode -1
1787123974.795879 [0]        tev: ddsi_udp_conn_write to udp/239.255.0.1:7400 failed with retcode -1
1787123974.795944 [0]        tev: ddsi_udp_conn_write to udp/192.168.3.129:7438 failed with retcode -1
1787123982.796264 [0]        tev: ddsi_udp_conn_write to udp/239.255.0.1:7400 failed with retcode -1
1787123982.796328 [0]        tev: ddsi_udp_conn_write to udp/192.168.3.129:7438 failed with retcode -1
1787123990.796573 [0]        tev: ddsi_udp_conn_write to udp/239.255.0.1:7400 failed with retcode -1
1787123990.796637 [0]        tev: ddsi_udp_conn_write to udp/192.168.3.129:7438 failed with retcode -1
1787123998.796953 [0]        tev: ddsi_udp_conn_write to udp/239.255.0.1:7400 failed with retcode -1
1787123998.797017 [0]        tev: ddsi_udp_conn_write to udp/192.168.3.129:7438 failed with retcode -1
1787124006.797291 [0]        tev: ddsi_udp_conn_write to udp/239.255.0.1:7400 failed with retcode -1
1787124006.797355 [0]        tev: ddsi_udp_conn_write to udp/192.168.3.129:7438 failed with retcode -1
1787124014.797583 [0]        tev: ddsi_udp_conn_write to udp/239.255.0.1:7400 failed with retcode -1
1787124014.797610 [0]        tev: ddsi_udp_conn_write to udp/192.168.3.129:7438 failed with retcode -1
1787124022.798080 [0]        tev: ddsi_udp_conn_write to udp/239.255.0.1:7400 failed with retcode -1
1787124022.798145 [0]        tev: ddsi_udp_conn_write to udp/192.168.3.129:7438 failed with retcode -1
1787124030.798468 [0]        tev: ddsi_udp_conn_write to udp/239.255.0.1:7400 failed with retcode -1
1787124030.798532 [0]        tev: ddsi_udp_conn_write to udp/192.168.3.129:7438 failed with retcode -1
1787124038.798924 [0]        tev: ddsi_udp_conn_write to udp/239.255.0.1:7400 failed with retcode -1
1787124038.798988 [0]        tev: ddsi_udp_conn_write to udp/192.168.3.129:7438 failed with retcode -1
1787124046.799029 [0]        tev: ddsi_udp_conn_write to udp/239.255.0.1:7400 failed with retcode -1
1787124046.799091 [0]        tev: ddsi_udp_conn_write to udp/192.168.3.129:7438 failed with retcode -1
1787124054.799442 [0]        tev: ddsi_udp_conn_write to udp/239.255.0.1:7400 failed with retcode -1
1787124054.799506 [0]        tev: ddsi_udp_conn_write to udp/192.168.3.129:7438 failed with retcode -1
1787124062.799607 [0]        tev: ddsi_udp_conn_write to udp/239.255.0.1:7400 failed with retcode -1
1787124062.799672 [0]        tev: ddsi_udp_conn_write to udp/192.168.3.129:7438 failed with retcode -1
1787124070.799739 [0]        tev: ddsi_udp_conn_write to udp/239.255.0.1:7400 failed with retcode -1
1787124070.799802 [0]        tev: ddsi_udp_conn_write to udp/192.168.3.129:7438 failed with retcode -1
1787124078.799957 [0]        tev: ddsi_udp_conn_write to udp/239.255.0.1:7400 failed with retcode -1
1787124078.800021 [0]        tev: ddsi_udp_conn_write to udp/192.168.3.129:7438 failed with retcode -1
1787124086.800100 [0]        tev: ddsi_udp_conn_write to udp/239.255.0.1:7400 failed with retcode -1
1787124086.800161 [0]        tev: ddsi_udp_conn_write to udp/192.168.3.129:7438 failed with retcode -1
1787124094.800359 [0]        tev: ddsi_udp_conn_write to udp/239.255.0.1:7400 failed with retcode -1
1787124094.800424 [0]        tev: ddsi_udp_conn_write to udp/192.168.3.129:7438 failed with retcode -1
1787124102.800497 [0]        tev: ddsi_udp_conn_write to udp/239.255.0.1:7400 failed with retcode -1
1787124102.800570 [0]        tev: ddsi_udp_conn_write to udp/192.168.3.129:7438 failed with retcode -1
1787124110.800679 [0]        tev: ddsi_udp_conn_write to udp/239.255.0.1:7400 failed with retcode -1
1787124110.800743 [0]        tev: ddsi_udp_conn_write to udp/192.168.3.129:7438 failed with retcode -1
1787124118.800990 [0]        tev: ddsi_udp_conn_write to udp/239.255.0.1:7400 failed with retcode -1
1787124118.801054 [0]        tev: ddsi_udp_conn_write to udp/192.168.3.129:7438 failed with retcode -1
1787124126.801329 [0]        tev: ddsi_udp_conn_write to udp/239.255.0.1:7400 failed with retcode -1
1787124126.801393 [0]        tev: ddsi_udp_conn_write to udp/192.168.3.129:7438 failed with retcode -1
1787124134.801656 [0]        tev: ddsi_udp_conn_write to udp/239.255.0.1:7400 failed with retcode -1
1787124134.801720 [0]        tev: ddsi_udp_conn_write to udp/192.168.3.129:7438 failed with retcode -1
1787124142.801813 [0]        tev: ddsi_udp_conn_write to udp/239.255.0.1:7400 failed with retcode -1
1787124142.801906 [0]        tev: ddsi_udp_conn_write to udp/192.168.3.129:7438 failed with retcode -1
1787124150.802139 [0]        tev: ddsi_udp_conn_write to udp/239.255.0.1:7400 failed with retcode -1
1787124150.802202 [0]        tev: ddsi_udp_conn_write to udp/192.168.3.129:7438 failed with retcode -1
1787124158.802207 [0]        tev: ddsi_udp_conn_write to udp/239.255.0.1:7400 failed with retcode -1
1787124158.802269 [0]        tev: ddsi_udp_conn_write to udp/192.168.3.129:7438 failed with retcode -1
1787124166.802586 [0]        tev: ddsi_udp_conn_write to udp/239.255.0.1:7400 failed with retcode -1
1787124166.802629 [0]        tev: ddsi_udp_conn_write to udp/192.168.3.129:7438 failed with retcode -1
1787124174.802963 [0]        tev: ddsi_udp_conn_write to udp/239.255.0.1:7400 failed with retcode -1
1787124174.803027 [0]        tev: ddsi_udp_conn_write to udp/192.168.3.129:7438 failed with retcode -1
1787124182.803096 [0]        tev: ddsi_udp_conn_write to udp/239.255.0.1:7400 failed with retcode -1
1787124182.803158 [0]        tev: ddsi_udp_conn_write to udp/192.168.3.129:7438 failed with retcode -1
1787124190.803266 [0]        tev: ddsi_udp_conn_write to udp/239.255.0.1:7400 failed with retcode -1
1787124190.803334 [0]        tev: ddsi_udp_conn_write to udp/192.168.3.129:7438 failed with retcode -1
1787124198.803629 [0]        tev: ddsi_udp_conn_write to udp/239.255.0.1:7400 failed with retcode -1
1787124198.803694 [0]        tev: ddsi_udp_conn_write to udp/192.168.3.129:7438 failed with retcode -1
1787124206.803752 [0]        tev: ddsi_udp_conn_write to udp/239.255.0.1:7400 failed with retcode -1
1787124206.803814 [0]        tev: ddsi_udp_conn_write to udp/192.168.3.129:7438 failed with retcode -1
1787124214.804158 [0]        tev: ddsi_udp_conn_write to udp/239.255.0.1:7400 failed with retcode -1
1787124214.804223 [0]        tev: ddsi_udp_conn_write to udp/192.168.3.129:7438 failed with retcode -1
1787124222.804467 [0]        tev: ddsi_udp_conn_write to udp/239.255.0.1:7400 failed with retcode -1
1787124222.804493 [0]        tev: ddsi_udp_conn_write to udp/192.168.3.129:7438 failed with retcode -1
1787124230.804910 [0]        tev: ddsi_udp_conn_write to udp/239.255.0.1:7400 failed with retcode -1
1787124230.804974 [0]        tev: ddsi_udp_conn_write to udp/192.168.3.129:7438 failed with retcode -1
1787124238.805066 [0]        tev: ddsi_udp_conn_write to udp/239.255.0.1:7400 failed with retcode -1
1787124238.805089 [0]        tev: ddsi_udp_conn_write to udp/192.168.3.129:7438 failed with retcode -1
1787124246.805150 [0]        tev: ddsi_udp_conn_write to udp/239.255.0.1:7400 failed with retcode -1
1787124246.805214 [0]        tev: ddsi_udp_conn_write to udp/192.168.3.129:7438 failed with retcode -1
1787124254.805194 [0]        tev: ddsi_udp_conn_write to udp/239.255.0.1:7400 failed with retcode -1
1787124254.805211 [0]        tev: ddsi_udp_conn_write to udp/192.168.3.129:7438 failed with retcode -1
1787124262.805613 [0]        tev: ddsi_udp_conn_write to udp/239.255.0.1:7400 failed with retcode -1
1787124262.805679 [0]        tev: ddsi_udp_conn_write to udp/192.168.3.129:7438 failed with retcode -1
1787124270.806079 [0]        tev: ddsi_udp_conn_write to udp/239.255.0.1:7400 failed with retcode -1
1787124270.806144 [0]        tev: ddsi_udp_conn_write to udp/192.168.3.129:7438 failed with retcode -1
1787124278.806479 [0]        tev: ddsi_udp_conn_write to udp/239.255.0.1:7400 failed with retcode -1
1787124278.806544 [0]        tev: ddsi_udp_conn_write to udp/192.168.3.129:7438 failed with retcode -1
1787124286.806926 [0]        tev: ddsi_udp_conn_write to udp/239.255.0.1:7400 failed with retcode -1
1787124286.806992 [0]        tev: ddsi_udp_conn_write to udp/192.168.3.129:7438 failed with retcode -1
1787124294.807279 [0]        tev: ddsi_udp_conn_write to udp/239.255.0.1:7400 failed with retcode -1
1787124294.807346 [0]        tev: ddsi_udp_conn_write to udp/192.168.3.129:7438 failed with retcode -1
1787124302.807725 [0]        tev: ddsi_udp_conn_write to udp/239.255.0.1:7400 failed with retcode -1
1787124302.807790 [0]        tev: ddsi_udp_conn_write to udp/192.168.3.129:7438 failed with retcode -1
1787124310.808177 [0]        tev: ddsi_udp_conn_write to udp/239.255.0.1:7400 failed with retcode -1
1787124310.808277 [0]        tev: ddsi_udp_conn_write to udp/192.168.3.129:7438 failed with retcode -1
1787124318.808635 [0]        tev: ddsi_udp_conn_write to udp/239.255.0.1:7400 failed with retcode -1
1787124318.808698 [0]        tev: ddsi_udp_conn_write to udp/192.168.3.129:7438 failed with retcode -1
1787124326.808940 [0]        tev: ddsi_udp_conn_write to udp/239.255.0.1:7400 failed with retcode -1
1787124326.809008 [0]        tev: ddsi_udp_conn_write to udp/192.168.3.129:7438 failed with retcode -1
1787124334.809387 [0]        tev: ddsi_udp_conn_write to udp/239.255.0.1:7400 failed with retcode -1
1787124334.809452 [0]        tev: ddsi_udp_conn_write to udp/192.168.3.129:7438 failed with retcode -1
1787124342.809725 [0]        tev: ddsi_udp_conn_write to udp/239.255.0.1:7400 failed with retcode -1
1787124342.809792 [0]        tev: ddsi_udp_conn_write to udp/192.168.3.129:7438 failed with retcode -1
1787124350.810190 [0]        tev: ddsi_udp_conn_write to udp/239.255.0.1:7400 failed with retcode -1
1787124350.810256 [0]        tev: ddsi_udp_conn_write to udp/192.168.3.129:7438 failed with retcode -1
1787124358.810198 [0]        tev: ddsi_udp_conn_write to udp/239.255.0.1:7400 failed with retcode -1
1787124358.810221 [0]        tev: ddsi_udp_conn_write to udp/192.168.3.129:7438 failed with retcode -1
1787124366.810629 [0]        tev: ddsi_udp_conn_write to udp/239.255.0.1:7400 failed with retcode -1
1787124366.810694 [0]        tev: ddsi_udp_conn_write to udp/192.168.3.129:7438 failed with retcode -1
1787124374.811002 [0]        tev: ddsi_udp_conn_write to udp/239.255.0.1:7400 failed with retcode -1
1787124374.811066 [0]        tev: ddsi_udp_conn_write to udp/192.168.3.129:7438 failed with retcode -1
1787124382.811410 [0]        tev: ddsi_udp_conn_write to udp/239.255.0.1:7400 failed with retcode -1
1787124382.811435 [0]        tev: ddsi_udp_conn_write to udp/192.168.3.129:7438 failed with retcode -1
1787124390.811944 [0]        tev: ddsi_udp_conn_write to udp/239.255.0.1:7400 failed with retcode -1
1787124390.812010 [0]        tev: ddsi_udp_conn_write to udp/192.168.3.129:7438 failed with retcode -1
1787124398.812304 [0]        tev: ddsi_udp_conn_write to udp/239.255.0.1:7400 failed with retcode -1
1787124398.812368 [0]        tev: ddsi_udp_conn_write to udp/192.168.3.129:7438 failed with retcode -1
1787124406.812360 [0]        tev: ddsi_udp_conn_write to udp/239.255.0.1:7400 failed with retcode -1
1787124406.812372 [0]        tev: ddsi_udp_conn_write to udp/192.168.3.129:7438 failed with retcode -1
1787124414.812745 [0]        tev: ddsi_udp_conn_write to udp/239.255.0.1:7400 failed with retcode -1
1787124414.812811 [0]        tev: ddsi_udp_conn_write to udp/192.168.3.129:7438 failed with retcode -1
1787124422.813083 [0]        tev: ddsi_udp_conn_write to udp/239.255.0.1:7400 failed with retcode -1
1787124422.813149 [0]        tev: ddsi_udp_conn_write to udp/192.168.3.129:7438 failed with retcode -1
1787124430.813464 [0]        tev: ddsi_udp_conn_write to udp/239.255.0.1:7400 failed with retcode -1
1787124430.813531 [0]        tev: ddsi_udp_conn_write to udp/192.168.3.129:7438 failed with retcode -1
1787124438.813883 [0]        tev: ddsi_udp_conn_write to udp/239.255.0.1:7400 failed with retcode -1
1787124438.813949 [0]        tev: ddsi_udp_conn_write to udp/192.168.3.129:7438 failed with retcode -1
1787124446.814247 [0]        tev: ddsi_udp_conn_write to udp/239.255.0.1:7400 failed with retcode -1
1787124446.814320 [0]        tev: ddsi_udp_conn_write to udp/192.168.3.129:7438 failed with retcode -1
1787124454.814623 [0]        tev: ddsi_udp_conn_write to udp/239.255.0.1:7400 failed with retcode -1
1787124454.814689 [0]        tev: ddsi_udp_conn_write to udp/192.168.3.129:7438 failed with retcode -1
1787124462.815066 [0]        tev: ddsi_udp_conn_write to udp/239.255.0.1:7400 failed with retcode -1
1787124462.815111 [0]        tev: ddsi_udp_conn_write to udp/192.168.3.129:7438 failed with retcode -1
1787124470.815418 [0]        tev: ddsi_udp_conn_write to udp/239.255.0.1:7400 failed with retcode -1
1787124470.815523 [0]        tev: ddsi_udp_conn_write to udp/192.168.3.129:7438 failed with retcode -1
1787124478.815584 [0]        tev: ddsi_udp_conn_write to udp/239.255.0.1:7400 failed with retcode -1
1787124478.815647 [0]        tev: ddsi_udp_conn_write to udp/192.168.3.129:7438 failed with retcode -1
1787124486.815918 [0]        tev: ddsi_udp_conn_write to udp/239.255.0.1:7400 failed with retcode -1
1787124486.815983 [0]        tev: ddsi_udp_conn_write to udp/192.168.3.129:7438 failed with retcode -1
1787124494.816234 [0]        tev: ddsi_udp_conn_write to udp/239.255.0.1:7400 failed with retcode -1
1787124494.816299 [0]        tev: ddsi_udp_conn_write to udp/192.168.3.129:7438 failed with retcode -1
1787124502.816534 [0]        tev: ddsi_udp_conn_write to udp/239.255.0.1:7400 failed with retcode -1
1787124502.816599 [0]        tev: ddsi_udp_conn_write to udp/192.168.3.129:7438 failed with retcode -1
1787124510.817026 [0]        tev: ddsi_udp_conn_write to udp/239.255.0.1:7400 failed with retcode -1
1787124510.817112 [0]        tev: ddsi_udp_conn_write to udp/192.168.3.129:7438 failed with retcode -1
1787124518.817146 [0]        tev: ddsi_udp_conn_write to udp/239.255.0.1:7400 failed with retcode -1
1787124518.817210 [0]        tev: ddsi_udp_conn_write to udp/192.168.3.129:7438 failed with retcode -1
1787124526.817266 [0]        tev: ddsi_udp_conn_write to udp/239.255.0.1:7400 failed with retcode -1
1787124526.817330 [0]        tev: ddsi_udp_conn_write to udp/192.168.3.129:7438 failed with retcode -1
1787124534.817384 [0]        tev: ddsi_udp_conn_write to udp/239.255.0.1:7400 failed with retcode -1
1787124534.817450 [0]        tev: ddsi_udp_conn_write to udp/192.168.3.129:7438 failed with retcode -1
1787124542.817519 [0]        tev: ddsi_udp_conn_write to udp/239.255.0.1:7400 failed with retcode -1
1787124542.817586 [0]        tev: ddsi_udp_conn_write to udp/192.168.3.129:7438 failed with retcode -1
1787124550.817974 [0]        tev: ddsi_udp_conn_write to udp/239.255.0.1:7400 failed with retcode -1
1787124550.818039 [0]        tev: ddsi_udp_conn_write to udp/192.168.3.129:7438 failed with retcode -1
1787124558.818281 [0]        tev: ddsi_udp_conn_write to udp/239.255.0.1:7400 failed with retcode -1
1787124558.818336 [0]        tev: ddsi_udp_conn_write to udp/192.168.3.129:7438 failed with retcode -1
1787124566.818604 [0]        tev: ddsi_udp_conn_write to udp/239.255.0.1:7400 failed with retcode -1
1787124566.818667 [0]        tev: ddsi_udp_conn_write to udp/192.168.3.129:7438 failed with retcode -1
1787124574.818978 [0]        tev: ddsi_udp_conn_write to udp/239.255.0.1:7400 failed with retcode -1
1787124574.819042 [0]        tev: ddsi_udp_conn_write to udp/192.168.3.129:7438 failed with retcode -1
1787124582.819100 [0]        tev: ddsi_udp_conn_write to udp/239.255.0.1:7400 failed with retcode -1
1787124582.819163 [0]        tev: ddsi_udp_conn_write to udp/192.168.3.129:7438 failed with retcode -1
1787124590.819435 [0]        tev: ddsi_udp_conn_write to udp/239.255.0.1:7400 failed with retcode -1
1787124590.819503 [0]        tev: ddsi_udp_conn_write to udp/192.168.3.129:7438 failed with retcode -1
1787124598.819525 [0]        tev: ddsi_udp_conn_write to udp/239.255.0.1:7400 failed with retcode -1
1787124598.819591 [0]        tev: ddsi_udp_conn_write to udp/192.168.3.129:7438 failed with retcode -1
1787124606.819912 [0]        tev: ddsi_udp_conn_write to udp/239.255.0.1:7400 failed with retcode -1
1787124606.819977 [0]        tev: ddsi_udp_conn_write to udp/192.168.3.129:7438 failed with retcode -1
1787124614.820253 [0]        tev: ddsi_udp_conn_write to udp/239.255.0.1:7400 failed with retcode -1
1787124614.820317 [0]        tev: ddsi_udp_conn_write to udp/192.168.3.129:7438 failed with retcode -1
1787124622.820648 [0]        tev: ddsi_udp_conn_write to udp/239.255.0.1:7400 failed with retcode -1
1787124622.820716 [0]        tev: ddsi_udp_conn_write to udp/192.168.3.129:7438 failed with retcode -1
1787124630.821100 [0]        tev: ddsi_udp_conn_write to udp/239.255.0.1:7400 failed with retcode -1
1787124630.821196 [0]        tev: ddsi_udp_conn_write to udp/192.168.3.129:7438 failed with retcode -1
1787124638.821189 [0]        tev: ddsi_udp_conn_write to udp/239.255.0.1:7400 failed with retcode -1
1787124638.821255 [0]        tev: ddsi_udp_conn_write to udp/192.168.3.129:7438 failed with retcode -1
1787124646.821571 [0]        tev: ddsi_udp_conn_write to udp/239.255.0.1:7400 failed with retcode -1
1787124646.821637 [0]        tev: ddsi_udp_conn_write to udp/192.168.3.129:7438 failed with retcode -1
1787124654.821976 [0]        tev: ddsi_udp_conn_write to udp/239.255.0.1:7400 failed with retcode -1
1787124654.822041 [0]        tev: ddsi_udp_conn_write to udp/192.168.3.129:7438 failed with retcode -1
1787124662.822318 [0]        tev: ddsi_udp_conn_write to udp/239.255.0.1:7400 failed with retcode -1
1787124662.822384 [0]        tev: ddsi_udp_conn_write to udp/192.168.3.129:7438 failed with retcode -1
1787124670.822762 [0]        tev: ddsi_udp_conn_write to udp/239.255.0.1:7400 failed with retcode -1
1787124670.822853 [0]        tev: ddsi_udp_conn_write to udp/192.168.3.129:7438 failed with retcode -1
1787124678.823081 [0]        tev: ddsi_udp_conn_write to udp/239.255.0.1:7400 failed with retcode -1
1787124678.823108 [0]        tev: ddsi_udp_conn_write to udp/192.168.3.129:7438 failed with retcode -1
1787124686.823255 [0]        tev: ddsi_udp_conn_write to udp/239.255.0.1:7400 failed with retcode -1
1787124686.823324 [0]        tev: ddsi_udp_conn_write to udp/192.168.3.129:7438 failed with retcode -1
1787124694.823251 [0]        tev: ddsi_udp_conn_write to udp/239.255.0.1:7400 failed with retcode -1
1787124694.823264 [0]        tev: ddsi_udp_conn_write to udp/192.168.3.129:7438 failed with retcode -1
1787124702.823640 [0]        tev: ddsi_udp_conn_write to udp/239.255.0.1:7400 failed with retcode -1
1787124702.823708 [0]        tev: ddsi_udp_conn_write to udp/192.168.3.129:7438 failed with retcode -1
1787124710.823803 [0]        tev: ddsi_udp_conn_write to udp/239.255.0.1:7400 failed with retcode -1
1787124710.823890 [0]        tev: ddsi_udp_conn_write to udp/192.168.3.129:7438 failed with retcode -1
1787124718.824245 [0]        tev: ddsi_udp_conn_write to udp/239.255.0.1:7400 failed with retcode -1
1787124718.824312 [0]        tev: ddsi_udp_conn_write to udp/192.168.3.129:7438 failed with retcode -1
1787124726.824418 [0]        tev: ddsi_udp_conn_write to udp/239.255.0.1:7400 failed with retcode -1
1787124726.824483 [0]        tev: ddsi_udp_conn_write to udp/192.168.3.129:7438 failed with retcode -1
1787124734.824893 [0]        tev: ddsi_udp_conn_write to udp/239.255.0.1:7400 failed with retcode -1
1787124734.824958 [0]        tev: ddsi_udp_conn_write to udp/192.168.3.129:7438 failed with retcode -1
1787124742.825161 [0]        tev: ddsi_udp_conn_write to udp/239.255.0.1:7400 failed with retcode -1
1787124742.825206 [0]        tev: ddsi_udp_conn_write to udp/192.168.3.129:7438 failed with retcode -1
1787124750.825664 [0]        tev: ddsi_udp_conn_write to udp/239.255.0.1:7400 failed with retcode -1
1787124750.825730 [0]        tev: ddsi_udp_conn_write to udp/192.168.3.129:7438 failed with retcode -1
1787124758.826130 [0]        tev: ddsi_udp_conn_write to udp/239.255.0.1:7400 failed with retcode -1
1787124758.826196 [0]        tev: ddsi_udp_conn_write to udp/192.168.3.129:7438 failed with retcode -1
1787124766.826430 [0]        tev: ddsi_udp_conn_write to udp/239.255.0.1:7400 failed with retcode -1
1787124766.826496 [0]        tev: ddsi_udp_conn_write to udp/192.168.3.129:7438 failed with retcode -1
1787124774.826473 [0]        tev: ddsi_udp_conn_write to udp/239.255.0.1:7400 failed with retcode -1
1787124774.826500 [0]        tev: ddsi_udp_conn_write to udp/192.168.3.129:7438 failed with retcode -1
1787124782.826893 [0]        tev: ddsi_udp_conn_write to udp/239.255.0.1:7400 failed with retcode -1
1787124782.826919 [0]        tev: ddsi_udp_conn_write to udp/192.168.3.129:7438 failed with retcode -1
1787124790.827068 [0]        tev: ddsi_udp_conn_write to udp/239.255.0.1:7400 failed with retcode -1
1787124790.827096 [0]        tev: ddsi_udp_conn_write to udp/192.168.3.129:7438 failed with retcode -1
1787124798.827092 [0]        tev: ddsi_udp_conn_write to udp/239.255.0.1:7400 failed with retcode -1
1787124798.827109 [0]        tev: ddsi_udp_conn_write to udp/192.168.3.129:7438 failed with retcode -1
1787124806.827270 [0]        tev: ddsi_udp_conn_write to udp/239.255.0.1:7400 failed with retcode -1
1787124806.827333 [0]        tev: ddsi_udp_conn_write to udp/192.168.3.129:7438 failed with retcode -1
1787124814.827660 [0]        tev: ddsi_udp_conn_write to udp/239.255.0.1:7400 failed with retcode -1
1787124814.827691 [0]        tev: ddsi_udp_conn_write to udp/192.168.3.129:7438 failed with retcode -1
1787124822.828099 [0]        tev: ddsi_udp_conn_write to udp/239.255.0.1:7400 failed with retcode -1
1787124822.828164 [0]        tev: ddsi_udp_conn_write to udp/192.168.3.129:7438 failed with retcode -1
1787124830.828274 [0]        tev: ddsi_udp_conn_write to udp/239.255.0.1:7400 failed with retcode -1
1787124830.828339 [0]        tev: ddsi_udp_conn_write to udp/192.168.3.129:7438 failed with retcode -1
1787124838.828363 [0]        tev: ddsi_udp_conn_write to udp/239.255.0.1:7400 failed with retcode -1
1787124838.828428 [0]        tev: ddsi_udp_conn_write to udp/192.168.3.129:7438 failed with retcode -1
1787124846.828813 [0]        tev: ddsi_udp_conn_write to udp/239.255.0.1:7400 failed with retcode -1
1787124846.828921 [0]        tev: ddsi_udp_conn_write to udp/192.168.3.129:7438 failed with retcode -1
1787124854.828986 [0]        tev: ddsi_udp_conn_write to udp/239.255.0.1:7400 failed with retcode -1
1787124854.829049 [0]        tev: ddsi_udp_conn_write to udp/192.168.3.129:7438 failed with retcode -1
1787124862.829326 [0]        tev: ddsi_udp_conn_write to udp/239.255.0.1:7400 failed with retcode -1
1787124862.829389 [0]        tev: ddsi_udp_conn_write to udp/192.168.3.129:7438 failed with retcode -1
1787124870.829564 [0]        tev: ddsi_udp_conn_write to udp/239.255.0.1:7400 failed with retcode -1
1787124870.829628 [0]        tev: ddsi_udp_conn_write to udp/192.168.3.129:7438 failed with retcode -1
1787124878.829633 [0]        tev: ddsi_udp_conn_write to udp/239.255.0.1:7400 failed with retcode -1
1787124878.829692 [0]        tev: ddsi_udp_conn_write to udp/192.168.3.129:7438 failed with retcode -1
1787124886.830074 [0]        tev: ddsi_udp_conn_write to udp/239.255.0.1:7400 failed with retcode -1
1787124886.830109 [0]        tev: ddsi_udp_conn_write to udp/192.168.3.129:7438 failed with retcode -1
1787124894.830527 [0]        tev: ddsi_udp_conn_write to udp/239.255.0.1:7400 failed with retcode -1
1787124894.830592 [0]        tev: ddsi_udp_conn_write to udp/192.168.3.129:7438 failed with retcode -1
1787124902.830638 [0]        tev: ddsi_udp_conn_write to udp/239.255.0.1:7400 failed with retcode -1
1787124902.830689 [0]        tev: ddsi_udp_conn_write to udp/192.168.3.129:7438 failed with retcode -1
1787124910.831027 [0]        tev: ddsi_udp_conn_write to udp/239.255.0.1:7400 failed with retcode -1
1787124910.831071 [0]        tev: ddsi_udp_conn_write to udp/192.168.3.129:7438 failed with retcode -1
1787124918.831187 [0]        tev: ddsi_udp_conn_write to udp/239.255.0.1:7400 failed with retcode -1
1787124918.831249 [0]        tev: ddsi_udp_conn_write to udp/192.168.3.129:7438 failed with retcode -1
1787124926.831310 [0]        tev: ddsi_udp_conn_write to udp/239.255.0.1:7400 failed with retcode -1
1787124926.831375 [0]        tev: ddsi_udp_conn_write to udp/192.168.3.129:7438 failed with retcode -1
1787124934.831660 [0]        tev: ddsi_udp_conn_write to udp/239.255.0.1:7400 failed with retcode -1
1787124934.831724 [0]        tev: ddsi_udp_conn_write to udp/192.168.3.129:7438 failed with retcode -1
1787124942.832016 [0]        tev: ddsi_udp_conn_write to udp/239.255.0.1:7400 failed with retcode -1
1787124942.832080 [0]        tev: ddsi_udp_conn_write to udp/192.168.3.129:7438 failed with retcode -1
1787124950.832152 [0]        tev: ddsi_udp_conn_write to udp/239.255.0.1:7400 failed with retcode -1
1787124950.832241 [0]        tev: ddsi_udp_conn_write to udp/192.168.3.129:7438 failed with retcode -1
1787124958.832513 [0]        tev: ddsi_udp_conn_write to udp/239.255.0.1:7400 failed with retcode -1
1787124958.832578 [0]        tev: ddsi_udp_conn_write to udp/192.168.3.129:7438 failed with retcode -1
1787124966.832637 [0]        tev: ddsi_udp_conn_write to udp/239.255.0.1:7400 failed with retcode -1
1787124966.832700 [0]        tev: ddsi_udp_conn_write to udp/192.168.3.129:7438 failed with retcode -1
1787124974.833045 [0]        tev: ddsi_udp_conn_write to udp/239.255.0.1:7400 failed with retcode -1
1787124974.833110 [0]        tev: ddsi_udp_conn_write to udp/192.168.3.129:7438 failed with retcode -1
1787124982.833141 [0]        tev: ddsi_udp_conn_write to udp/239.255.0.1:7400 failed with retcode -1
1787124982.833206 [0]        tev: ddsi_udp_conn_write to udp/192.168.3.129:7438 failed with retcode -1
1787124990.833259 [0]        tev: ddsi_udp_conn_write to udp/239.255.0.1:7400 failed with retcode -1
1787124990.833316 [0]        tev: ddsi_udp_conn_write to udp/192.168.3.129:7438 failed with retcode -1
1787124998.833570 [0]        tev: ddsi_udp_conn_write to udp/239.255.0.1:7400 failed with retcode -1
1787124998.833634 [0]        tev: ddsi_udp_conn_write to udp/192.168.3.129:7438 failed with retcode -1
1787125006.833937 [0]        tev: ddsi_udp_conn_write to udp/239.255.0.1:7400 failed with retcode -1
1787125006.834001 [0]        tev: ddsi_udp_conn_write to udp/192.168.3.129:7438 failed with retcode -1
1787125014.834088 [0]        tev: ddsi_udp_conn_write to udp/239.255.0.1:7400 failed with retcode -1
1787125014.834151 [0]        tev: ddsi_udp_conn_write to udp/192.168.3.129:7438 failed with retcode -1
1787125022.834455 [0]        tev: ddsi_udp_conn_write to udp/239.255.0.1:7400 failed with retcode -1
1787125022.834519 [0]        tev: ddsi_udp_conn_write to udp/192.168.3.129:7438 failed with retcode -1
1787125030.834811 [0]        tev: ddsi_udp_conn_write to udp/239.255.0.1:7400 failed with retcode -1
1787125030.834897 [0]        tev: ddsi_udp_conn_write to udp/192.168.3.129:7438 failed with retcode -1
1787125038.835145 [0]        tev: ddsi_udp_conn_write to udp/239.255.0.1:7400 failed with retcode -1
1787125038.835211 [0]        tev: ddsi_udp_conn_write to udp/192.168.3.129:7438 failed with retcode -1
1787125046.835185 [0]        tev: ddsi_udp_conn_write to udp/239.255.0.1:7400 failed with retcode -1
1787125046.835202 [0]        tev: ddsi_udp_conn_write to udp/192.168.3.129:7438 failed with retcode -1
1787125054.835573 [0]        tev: ddsi_udp_conn_write to udp/239.255.0.1:7400 failed with retcode -1
1787125054.835637 [0]        tev: ddsi_udp_conn_write to udp/192.168.3.129:7438 failed with retcode -1
1787125062.835689 [0]        tev: ddsi_udp_conn_write to udp/239.255.0.1:7400 failed with retcode -1
1787125062.835750 [0]        tev: ddsi_udp_conn_write to udp/192.168.3.129:7438 failed with retcode -1
1787125070.835845 [0]        tev: ddsi_udp_conn_write to udp/239.255.0.1:7400 failed with retcode -1
1787125070.835913 [0]        tev: ddsi_udp_conn_write to udp/192.168.3.129:7438 failed with retcode -1
1787125078.836248 [0]        tev: ddsi_udp_conn_write to udp/239.255.0.1:7400 failed with retcode -1
1787125078.836312 [0]        tev: ddsi_udp_conn_write to udp/192.168.3.129:7438 failed with retcode -1
1787125086.836325 [0]        tev: ddsi_udp_conn_write to udp/239.255.0.1:7400 failed with retcode -1
1787125086.836388 [0]        tev: ddsi_udp_conn_write to udp/192.168.3.129:7438 failed with retcode -1
1787125094.836420 [0]        tev: ddsi_udp_conn_write to udp/239.255.0.1:7400 failed with retcode -1
1787125094.836484 [0]        tev: ddsi_udp_conn_write to udp/192.168.3.129:7438 failed with retcode -1
1787125102.836804 [0]        tev: ddsi_udp_conn_write to udp/239.255.0.1:7400 failed with retcode -1
1787125102.836907 [0]        tev: ddsi_udp_conn_write to udp/192.168.3.129:7438 failed with retcode -1
1787125110.836936 [0]        tev: ddsi_udp_conn_write to udp/239.255.0.1:7400 failed with retcode -1
1787125110.837031 [0]        tev: ddsi_udp_conn_write to udp/192.168.3.129:7438 failed with retcode -1
1787125118.837350 [0]        tev: ddsi_udp_conn_write to udp/239.255.0.1:7400 failed with retcode -1
1787125118.837413 [0]        tev: ddsi_udp_conn_write to udp/192.168.3.129:7438 failed with retcode -1
1787125126.837381 [0]        tev: ddsi_udp_conn_write to udp/239.255.0.1:7400 failed with retcode -1
1787125126.837398 [0]        tev: ddsi_udp_conn_write to udp/192.168.3.129:7438 failed with retcode -1
1787125134.837917 [0]        tev: ddsi_udp_conn_write to udp/239.255.0.1:7400 failed with retcode -1
1787125134.837982 [0]        tev: ddsi_udp_conn_write to udp/192.168.3.129:7438 failed with retcode -1
1787125142.838268 [0]        tev: ddsi_udp_conn_write to udp/239.255.0.1:7400 failed with retcode -1
1787125142.838333 [0]        tev: ddsi_udp_conn_write to udp/192.168.3.129:7438 failed with retcode -1
1787125150.838584 [0]        tev: ddsi_udp_conn_write to udp/239.255.0.1:7400 failed with retcode -1
1787125150.838650 [0]        tev: ddsi_udp_conn_write to udp/192.168.3.129:7438 failed with retcode -1
1787125158.838954 [0]        tev: ddsi_udp_conn_write to udp/239.255.0.1:7400 failed with retcode -1
1787125158.839019 [0]        tev: ddsi_udp_conn_write to udp/192.168.3.129:7438 failed with retcode -1
1787125166.839335 [0]        tev: ddsi_udp_conn_write to udp/239.255.0.1:7400 failed with retcode -1
1787125166.839401 [0]        tev: ddsi_udp_conn_write to udp/192.168.3.129:7438 failed with retcode -1
1787125174.839650 [0]        tev: ddsi_udp_conn_write to udp/239.255.0.1:7400 failed with retcode -1
1787125174.839687 [0]        tev: ddsi_udp_conn_write to udp/192.168.3.129:7438 failed with retcode -1
1787125182.840129 [0]        tev: ddsi_udp_conn_write to udp/239.255.0.1:7400 failed with retcode -1
1787125182.840193 [0]        tev: ddsi_udp_conn_write to udp/192.168.3.129:7438 failed with retcode -1
1787125190.840570 [0]        tev: ddsi_udp_conn_write to udp/239.255.0.1:7400 failed with retcode -1
1787125190.840636 [0]        tev: ddsi_udp_conn_write to udp/192.168.3.129:7438 failed with retcode -1
1787125198.840945 [0]        tev: ddsi_udp_conn_write to udp/239.255.0.1:7400 failed with retcode -1
1787125198.841010 [0]        tev: ddsi_udp_conn_write to udp/192.168.3.129:7438 failed with retcode -1
1787125206.841034 [0]        tev: ddsi_udp_conn_write to udp/239.255.0.1:7400 failed with retcode -1
1787125206.841097 [0]        tev: ddsi_udp_conn_write to udp/192.168.3.129:7438 failed with retcode -1
1787125214.841171 [0]        tev: ddsi_udp_conn_write to udp/239.255.0.1:7400 failed with retcode -1
1787125214.841237 [0]        tev: ddsi_udp_conn_write to udp/192.168.3.129:7438 failed with retcode -1
1787125222.841188 [0]        tev: ddsi_udp_conn_write to udp/239.255.0.1:7400 failed with retcode -1
1787125222.841215 [0]        tev: ddsi_udp_conn_write to udp/192.168.3.129:7438 failed with retcode -1
1787125230.841365 [0]        tev: ddsi_udp_conn_write to udp/239.255.0.1:7400 failed with retcode -1
1787125230.841426 [0]        tev: ddsi_udp_conn_write to udp/192.168.3.129:7438 failed with retcode -1
1787125238.841770 [0]        tev: ddsi_udp_conn_write to udp/239.255.0.1:7400 failed with retcode -1
1787125238.841872 [0]        tev: ddsi_udp_conn_write to udp/192.168.3.129:7438 failed with retcode -1
1787125246.841959 [0]        tev: ddsi_udp_conn_write to udp/239.255.0.1:7400 failed with retcode -1
1787125246.842022 [0]        tev: ddsi_udp_conn_write to udp/192.168.3.129:7438 failed with retcode -1
1787125254.842080 [0]        tev: ddsi_udp_conn_write to udp/239.255.0.1:7400 failed with retcode -1
1787125254.842142 [0]        tev: ddsi_udp_conn_write to udp/192.168.3.129:7438 failed with retcode -1
1787125262.842226 [0]        tev: ddsi_udp_conn_write to udp/239.255.0.1:7400 failed with retcode -1
1787125262.842253 [0]        tev: ddsi_udp_conn_write to udp/192.168.3.129:7438 failed with retcode -1
1787125270.842690 [0]        tev: ddsi_udp_conn_write to udp/239.255.0.1:7400 failed with retcode -1
1787125270.842755 [0]        tev: ddsi_udp_conn_write to udp/192.168.3.129:7438 failed with retcode -1
1787125278.843039 [0]        tev: ddsi_udp_conn_write to udp/239.255.0.1:7400 failed with retcode -1
1787125278.843102 [0]        tev: ddsi_udp_conn_write to udp/192.168.3.129:7438 failed with retcode -1
1787125286.843384 [0]        tev: ddsi_udp_conn_write to udp/239.255.0.1:7400 failed with retcode -1
1787125286.843465 [0]        tev: ddsi_udp_conn_write to udp/192.168.3.129:7438 failed with retcode -1
1787125294.843494 [0]        tev: ddsi_udp_conn_write to udp/239.255.0.1:7400 failed with retcode -1
1787125294.843564 [0]        tev: ddsi_udp_conn_write to udp/192.168.3.129:7438 failed with retcode -1
1787125302.843767 [0]        tev: ddsi_udp_conn_write to udp/239.255.0.1:7400 failed with retcode -1
1787125302.843862 [0]        tev: ddsi_udp_conn_write to udp/192.168.3.129:7438 failed with retcode -1
1787125310.843919 [0]        tev: ddsi_udp_conn_write to udp/239.255.0.1:7400 failed with retcode -1
1787125310.843987 [0]        tev: ddsi_udp_conn_write to udp/192.168.3.129:7438 failed with retcode -1
1787125318.844014 [0]        tev: ddsi_udp_conn_write to udp/239.255.0.1:7400 failed with retcode -1
1787125318.844074 [0]        tev: ddsi_udp_conn_write to udp/192.168.3.129:7438 failed with retcode -1
1787125326.844069 [0]        tev: ddsi_udp_conn_write to udp/239.255.0.1:7400 failed with retcode -1
1787125326.844102 [0]        tev: ddsi_udp_conn_write to udp/192.168.3.129:7438 failed with retcode -1
1787125334.844146 [0]        tev: ddsi_udp_conn_write to udp/239.255.0.1:7400 failed with retcode -1
1787125334.844172 [0]        tev: ddsi_udp_conn_write to udp/192.168.3.129:7438 failed with retcode -1
1787125342.844269 [0]        tev: ddsi_udp_conn_write to udp/239.255.0.1:7400 failed with retcode -1
1787125342.844333 [0]        tev: ddsi_udp_conn_write to udp/192.168.3.129:7438 failed with retcode -1
1787125350.844277 [0]        tev: ddsi_udp_conn_write to udp/239.255.0.1:7400 failed with retcode -1
1787125350.844298 [0]        tev: ddsi_udp_conn_write to udp/192.168.3.129:7438 failed with retcode -1
1787125358.844399 [0]        tev: ddsi_udp_conn_write to udp/239.255.0.1:7400 failed with retcode -1
1787125358.844417 [0]        tev: ddsi_udp_conn_write to udp/192.168.3.129:7438 failed with retcode -1
1787125366.844412 [0]        tev: ddsi_udp_conn_write to udp/239.255.0.1:7400 failed with retcode -1
1787125366.844425 [0]        tev: ddsi_udp_conn_write to udp/192.168.3.129:7438 failed with retcode -1
1787125374.844594 [0]        tev: ddsi_udp_conn_write to udp/239.255.0.1:7400 failed with retcode -1
1787125374.844659 [0]        tev: ddsi_udp_conn_write to udp/192.168.3.129:7438 failed with retcode -1
1787125382.844720 [0]        tev: ddsi_udp_conn_write to udp/239.255.0.1:7400 failed with retcode -1
1787125382.844785 [0]        tev: ddsi_udp_conn_write to udp/192.168.3.129:7438 failed with retcode -1
1787125390.844871 [0]        tev: ddsi_udp_conn_write to udp/239.255.0.1:7400 failed with retcode -1
1787125390.844939 [0]        tev: ddsi_udp_conn_write to udp/192.168.3.129:7438 failed with retcode -1
1787125398.844972 [0]        tev: ddsi_udp_conn_write to udp/239.255.0.1:7400 failed with retcode -1
1787125398.845038 [0]        tev: ddsi_udp_conn_write to udp/192.168.3.129:7438 failed with retcode -1
1787125406.845096 [0]        tev: ddsi_udp_conn_write to udp/239.255.0.1:7400 failed with retcode -1
1787125406.845159 [0]        tev: ddsi_udp_conn_write to udp/192.168.3.129:7438 failed with retcode -1
1787125414.845222 [0]        tev: ddsi_udp_conn_write to udp/239.255.0.1:7400 failed with retcode -1
1787125414.845285 [0]        tev: ddsi_udp_conn_write to udp/192.168.3.129:7438 failed with retcode -1
1787125422.845255 [0]        tev: ddsi_udp_conn_write to udp/239.255.0.1:7400 failed with retcode -1
1787125422.845271 [0]        tev: ddsi_udp_conn_write to udp/192.168.3.129:7438 failed with retcode -1
1787125430.845422 [0]        tev: ddsi_udp_conn_write to udp/239.255.0.1:7400 failed with retcode -1
1787125430.845503 [0]        tev: ddsi_udp_conn_write to udp/192.168.3.129:7438 failed with retcode -1
1787125438.845532 [0]        tev: ddsi_udp_conn_write to udp/239.255.0.1:7400 failed with retcode -1
1787125438.845596 [0]        tev: ddsi_udp_conn_write to udp/192.168.3.129:7438 failed with retcode -1
1787125446.845656 [0]        tev: ddsi_udp_conn_write to udp/239.255.0.1:7400 failed with retcode -1
1787125446.845716 [0]        tev: ddsi_udp_conn_write to udp/192.168.3.129:7438 failed with retcode -1
1787125454.845783 [0]        tev: ddsi_udp_conn_write to udp/239.255.0.1:7400 failed with retcode -1
1787125454.845875 [0]        tev: ddsi_udp_conn_write to udp/192.168.3.129:7438 failed with retcode -1
1787125462.845934 [0]        tev: ddsi_udp_conn_write to udp/239.255.0.1:7400 failed with retcode -1
1787125462.845998 [0]        tev: ddsi_udp_conn_write to udp/192.168.3.129:7438 failed with retcode -1
1787125470.846058 [0]        tev: ddsi_udp_conn_write to udp/239.255.0.1:7400 failed with retcode -1
1787125470.846124 [0]        tev: ddsi_udp_conn_write to udp/192.168.3.129:7438 failed with retcode -1
1787125478.846188 [0]        tev: ddsi_udp_conn_write to udp/239.255.0.1:7400 failed with retcode -1
1787125478.846255 [0]        tev: ddsi_udp_conn_write to udp/192.168.3.129:7438 failed with retcode -1
1787125486.846309 [0]        tev: ddsi_udp_conn_write to udp/239.255.0.1:7400 failed with retcode -1
1787125486.846372 [0]        tev: ddsi_udp_conn_write to udp/192.168.3.129:7438 failed with retcode -1
1787125494.846636 [0]        tev: ddsi_udp_conn_write to udp/239.255.0.1:7400 failed with retcode -1
1787125494.846702 [0]        tev: ddsi_udp_conn_write to udp/192.168.3.129:7438 failed with retcode -1
1787125502.846720 [0]        tev: ddsi_udp_conn_write to udp/239.255.0.1:7400 failed with retcode -1
1787125502.846782 [0]        tev: ddsi_udp_conn_write to udp/192.168.3.129:7438 failed with retcode -1
1787125510.847023 [0]        tev: ddsi_udp_conn_write to udp/239.255.0.1:7400 failed with retcode -1
1787125510.847088 [0]        tev: ddsi_udp_conn_write to udp/192.168.3.129:7438 failed with retcode -1
1787125518.847345 [0]        tev: ddsi_udp_conn_write to udp/239.255.0.1:7400 failed with retcode -1
1787125518.847411 [0]        tev: ddsi_udp_conn_write to udp/192.168.3.129:7438 failed with retcode -1
1787125526.847676 [0]        tev: ddsi_udp_conn_write to udp/239.255.0.1:7400 failed with retcode -1
1787125526.847740 [0]        tev: ddsi_udp_conn_write to udp/192.168.3.129:7438 failed with retcode -1
1787125534.848036 [0]        tev: ddsi_udp_conn_write to udp/239.255.0.1:7400 failed with retcode -1
1787125534.848101 [0]        tev: ddsi_udp_conn_write to udp/192.168.3.129:7438 failed with retcode -1
1787125542.848171 [0]        tev: ddsi_udp_conn_write to udp/239.255.0.1:7400 failed with retcode -1
1787125542.848236 [0]        tev: ddsi_udp_conn_write to udp/192.168.3.129:7438 failed with retcode -1
1787125550.848524 [0]        tev: ddsi_udp_conn_write to udp/239.255.0.1:7400 failed with retcode -1
1787125550.848589 [0]        tev: ddsi_udp_conn_write to udp/192.168.3.129:7438 failed with retcode -1
1787125558.848925 [0]        tev: ddsi_udp_conn_write to udp/239.255.0.1:7400 failed with retcode -1
1787125558.848944 [0]        tev: ddsi_udp_conn_write to udp/192.168.3.129:7438 failed with retcode -1
1787125566.849367 [0]        tev: ddsi_udp_conn_write to udp/239.255.0.1:7400 failed with retcode -1
1787125566.849431 [0]        tev: ddsi_udp_conn_write to udp/192.168.3.129:7438 failed with retcode -1
1787125574.849810 [0]        tev: ddsi_udp_conn_write to udp/239.255.0.1:7400 failed with retcode -1
1787125574.849905 [0]        tev: ddsi_udp_conn_write to udp/192.168.3.129:7438 failed with retcode -1
1787125582.850216 [0]        tev: ddsi_udp_conn_write to udp/239.255.0.1:7400 failed with retcode -1
1787125582.850283 [0]        tev: ddsi_udp_conn_write to udp/192.168.3.129:7438 failed with retcode -1
1787125590.850591 [0]        tev: ddsi_udp_conn_write to udp/239.255.0.1:7400 failed with retcode -1
1787125590.850656 [0]        tev: ddsi_udp_conn_write to udp/192.168.3.129:7438 failed with retcode -1
1787125598.850991 [0]        tev: ddsi_udp_conn_write to udp/239.255.0.1:7400 failed with retcode -1
1787125598.851055 [0]        tev: ddsi_udp_conn_write to udp/192.168.3.129:7438 failed with retcode -1
1787125606.851169 [0]        tev: ddsi_udp_conn_write to udp/239.255.0.1:7400 failed with retcode -1
1787125606.851234 [0]        tev: ddsi_udp_conn_write to udp/192.168.3.129:7438 failed with retcode -1
1787125614.851174 [0]        tev: ddsi_udp_conn_write to udp/239.255.0.1:7400 failed with retcode -1
1787125614.851194 [0]        tev: ddsi_udp_conn_write to udp/192.168.3.129:7438 failed with retcode -1
1787125622.851568 [0]        tev: ddsi_udp_conn_write to udp/239.255.0.1:7400 failed with retcode -1
1787125622.851632 [0]        tev: ddsi_udp_conn_write to udp/192.168.3.129:7438 failed with retcode -1
1787125630.851968 [0]        tev: ddsi_udp_conn_write to udp/239.255.0.1:7400 failed with retcode -1
1787125630.852031 [0]        tev: ddsi_udp_conn_write to udp/192.168.3.129:7438 failed with retcode -1
1787125638.852408 [0]        tev: ddsi_udp_conn_write to udp/239.255.0.1:7400 failed with retcode -1
1787125638.852473 [0]        tev: ddsi_udp_conn_write to udp/192.168.3.129:7438 failed with retcode -1
1787125646.852707 [0]        tev: ddsi_udp_conn_write to udp/239.255.0.1:7400 failed with retcode -1
1787125646.852776 [0]        tev: ddsi_udp_conn_write to udp/192.168.3.129:7438 failed with retcode -1
1787125654.852863 [0]        tev: ddsi_udp_conn_write to udp/239.255.0.1:7400 failed with retcode -1
1787125654.852928 [0]        tev: ddsi_udp_conn_write to udp/192.168.3.129:7438 failed with retcode -1
1787125662.853286 [0]        tev: ddsi_udp_conn_write to udp/239.255.0.1:7400 failed with retcode -1
1787125662.853351 [0]        tev: ddsi_udp_conn_write to udp/192.168.3.129:7438 failed with retcode -1
1787125670.853399 [0]        tev: ddsi_udp_conn_write to udp/239.255.0.1:7400 failed with retcode -1
1787125670.853460 [0]        tev: ddsi_udp_conn_write to udp/192.168.3.129:7438 failed with retcode -1
1787125678.853880 [0]        tev: ddsi_udp_conn_write to udp/239.255.0.1:7400 failed with retcode -1
1787125678.853947 [0]        tev: ddsi_udp_conn_write to udp/192.168.3.129:7438 failed with retcode -1
1787125686.854212 [0]        tev: ddsi_udp_conn_write to udp/239.255.0.1:7400 failed with retcode -1
1787125686.854277 [0]        tev: ddsi_udp_conn_write to udp/192.168.3.129:7438 failed with retcode -1
1787125694.854343 [0]        tev: ddsi_udp_conn_write to udp/239.255.0.1:7400 failed with retcode -1
1787125694.854409 [0]        tev: ddsi_udp_conn_write to udp/192.168.3.129:7438 failed with retcode -1
1787125702.854807 [0]        tev: ddsi_udp_conn_write to udp/239.255.0.1:7400 failed with retcode -1
1787125702.854910 [0]        tev: ddsi_udp_conn_write to udp/192.168.3.129:7438 failed with retcode -1
1787125710.855028 [0]        tev: ddsi_udp_conn_write to udp/239.255.0.1:7400 failed with retcode -1
1787125710.855095 [0]        tev: ddsi_udp_conn_write to udp/192.168.3.129:7438 failed with retcode -1
1787125718.855276 [0]        tev: ddsi_udp_conn_write to udp/239.255.0.1:7400 failed with retcode -1
1787125718.855296 [0]        tev: ddsi_udp_conn_write to udp/192.168.3.129:7438 failed with retcode -1
1787125726.855487 [0]        tev: ddsi_udp_conn_write to udp/239.255.0.1:7400 failed with retcode -1
1787125726.855552 [0]        tev: ddsi_udp_conn_write to udp/192.168.3.129:7438 failed with retcode -1
1787125734.855948 [0]        tev: ddsi_udp_conn_write to udp/239.255.0.1:7400 failed with retcode -1
1787125734.856013 [0]        tev: ddsi_udp_conn_write to udp/192.168.3.129:7438 failed with retcode -1
1787125742.856302 [0]        tev: ddsi_udp_conn_write to udp/239.255.0.1:7400 failed with retcode -1
1787125742.856370 [0]        tev: ddsi_udp_conn_write to udp/192.168.3.129:7438 failed with retcode -1
1787125750.856656 [0]        tev: ddsi_udp_conn_write to udp/239.255.0.1:7400 failed with retcode -1
1787125750.856716 [0]        tev: ddsi_udp_conn_write to udp/192.168.3.129:7438 failed with retcode -1
1787125758.856795 [0]        tev: ddsi_udp_conn_write to udp/239.255.0.1:7400 failed with retcode -1
1787125758.856885 [0]        tev: ddsi_udp_conn_write to udp/192.168.3.129:7438 failed with retcode -1
1787125766.857135 [0]        tev: ddsi_udp_conn_write to udp/239.255.0.1:7400 failed with retcode -1
1787125766.857201 [0]        tev: ddsi_udp_conn_write to udp/192.168.3.129:7438 failed with retcode -1
1787125774.857525 [0]        tev: ddsi_udp_conn_write to udp/239.255.0.1:7400 failed with retcode -1
1787125774.857591 [0]        tev: ddsi_udp_conn_write to udp/192.168.3.129:7438 failed with retcode -1
1787125782.857888 [0]        tev: ddsi_udp_conn_write to udp/239.255.0.1:7400 failed with retcode -1
1787125782.857957 [0]        tev: ddsi_udp_conn_write to udp/192.168.3.129:7438 failed with retcode -1
1787125790.858306 [0]        tev: ddsi_udp_conn_write to udp/239.255.0.1:7400 failed with retcode -1
1787125790.858371 [0]        tev: ddsi_udp_conn_write to udp/192.168.3.129:7438 failed with retcode -1
1787125798.858479 [0]        tev: ddsi_udp_conn_write to udp/239.255.0.1:7400 failed with retcode -1
1787125798.858543 [0]        tev: ddsi_udp_conn_write to udp/192.168.3.129:7438 failed with retcode -1
1787125806.858874 [0]        tev: ddsi_udp_conn_write to udp/239.255.0.1:7400 failed with retcode -1
1787125806.858943 [0]        tev: ddsi_udp_conn_write to udp/192.168.3.129:7438 failed with retcode -1
1787125814.859311 [0]        tev: ddsi_udp_conn_write to udp/239.255.0.1:7400 failed with retcode -1
1787125814.859376 [0]        tev: ddsi_udp_conn_write to udp/192.168.3.129:7438 failed with retcode -1
1787125822.859653 [0]        tev: ddsi_udp_conn_write to udp/239.255.0.1:7400 failed with retcode -1
1787125822.859718 [0]        tev: ddsi_udp_conn_write to udp/192.168.3.129:7438 failed with retcode -1
1787125830.860108 [0]        tev: ddsi_udp_conn_write to udp/239.255.0.1:7400 failed with retcode -1
1787125830.860173 [0]        tev: ddsi_udp_conn_write to udp/192.168.3.129:7438 failed with retcode -1
1787125838.860568 [0]        tev: ddsi_udp_conn_write to udp/239.255.0.1:7400 failed with retcode -1
1787125838.860632 [0]        tev: ddsi_udp_conn_write to udp/192.168.3.129:7438 failed with retcode -1
1787125846.860899 [0]        tev: ddsi_udp_conn_write to udp/239.255.0.1:7400 failed with retcode -1
1787125846.860963 [0]        tev: ddsi_udp_conn_write to udp/192.168.3.129:7438 failed with retcode -1
1787125854.861184 [0]        tev: ddsi_udp_conn_write to udp/239.255.0.1:7400 failed with retcode -1
1787125854.861252 [0]        tev: ddsi_udp_conn_write to udp/192.168.3.129:7438 failed with retcode -1
1787125862.861532 [0]        tev: ddsi_udp_conn_write to udp/239.255.0.1:7400 failed with retcode -1
1787125862.861598 [0]        tev: ddsi_udp_conn_write to udp/192.168.3.129:7438 failed with retcode -1
1787125870.861894 [0]        tev: ddsi_udp_conn_write to udp/239.255.0.1:7400 failed with retcode -1
1787125870.861959 [0]        tev: ddsi_udp_conn_write to udp/192.168.3.129:7438 failed with retcode -1
1787125878.862170 [0]        tev: ddsi_udp_conn_write to udp/239.255.0.1:7400 failed with retcode -1
1787125878.862239 [0]        tev: ddsi_udp_conn_write to udp/192.168.3.129:7438 failed with retcode -1
1787125886.862276 [0]        tev: ddsi_udp_conn_write to udp/239.255.0.1:7400 failed with retcode -1
1787125886.862317 [0]        tev: ddsi_udp_conn_write to udp/192.168.3.129:7438 failed with retcode -1
1787125894.862700 [0]        tev: ddsi_udp_conn_write to udp/239.255.0.1:7400 failed with retcode -1
1787125894.862739 [0]        tev: ddsi_udp_conn_write to udp/192.168.3.129:7438 failed with retcode -1
1787125902.863169 [0]        tev: ddsi_udp_conn_write to udp/239.255.0.1:7400 failed with retcode -1
1787125902.863200 [0]        tev: ddsi_udp_conn_write to udp/192.168.3.129:7438 failed with retcode -1
1787125910.863623 [0]        tev: ddsi_udp_conn_write to udp/239.255.0.1:7400 failed with retcode -1
1787125910.863648 [0]        tev: ddsi_udp_conn_write to udp/192.168.3.129:7438 failed with retcode -1
1787125918.863894 [0]        tev: ddsi_udp_conn_write to udp/239.255.0.1:7400 failed with retcode -1
1787125918.863913 [0]        tev: ddsi_udp_conn_write to udp/192.168.3.129:7438 failed with retcode -1
1787125926.864063 [0]        tev: ddsi_udp_conn_write to udp/239.255.0.1:7400 failed with retcode -1
1787125926.864141 [0]        tev: ddsi_udp_conn_write to udp/192.168.3.129:7438 failed with retcode -1
1787125934.864372 [0]        tev: ddsi_udp_conn_write to udp/239.255.0.1:7400 failed with retcode -1
1787125934.864392 [0]        tev: ddsi_udp_conn_write to udp/192.168.3.129:7438 failed with retcode -1
1787125942.864504 [0]        tev: ddsi_udp_conn_write to udp/239.255.0.1:7400 failed with retcode -1
1787125942.864569 [0]        tev: ddsi_udp_conn_write to udp/192.168.3.129:7438 failed with retcode -1
1787125950.864633 [0]        tev: ddsi_udp_conn_write to udp/239.255.0.1:7400 failed with retcode -1
1787125950.864694 [0]        tev: ddsi_udp_conn_write to udp/192.168.3.129:7438 failed with retcode -1
1787125958.864951 [0]        tev: ddsi_udp_conn_write to udp/239.255.0.1:7400 failed with retcode -1
1787125958.865018 [0]        tev: ddsi_udp_conn_write to udp/192.168.3.129:7438 failed with retcode -1
1787125966.865290 [0]        tev: ddsi_udp_conn_write to udp/239.255.0.1:7400 failed with retcode -1
1787125966.865354 [0]        tev: ddsi_udp_conn_write to udp/192.168.3.129:7438 failed with retcode -1
1787125974.865377 [0]        tev: ddsi_udp_conn_write to udp/239.255.0.1:7400 failed with retcode -1
1787125974.865443 [0]        tev: ddsi_udp_conn_write to udp/192.168.3.129:7438 failed with retcode -1
1787125982.865506 [0]        tev: ddsi_udp_conn_write to udp/239.255.0.1:7400 failed with retcode -1
1787125982.865577 [0]        tev: ddsi_udp_conn_write to udp/192.168.3.129:7438 failed with retcode -1
1787125990.865888 [0]        tev: ddsi_udp_conn_write to udp/239.255.0.1:7400 failed with retcode -1
1787125990.865954 [0]        tev: ddsi_udp_conn_write to udp/192.168.3.129:7438 failed with retcode -1
1787125998.866026 [0]        tev: ddsi_udp_conn_write to udp/239.255.0.1:7400 failed with retcode -1
1787125998.866091 [0]        tev: ddsi_udp_conn_write to udp/192.168.3.129:7438 failed with retcode -1
1787126006.866181 [0]        tev: ddsi_udp_conn_write to udp/239.255.0.1:7400 failed with retcode -1
1787126006.866246 [0]        tev: ddsi_udp_conn_write to udp/192.168.3.129:7438 failed with retcode -1
1787126014.866273 [0]        tev: ddsi_udp_conn_write to udp/239.255.0.1:7400 failed with retcode -1
1787126014.866339 [0]        tev: ddsi_udp_conn_write to udp/192.168.3.129:7438 failed with retcode -1
1787126022.866428 [0]        tev: ddsi_udp_conn_write to udp/239.255.0.1:7400 failed with retcode -1
1787126022.866476 [0]        tev: ddsi_udp_conn_write to udp/192.168.3.129:7438 failed with retcode -1
1787126030.866809 [0]        tev: ddsi_udp_conn_write to udp/239.255.0.1:7400 failed with retcode -1
1787126030.866905 [0]        tev: ddsi_udp_conn_write to udp/192.168.3.129:7438 failed with retcode -1
1787126038.866979 [0]        tev: ddsi_udp_conn_write to udp/239.255.0.1:7400 failed with retcode -1
1787126038.867048 [0]        tev: ddsi_udp_conn_write to udp/192.168.3.129:7438 failed with retcode -1
1787126046.867102 [0]        tev: ddsi_udp_conn_write to udp/239.255.0.1:7400 failed with retcode -1
1787126046.867172 [0]        tev: ddsi_udp_conn_write to udp/192.168.3.129:7438 failed with retcode -1
1787126054.867226 [0]        tev: ddsi_udp_conn_write to udp/239.255.0.1:7400 failed with retcode -1
1787126054.867291 [0]        tev: ddsi_udp_conn_write to udp/192.168.3.129:7438 failed with retcode -1
1787126062.867349 [0]        tev: ddsi_udp_conn_write to udp/239.255.0.1:7400 failed with retcode -1
1787126062.867413 [0]        tev: ddsi_udp_conn_write to udp/192.168.3.129:7438 failed with retcode -1
1787126070.867791 [0]        tev: ddsi_udp_conn_write to udp/239.255.0.1:7400 failed with retcode -1
1787126070.867891 [0]        tev: ddsi_udp_conn_write to udp/192.168.3.129:7438 failed with retcode -1
1787126078.868099 [0]        tev: ddsi_udp_conn_write to udp/239.255.0.1:7400 failed with retcode -1
1787126078.868124 [0]        tev: ddsi_udp_conn_write to udp/192.168.3.129:7438 failed with retcode -1
1787126086.868243 [0]        tev: ddsi_udp_conn_write to udp/239.255.0.1:7400 failed with retcode -1
1787126086.868309 [0]        tev: ddsi_udp_conn_write to udp/192.168.3.129:7438 failed with retcode -1
1787126094.868566 [0]        tev: ddsi_udp_conn_write to udp/239.255.0.1:7400 failed with retcode -1
1787126094.868631 [0]        tev: ddsi_udp_conn_write to udp/192.168.3.129:7438 failed with retcode -1
1787126102.868731 [0]        tev: ddsi_udp_conn_write to udp/239.255.0.1:7400 failed with retcode -1
1787126102.868804 [0]        tev: ddsi_udp_conn_write to udp/192.168.3.129:7438 failed with retcode -1
1787126110.868873 [0]        tev: ddsi_udp_conn_write to udp/239.255.0.1:7400 failed with retcode -1
1787126110.868940 [0]        tev: ddsi_udp_conn_write to udp/192.168.3.129:7438 failed with retcode -1
1787126118.869002 [0]        tev: ddsi_udp_conn_write to udp/239.255.0.1:7400 failed with retcode -1
1787126118.869070 [0]        tev: ddsi_udp_conn_write to udp/192.168.3.129:7438 failed with retcode -1
1787126126.869132 [0]        tev: ddsi_udp_conn_write to udp/239.255.0.1:7400 failed with retcode -1
1787126126.869196 [0]        tev: ddsi_udp_conn_write to udp/192.168.3.129:7438 failed with retcode -1
1787126134.869266 [0]        tev: ddsi_udp_conn_write to udp/239.255.0.1:7400 failed with retcode -1
1787126134.869332 [0]        tev: ddsi_udp_conn_write to udp/192.168.3.129:7438 failed with retcode -1
1787126142.869390 [0]        tev: ddsi_udp_conn_write to udp/239.255.0.1:7400 failed with retcode -1
1787126142.869456 [0]        tev: ddsi_udp_conn_write to udp/192.168.3.129:7438 failed with retcode -1
1787126150.869522 [0]        tev: ddsi_udp_conn_write to udp/239.255.0.1:7400 failed with retcode -1
1787126150.869588 [0]        tev: ddsi_udp_conn_write to udp/192.168.3.129:7438 failed with retcode -1
1787126158.869552 [0]        tev: ddsi_udp_conn_write to udp/239.255.0.1:7400 failed with retcode -1
1787126158.869570 [0]        tev: ddsi_udp_conn_write to udp/192.168.3.129:7438 failed with retcode -1
1787126166.869729 [0]        tev: ddsi_udp_conn_write to udp/239.255.0.1:7400 failed with retcode -1
1787126166.869795 [0]        tev: ddsi_udp_conn_write to udp/192.168.3.129:7438 failed with retcode -1
1787126174.869770 [0]        tev: ddsi_udp_conn_write to udp/239.255.0.1:7400 failed with retcode -1
1787126174.869791 [0]        tev: ddsi_udp_conn_write to udp/192.168.3.129:7438 failed with retcode -1
1787126182.869941 [0]        tev: ddsi_udp_conn_write to udp/239.255.0.1:7400 failed with retcode -1
1787126182.870003 [0]        tev: ddsi_udp_conn_write to udp/192.168.3.129:7438 failed with retcode -1
1787126190.870063 [0]        tev: ddsi_udp_conn_write to udp/239.255.0.1:7400 failed with retcode -1
1787126190.870125 [0]        tev: ddsi_udp_conn_write to udp/192.168.3.129:7438 failed with retcode -1
1787126198.870221 [0]        tev: ddsi_udp_conn_write to udp/239.255.0.1:7400 failed with retcode -1
1787126198.870288 [0]        tev: ddsi_udp_conn_write to udp/192.168.3.129:7438 failed with retcode -1
1787126206.870346 [0]        tev: ddsi_udp_conn_write to udp/239.255.0.1:7400 failed with retcode -1
1787126206.870410 [0]        tev: ddsi_udp_conn_write to udp/192.168.3.129:7438 failed with retcode -1
1787126214.870479 [0]        tev: ddsi_udp_conn_write to udp/239.255.0.1:7400 failed with retcode -1
1787126214.870543 [0]        tev: ddsi_udp_conn_write to udp/192.168.3.129:7438 failed with retcode -1
1787126222.870609 [0]        tev: ddsi_udp_conn_write to udp/239.255.0.1:7400 failed with retcode -1
1787126222.870673 [0]        tev: ddsi_udp_conn_write to udp/192.168.3.129:7438 failed with retcode -1
1787126230.870732 [0]        tev: ddsi_udp_conn_write to udp/239.255.0.1:7400 failed with retcode -1
1787126230.870797 [0]        tev: ddsi_udp_conn_write to udp/192.168.3.129:7438 failed with retcode -1
1787126238.870867 [0]        tev: ddsi_udp_conn_write to udp/239.255.0.1:7400 failed with retcode -1
1787126238.870966 [0]        tev: ddsi_udp_conn_write to udp/192.168.3.129:7438 failed with retcode -1
1787126246.870994 [0]        tev: ddsi_udp_conn_write to udp/239.255.0.1:7400 failed with retcode -1
1787126246.871059 [0]        tev: ddsi_udp_conn_write to udp/192.168.3.129:7438 failed with retcode -1
1787126254.871113 [0]        tev: ddsi_udp_conn_write to udp/239.255.0.1:7400 failed with retcode -1
1787126254.871178 [0]        tev: ddsi_udp_conn_write to udp/192.168.3.129:7438 failed with retcode -1
1787126262.871194 [0]        tev: ddsi_udp_conn_write to udp/239.255.0.1:7400 failed with retcode -1
1787126262.871260 [0]        tev: ddsi_udp_conn_write to udp/192.168.3.129:7438 failed with retcode -1
1787126270.871275 [0]        tev: ddsi_udp_conn_write to udp/239.255.0.1:7400 failed with retcode -1
1787126270.871339 [0]        tev: ddsi_udp_conn_write to udp/192.168.3.129:7438 failed with retcode -1
1787126278.871402 [0]        tev: ddsi_udp_conn_write to udp/239.255.0.1:7400 failed with retcode -1
1787126278.871469 [0]        tev: ddsi_udp_conn_write to udp/192.168.3.129:7438 failed with retcode -1
1787126286.871532 [0]        tev: ddsi_udp_conn_write to udp/239.255.0.1:7400 failed with retcode -1
1787126286.871597 [0]        tev: ddsi_udp_conn_write to udp/192.168.3.129:7438 failed with retcode -1
1787126294.871619 [0]        tev: ddsi_udp_conn_write to udp/239.255.0.1:7400 failed with retcode -1
1787126294.871684 [0]        tev: ddsi_udp_conn_write to udp/192.168.3.129:7438 failed with retcode -1
1787126302.871743 [0]        tev: ddsi_udp_conn_write to udp/239.255.0.1:7400 failed with retcode -1
1787126302.871806 [0]        tev: ddsi_udp_conn_write to udp/192.168.3.129:7438 failed with retcode -1
1787126310.871878 [0]        tev: ddsi_udp_conn_write to udp/239.255.0.1:7400 failed with retcode -1
1787126310.871941 [0]        tev: ddsi_udp_conn_write to udp/192.168.3.129:7438 failed with retcode -1
1787126318.871960 [0]        tev: ddsi_udp_conn_write to udp/239.255.0.1:7400 failed with retcode -1
1787126318.872023 [0]        tev: ddsi_udp_conn_write to udp/192.168.3.129:7438 failed with retcode -1
1787126326.872082 [0]        tev: ddsi_udp_conn_write to udp/239.255.0.1:7400 failed with retcode -1
1787126326.872145 [0]        tev: ddsi_udp_conn_write to udp/192.168.3.129:7438 failed with retcode -1
1787126334.872414 [0]        tev: ddsi_udp_conn_write to udp/239.255.0.1:7400 failed with retcode -1
1787126334.872438 [0]        tev: ddsi_udp_conn_write to udp/192.168.3.129:7438 failed with retcode -1
1787126342.872587 [0]        tev: ddsi_udp_conn_write to udp/239.255.0.1:7400 failed with retcode -1
1787126342.872652 [0]        tev: ddsi_udp_conn_write to udp/192.168.3.129:7438 failed with retcode -1
1787126350.872710 [0]        tev: ddsi_udp_conn_write to udp/239.255.0.1:7400 failed with retcode -1
1787126350.872773 [0]        tev: ddsi_udp_conn_write to udp/192.168.3.129:7438 failed with retcode -1
1787126358.872852 [0]        tev: ddsi_udp_conn_write to udp/239.255.0.1:7400 failed with retcode -1
1787126358.872915 [0]        tev: ddsi_udp_conn_write to udp/192.168.3.129:7438 failed with retcode -1
1787126366.872974 [0]        tev: ddsi_udp_conn_write to udp/239.255.0.1:7400 failed with retcode -1
1787126366.873055 [0]        tev: ddsi_udp_conn_write to udp/192.168.3.129:7438 failed with retcode -1
1787126374.873051 [0]        tev: ddsi_udp_conn_write to udp/239.255.0.1:7400 failed with retcode -1
1787126374.873118 [0]        tev: ddsi_udp_conn_write to udp/192.168.3.129:7438 failed with retcode -1
1787126382.873030 [0]        tev: ddsi_udp_conn_write to udp/239.255.0.1:7400 failed with retcode -1
1787126382.873053 [0]        tev: ddsi_udp_conn_write to udp/192.168.3.129:7438 failed with retcode -1
1787126390.873163 [0]        tev: ddsi_udp_conn_write to udp/239.255.0.1:7400 failed with retcode -1
1787126390.873242 [0]        tev: ddsi_udp_conn_write to udp/192.168.3.129:7438 failed with retcode -1
1787126398.873237 [0]        tev: ddsi_udp_conn_write to udp/239.255.0.1:7400 failed with retcode -1
1787126398.873324 [0]        tev: ddsi_udp_conn_write to udp/192.168.3.129:7438 failed with retcode -1
1787126406.873361 [0]        tev: ddsi_udp_conn_write to udp/239.255.0.1:7400 failed with retcode -1
1787126406.873426 [0]        tev: ddsi_udp_conn_write to udp/192.168.3.129:7438 failed with retcode -1
1787126414.873481 [0]        tev: ddsi_udp_conn_write to udp/239.255.0.1:7400 failed with retcode -1
1787126414.873546 [0]        tev: ddsi_udp_conn_write to udp/192.168.3.129:7438 failed with retcode -1
1787126422.873585 [0]        tev: ddsi_udp_conn_write to udp/239.255.0.1:7400 failed with retcode -1
1787126422.873629 [0]        tev: ddsi_udp_conn_write to udp/192.168.3.129:7438 failed with retcode -1
1787126430.873938 [0]        tev: ddsi_udp_conn_write to udp/239.255.0.1:7400 failed with retcode -1
1787126430.873973 [0]        tev: ddsi_udp_conn_write to udp/192.168.3.129:7438 failed with retcode -1
1787126438.874068 [0]        tev: ddsi_udp_conn_write to udp/239.255.0.1:7400 failed with retcode -1
1787126438.874131 [0]        tev: ddsi_udp_conn_write to udp/192.168.3.129:7438 failed with retcode -1
1787126446.874405 [0]        tev: ddsi_udp_conn_write to udp/239.255.0.1:7400 failed with retcode -1
1787126446.874471 [0]        tev: ddsi_udp_conn_write to udp/192.168.3.129:7438 failed with retcode -1
1787126454.874623 [0]        tev: ddsi_udp_conn_write to udp/239.255.0.1:7400 failed with retcode -1
1787126454.874639 [0]        tev: ddsi_udp_conn_write to udp/192.168.3.129:7438 failed with retcode -1
1787126462.874796 [0]        tev: ddsi_udp_conn_write to udp/239.255.0.1:7400 failed with retcode -1
1787126462.874902 [0]        tev: ddsi_udp_conn_write to udp/192.168.3.129:7438 failed with retcode -1
1787126470.875144 [0]        tev: ddsi_udp_conn_write to udp/239.255.0.1:7400 failed with retcode -1
1787126470.875210 [0]        tev: ddsi_udp_conn_write to udp/192.168.3.129:7438 failed with retcode -1
1787126478.875280 [0]        tev: ddsi_udp_conn_write to udp/239.255.0.1:7400 failed with retcode -1
1787126478.875346 [0]        tev: ddsi_udp_conn_write to udp/192.168.3.129:7438 failed with retcode -1
1787126486.875400 [0]        tev: ddsi_udp_conn_write to udp/239.255.0.1:7400 failed with retcode -1
1787126486.875460 [0]        tev: ddsi_udp_conn_write to udp/192.168.3.129:7438 failed with retcode -1
1787126494.875507 [0]        tev: ddsi_udp_conn_write to udp/239.255.0.1:7400 failed with retcode -1
1787126494.875573 [0]        tev: ddsi_udp_conn_write to udp/192.168.3.129:7438 failed with retcode -1
1787126502.875678 [0]        tev: ddsi_udp_conn_write to udp/239.255.0.1:7400 failed with retcode -1
1787126502.875743 [0]        tev: ddsi_udp_conn_write to udp/192.168.3.129:7438 failed with retcode -1
1787126510.875794 [0]        tev: ddsi_udp_conn_write to udp/239.255.0.1:7400 failed with retcode -1
1787126510.875881 [0]        tev: ddsi_udp_conn_write to udp/192.168.3.129:7438 failed with retcode -1
1787126518.876193 [0]        tev: ddsi_udp_conn_write to udp/239.255.0.1:7400 failed with retcode -1
1787126518.876260 [0]        tev: ddsi_udp_conn_write to udp/192.168.3.129:7438 failed with retcode -1
1787126526.876542 [0]        tev: ddsi_udp_conn_write to udp/239.255.0.1:7400 failed with retcode -1
1787126526.876607 [0]        tev: ddsi_udp_conn_write to udp/192.168.3.129:7438 failed with retcode -1
1787126534.876641 [0]        tev: ddsi_udp_conn_write to udp/239.255.0.1:7400 failed with retcode -1
1787126534.876716 [0]        tev: ddsi_udp_conn_write to udp/192.168.3.129:7438 failed with retcode -1
1787126542.877035 [0]        tev: ddsi_udp_conn_write to udp/239.255.0.1:7400 failed with retcode -1
1787126542.877101 [0]        tev: ddsi_udp_conn_write to udp/192.168.3.129:7438 failed with retcode -1
1787126550.877187 [0]        tev: ddsi_udp_conn_write to udp/239.255.0.1:7400 failed with retcode -1
1787126550.877257 [0]        tev: ddsi_udp_conn_write to udp/192.168.3.129:7438 failed with retcode -1
1787126558.877253 [0]        tev: ddsi_udp_conn_write to udp/239.255.0.1:7400 failed with retcode -1
1787126558.877344 [0]        tev: ddsi_udp_conn_write to udp/192.168.3.129:7438 failed with retcode -1
1787126566.877430 [0]        tev: ddsi_udp_conn_write to udp/239.255.0.1:7400 failed with retcode -1
1787126566.877494 [0]        tev: ddsi_udp_conn_write to udp/192.168.3.129:7438 failed with retcode -1
1787126574.877810 [0]        tev: ddsi_udp_conn_write to udp/239.255.0.1:7400 failed with retcode -1
1787126574.877901 [0]        tev: ddsi_udp_conn_write to udp/192.168.3.129:7438 failed with retcode -1
1787126582.877928 [0]        tev: ddsi_udp_conn_write to udp/239.255.0.1:7400 failed with retcode -1
1787126582.877992 [0]        tev: ddsi_udp_conn_write to udp/192.168.3.129:7438 failed with retcode -1
1787126590.878308 [0]        tev: ddsi_udp_conn_write to udp/239.255.0.1:7400 failed with retcode -1
1787126590.878373 [0]        tev: ddsi_udp_conn_write to udp/192.168.3.129:7438 failed with retcode -1
1787126598.878703 [0]        tev: ddsi_udp_conn_write to udp/239.255.0.1:7400 failed with retcode -1
1787126598.878767 [0]        tev: ddsi_udp_conn_write to udp/192.168.3.129:7438 failed with retcode -1
1787126606.878839 [0]        tev: ddsi_udp_conn_write to udp/239.255.0.1:7400 failed with retcode -1
1787126606.878864 [0]        tev: ddsi_udp_conn_write to udp/192.168.3.129:7438 failed with retcode -1
1787126614.879032 [0]        tev: ddsi_udp_conn_write to udp/239.255.0.1:7400 failed with retcode -1
1787126614.879096 [0]        tev: ddsi_udp_conn_write to udp/192.168.3.129:7438 failed with retcode -1
1787126622.879402 [0]        tev: ddsi_udp_conn_write to udp/239.255.0.1:7400 failed with retcode -1
1787126622.879467 [0]        tev: ddsi_udp_conn_write to udp/192.168.3.129:7438 failed with retcode -1
1787126630.879493 [0]        tev: ddsi_udp_conn_write to udp/239.255.0.1:7400 failed with retcode -1
1787126630.879559 [0]        tev: ddsi_udp_conn_write to udp/192.168.3.129:7438 failed with retcode -1
1787126638.879885 [0]        tev: ddsi_udp_conn_write to udp/239.255.0.1:7400 failed with retcode -1
1787126638.879949 [0]        tev: ddsi_udp_conn_write to udp/192.168.3.129:7438 failed with retcode -1
1787126646.880050 [0]        tev: ddsi_udp_conn_write to udp/239.255.0.1:7400 failed with retcode -1
1787126646.880113 [0]        tev: ddsi_udp_conn_write to udp/192.168.3.129:7438 failed with retcode -1
1787126654.880139 [0]        tev: ddsi_udp_conn_write to udp/239.255.0.1:7400 failed with retcode -1
1787126654.880203 [0]        tev: ddsi_udp_conn_write to udp/192.168.3.129:7438 failed with retcode -1
1787126662.880590 [0]        tev: ddsi_udp_conn_write to udp/239.255.0.1:7400 failed with retcode -1
1787126662.880655 [0]        tev: ddsi_udp_conn_write to udp/192.168.3.129:7438 failed with retcode -1
1787126670.880759 [0]        tev: ddsi_udp_conn_write to udp/239.255.0.1:7400 failed with retcode -1
1787126670.880850 [0]        tev: ddsi_udp_conn_write to udp/192.168.3.129:7438 failed with retcode -1
1787126678.880890 [0]        tev: ddsi_udp_conn_write to udp/239.255.0.1:7400 failed with retcode -1
1787126678.880945 [0]        tev: ddsi_udp_conn_write to udp/192.168.3.129:7438 failed with retcode -1
1787126686.881284 [0]        tev: ddsi_udp_conn_write to udp/239.255.0.1:7400 failed with retcode -1
1787126686.881350 [0]        tev: ddsi_udp_conn_write to udp/192.168.3.129:7438 failed with retcode -1
1787126694.881577 [0]        tev: ddsi_udp_conn_write to udp/239.255.0.1:7400 failed with retcode -1
1787126694.881644 [0]        tev: ddsi_udp_conn_write to udp/192.168.3.129:7438 failed with retcode -1
1787126702.881702 [0]        tev: ddsi_udp_conn_write to udp/239.255.0.1:7400 failed with retcode -1
1787126702.881761 [0]        tev: ddsi_udp_conn_write to udp/192.168.3.129:7438 failed with retcode -1
1787126710.881795 [0]        tev: ddsi_udp_conn_write to udp/239.255.0.1:7400 failed with retcode -1
1787126710.881888 [0]        tev: ddsi_udp_conn_write to udp/192.168.3.129:7438 failed with retcode -1
1787126718.881904 [0]        tev: ddsi_udp_conn_write to udp/239.255.0.1:7400 failed with retcode -1
1787126718.882004 [0]        tev: ddsi_udp_conn_write to udp/192.168.3.129:7438 failed with retcode -1
1787126726.882011 [0]        tev: ddsi_udp_conn_write to udp/239.255.0.1:7400 failed with retcode -1
1787126726.882079 [0]        tev: ddsi_udp_conn_write to udp/192.168.3.129:7438 failed with retcode -1
1787126734.882431 [0]        tev: ddsi_udp_conn_write to udp/239.255.0.1:7400 failed with retcode -1
1787126734.882507 [0]        tev: ddsi_udp_conn_write to udp/192.168.3.129:7438 failed with retcode -1
1787126742.882417 [0]        tev: ddsi_udp_conn_write to udp/239.255.0.1:7400 failed with retcode -1
1787126742.882430 [0]        tev: ddsi_udp_conn_write to udp/192.168.3.129:7438 failed with retcode -1
1787126750.882610 [0]        tev: ddsi_udp_conn_write to udp/239.255.0.1:7400 failed with retcode -1
1787126750.882673 [0]        tev: ddsi_udp_conn_write to udp/192.168.3.129:7438 failed with retcode -1
1787126758.882948 [0]        tev: ddsi_udp_conn_write to udp/239.255.0.1:7400 failed with retcode -1
1787126758.883014 [0]        tev: ddsi_udp_conn_write to udp/192.168.3.129:7438 failed with retcode -1
1787126766.883293 [0]        tev: ddsi_udp_conn_write to udp/239.255.0.1:7400 failed with retcode -1
1787126766.883360 [0]        tev: ddsi_udp_conn_write to udp/192.168.3.129:7438 failed with retcode -1
1787126774.883464 [0]        tev: ddsi_udp_conn_write to udp/239.255.0.1:7400 failed with retcode -1
1787126774.883529 [0]        tev: ddsi_udp_conn_write to udp/192.168.3.129:7438 failed with retcode -1
1787126782.883843 [0]        tev: ddsi_udp_conn_write to udp/239.255.0.1:7400 failed with retcode -1
1787126782.883912 [0]        tev: ddsi_udp_conn_write to udp/192.168.3.129:7438 failed with retcode -1
1787126790.884240 [0]        tev: ddsi_udp_conn_write to udp/239.255.0.1:7400 failed with retcode -1
1787126790.884306 [0]        tev: ddsi_udp_conn_write to udp/192.168.3.129:7438 failed with retcode -1
1787126798.884365 [0]        tev: ddsi_udp_conn_write to udp/239.255.0.1:7400 failed with retcode -1
1787126798.884429 [0]        tev: ddsi_udp_conn_write to udp/192.168.3.129:7438 failed with retcode -1
1787126806.884460 [0]        tev: ddsi_udp_conn_write to udp/239.255.0.1:7400 failed with retcode -1
1787126806.884522 [0]        tev: ddsi_udp_conn_write to udp/192.168.3.129:7438 failed with retcode -1
1787126814.884884 [0]        tev: ddsi_udp_conn_write to udp/239.255.0.1:7400 failed with retcode -1
1787126814.884920 [0]        tev: ddsi_udp_conn_write to udp/192.168.3.129:7438 failed with retcode -1
1787126822.885036 [0]        tev: ddsi_udp_conn_write to udp/239.255.0.1:7400 failed with retcode -1
1787126822.885099 [0]        tev: ddsi_udp_conn_write to udp/192.168.3.129:7438 failed with retcode -1
1787126830.885416 [0]        tev: ddsi_udp_conn_write to udp/239.255.0.1:7400 failed with retcode -1
1787126830.885441 [0]        tev: ddsi_udp_conn_write to udp/192.168.3.129:7438 failed with retcode -1
1787126838.885485 [0]        tev: ddsi_udp_conn_write to udp/239.255.0.1:7400 failed with retcode -1
1787126838.885497 [0]        tev: ddsi_udp_conn_write to udp/192.168.3.129:7438 failed with retcode -1
1787126846.885646 [0]        tev: ddsi_udp_conn_write to udp/239.255.0.1:7400 failed with retcode -1
1787126846.885661 [0]        tev: ddsi_udp_conn_write to udp/192.168.3.129:7438 failed with retcode -1
1787126854.886018 [0]        tev: ddsi_udp_conn_write to udp/239.255.0.1:7400 failed with retcode -1
1787126854.886085 [0]        tev: ddsi_udp_conn_write to udp/192.168.3.129:7438 failed with retcode -1
1787126862.886139 [0]        tev: ddsi_udp_conn_write to udp/239.255.0.1:7400 failed with retcode -1
1787126862.886201 [0]        tev: ddsi_udp_conn_write to udp/192.168.3.129:7438 failed with retcode -1
1787126870.886280 [0]        tev: ddsi_udp_conn_write to udp/239.255.0.1:7400 failed with retcode -1
1787126870.886348 [0]        tev: ddsi_udp_conn_write to udp/192.168.3.129:7438 failed with retcode -1
1787126878.886658 [0]        tev: ddsi_udp_conn_write to udp/239.255.0.1:7400 failed with retcode -1
1787126878.886762 [0]        tev: ddsi_udp_conn_write to udp/192.168.3.129:7438 failed with retcode -1
1787126886.886786 [0]        tev: ddsi_udp_conn_write to udp/239.255.0.1:7400 failed with retcode -1
1787126886.886875 [0]        tev: ddsi_udp_conn_write to udp/192.168.3.129:7438 failed with retcode -1
1787126894.886870 [0]        tev: ddsi_udp_conn_write to udp/239.255.0.1:7400 failed with retcode -1
1787126894.886934 [0]        tev: ddsi_udp_conn_write to udp/192.168.3.129:7438 failed with retcode -1
1787126902.887300 [0]        tev: ddsi_udp_conn_write to udp/239.255.0.1:7400 failed with retcode -1
1787126902.887366 [0]        tev: ddsi_udp_conn_write to udp/192.168.3.129:7438 failed with retcode -1
1787126910.887590 [0]        tev: ddsi_udp_conn_write to udp/239.255.0.1:7400 failed with retcode -1
1787126910.887658 [0]        tev: ddsi_udp_conn_write to udp/192.168.3.129:7438 failed with retcode -1
1787126918.887757 [0]        tev: ddsi_udp_conn_write to udp/239.255.0.1:7400 failed with retcode -1
1787126918.887843 [0]        tev: ddsi_udp_conn_write to udp/192.168.3.129:7438 failed with retcode -1
1787126926.888140 [0]        tev: ddsi_udp_conn_write to udp/239.255.0.1:7400 failed with retcode -1
1787126926.888207 [0]        tev: ddsi_udp_conn_write to udp/192.168.3.129:7438 failed with retcode -1
1787126934.888544 [0]        tev: ddsi_udp_conn_write to udp/239.255.0.1:7400 failed with retcode -1
1787126934.888610 [0]        tev: ddsi_udp_conn_write to udp/192.168.3.129:7438 failed with retcode -1
1787126942.888711 [0]        tev: ddsi_udp_conn_write to udp/239.255.0.1:7400 failed with retcode -1
1787126942.888777 [0]        tev: ddsi_udp_conn_write to udp/192.168.3.129:7438 failed with retcode -1
1787126950.888911 [0]        tev: ddsi_udp_conn_write to udp/239.255.0.1:7400 failed with retcode -1
1787126950.888979 [0]        tev: ddsi_udp_conn_write to udp/192.168.3.129:7438 failed with retcode -1
1787126958.888920 [0]        tev: ddsi_udp_conn_write to udp/239.255.0.1:7400 failed with retcode -1
1787126958.888934 [0]        tev: ddsi_udp_conn_write to udp/192.168.3.129:7438 failed with retcode -1
1787126966.889043 [0]        tev: ddsi_udp_conn_write to udp/239.255.0.1:7400 failed with retcode -1
1787126966.889109 [0]        tev: ddsi_udp_conn_write to udp/192.168.3.129:7438 failed with retcode -1
1787126974.889137 [0]        tev: ddsi_udp_conn_write to udp/239.255.0.1:7400 failed with retcode -1
1787126974.889203 [0]        tev: ddsi_udp_conn_write to udp/192.168.3.129:7438 failed with retcode -1
1787126982.889218 [0]        tev: ddsi_udp_conn_write to udp/239.255.0.1:7400 failed with retcode -1
1787126982.889279 [0]        tev: ddsi_udp_conn_write to udp/192.168.3.129:7438 failed with retcode -1
1787126990.889536 [0]        tev: ddsi_udp_conn_write to udp/239.255.0.1:7400 failed with retcode -1
1787126990.889566 [0]        tev: ddsi_udp_conn_write to udp/192.168.3.129:7438 failed with retcode -1
1787126998.889961 [0]        tev: ddsi_udp_conn_write to udp/239.255.0.1:7400 failed with retcode -1
1787126998.890026 [0]        tev: ddsi_udp_conn_write to udp/192.168.3.129:7438 failed with retcode -1
1787127006.890097 [0]        tev: ddsi_udp_conn_write to udp/239.255.0.1:7400 failed with retcode -1
1787127006.890164 [0]        tev: ddsi_udp_conn_write to udp/192.168.3.129:7438 failed with retcode -1
1787127014.890186 [0]        tev: ddsi_udp_conn_write to udp/239.255.0.1:7400 failed with retcode -1
1787127014.890246 [0]        tev: ddsi_udp_conn_write to udp/192.168.3.129:7438 failed with retcode -1
1787127022.890313 [0]        tev: ddsi_udp_conn_write to udp/239.255.0.1:7400 failed with retcode -1
1787127022.890376 [0]        tev: ddsi_udp_conn_write to udp/192.168.3.129:7438 failed with retcode -1
1787127030.890665 [0]        tev: ddsi_udp_conn_write to udp/239.255.0.1:7400 failed with retcode -1
1787127030.890729 [0]        tev: ddsi_udp_conn_write to udp/192.168.3.129:7438 failed with retcode -1
1787127038.891069 [0]        tev: ddsi_udp_conn_write to udp/239.255.0.1:7400 failed with retcode -1
1787127038.891170 [0]        tev: ddsi_udp_conn_write to udp/192.168.3.129:7438 failed with retcode -1
1787127046.891512 [0]        tev: ddsi_udp_conn_write to udp/239.255.0.1:7400 failed with retcode -1
1787127046.891578 [0]        tev: ddsi_udp_conn_write to udp/192.168.3.129:7438 failed with retcode -1
1787127054.891933 [0]        tev: ddsi_udp_conn_write to udp/239.255.0.1:7400 failed with retcode -1
1787127054.891998 [0]        tev: ddsi_udp_conn_write to udp/192.168.3.129:7438 failed with retcode -1
1787127062.892234 [0]        tev: ddsi_udp_conn_write to udp/239.255.0.1:7400 failed with retcode -1
1787127062.892299 [0]        tev: ddsi_udp_conn_write to udp/192.168.3.129:7438 failed with retcode -1
1787127070.892550 [0]        tev: ddsi_udp_conn_write to udp/239.255.0.1:7400 failed with retcode -1
1787127070.892614 [0]        tev: ddsi_udp_conn_write to udp/192.168.3.129:7438 failed with retcode -1
1787127078.892995 [0]        tev: ddsi_udp_conn_write to udp/239.255.0.1:7400 failed with retcode -1
1787127078.893059 [0]        tev: ddsi_udp_conn_write to udp/192.168.3.129:7438 failed with retcode -1
1787127086.893341 [0]        tev: ddsi_udp_conn_write to udp/239.255.0.1:7400 failed with retcode -1
1787127086.893409 [0]        tev: ddsi_udp_conn_write to udp/192.168.3.129:7438 failed with retcode -1
1787127094.893484 [0]        tev: ddsi_udp_conn_write to udp/239.255.0.1:7400 failed with retcode -1
1787127094.893550 [0]        tev: ddsi_udp_conn_write to udp/192.168.3.129:7438 failed with retcode -1
1787127102.893652 [0]        tev: ddsi_udp_conn_write to udp/239.255.0.1:7400 failed with retcode -1
1787127102.893717 [0]        tev: ddsi_udp_conn_write to udp/192.168.3.129:7438 failed with retcode -1
1787127110.893978 [0]        tev: ddsi_udp_conn_write to udp/239.255.0.1:7400 failed with retcode -1
1787127110.894043 [0]        tev: ddsi_udp_conn_write to udp/192.168.3.129:7438 failed with retcode -1
1787127118.894293 [0]        tev: ddsi_udp_conn_write to udp/239.255.0.1:7400 failed with retcode -1
1787127118.894360 [0]        tev: ddsi_udp_conn_write to udp/192.168.3.129:7438 failed with retcode -1
1787127126.894466 [0]        tev: ddsi_udp_conn_write to udp/239.255.0.1:7400 failed with retcode -1
1787127126.894532 [0]        tev: ddsi_udp_conn_write to udp/192.168.3.129:7438 failed with retcode -1
1787127134.894597 [0]        tev: ddsi_udp_conn_write to udp/239.255.0.1:7400 failed with retcode -1
1787127134.894619 [0]        tev: ddsi_udp_conn_write to udp/192.168.3.129:7438 failed with retcode -1
1787127142.894771 [0]        tev: ddsi_udp_conn_write to udp/239.255.0.1:7400 failed with retcode -1
1787127142.894863 [0]        tev: ddsi_udp_conn_write to udp/192.168.3.129:7438 failed with retcode -1
1787127150.894779 [0]        tev: ddsi_udp_conn_write to udp/239.255.0.1:7400 failed with retcode -1
1787127150.894796 [0]        tev: ddsi_udp_conn_write to udp/192.168.3.129:7438 failed with retcode -1
1787127158.895195 [0]        tev: ddsi_udp_conn_write to udp/239.255.0.1:7400 failed with retcode -1
1787127158.895216 [0]        tev: ddsi_udp_conn_write to udp/192.168.3.129:7438 failed with retcode -1
1787127166.895554 [0]        tev: ddsi_udp_conn_write to udp/239.255.0.1:7400 failed with retcode -1
1787127166.895620 [0]        tev: ddsi_udp_conn_write to udp/192.168.3.129:7438 failed with retcode -1
1787127174.895953 [0]        tev: ddsi_udp_conn_write to udp/239.255.0.1:7400 failed with retcode -1
1787127174.896018 [0]        tev: ddsi_udp_conn_write to udp/192.168.3.129:7438 failed with retcode -1
1787127182.896277 [0]        tev: ddsi_udp_conn_write to udp/239.255.0.1:7400 failed with retcode -1
1787127182.896343 [0]        tev: ddsi_udp_conn_write to udp/192.168.3.129:7438 failed with retcode -1
1787127190.896713 [0]        tev: ddsi_udp_conn_write to udp/239.255.0.1:7400 failed with retcode -1
1787127190.896778 [0]        tev: ddsi_udp_conn_write to udp/192.168.3.129:7438 failed with retcode -1
1787127198.897045 [0]        tev: ddsi_udp_conn_write to udp/239.255.0.1:7400 failed with retcode -1
1787127198.897147 [0]        tev: ddsi_udp_conn_write to udp/192.168.3.129:7438 failed with retcode -1
1787127206.897353 [0]        tev: ddsi_udp_conn_write to udp/239.255.0.1:7400 failed with retcode -1
1787127206.897419 [0]        tev: ddsi_udp_conn_write to udp/192.168.3.129:7438 failed with retcode -1
1787127214.897727 [0]        tev: ddsi_udp_conn_write to udp/239.255.0.1:7400 failed with retcode -1
1787127214.897792 [0]        tev: ddsi_udp_conn_write to udp/192.168.3.129:7438 failed with retcode -1
1787127222.898065 [0]        tev: ddsi_udp_conn_write to udp/239.255.0.1:7400 failed with retcode -1
1787127222.898129 [0]        tev: ddsi_udp_conn_write to udp/192.168.3.129:7438 failed with retcode -1
1787127230.898381 [0]        tev: ddsi_udp_conn_write to udp/239.255.0.1:7400 failed with retcode -1
1787127230.898421 [0]        tev: ddsi_udp_conn_write to udp/192.168.3.129:7438 failed with retcode -1
1787127238.898780 [0]        tev: ddsi_udp_conn_write to udp/239.255.0.1:7400 failed with retcode -1
1787127238.898871 [0]        tev: ddsi_udp_conn_write to udp/192.168.3.129:7438 failed with retcode -1
1787127246.899127 [0]        tev: ddsi_udp_conn_write to udp/239.255.0.1:7400 failed with retcode -1
1787127246.899197 [0]        tev: ddsi_udp_conn_write to udp/192.168.3.129:7438 failed with retcode -1
1787127254.899295 [0]        tev: ddsi_udp_conn_write to udp/239.255.0.1:7400 failed with retcode -1
1787127254.899364 [0]        tev: ddsi_udp_conn_write to udp/192.168.3.129:7438 failed with retcode -1
1787127262.899432 [0]        tev: ddsi_udp_conn_write to udp/239.255.0.1:7400 failed with retcode -1
1787127262.899498 [0]        tev: ddsi_udp_conn_write to udp/192.168.3.129:7438 failed with retcode -1
1787127270.899738 [0]        tev: ddsi_udp_conn_write to udp/239.255.0.1:7400 failed with retcode -1
1787127270.899807 [0]        tev: ddsi_udp_conn_write to udp/192.168.3.129:7438 failed with retcode -1
1787127278.900054 [0]        tev: ddsi_udp_conn_write to udp/239.255.0.1:7400 failed with retcode -1
1787127278.900121 [0]        tev: ddsi_udp_conn_write to udp/192.168.3.129:7438 failed with retcode -1
1787127286.900209 [0]        tev: ddsi_udp_conn_write to udp/239.255.0.1:7400 failed with retcode -1
1787127286.900277 [0]        tev: ddsi_udp_conn_write to udp/192.168.3.129:7438 failed with retcode -1
1787127294.900668 [0]        tev: ddsi_udp_conn_write to udp/239.255.0.1:7400 failed with retcode -1
1787127294.900736 [0]        tev: ddsi_udp_conn_write to udp/192.168.3.129:7438 failed with retcode -1
1787127302.901014 [0]        tev: ddsi_udp_conn_write to udp/239.255.0.1:7400 failed with retcode -1
1787127302.901081 [0]        tev: ddsi_udp_conn_write to udp/192.168.3.129:7438 failed with retcode -1
1787127310.901182 [0]        tev: ddsi_udp_conn_write to udp/239.255.0.1:7400 failed with retcode -1
1787127310.901255 [0]        tev: ddsi_udp_conn_write to udp/192.168.3.129:7438 failed with retcode -1
1787127318.901575 [0]        tev: ddsi_udp_conn_write to udp/239.255.0.1:7400 failed with retcode -1
1787127318.901642 [0]        tev: ddsi_udp_conn_write to udp/192.168.3.129:7438 failed with retcode -1
1787127326.901992 [0]        tev: ddsi_udp_conn_write to udp/239.255.0.1:7400 failed with retcode -1
1787127326.902061 [0]        tev: ddsi_udp_conn_write to udp/192.168.3.129:7438 failed with retcode -1
1787127334.902452 [0]        tev: ddsi_udp_conn_write to udp/239.255.0.1:7400 failed with retcode -1
1787127334.902522 [0]        tev: ddsi_udp_conn_write to udp/192.168.3.129:7438 failed with retcode -1
1787127342.902775 [0]        tev: ddsi_udp_conn_write to udp/239.255.0.1:7400 failed with retcode -1
1787127342.902871 [0]        tev: ddsi_udp_conn_write to udp/192.168.3.129:7438 failed with retcode -1
1787127350.903160 [0]        tev: ddsi_udp_conn_write to udp/239.255.0.1:7400 failed with retcode -1
1787127350.903184 [0]        tev: ddsi_udp_conn_write to udp/192.168.3.129:7438 failed with retcode -1
1787127358.903624 [0]        tev: ddsi_udp_conn_write to udp/239.255.0.1:7400 failed with retcode -1
1787127358.903691 [0]        tev: ddsi_udp_conn_write to udp/192.168.3.129:7438 failed with retcode -1
1787127366.904065 [0]        tev: ddsi_udp_conn_write to udp/239.255.0.1:7400 failed with retcode -1
1787127366.904132 [0]        tev: ddsi_udp_conn_write to udp/192.168.3.129:7438 failed with retcode -1
1787127374.904439 [0]        tev: ddsi_udp_conn_write to udp/239.255.0.1:7400 failed with retcode -1
1787127374.904506 [0]        tev: ddsi_udp_conn_write to udp/192.168.3.129:7438 failed with retcode -1
1787127382.904508 [0]        tev: ddsi_udp_conn_write to udp/239.255.0.1:7400 failed with retcode -1
1787127382.904530 [0]        tev: ddsi_udp_conn_write to udp/192.168.3.129:7438 failed with retcode -1
1787127390.904733 [0]        tev: ddsi_udp_conn_write to udp/239.255.0.1:7400 failed with retcode -1
1787127390.904847 [0]        tev: ddsi_udp_conn_write to udp/192.168.3.129:7438 failed with retcode -1
1787127398.904892 [0]        tev: ddsi_udp_conn_write to udp/239.255.0.1:7400 failed with retcode -1
1787127398.904958 [0]        tev: ddsi_udp_conn_write to udp/192.168.3.129:7438 failed with retcode -1
1787127406.905281 [0]        tev: ddsi_udp_conn_write to udp/239.255.0.1:7400 failed with retcode -1
1787127406.905348 [0]        tev: ddsi_udp_conn_write to udp/192.168.3.129:7438 failed with retcode -1
1787127414.905373 [0]        tev: ddsi_udp_conn_write to udp/239.255.0.1:7400 failed with retcode -1
1787127414.905442 [0]        tev: ddsi_udp_conn_write to udp/192.168.3.129:7438 failed with retcode -1
1787127422.905680 [0]        tev: ddsi_udp_conn_write to udp/239.255.0.1:7400 failed with retcode -1
1787127422.905748 [0]        tev: ddsi_udp_conn_write to udp/192.168.3.129:7438 failed with retcode -1
1787127430.906105 [0]        tev: ddsi_udp_conn_write to udp/239.255.0.1:7400 failed with retcode -1
1787127430.906192 [0]        tev: ddsi_udp_conn_write to udp/192.168.3.129:7438 failed with retcode -1
1787127438.906453 [0]        tev: ddsi_udp_conn_write to udp/239.255.0.1:7400 failed with retcode -1
1787127438.906521 [0]        tev: ddsi_udp_conn_write to udp/192.168.3.129:7438 failed with retcode -1
1787127446.906842 [0]        tev: ddsi_udp_conn_write to udp/239.255.0.1:7400 failed with retcode -1
1787127446.906911 [0]        tev: ddsi_udp_conn_write to udp/192.168.3.129:7438 failed with retcode -1
[INFO] [1787128301.817275260] [manual_web_demo_ros_worker]: manual web demo ROS worker ready
[manual-web-demo-worker] camera write failed: [Errno 2] No such file or directory: '/home/mxt/robotscene/outputs/manual_web_demo/runtime/latest.tmp.jpg' -> '/home/mxt/robotscene/outputs/manual_web_demo/runtime/latest.jpg'
[manual-web-demo-worker] camera write failed: [Errno 2] No such file or directory: '/home/mxt/robotscene/outputs/manual_web_demo/runtime/latest.tmp.jpg' -> '/home/mxt/robotscene/outputs/manual_web_demo/runtime/latest.jpg'
[manual-web-demo-worker] camera write failed: [Errno 2] No such file or directory: '/home/mxt/robotscene/outputs/manual_web_demo/runtime/latest.tmp.jpg' -> '/home/mxt/robotscene/outputs/manual_web_demo/runtime/latest.jpg'
[manual-web-demo-worker] camera write failed: [Errno 2] No such file or directory: '/home/mxt/robotscene/outputs/manual_web_demo/runtime/latest.tmp.jpg' -> '/home/mxt/robotscene/outputs/manual_web_demo/runtime/latest.jpg'
[manual-web-demo-worker] camera write failed: [Errno 2] No such file or directory: '/home/mxt/robotscene/outputs/manual_web_demo/runtime/latest.tmp.jpg' -> '/home/mxt/robotscene/outputs/manual_web_demo/runtime/latest.jpg'
[manual-web-demo-worker] camera write failed: [Errno 2] No such file or directory: '/home/mxt/robotscene/outputs/manual_web_demo/runtime/latest.tmp.jpg' -> '/home/mxt/robotscene/outputs/manual_web_demo/runtime/latest.jpg'
[manual-web-demo-worker] camera write failed: [Errno 2] No such file or directory: '/home/mxt/robotscene/outputs/manual_web_demo/runtime/latest.tmp.jpg' -> '/home/mxt/robotscene/outputs/manual_web_demo/runtime/latest.jpg'
[manual-web-demo-worker] camera write failed: [Errno 2] No such file or directory: '/home/mxt/robotscene/outputs/manual_web_demo/runtime/latest.tmp.jpg' -> '/home/mxt/robotscene/outputs/manual_web_demo/runtime/latest.jpg'
[manual-web-demo-worker] camera write failed: [Errno 2] No such file or directory: '/home/mxt/robotscene/outputs/manual_web_demo/runtime/latest.tmp.jpg' -> '/home/mxt/robotscene/outputs/manual_web_demo/runtime/latest.jpg'
[manual-web-demo-worker] camera write failed: [Errno 2] No such file or directory: '/home/mxt/robotscene/outputs/manual_web_demo/runtime/latest.tmp.jpg' -> '/home/mxt/robotscene/outputs/manual_web_demo/runtime/latest.jpg'
[manual-web-demo-worker] camera write failed: [Errno 2] No such file or directory: '/home/mxt/robotscene/outputs/manual_web_demo/runtime/latest.tmp.jpg' -> '/home/mxt/robotscene/outputs/manual_web_demo/runtime/latest.jpg'
[manual-web-demo-worker] camera write failed: [Errno 2] No such file or directory: '/home/mxt/robotscene/outputs/manual_web_demo/runtime/latest.tmp.jpg' -> '/home/mxt/robotscene/outputs/manual_web_demo/runtime/latest.jpg'
[manual-web-demo-worker] camera write failed: [Errno 2] No such file or directory: '/home/mxt/robotscene/outputs/manual_web_demo/runtime/latest.tmp.jpg' -> '/home/mxt/robotscene/outputs/manual_web_demo/runtime/latest.jpg'
[manual-web-demo-worker] camera write failed: [Errno 2] No such file or directory: '/home/mxt/robotscene/outputs/manual_web_demo/runtime/latest.tmp.jpg' -> '/home/mxt/robotscene/outputs/manual_web_demo/runtime/latest.jpg'
[manual-web-demo-worker] camera write failed: [Errno 2] No such file or directory: '/home/mxt/robotscene/outputs/manual_web_demo/runtime/latest.tmp.jpg' -> '/home/mxt/robotscene/outputs/manual_web_demo/runtime/latest.jpg'
[manual-web-demo-worker] camera write failed: [Errno 2] No such file or directory: '/home/mxt/robotscene/outputs/manual_web_demo/runtime/latest.tmp.jpg' -> '/home/mxt/robotscene/outputs/manual_web_demo/runtime/latest.jpg'
[manual-web-demo-worker] camera write failed: [Errno 2] No such file or directory: '/home/mxt/robotscene/outputs/manual_web_demo/runtime/latest.tmp.jpg' -> '/home/mxt/robotscene/outputs/manual_web_demo/runtime/latest.jpg'
[manual-web-demo-worker] camera write failed: [Errno 2] No such file or directory: '/home/mxt/robotscene/outputs/manual_web_demo/runtime/latest.tmp.jpg' -> '/home/mxt/robotscene/outputs/manual_web_demo/runtime/latest.jpg'
[manual-web-demo-worker] camera write failed: [Errno 2] No such file or directory: '/home/mxt/robotscene/outputs/manual_web_demo/runtime/latest.tmp.jpg' -> '/home/mxt/robotscene/outputs/manual_web_demo/runtime/latest.jpg'
[manual-web-demo-worker] camera write failed: [Errno 2] No such file or directory: '/home/mxt/robotscene/outputs/manual_web_demo/runtime/latest.tmp.jpg' -> '/home/mxt/robotscene/outputs/manual_web_demo/runtime/latest.jpg'
[manual-web-demo-worker] camera write failed: [Errno 2] No such file or directory: '/home/mxt/robotscene/outputs/manual_web_demo/runtime/latest.tmp.jpg' -> '/home/mxt/robotscene/outputs/manual_web_demo/runtime/latest.jpg'
[manual-web-demo-worker] camera write failed: [Errno 2] No such file or directory: '/home/mxt/robotscene/outputs/manual_web_demo/runtime/latest.tmp.jpg' -> '/home/mxt/robotscene/outputs/manual_web_demo/runtime/latest.jpg'
[manual-web-demo-worker] camera write failed: [Errno 2] No such file or directory: '/home/mxt/robotscene/outputs/manual_web_demo/runtime/latest.tmp.jpg' -> '/home/mxt/robotscene/outputs/manual_web_demo/runtime/latest.jpg'
[manual-web-demo-worker] camera write failed: [Errno 2] No such file or directory: '/home/mxt/robotscene/outputs/manual_web_demo/runtime/latest.tmp.jpg' -> '/home/mxt/robotscene/outputs/manual_web_demo/runtime/latest.jpg'
[manual-web-demo-worker] camera write failed: [Errno 2] No such file or directory: '/home/mxt/robotscene/outputs/manual_web_demo/runtime/latest.tmp.jpg' -> '/home/mxt/robotscene/outputs/manual_web_demo/runtime/latest.jpg'
[manual-web-demo-worker] camera write failed: [Errno 2] No such file or directory: '/home/mxt/robotscene/outputs/manual_web_demo/runtime/latest.tmp.jpg' -> '/home/mxt/robotscene/outputs/manual_web_demo/runtime/latest.jpg'
[manual-web-demo-worker] camera write failed: [Errno 2] No such file or directory: '/home/mxt/robotscene/outputs/manual_web_demo/runtime/latest.tmp.jpg' -> '/home/mxt/robotscene/outputs/manual_web_demo/runtime/latest.jpg'
[manual-web-demo-worker] camera write failed: [Errno 2] No such file or directory: '/home/mxt/robotscene/outputs/manual_web_demo/runtime/latest.tmp.jpg' -> '/home/mxt/robotscene/outputs/manual_web_demo/runtime/latest.jpg'
[manual-web-demo-worker] camera write failed: [Errno 2] No such file or directory: '/home/mxt/robotscene/outputs/manual_web_demo/runtime/latest.tmp.jpg' -> '/home/mxt/robotscene/outputs/manual_web_demo/runtime/latest.jpg'
[manual-web-demo-worker] camera write failed: [Errno 2] No such file or directory: '/home/mxt/robotscene/outputs/manual_web_demo/runtime/latest.tmp.jpg' -> '/home/mxt/robotscene/outputs/manual_web_demo/runtime/latest.jpg'
[manual-web-demo-worker] camera write failed: [Errno 2] No such file or directory: '/home/mxt/robotscene/outputs/manual_web_demo/runtime/latest.tmp.jpg' -> '/home/mxt/robotscene/outputs/manual_web_demo/runtime/latest.jpg'
[manual-web-demo-worker] camera write failed: [Errno 2] No such file or directory: '/home/mxt/robotscene/outputs/manual_web_demo/runtime/latest.tmp.jpg' -> '/home/mxt/robotscene/outputs/manual_web_demo/runtime/latest.jpg'
[manual-web-demo-worker] camera write failed: [Errno 2] No such file or directory: '/home/mxt/robotscene/outputs/manual_web_demo/runtime/latest.tmp.jpg' -> '/home/mxt/robotscene/outputs/manual_web_demo/runtime/latest.jpg'
[manual-web-demo-worker] camera write failed: [Errno 2] No such file or directory: '/home/mxt/robotscene/outputs/manual_web_demo/runtime/latest.tmp.jpg' -> '/home/mxt/robotscene/outputs/manual_web_demo/runtime/latest.jpg'
[manual-web-demo-worker] camera write failed: [Errno 2] No such file or directory: '/home/mxt/robotscene/outputs/manual_web_demo/runtime/latest.tmp.jpg' -> '/home/mxt/robotscene/outputs/manual_web_demo/runtime/latest.jpg'
[manual-web-demo-worker] camera write failed: [Errno 2] No such file or directory: '/home/mxt/robotscene/outputs/manual_web_demo/runtime/latest.tmp.jpg' -> '/home/mxt/robotscene/outputs/manual_web_demo/runtime/latest.jpg'
[manual-web-demo-worker] camera write failed: [Errno 2] No such file or directory: '/home/mxt/robotscene/outputs/manual_web_demo/runtime/latest.tmp.jpg' -> '/home/mxt/robotscene/outputs/manual_web_demo/runtime/latest.jpg'
[manual-web-demo-worker] camera write failed: [Errno 2] No such file or directory: '/home/mxt/robotscene/outputs/manual_web_demo/runtime/latest.tmp.jpg' -> '/home/mxt/robotscene/outputs/manual_web_demo/runtime/latest.jpg'
[manual-web-demo-worker] camera write failed: [Errno 2] No such file or directory: '/home/mxt/robotscene/outputs/manual_web_demo/runtime/latest.tmp.jpg' -> '/home/mxt/robotscene/outputs/manual_web_demo/runtime/latest.jpg'
[manual-web-demo-worker] camera write failed: [Errno 2] No such file or directory: '/home/mxt/robotscene/outputs/manual_web_demo/runtime/latest.tmp.jpg' -> '/home/mxt/robotscene/outputs/manual_web_demo/runtime/latest.jpg'
[manual-web-demo-worker] camera write failed: [Errno 2] No such file or directory: '/home/mxt/robotscene/outputs/manual_web_demo/runtime/latest.tmp.jpg' -> '/home/mxt/robotscene/outputs/manual_web_demo/runtime/latest.jpg'
[manual-web-demo-worker] camera write failed: [Errno 2] No such file or directory: '/home/mxt/robotscene/outputs/manual_web_demo/runtime/latest.tmp.jpg' -> '/home/mxt/robotscene/outputs/manual_web_demo/runtime/latest.jpg'
[manual-web-demo-worker] camera write failed: [Errno 2] No such file or directory: '/home/mxt/robotscene/outputs/manual_web_demo/runtime/latest.tmp.jpg' -> '/home/mxt/robotscene/outputs/manual_web_demo/runtime/latest.jpg'
[manual-web-demo-worker] camera write failed: [Errno 2] No such file or directory: '/home/mxt/robotscene/outputs/manual_web_demo/runtime/latest.tmp.jpg' -> '/home/mxt/robotscene/outputs/manual_web_demo/runtime/latest.jpg'
[manual-web-demo-worker] camera write failed: [Errno 2] No such file or directory: '/home/mxt/robotscene/outputs/manual_web_demo/runtime/latest.tmp.jpg' -> '/home/mxt/robotscene/outputs/manual_web_demo/runtime/latest.jpg'
[manual-web-demo-worker] camera write failed: [Errno 2] No such file or directory: '/home/mxt/robotscene/outputs/manual_web_demo/runtime/latest.tmp.jpg' -> '/home/mxt/robotscene/outputs/manual_web_demo/runtime/latest.jpg'
[manual-web-demo-worker] camera write failed: [Errno 2] No such file or directory: '/home/mxt/robotscene/outputs/manual_web_demo/runtime/latest.tmp.jpg' -> '/home/mxt/robotscene/outputs/manual_web_demo/runtime/latest.jpg'
[manual-web-demo-worker] camera write failed: [Errno 2] No such file or directory: '/home/mxt/robotscene/outputs/manual_web_demo/runtime/latest.tmp.jpg' -> '/home/mxt/robotscene/outputs/manual_web_demo/runtime/latest.jpg'
[manual-web-demo-worker] camera write failed: [Errno 2] No such file or directory: '/home/mxt/robotscene/outputs/manual_web_demo/runtime/latest.tmp.jpg' -> '/home/mxt/robotscene/outputs/manual_web_demo/runtime/latest.jpg'
[manual-web-demo-worker] camera write failed: [Errno 2] No such file or directory: '/home/mxt/robotscene/outputs/manual_web_demo/runtime/latest.tmp.jpg' -> '/home/mxt/robotscene/outputs/manual_web_demo/runtime/latest.jpg'
[manual-web-demo-worker] camera write failed: [Errno 2] No such file or directory: '/home/mxt/robotscene/outputs/manual_web_demo/runtime/latest.tmp.jpg' -> '/home/mxt/robotscene/outputs/manual_web_demo/runtime/latest.jpg'
[manual-web-demo-worker] camera write failed: [Errno 2] No such file or directory: '/home/mxt/robotscene/outputs/manual_web_demo/runtime/latest.tmp.jpg' -> '/home/mxt/robotscene/outputs/manual_web_demo/runtime/latest.jpg'
[manual-web-demo-worker] camera write failed: [Errno 2] No such file or directory: '/home/mxt/robotscene/outputs/manual_web_demo/runtime/latest.tmp.jpg' -> '/home/mxt/robotscene/outputs/manual_web_demo/runtime/latest.jpg'
[manual-web-demo-worker] camera write failed: [Errno 2] No such file or directory: '/home/mxt/robotscene/outputs/manual_web_demo/runtime/latest.tmp.jpg' -> '/home/mxt/robotscene/outputs/manual_web_demo/runtime/latest.jpg'
[manual-web-demo-worker] camera write failed: [Errno 2] No such file or directory: '/home/mxt/robotscene/outputs/manual_web_demo/runtime/latest.tmp.jpg' -> '/home/mxt/robotscene/outputs/manual_web_demo/runtime/latest.jpg'
[manual-web-demo-worker] camera write failed: [Errno 2] No such file or directory: '/home/mxt/robotscene/outputs/manual_web_demo/runtime/latest.tmp.jpg' -> '/home/mxt/robotscene/outputs/manual_web_demo/runtime/latest.jpg'
[manual-web-demo-worker] camera write failed: [Errno 2] No such file or directory: '/home/mxt/robotscene/outputs/manual_web_demo/runtime/latest.tmp.jpg' -> '/home/mxt/robotscene/outputs/manual_web_demo/runtime/latest.jpg'
[manual-web-demo-worker] camera write failed: [Errno 2] No such file or directory: '/home/mxt/robotscene/outputs/manual_web_demo/runtime/latest.tmp.jpg' -> '/home/mxt/robotscene/outputs/manual_web_demo/runtime/latest.jpg'
[manual-web-demo-worker] camera write failed: [Errno 2] No such file or directory: '/home/mxt/robotscene/outputs/manual_web_demo/runtime/latest.tmp.jpg' -> '/home/mxt/robotscene/outputs/manual_web_demo/runtime/latest.jpg'
[manual-web-demo-worker] camera write failed: [Errno 2] No such file or directory: '/home/mxt/robotscene/outputs/manual_web_demo/runtime/latest.tmp.jpg' -> '/home/mxt/robotscene/outputs/manual_web_demo/runtime/latest.jpg'
[manual-web-demo-worker] camera write failed: [Errno 2] No such file or directory: '/home/mxt/robotscene/outputs/manual_web_demo/runtime/latest.tmp.jpg' -> '/home/mxt/robotscene/outputs/manual_web_demo/runtime/latest.jpg'
[manual-web-demo-worker] camera write failed: [Errno 2] No such file or directory: '/home/mxt/robotscene/outputs/manual_web_demo/runtime/latest.tmp.jpg' -> '/home/mxt/robotscene/outputs/manual_web_demo/runtime/latest.jpg'
[manual-web-demo-worker] camera write failed: [Errno 2] No such file or directory: '/home/mxt/robotscene/outputs/manual_web_demo/runtime/latest.tmp.jpg' -> '/home/mxt/robotscene/outputs/manual_web_demo/runtime/latest.jpg'
[manual-web-demo-worker] camera write failed: [Errno 2] No such file or directory: '/home/mxt/robotscene/outputs/manual_web_demo/runtime/latest.tmp.jpg' -> '/home/mxt/robotscene/outputs/manual_web_demo/runtime/latest.jpg'
[manual-web-demo-worker] camera write failed: [Errno 2] No such file or directory: '/home/mxt/robotscene/outputs/manual_web_demo/runtime/latest.tmp.jpg' -> '/home/mxt/robotscene/outputs/manual_web_demo/runtime/latest.jpg'
[manual-web-demo-worker] camera write failed: [Errno 2] No such file or directory: '/home/mxt/robotscene/outputs/manual_web_demo/runtime/latest.tmp.jpg' -> '/home/mxt/robotscene/outputs/manual_web_demo/runtime/latest.jpg'
[manual-web-demo-worker] camera write failed: [Errno 2] No such file or directory: '/home/mxt/robotscene/outputs/manual_web_demo/runtime/latest.tmp.jpg' -> '/home/mxt/robotscene/outputs/manual_web_demo/runtime/latest.jpg'
[manual-web-demo-worker] camera write failed: [Errno 2] No such file or directory: '/home/mxt/robotscene/outputs/manual_web_demo/runtime/latest.tmp.jpg' -> '/home/mxt/robotscene/outputs/manual_web_demo/runtime/latest.jpg'
[manual-web-demo-worker] camera write failed: [Errno 2] No such file or directory: '/home/mxt/robotscene/outputs/manual_web_demo/runtime/latest.tmp.jpg' -> '/home/mxt/robotscene/outputs/manual_web_demo/runtime/latest.jpg'
[manual-web-demo-worker] camera write failed: [Errno 2] No such file or directory: '/home/mxt/robotscene/outputs/manual_web_demo/runtime/latest.tmp.jpg' -> '/home/mxt/robotscene/outputs/manual_web_demo/runtime/latest.jpg'
[manual-web-demo-worker] camera write failed: [Errno 2] No such file or directory: '/home/mxt/robotscene/outputs/manual_web_demo/runtime/latest.tmp.jpg' -> '/home/mxt/robotscene/outputs/manual_web_demo/runtime/latest.jpg'
[manual-web-demo-worker] camera write failed: [Errno 2] No such file or directory: '/home/mxt/robotscene/outputs/manual_web_demo/runtime/latest.tmp.jpg' -> '/home/mxt/robotscene/outputs/manual_web_demo/runtime/latest.jpg'
[manual-web-demo-worker] camera write failed: [Errno 2] No such file or directory: '/home/mxt/robotscene/outputs/manual_web_demo/runtime/latest.tmp.jpg' -> '/home/mxt/robotscene/outputs/manual_web_demo/runtime/latest.jpg'
[manual-web-demo-worker] camera write failed: [Errno 2] No such file or directory: '/home/mxt/robotscene/outputs/manual_web_demo/runtime/latest.tmp.jpg' -> '/home/mxt/robotscene/outputs/manual_web_demo/runtime/latest.jpg'
[manual-web-demo-worker] camera write failed: [Errno 2] No such file or directory: '/home/mxt/robotscene/outputs/manual_web_demo/runtime/latest.tmp.jpg' -> '/home/mxt/robotscene/outputs/manual_web_demo/runtime/latest.jpg'
[manual-web-demo-worker] camera write failed: [Errno 2] No such file or directory: '/home/mxt/robotscene/outputs/manual_web_demo/runtime/latest.tmp.jpg' -> '/home/mxt/robotscene/outputs/manual_web_demo/runtime/latest.jpg'
[manual-web-demo-worker] camera write failed: [Errno 2] No such file or directory: '/home/mxt/robotscene/outputs/manual_web_demo/runtime/latest.tmp.jpg' -> '/home/mxt/robotscene/outputs/manual_web_demo/runtime/latest.jpg'
[manual-web-demo-worker] camera write failed: [Errno 2] No such file or directory: '/home/mxt/robotscene/outputs/manual_web_demo/runtime/latest.tmp.jpg' -> '/home/mxt/robotscene/outputs/manual_web_demo/runtime/latest.jpg'
[manual-web-demo-worker] camera write failed: [Errno 2] No such file or directory: '/home/mxt/robotscene/outputs/manual_web_demo/runtime/latest.tmp.jpg' -> '/home/mxt/robotscene/outputs/manual_web_demo/runtime/latest.jpg'
[manual-web-demo-worker] camera write failed: [Errno 2] No such file or directory: '/home/mxt/robotscene/outputs/manual_web_demo/runtime/latest.tmp.jpg' -> '/home/mxt/robotscene/outputs/manual_web_demo/runtime/latest.jpg'
[manual-web-demo-worker] camera write failed: [Errno 2] No such file or directory: '/home/mxt/robotscene/outputs/manual_web_demo/runtime/latest.tmp.jpg' -> '/home/mxt/robotscene/outputs/manual_web_demo/runtime/latest.jpg'
[manual-web-demo-worker] camera write failed: [Errno 2] No such file or directory: '/home/mxt/robotscene/outputs/manual_web_demo/runtime/latest.tmp.jpg' -> '/home/mxt/robotscene/outputs/manual_web_demo/runtime/latest.jpg'
[manual-web-demo-worker] camera write failed: [Errno 2] No such file or directory: '/home/mxt/robotscene/outputs/manual_web_demo/runtime/latest.tmp.jpg' -> '/home/mxt/robotscene/outputs/manual_web_demo/runtime/latest.jpg'
[manual-web-demo-worker] camera write failed: [Errno 2] No such file or directory: '/home/mxt/robotscene/outputs/manual_web_demo/runtime/latest.tmp.jpg' -> '/home/mxt/robotscene/outputs/manual_web_demo/runtime/latest.jpg'
[manual-web-demo-worker] camera write failed: [Errno 2] No such file or directory: '/home/mxt/robotscene/outputs/manual_web_demo/runtime/latest.tmp.jpg' -> '/home/mxt/robotscene/outputs/manual_web_demo/runtime/latest.jpg'
[manual-web-demo-worker] camera write failed: [Errno 2] No such file or directory: '/home/mxt/robotscene/outputs/manual_web_demo/runtime/latest.tmp.jpg' -> '/home/mxt/robotscene/outputs/manual_web_demo/runtime/latest.jpg'
[manual-web-demo-worker] camera write failed: [Errno 2] No such file or directory: '/home/mxt/robotscene/outputs/manual_web_demo/runtime/latest.tmp.jpg' -> '/home/mxt/robotscene/outputs/manual_web_demo/runtime/latest.jpg'
[manual-web-demo-worker] camera write failed: [Errno 2] No such file or directory: '/home/mxt/robotscene/outputs/manual_web_demo/runtime/latest.tmp.jpg' -> '/home/mxt/robotscene/outputs/manual_web_demo/runtime/latest.jpg'
[manual-web-demo-worker] camera write failed: [Errno 2] No such file or directory: '/home/mxt/robotscene/outputs/manual_web_demo/runtime/latest.tmp.jpg' -> '/home/mxt/robotscene/outputs/manual_web_demo/runtime/latest.jpg'
[manual-web-demo-worker] camera write failed: [Errno 2] No such file or directory: '/home/mxt/robotscene/outputs/manual_web_demo/runtime/latest.tmp.jpg' -> '/home/mxt/robotscene/outputs/manual_web_demo/runtime/latest.jpg'
[manual-web-demo-worker] camera write failed: [Errno 2] No such file or directory: '/home/mxt/robotscene/outputs/manual_web_demo/runtime/latest.tmp.jpg' -> '/home/mxt/robotscene/outputs/manual_web_demo/runtime/latest.jpg'
[manual-web-demo-worker] camera write failed: [Errno 2] No such file or directory: '/home/mxt/robotscene/outputs/manual_web_demo/runtime/latest.tmp.jpg' -> '/home/mxt/robotscene/outputs/manual_web_demo/runtime/latest.jpg'
[manual-web-demo-worker] camera write failed: [Errno 2] No such file or directory: '/home/mxt/robotscene/outputs/manual_web_demo/runtime/latest.tmp.jpg' -> '/home/mxt/robotscene/outputs/manual_web_demo/runtime/latest.jpg'
[manual-web-demo-worker] camera write failed: [Errno 2] No such file or directory: '/home/mxt/robotscene/outputs/manual_web_demo/runtime/latest.tmp.jpg' -> '/home/mxt/robotscene/outputs/manual_web_demo/runtime/latest.jpg'
[manual-web-demo-worker] camera write failed: [Errno 2] No such file or directory: '/home/mxt/robotscene/outputs/manual_web_demo/runtime/latest.tmp.jpg' -> '/home/mxt/robotscene/outputs/manual_web_demo/runtime/latest.jpg'
[manual-web-demo-worker] camera write failed: [Errno 2] No such file or directory: '/home/mxt/robotscene/outputs/manual_web_demo/runtime/latest.tmp.jpg' -> '/home/mxt/robotscene/outputs/manual_web_demo/runtime/latest.jpg'
[manual-web-demo-worker] camera write failed: [Errno 2] No such file or directory: '/home/mxt/robotscene/outputs/manual_web_demo/runtime/latest.tmp.jpg' -> '/home/mxt/robotscene/outputs/manual_web_demo/runtime/latest.jpg'
[manual-web-demo-worker] camera write failed: [Errno 2] No such file or directory: '/home/mxt/robotscene/outputs/manual_web_demo/runtime/latest.tmp.jpg' -> '/home/mxt/robotscene/outputs/manual_web_demo/runtime/latest.jpg'
[manual-web-demo-worker] camera write failed: [Errno 2] No such file or directory: '/home/mxt/robotscene/outputs/manual_web_demo/runtime/latest.tmp.jpg' -> '/home/mxt/robotscene/outputs/manual_web_demo/runtime/latest.jpg'
[manual-web-demo-worker] camera write failed: [Errno 2] No such file or directory: '/home/mxt/robotscene/outputs/manual_web_demo/runtime/latest.tmp.jpg' -> '/home/mxt/robotscene/outputs/manual_web_demo/runtime/latest.jpg'
[manual-web-demo-worker] camera write failed: [Errno 2] No such file or directory: '/home/mxt/robotscene/outputs/manual_web_demo/runtime/latest.tmp.jpg' -> '/home/mxt/robotscene/outputs/manual_web_demo/runtime/latest.jpg'
[manual-web-demo-worker] camera write failed: [Errno 2] No such file or directory: '/home/mxt/robotscene/outputs/manual_web_demo/runtime/latest.tmp.jpg' -> '/home/mxt/robotscene/outputs/manual_web_demo/runtime/latest.jpg'
[manual-web-demo-worker] camera write failed: [Errno 2] No such file or directory: '/home/mxt/robotscene/outputs/manual_web_demo/runtime/latest.tmp.jpg' -> '/home/mxt/robotscene/outputs/manual_web_demo/runtime/latest.jpg'
[manual-web-demo-worker] camera write failed: [Errno 2] No such file or directory: '/home/mxt/robotscene/outputs/manual_web_demo/runtime/latest.tmp.jpg' -> '/home/mxt/robotscene/outputs/manual_web_demo/runtime/latest.jpg'
[manual-web-demo-worker] camera write failed: [Errno 2] No such file or directory: '/home/mxt/robotscene/outputs/manual_web_demo/runtime/latest.tmp.jpg' -> '/home/mxt/robotscene/outputs/manual_web_demo/runtime/latest.jpg'
[manual-web-demo-worker] camera write failed: [Errno 2] No such file or directory: '/home/mxt/robotscene/outputs/manual_web_demo/runtime/latest.tmp.jpg' -> '/home/mxt/robotscene/outputs/manual_web_demo/runtime/latest.jpg'
[manual-web-demo-worker] camera write failed: [Errno 2] No such file or directory: '/home/mxt/robotscene/outputs/manual_web_demo/runtime/latest.tmp.jpg' -> '/home/mxt/robotscene/outputs/manual_web_demo/runtime/latest.jpg'
[manual-web-demo-worker] camera write failed: [Errno 2] No such file or directory: '/home/mxt/robotscene/outputs/manual_web_demo/runtime/latest.tmp.jpg' -> '/home/mxt/robotscene/outputs/manual_web_demo/runtime/latest.jpg'
[manual-web-demo-worker] camera write failed: [Errno 2] No such file or directory: '/home/mxt/robotscene/outputs/manual_web_demo/runtime/latest.tmp.jpg' -> '/home/mxt/robotscene/outputs/manual_web_demo/runtime/latest.jpg'
[manual-web-demo-worker] camera write failed: [Errno 2] No such file or directory: '/home/mxt/robotscene/outputs/manual_web_demo/runtime/latest.tmp.jpg' -> '/home/mxt/robotscene/outputs/manual_web_demo/runtime/latest.jpg'
[manual-web-demo-worker] camera write failed: [Errno 2] No such file or directory: '/home/mxt/robotscene/outputs/manual_web_demo/runtime/latest.tmp.jpg' -> '/home/mxt/robotscene/outputs/manual_web_demo/runtime/latest.jpg'
[manual-web-demo-worker] camera write failed: [Errno 2] No such file or directory: '/home/mxt/robotscene/outputs/manual_web_demo/runtime/latest.tmp.jpg' -> '/home/mxt/robotscene/outputs/manual_web_demo/runtime/latest.jpg'
[manual-web-demo-worker] camera write failed: [Errno 2] No such file or directory: '/home/mxt/robotscene/outputs/manual_web_demo/runtime/latest.tmp.jpg' -> '/home/mxt/robotscene/outputs/manual_web_demo/runtime/latest.jpg'
[manual-web-demo-worker] camera write failed: [Errno 2] No such file or directory: '/home/mxt/robotscene/outputs/manual_web_demo/runtime/latest.tmp.jpg' -> '/home/mxt/robotscene/outputs/manual_web_demo/runtime/latest.jpg'
[manual-web-demo-worker] camera write failed: [Errno 2] No such file or directory: '/home/mxt/robotscene/outputs/manual_web_demo/runtime/latest.tmp.jpg' -> '/home/mxt/robotscene/outputs/manual_web_demo/runtime/latest.jpg'
[manual-web-demo-worker] camera write failed: [Errno 2] No such file or directory: '/home/mxt/robotscene/outputs/manual_web_demo/runtime/latest.tmp.jpg' -> '/home/mxt/robotscene/outputs/manual_web_demo/runtime/latest.jpg'
[manual-web-demo-worker] camera write failed: [Errno 2] No such file or directory: '/home/mxt/robotscene/outputs/manual_web_demo/runtime/latest.tmp.jpg' -> '/home/mxt/robotscene/outputs/manual_web_demo/runtime/latest.jpg'
[manual-web-demo-worker] camera write failed: [Errno 2] No such file or directory: '/home/mxt/robotscene/outputs/manual_web_demo/runtime/latest.tmp.jpg' -> '/home/mxt/robotscene/outputs/manual_web_demo/runtime/latest.jpg'
[manual-web-demo-worker] camera write failed: [Errno 2] No such file or directory: '/home/mxt/robotscene/outputs/manual_web_demo/runtime/latest.tmp.jpg' -> '/home/mxt/robotscene/outputs/manual_web_demo/runtime/latest.jpg'
[manual-web-demo-worker] camera write failed: [Errno 2] No such file or directory: '/home/mxt/robotscene/outputs/manual_web_demo/runtime/latest.tmp.jpg' -> '/home/mxt/robotscene/outputs/manual_web_demo/runtime/latest.jpg'
[manual-web-demo-worker] camera write failed: [Errno 2] No such file or directory: '/home/mxt/robotscene/outputs/manual_web_demo/runtime/latest.tmp.jpg' -> '/home/mxt/robotscene/outputs/manual_web_demo/runtime/latest.jpg'
[manual-web-demo-worker] camera write failed: [Errno 2] No such file or directory: '/home/mxt/robotscene/outputs/manual_web_demo/runtime/latest.tmp.jpg' -> '/home/mxt/robotscene/outputs/manual_web_demo/runtime/latest.jpg'
[manual-web-demo-worker] camera write failed: [Errno 2] No such file or directory: '/home/mxt/robotscene/outputs/manual_web_demo/runtime/latest.tmp.jpg' -> '/home/mxt/robotscene/outputs/manual_web_demo/runtime/latest.jpg'
[manual-web-demo-worker] camera write failed: [Errno 2] No such file or directory: '/home/mxt/robotscene/outputs/manual_web_demo/runtime/latest.tmp.jpg' -> '/home/mxt/robotscene/outputs/manual_web_demo/runtime/latest.jpg'
[manual-web-demo-worker] camera write failed: [Errno 2] No such file or directory: '/home/mxt/robotscene/outputs/manual_web_demo/runtime/latest.tmp.jpg' -> '/home/mxt/robotscene/outputs/manual_web_demo/runtime/latest.jpg'
[manual-web-demo-worker] camera write failed: [Errno 2] No such file or directory: '/home/mxt/robotscene/outputs/manual_web_demo/runtime/latest.tmp.jpg' -> '/home/mxt/robotscene/outputs/manual_web_demo/runtime/latest.jpg'
[manual-web-demo-worker] camera write failed: [Errno 2] No such file or directory: '/home/mxt/robotscene/outputs/manual_web_demo/runtime/latest.tmp.jpg' -> '/home/mxt/robotscene/outputs/manual_web_demo/runtime/latest.jpg'
[manual-web-demo-worker] camera write failed: [Errno 2] No such file or directory: '/home/mxt/robotscene/outputs/manual_web_demo/runtime/latest.tmp.jpg' -> '/home/mxt/robotscene/outputs/manual_web_demo/runtime/latest.jpg'
[manual-web-demo-worker] camera write failed: [Errno 2] No such file or directory: '/home/mxt/robotscene/outputs/manual_web_demo/runtime/latest.tmp.jpg' -> '/home/mxt/robotscene/outputs/manual_web_demo/runtime/latest.jpg'
[manual-web-demo-worker] camera write failed: [Errno 2] No such file or directory: '/home/mxt/robotscene/outputs/manual_web_demo/runtime/latest.tmp.jpg' -> '/home/mxt/robotscene/outputs/manual_web_demo/runtime/latest.jpg'
[manual-web-demo-worker] camera write failed: [Errno 2] No such file or directory: '/home/mxt/robotscene/outputs/manual_web_demo/runtime/latest.tmp.jpg' -> '/home/mxt/robotscene/outputs/manual_web_demo/runtime/latest.jpg'
[manual-web-demo-worker] camera write failed: [Errno 2] No such file or directory: '/home/mxt/robotscene/outputs/manual_web_demo/runtime/latest.tmp.jpg' -> '/home/mxt/robotscene/outputs/manual_web_demo/runtime/latest.jpg'
[manual-web-demo-worker] camera write failed: [Errno 2] No such file or directory: '/home/mxt/robotscene/outputs/manual_web_demo/runtime/latest.tmp.jpg' -> '/home/mxt/robotscene/outputs/manual_web_demo/runtime/latest.jpg'
[manual-web-demo-worker] camera write failed: [Errno 2] No such file or directory: '/home/mxt/robotscene/outputs/manual_web_demo/runtime/latest.tmp.jpg' -> '/home/mxt/robotscene/outputs/manual_web_demo/runtime/latest.jpg'
[manual-web-demo-worker] camera write failed: [Errno 2] No such file or directory: '/home/mxt/robotscene/outputs/manual_web_demo/runtime/latest.tmp.jpg' -> '/home/mxt/robotscene/outputs/manual_web_demo/runtime/latest.jpg'
[manual-web-demo-worker] camera write failed: [Errno 2] No such file or directory: '/home/mxt/robotscene/outputs/manual_web_demo/runtime/latest.tmp.jpg' -> '/home/mxt/robotscene/outputs/manual_web_demo/runtime/latest.jpg'
[manual-web-demo-worker] camera write failed: [Errno 2] No such file or directory: '/home/mxt/robotscene/outputs/manual_web_demo/runtime/latest.tmp.jpg' -> '/home/mxt/robotscene/outputs/manual_web_demo/runtime/latest.jpg'
[manual-web-demo-worker] camera write failed: [Errno 2] No such file or directory: '/home/mxt/robotscene/outputs/manual_web_demo/runtime/latest.tmp.jpg' -> '/home/mxt/robotscene/outputs/manual_web_demo/runtime/latest.jpg'
[manual-web-demo-worker] camera write failed: [Errno 2] No such file or directory: '/home/mxt/robotscene/outputs/manual_web_demo/runtime/latest.tmp.jpg' -> '/home/mxt/robotscene/outputs/manual_web_demo/runtime/latest.jpg'
[manual-web-demo-worker] camera write failed: [Errno 2] No such file or directory: '/home/mxt/robotscene/outputs/manual_web_demo/runtime/latest.tmp.jpg' -> '/home/mxt/robotscene/outputs/manual_web_demo/runtime/latest.jpg'
[manual-web-demo-worker] camera write failed: [Errno 2] No such file or directory: '/home/mxt/robotscene/outputs/manual_web_demo/runtime/latest.tmp.jpg' -> '/home/mxt/robotscene/outputs/manual_web_demo/runtime/latest.jpg'
[manual-web-demo-worker] camera write failed: [Errno 2] No such file or directory: '/home/mxt/robotscene/outputs/manual_web_demo/runtime/latest.tmp.jpg' -> '/home/mxt/robotscene/outputs/manual_web_demo/runtime/latest.jpg'
[manual-web-demo-worker] camera write failed: [Errno 2] No such file or directory: '/home/mxt/robotscene/outputs/manual_web_demo/runtime/latest.tmp.jpg' -> '/home/mxt/robotscene/outputs/manual_web_demo/runtime/latest.jpg'
[manual-web-demo-worker] camera write failed: [Errno 2] No such file or directory: '/home/mxt/robotscene/outputs/manual_web_demo/runtime/latest.tmp.jpg' -> '/home/mxt/robotscene/outputs/manual_web_demo/runtime/latest.jpg'
[manual-web-demo-worker] camera write failed: [Errno 2] No such file or directory: '/home/mxt/robotscene/outputs/manual_web_demo/runtime/latest.tmp.jpg' -> '/home/mxt/robotscene/outputs/manual_web_demo/runtime/latest.jpg'
[manual-web-demo-worker] camera write failed: [Errno 2] No such file or directory: '/home/mxt/robotscene/outputs/manual_web_demo/runtime/latest.tmp.jpg' -> '/home/mxt/robotscene/outputs/manual_web_demo/runtime/latest.jpg'
[manual-web-demo-worker] camera write failed: [Errno 2] No such file or directory: '/home/mxt/robotscene/outputs/manual_web_demo/runtime/latest.tmp.jpg' -> '/home/mxt/robotscene/outputs/manual_web_demo/runtime/latest.jpg'
[manual-web-demo-worker] camera write failed: [Errno 2] No such file or directory: '/home/mxt/robotscene/outputs/manual_web_demo/runtime/latest.tmp.jpg' -> '/home/mxt/robotscene/outputs/manual_web_demo/runtime/latest.jpg'
[manual-web-demo-worker] camera write failed: [Errno 2] No such file or directory: '/home/mxt/robotscene/outputs/manual_web_demo/runtime/latest.tmp.jpg' -> '/home/mxt/robotscene/outputs/manual_web_demo/runtime/latest.jpg'
[manual-web-demo-worker] camera write failed: [Errno 2] No such file or directory: '/home/mxt/robotscene/outputs/manual_web_demo/runtime/latest.tmp.jpg' -> '/home/mxt/robotscene/outputs/manual_web_demo/runtime/latest.jpg'
[manual-web-demo-worker] camera write failed: [Errno 2] No such file or directory: '/home/mxt/robotscene/outputs/manual_web_demo/runtime/latest.tmp.jpg' -> '/home/mxt/robotscene/outputs/manual_web_demo/runtime/latest.jpg'
[manual-web-demo-worker] camera write failed: [Errno 2] No such file or directory: '/home/mxt/robotscene/outputs/manual_web_demo/runtime/latest.tmp.jpg' -> '/home/mxt/robotscene/outputs/manual_web_demo/runtime/latest.jpg'
[manual-web-demo-worker] camera write failed: [Errno 2] No such file or directory: '/home/mxt/robotscene/outputs/manual_web_demo/runtime/latest.tmp.jpg' -> '/home/mxt/robotscene/outputs/manual_web_demo/runtime/latest.jpg'
[manual-web-demo-worker] camera write failed: [Errno 2] No such file or directory: '/home/mxt/robotscene/outputs/manual_web_demo/runtime/latest.tmp.jpg' -> '/home/mxt/robotscene/outputs/manual_web_demo/runtime/latest.jpg'
[manual-web-demo-worker] camera write failed: [Errno 2] No such file or directory: '/home/mxt/robotscene/outputs/manual_web_demo/runtime/latest.tmp.jpg' -> '/home/mxt/robotscene/outputs/manual_web_demo/runtime/latest.jpg'
[manual-web-demo-worker] camera write failed: [Errno 2] No such file or directory: '/home/mxt/robotscene/outputs/manual_web_demo/runtime/latest.tmp.jpg' -> '/home/mxt/robotscene/outputs/manual_web_demo/runtime/latest.jpg'
[manual-web-demo-worker] camera write failed: [Errno 2] No such file or directory: '/home/mxt/robotscene/outputs/manual_web_demo/runtime/latest.tmp.jpg' -> '/home/mxt/robotscene/outputs/manual_web_demo/runtime/latest.jpg'
[manual-web-demo-worker] camera write failed: [Errno 2] No such file or directory: '/home/mxt/robotscene/outputs/manual_web_demo/runtime/latest.tmp.jpg' -> '/home/mxt/robotscene/outputs/manual_web_demo/runtime/latest.jpg'
[manual-web-demo-worker] camera write failed: [Errno 2] No such file or directory: '/home/mxt/robotscene/outputs/manual_web_demo/runtime/latest.tmp.jpg' -> '/home/mxt/robotscene/outputs/manual_web_demo/runtime/latest.jpg'
[manual-web-demo-worker] camera write failed: [Errno 2] No such file or directory: '/home/mxt/robotscene/outputs/manual_web_demo/runtime/latest.tmp.jpg' -> '/home/mxt/robotscene/outputs/manual_web_demo/runtime/latest.jpg'
[manual-web-demo-worker] camera write failed: [Errno 2] No such file or directory: '/home/mxt/robotscene/outputs/manual_web_demo/runtime/latest.tmp.jpg' -> '/home/mxt/robotscene/outputs/manual_web_demo/runtime/latest.jpg'
[manual-web-demo-worker] camera write failed: [Errno 2] No such file or directory: '/home/mxt/robotscene/outputs/manual_web_demo/runtime/latest.tmp.jpg' -> '/home/mxt/robotscene/outputs/manual_web_demo/runtime/latest.jpg'
[manual-web-demo-worker] camera write failed: [Errno 2] No such file or directory: '/home/mxt/robotscene/outputs/manual_web_demo/runtime/latest.tmp.jpg' -> '/home/mxt/robotscene/outputs/manual_web_demo/runtime/latest.jpg'
[manual-web-demo-worker] camera write failed: [Errno 2] No such file or directory: '/home/mxt/robotscene/outputs/manual_web_demo/runtime/latest.tmp.jpg' -> '/home/mxt/robotscene/outputs/manual_web_demo/runtime/latest.jpg'
[manual-web-demo-worker] camera write failed: [Errno 2] No such file or directory: '/home/mxt/robotscene/outputs/manual_web_demo/runtime/latest.tmp.jpg' -> '/home/mxt/robotscene/outputs/manual_web_demo/runtime/latest.jpg'
[manual-web-demo-worker] camera write failed: [Errno 2] No such file or directory: '/home/mxt/robotscene/outputs/manual_web_demo/runtime/latest.tmp.jpg' -> '/home/mxt/robotscene/outputs/manual_web_demo/runtime/latest.jpg'
[manual-web-demo-worker] camera write failed: [Errno 2] No such file or directory: '/home/mxt/robotscene/outputs/manual_web_demo/runtime/latest.tmp.jpg' -> '/home/mxt/robotscene/outputs/manual_web_demo/runtime/latest.jpg'
[manual-web-demo-worker] camera write failed: [Errno 2] No such file or directory: '/home/mxt/robotscene/outputs/manual_web_demo/runtime/latest.tmp.jpg' -> '/home/mxt/robotscene/outputs/manual_web_demo/runtime/latest.jpg'
[manual-web-demo-worker] camera write failed: [Errno 2] No such file or directory: '/home/mxt/robotscene/outputs/manual_web_demo/runtime/latest.tmp.jpg' -> '/home/mxt/robotscene/outputs/manual_web_demo/runtime/latest.jpg'
[manual-web-demo-worker] camera write failed: [Errno 2] No such file or directory: '/home/mxt/robotscene/outputs/manual_web_demo/runtime/latest.tmp.jpg' -> '/home/mxt/robotscene/outputs/manual_web_demo/runtime/latest.jpg'
[manual-web-demo-worker] camera write failed: [Errno 2] No such file or directory: '/home/mxt/robotscene/outputs/manual_web_demo/runtime/latest.tmp.jpg' -> '/home/mxt/robotscene/outputs/manual_web_demo/runtime/latest.jpg'
[manual-web-demo-worker] camera write failed: [Errno 2] No such file or directory: '/home/mxt/robotscene/outputs/manual_web_demo/runtime/latest.tmp.jpg' -> '/home/mxt/robotscene/outputs/manual_web_demo/runtime/latest.jpg'
[manual-web-demo-worker] camera write failed: [Errno 2] No such file or directory: '/home/mxt/robotscene/outputs/manual_web_demo/runtime/latest.tmp.jpg' -> '/home/mxt/robotscene/outputs/manual_web_demo/runtime/latest.jpg'
[manual-web-demo-worker] camera write failed: [Errno 2] No such file or directory: '/home/mxt/robotscene/outputs/manual_web_demo/runtime/latest.tmp.jpg' -> '/home/mxt/robotscene/outputs/manual_web_demo/runtime/latest.jpg'
[manual-web-demo-worker] camera write failed: [Errno 2] No such file or directory: '/home/mxt/robotscene/outputs/manual_web_demo/runtime/latest.tmp.jpg' -> '/home/mxt/robotscene/outputs/manual_web_demo/runtime/latest.jpg'
[manual-web-demo-worker] camera write failed: [Errno 2] No such file or directory: '/home/mxt/robotscene/outputs/manual_web_demo/runtime/latest.tmp.jpg' -> '/home/mxt/robotscene/outputs/manual_web_demo/runtime/latest.jpg'
[manual-web-demo-worker] camera write failed: [Errno 2] No such file or directory: '/home/mxt/robotscene/outputs/manual_web_demo/runtime/latest.tmp.jpg' -> '/home/mxt/robotscene/outputs/manual_web_demo/runtime/latest.jpg'
[manual-web-demo-worker] camera write failed: [Errno 2] No such file or directory: '/home/mxt/robotscene/outputs/manual_web_demo/runtime/latest.tmp.jpg' -> '/home/mxt/robotscene/outputs/manual_web_demo/runtime/latest.jpg'
[manual-web-demo-worker] camera write failed: [Errno 2] No such file or directory: '/home/mxt/robotscene/outputs/manual_web_demo/runtime/latest.tmp.jpg' -> '/home/mxt/robotscene/outputs/manual_web_demo/runtime/latest.jpg'
[manual-web-demo-worker] camera write failed: [Errno 2] No such file or directory: '/home/mxt/robotscene/outputs/manual_web_demo/runtime/latest.tmp.jpg' -> '/home/mxt/robotscene/outputs/manual_web_demo/runtime/latest.jpg'
[manual-web-demo-worker] camera write failed: [Errno 2] No such file or directory: '/home/mxt/robotscene/outputs/manual_web_demo/runtime/latest.tmp.jpg' -> '/home/mxt/robotscene/outputs/manual_web_demo/runtime/latest.jpg'
[manual-web-demo-worker] camera write failed: [Errno 2] No such file or directory: '/home/mxt/robotscene/outputs/manual_web_demo/runtime/latest.tmp.jpg' -> '/home/mxt/robotscene/outputs/manual_web_demo/runtime/latest.jpg'
[manual-web-demo-worker] camera write failed: [Errno 2] No such file or directory: '/home/mxt/robotscene/outputs/manual_web_demo/runtime/latest.tmp.jpg' -> '/home/mxt/robotscene/outputs/manual_web_demo/runtime/latest.jpg'
[manual-web-demo-worker] camera write failed: [Errno 2] No such file or directory: '/home/mxt/robotscene/outputs/manual_web_demo/runtime/latest.tmp.jpg' -> '/home/mxt/robotscene/outputs/manual_web_demo/runtime/latest.jpg'
[manual-web-demo-worker] camera write failed: [Errno 2] No such file or directory: '/home/mxt/robotscene/outputs/manual_web_demo/runtime/latest.tmp.jpg' -> '/home/mxt/robotscene/outputs/manual_web_demo/runtime/latest.jpg'
[manual-web-demo-worker] camera write failed: [Errno 2] No such file or directory: '/home/mxt/robotscene/outputs/manual_web_demo/runtime/latest.tmp.jpg' -> '/home/mxt/robotscene/outputs/manual_web_demo/runtime/latest.jpg'
[manual-web-demo-worker] camera write failed: [Errno 2] No such file or directory: '/home/mxt/robotscene/outputs/manual_web_demo/runtime/latest.tmp.jpg' -> '/home/mxt/robotscene/outputs/manual_web_demo/runtime/latest.jpg'
[manual-web-demo-worker] camera write failed: [Errno 2] No such file or directory: '/home/mxt/robotscene/outputs/manual_web_demo/runtime/latest.tmp.jpg' -> '/home/mxt/robotscene/outputs/manual_web_demo/runtime/latest.jpg'
[manual-web-demo-worker] camera write failed: [Errno 2] No such file or directory: '/home/mxt/robotscene/outputs/manual_web_demo/runtime/latest.tmp.jpg' -> '/home/mxt/robotscene/outputs/manual_web_demo/runtime/latest.jpg'
[manual-web-demo-worker] camera write failed: [Errno 2] No such file or directory: '/home/mxt/robotscene/outputs/manual_web_demo/runtime/latest.tmp.jpg' -> '/home/mxt/robotscene/outputs/manual_web_demo/runtime/latest.jpg'
[manual-web-demo-worker] camera write failed: [Errno 2] No such file or directory: '/home/mxt/robotscene/outputs/manual_web_demo/runtime/latest.tmp.jpg' -> '/home/mxt/robotscene/outputs/manual_web_demo/runtime/latest.jpg'
[manual-web-demo-worker] camera write failed: [Errno 2] No such file or directory: '/home/mxt/robotscene/outputs/manual_web_demo/runtime/latest.tmp.jpg' -> '/home/mxt/robotscene/outputs/manual_web_demo/runtime/latest.jpg'
[manual-web-demo-worker] camera write failed: [Errno 2] No such file or directory: '/home/mxt/robotscene/outputs/manual_web_demo/runtime/latest.tmp.jpg' -> '/home/mxt/robotscene/outputs/manual_web_demo/runtime/latest.jpg'
[manual-web-demo-worker] camera write failed: [Errno 2] No such file or directory: '/home/mxt/robotscene/outputs/manual_web_demo/runtime/latest.tmp.jpg' -> '/home/mxt/robotscene/outputs/manual_web_demo/runtime/latest.jpg'
[manual-web-demo-worker] camera write failed: [Errno 2] No such file or directory: '/home/mxt/robotscene/outputs/manual_web_demo/runtime/latest.tmp.jpg' -> '/home/mxt/robotscene/outputs/manual_web_demo/runtime/latest.jpg'
[manual-web-demo-worker] camera write failed: [Errno 2] No such file or directory: '/home/mxt/robotscene/outputs/manual_web_demo/runtime/latest.tmp.jpg' -> '/home/mxt/robotscene/outputs/manual_web_demo/runtime/latest.jpg'
[manual-web-demo-worker] camera write failed: [Errno 2] No such file or directory: '/home/mxt/robotscene/outputs/manual_web_demo/runtime/latest.tmp.jpg' -> '/home/mxt/robotscene/outputs/manual_web_demo/runtime/latest.jpg'
[manual-web-demo-worker] camera write failed: [Errno 2] No such file or directory: '/home/mxt/robotscene/outputs/manual_web_demo/runtime/latest.tmp.jpg' -> '/home/mxt/robotscene/outputs/manual_web_demo/runtime/latest.jpg'
[manual-web-demo-worker] camera write failed: [Errno 2] No such file or directory: '/home/mxt/robotscene/outputs/manual_web_demo/runtime/latest.tmp.jpg' -> '/home/mxt/robotscene/outputs/manual_web_demo/runtime/latest.jpg'
[manual-web-demo-worker] camera write failed: [Errno 2] No such file or directory: '/home/mxt/robotscene/outputs/manual_web_demo/runtime/latest.tmp.jpg' -> '/home/mxt/robotscene/outputs/manual_web_demo/runtime/latest.jpg'
[manual-web-demo-worker] camera write failed: [Errno 2] No such file or directory: '/home/mxt/robotscene/outputs/manual_web_demo/runtime/latest.tmp.jpg' -> '/home/mxt/robotscene/outputs/manual_web_demo/runtime/latest.jpg'
[manual-web-demo-worker] camera write failed: [Errno 2] No such file or directory: '/home/mxt/robotscene/outputs/manual_web_demo/runtime/latest.tmp.jpg' -> '/home/mxt/robotscene/outputs/manual_web_demo/runtime/latest.jpg'
[manual-web-demo-worker] camera write failed: [Errno 2] No such file or directory: '/home/mxt/robotscene/outputs/manual_web_demo/runtime/latest.tmp.jpg' -> '/home/mxt/robotscene/outputs/manual_web_demo/runtime/latest.jpg'
[manual-web-demo-worker] camera write failed: [Errno 2] No such file or directory: '/home/mxt/robotscene/outputs/manual_web_demo/runtime/latest.tmp.jpg' -> '/home/mxt/robotscene/outputs/manual_web_demo/runtime/latest.jpg'
[manual-web-demo-worker] camera write failed: [Errno 2] No such file or directory: '/home/mxt/robotscene/outputs/manual_web_demo/runtime/latest.tmp.jpg' -> '/home/mxt/robotscene/outputs/manual_web_demo/runtime/latest.jpg'
[manual-web-demo-worker] camera write failed: [Errno 2] No such file or directory: '/home/mxt/robotscene/outputs/manual_web_demo/runtime/latest.tmp.jpg' -> '/home/mxt/robotscene/outputs/manual_web_demo/runtime/latest.jpg'
[manual-web-demo-worker] camera write failed: [Errno 2] No such file or directory: '/home/mxt/robotscene/outputs/manual_web_demo/runtime/latest.tmp.jpg' -> '/home/mxt/robotscene/outputs/manual_web_demo/runtime/latest.jpg'
[manual-web-demo-worker] camera write failed: [Errno 2] No such file or directory: '/home/mxt/robotscene/outputs/manual_web_demo/runtime/latest.tmp.jpg' -> '/home/mxt/robotscene/outputs/manual_web_demo/runtime/latest.jpg'
[manual-web-demo-worker] camera write failed: [Errno 2] No such file or directory: '/home/mxt/robotscene/outputs/manual_web_demo/runtime/latest.tmp.jpg' -> '/home/mxt/robotscene/outputs/manual_web_demo/runtime/latest.jpg'
[manual-web-demo-worker] camera write failed: [Errno 2] No such file or directory: '/home/mxt/robotscene/outputs/manual_web_demo/runtime/latest.tmp.jpg' -> '/home/mxt/robotscene/outputs/manual_web_demo/runtime/latest.jpg'
[manual-web-demo-worker] camera write failed: [Errno 2] No such file or directory: '/home/mxt/robotscene/outputs/manual_web_demo/runtime/latest.tmp.jpg' -> '/home/mxt/robotscene/outputs/manual_web_demo/runtime/latest.jpg'
[manual-web-demo-worker] camera write failed: [Errno 2] No such file or directory: '/home/mxt/robotscene/outputs/manual_web_demo/runtime/latest.tmp.jpg' -> '/home/mxt/robotscene/outputs/manual_web_demo/runtime/latest.jpg'
[manual-web-demo-worker] camera write failed: [Errno 2] No such file or directory: '/home/mxt/robotscene/outputs/manual_web_demo/runtime/latest.tmp.jpg' -> '/home/mxt/robotscene/outputs/manual_web_demo/runtime/latest.jpg'
[manual-web-demo-worker] camera write failed: [Errno 2] No such file or directory: '/home/mxt/robotscene/outputs/manual_web_demo/runtime/latest.tmp.jpg' -> '/home/mxt/robotscene/outputs/manual_web_demo/runtime/latest.jpg'
[manual-web-demo-worker] camera write failed: [Errno 2] No such file or directory: '/home/mxt/robotscene/outputs/manual_web_demo/runtime/latest.tmp.jpg' -> '/home/mxt/robotscene/outputs/manual_web_demo/runtime/latest.jpg'
[manual-web-demo-worker] camera write failed: [Errno 2] No such file or directory: '/home/mxt/robotscene/outputs/manual_web_demo/runtime/latest.tmp.jpg' -> '/home/mxt/robotscene/outputs/manual_web_demo/runtime/latest.jpg'
[manual-web-demo-worker] camera write failed: [Errno 2] No such file or directory: '/home/mxt/robotscene/outputs/manual_web_demo/runtime/latest.tmp.jpg' -> '/home/mxt/robotscene/outputs/manual_web_demo/runtime/latest.jpg'
[manual-web-demo-worker] camera write failed: [Errno 2] No such file or directory: '/home/mxt/robotscene/outputs/manual_web_demo/runtime/latest.tmp.jpg' -> '/home/mxt/robotscene/outputs/manual_web_demo/runtime/latest.jpg'
[manual-web-demo-worker] camera write failed: [Errno 2] No such file or directory: '/home/mxt/robotscene/outputs/manual_web_demo/runtime/latest.tmp.jpg' -> '/home/mxt/robotscene/outputs/manual_web_demo/runtime/latest.jpg'
[manual-web-demo-worker] camera write failed: [Errno 2] No such file or directory: '/home/mxt/robotscene/outputs/manual_web_demo/runtime/latest.tmp.jpg' -> '/home/mxt/robotscene/outputs/manual_web_demo/runtime/latest.jpg'
[manual-web-demo-worker] camera write failed: [Errno 2] No such file or directory: '/home/mxt/robotscene/outputs/manual_web_demo/runtime/latest.tmp.jpg' -> '/home/mxt/robotscene/outputs/manual_web_demo/runtime/latest.jpg'
[manual-web-demo-worker] camera write failed: [Errno 2] No such file or directory: '/home/mxt/robotscene/outputs/manual_web_demo/runtime/latest.tmp.jpg' -> '/home/mxt/robotscene/outputs/manual_web_demo/runtime/latest.jpg'
[manual-web-demo-worker] camera write failed: [Errno 2] No such file or directory: '/home/mxt/robotscene/outputs/manual_web_demo/runtime/latest.tmp.jpg' -> '/home/mxt/robotscene/outputs/manual_web_demo/runtime/latest.jpg'
[manual-web-demo-worker] camera write failed: [Errno 2] No such file or directory: '/home/mxt/robotscene/outputs/manual_web_demo/runtime/latest.tmp.jpg' -> '/home/mxt/robotscene/outputs/manual_web_demo/runtime/latest.jpg'
[manual-web-demo-worker] camera write failed: [Errno 2] No such file or directory: '/home/mxt/robotscene/outputs/manual_web_demo/runtime/latest.tmp.jpg' -> '/home/mxt/robotscene/outputs/manual_web_demo/runtime/latest.jpg'
[manual-web-demo-worker] camera write failed: [Errno 2] No such file or directory: '/home/mxt/robotscene/outputs/manual_web_demo/runtime/latest.tmp.jpg' -> '/home/mxt/robotscene/outputs/manual_web_demo/runtime/latest.jpg'
[manual-web-demo-worker] camera write failed: [Errno 2] No such file or directory: '/home/mxt/robotscene/outputs/manual_web_demo/runtime/latest.tmp.jpg' -> '/home/mxt/robotscene/outputs/manual_web_demo/runtime/latest.jpg'
[manual-web-demo-worker] camera write failed: [Errno 2] No such file or directory: '/home/mxt/robotscene/outputs/manual_web_demo/runtime/latest.tmp.jpg' -> '/home/mxt/robotscene/outputs/manual_web_demo/runtime/latest.jpg'
[manual-web-demo-worker] camera write failed: [Errno 2] No such file or directory: '/home/mxt/robotscene/outputs/manual_web_demo/runtime/latest.tmp.jpg' -> '/home/mxt/robotscene/outputs/manual_web_demo/runtime/latest.jpg'
[manual-web-demo-worker] camera write failed: [Errno 2] No such file or directory: '/home/mxt/robotscene/outputs/manual_web_demo/runtime/latest.tmp.jpg' -> '/home/mxt/robotscene/outputs/manual_web_demo/runtime/latest.jpg'
[manual-web-demo-worker] camera write failed: [Errno 2] No such file or directory: '/home/mxt/robotscene/outputs/manual_web_demo/runtime/latest.tmp.jpg' -> '/home/mxt/robotscene/outputs/manual_web_demo/runtime/latest.jpg'
[manual-web-demo-worker] camera write failed: [Errno 2] No such file or directory: '/home/mxt/robotscene/outputs/manual_web_demo/runtime/latest.tmp.jpg' -> '/home/mxt/robotscene/outputs/manual_web_demo/runtime/latest.jpg'
[manual-web-demo-worker] camera write failed: [Errno 2] No such file or directory: '/home/mxt/robotscene/outputs/manual_web_demo/runtime/latest.tmp.jpg' -> '/home/mxt/robotscene/outputs/manual_web_demo/runtime/latest.jpg'
[manual-web-demo-worker] camera write failed: [Errno 2] No such file or directory: '/home/mxt/robotscene/outputs/manual_web_demo/runtime/latest.tmp.jpg' -> '/home/mxt/robotscene/outputs/manual_web_demo/runtime/latest.jpg'
[manual-web-demo-worker] camera write failed: [Errno 2] No such file or directory: '/home/mxt/robotscene/outputs/manual_web_demo/runtime/latest.tmp.jpg' -> '/home/mxt/robotscene/outputs/manual_web_demo/runtime/latest.jpg'
[manual-web-demo-worker] camera write failed: [Errno 2] No such file or directory: '/home/mxt/robotscene/outputs/manual_web_demo/runtime/latest.tmp.jpg' -> '/home/mxt/robotscene/outputs/manual_web_demo/runtime/latest.jpg'
[manual-web-demo-worker] camera write failed: [Errno 2] No such file or directory: '/home/mxt/robotscene/outputs/manual_web_demo/runtime/latest.tmp.jpg' -> '/home/mxt/robotscene/outputs/manual_web_demo/runtime/latest.jpg'
[manual-web-demo-worker] camera write failed: [Errno 2] No such file or directory: '/home/mxt/robotscene/outputs/manual_web_demo/runtime/latest.tmp.jpg' -> '/home/mxt/robotscene/outputs/manual_web_demo/runtime/latest.jpg'
[manual-web-demo-worker] camera write failed: [Errno 2] No such file or directory: '/home/mxt/robotscene/outputs/manual_web_demo/runtime/latest.tmp.jpg' -> '/home/mxt/robotscene/outputs/manual_web_demo/runtime/latest.jpg'
[manual-web-demo-worker] camera write failed: [Errno 2] No such file or directory: '/home/mxt/robotscene/outputs/manual_web_demo/runtime/latest.tmp.jpg' -> '/home/mxt/robotscene/outputs/manual_web_demo/runtime/latest.jpg'
[manual-web-demo-worker] camera write failed: [Errno 2] No such file or directory: '/home/mxt/robotscene/outputs/manual_web_demo/runtime/latest.tmp.jpg' -> '/home/mxt/robotscene/outputs/manual_web_demo/runtime/latest.jpg'
[manual-web-demo-worker] camera write failed: [Errno 2] No such file or directory: '/home/mxt/robotscene/outputs/manual_web_demo/runtime/latest.tmp.jpg' -> '/home/mxt/robotscene/outputs/manual_web_demo/runtime/latest.jpg'
[manual-web-demo-worker] camera write failed: [Errno 2] No such file or directory: '/home/mxt/robotscene/outputs/manual_web_demo/runtime/latest.tmp.jpg' -> '/home/mxt/robotscene/outputs/manual_web_demo/runtime/latest.jpg'
[manual-web-demo-worker] camera write failed: [Errno 2] No such file or directory: '/home/mxt/robotscene/outputs/manual_web_demo/runtime/latest.tmp.jpg' -> '/home/mxt/robotscene/outputs/manual_web_demo/runtime/latest.jpg'
[manual-web-demo-worker] camera write failed: [Errno 2] No such file or directory: '/home/mxt/robotscene/outputs/manual_web_demo/runtime/latest.tmp.jpg' -> '/home/mxt/robotscene/outputs/manual_web_demo/runtime/latest.jpg'
[manual-web-demo-worker] camera write failed: [Errno 2] No such file or directory: '/home/mxt/robotscene/outputs/manual_web_demo/runtime/latest.tmp.jpg' -> '/home/mxt/robotscene/outputs/manual_web_demo/runtime/latest.jpg'
[manual-web-demo-worker] camera write failed: [Errno 2] No such file or directory: '/home/mxt/robotscene/outputs/manual_web_demo/runtime/latest.tmp.jpg' -> '/home/mxt/robotscene/outputs/manual_web_demo/runtime/latest.jpg'
[manual-web-demo-worker] camera write failed: [Errno 2] No such file or directory: '/home/mxt/robotscene/outputs/manual_web_demo/runtime/latest.tmp.jpg' -> '/home/mxt/robotscene/outputs/manual_web_demo/runtime/latest.jpg'
[manual-web-demo-worker] camera write failed: [Errno 2] No such file or directory: '/home/mxt/robotscene/outputs/manual_web_demo/runtime/latest.tmp.jpg' -> '/home/mxt/robotscene/outputs/manual_web_demo/runtime/latest.jpg'
[manual-web-demo-worker] camera write failed: [Errno 2] No such file or directory: '/home/mxt/robotscene/outputs/manual_web_demo/runtime/latest.tmp.jpg' -> '/home/mxt/robotscene/outputs/manual_web_demo/runtime/latest.jpg'
[manual-web-demo-worker] camera write failed: [Errno 2] No such file or directory: '/home/mxt/robotscene/outputs/manual_web_demo/runtime/latest.tmp.jpg' -> '/home/mxt/robotscene/outputs/manual_web_demo/runtime/latest.jpg'
[manual-web-demo-worker] camera write failed: [Errno 2] No such file or directory: '/home/mxt/robotscene/outputs/manual_web_demo/runtime/latest.tmp.jpg' -> '/home/mxt/robotscene/outputs/manual_web_demo/runtime/latest.jpg'
[manual-web-demo-worker] camera write failed: [Errno 2] No such file or directory: '/home/mxt/robotscene/outputs/manual_web_demo/runtime/latest.tmp.jpg' -> '/home/mxt/robotscene/outputs/manual_web_demo/runtime/latest.jpg'
[manual-web-demo-worker] camera write failed: [Errno 2] No such file or directory: '/home/mxt/robotscene/outputs/manual_web_demo/runtime/latest.tmp.jpg' -> '/home/mxt/robotscene/outputs/manual_web_demo/runtime/latest.jpg'
[manual-web-demo-worker] camera write failed: [Errno 2] No such file or directory: '/home/mxt/robotscene/outputs/manual_web_demo/runtime/latest.tmp.jpg' -> '/home/mxt/robotscene/outputs/manual_web_demo/runtime/latest.jpg'
[manual-web-demo-worker] camera write failed: [Errno 2] No such file or directory: '/home/mxt/robotscene/outputs/manual_web_demo/runtime/latest.tmp.jpg' -> '/home/mxt/robotscene/outputs/manual_web_demo/runtime/latest.jpg'
[manual-web-demo-worker] camera write failed: [Errno 2] No such file or directory: '/home/mxt/robotscene/outputs/manual_web_demo/runtime/latest.tmp.jpg' -> '/home/mxt/robotscene/outputs/manual_web_demo/runtime/latest.jpg'
[manual-web-demo-worker] camera write failed: [Errno 2] No such file or directory: '/home/mxt/robotscene/outputs/manual_web_demo/runtime/latest.tmp.jpg' -> '/home/mxt/robotscene/outputs/manual_web_demo/runtime/latest.jpg'
[manual-web-demo-worker] camera write failed: [Errno 2] No such file or directory: '/home/mxt/robotscene/outputs/manual_web_demo/runtime/latest.tmp.jpg' -> '/home/mxt/robotscene/outputs/manual_web_demo/runtime/latest.jpg'
[manual-web-demo-worker] camera write failed: [Errno 2] No such file or directory: '/home/mxt/robotscene/outputs/manual_web_demo/runtime/latest.tmp.jpg' -> '/home/mxt/robotscene/outputs/manual_web_demo/runtime/latest.jpg'
[manual-web-demo-worker] camera write failed: [Errno 2] No such file or directory: '/home/mxt/robotscene/outputs/manual_web_demo/runtime/latest.tmp.jpg' -> '/home/mxt/robotscene/outputs/manual_web_demo/runtime/latest.jpg'
[manual-web-demo-worker] camera write failed: [Errno 2] No such file or directory: '/home/mxt/robotscene/outputs/manual_web_demo/runtime/latest.tmp.jpg' -> '/home/mxt/robotscene/outputs/manual_web_demo/runtime/latest.jpg'
[manual-web-demo-worker] camera write failed: [Errno 2] No such file or directory: '/home/mxt/robotscene/outputs/manual_web_demo/runtime/latest.tmp.jpg' -> '/home/mxt/robotscene/outputs/manual_web_demo/runtime/latest.jpg'
[manual-web-demo-worker] camera write failed: [Errno 2] No such file or directory: '/home/mxt/robotscene/outputs/manual_web_demo/runtime/latest.tmp.jpg' -> '/home/mxt/robotscene/outputs/manual_web_demo/runtime/latest.jpg'
[manual-web-demo-worker] camera write failed: [Errno 2] No such file or directory: '/home/mxt/robotscene/outputs/manual_web_demo/runtime/latest.tmp.jpg' -> '/home/mxt/robotscene/outputs/manual_web_demo/runtime/latest.jpg'
[manual-web-demo-worker] camera write failed: [Errno 2] No such file or directory: '/home/mxt/robotscene/outputs/manual_web_demo/runtime/latest.tmp.jpg' -> '/home/mxt/robotscene/outputs/manual_web_demo/runtime/latest.jpg'
[manual-web-demo-worker] camera write failed: [Errno 2] No such file or directory: '/home/mxt/robotscene/outputs/manual_web_demo/runtime/latest.tmp.jpg' -> '/home/mxt/robotscene/outputs/manual_web_demo/runtime/latest.jpg'
[manual-web-demo-worker] camera write failed: [Errno 2] No such file or directory: '/home/mxt/robotscene/outputs/manual_web_demo/runtime/latest.tmp.jpg' -> '/home/mxt/robotscene/outputs/manual_web_demo/runtime/latest.jpg'
[manual-web-demo-worker] camera write failed: [Errno 2] No such file or directory: '/home/mxt/robotscene/outputs/manual_web_demo/runtime/latest.tmp.jpg' -> '/home/mxt/robotscene/outputs/manual_web_demo/runtime/latest.jpg'
[manual-web-demo-worker] camera write failed: [Errno 2] No such file or directory: '/home/mxt/robotscene/outputs/manual_web_demo/runtime/latest.tmp.jpg' -> '/home/mxt/robotscene/outputs/manual_web_demo/runtime/latest.jpg'
[manual-web-demo-worker] camera write failed: [Errno 2] No such file or directory: '/home/mxt/robotscene/outputs/manual_web_demo/runtime/latest.tmp.jpg' -> '/home/mxt/robotscene/outputs/manual_web_demo/runtime/latest.jpg'
[manual-web-demo-worker] camera write failed: [Errno 2] No such file or directory: '/home/mxt/robotscene/outputs/manual_web_demo/runtime/latest.tmp.jpg' -> '/home/mxt/robotscene/outputs/manual_web_demo/runtime/latest.jpg'
[manual-web-demo-worker] camera write failed: [Errno 2] No such file or directory: '/home/mxt/robotscene/outputs/manual_web_demo/runtime/latest.tmp.jpg' -> '/home/mxt/robotscene/outputs/manual_web_demo/runtime/latest.jpg'
[manual-web-demo-worker] camera write failed: [Errno 2] No such file or directory: '/home/mxt/robotscene/outputs/manual_web_demo/runtime/latest.tmp.jpg' -> '/home/mxt/robotscene/outputs/manual_web_demo/runtime/latest.jpg'
[manual-web-demo-worker] camera write failed: [Errno 2] No such file or directory: '/home/mxt/robotscene/outputs/manual_web_demo/runtime/latest.tmp.jpg' -> '/home/mxt/robotscene/outputs/manual_web_demo/runtime/latest.jpg'
[manual-web-demo-worker] camera write failed: [Errno 2] No such file or directory: '/home/mxt/robotscene/outputs/manual_web_demo/runtime/latest.tmp.jpg' -> '/home/mxt/robotscene/outputs/manual_web_demo/runtime/latest.jpg'
[manual-web-demo-worker] camera write failed: [Errno 2] No such file or directory: '/home/mxt/robotscene/outputs/manual_web_demo/runtime/latest.tmp.jpg' -> '/home/mxt/robotscene/outputs/manual_web_demo/runtime/latest.jpg'
[manual-web-demo-worker] camera write failed: [Errno 2] No such file or directory: '/home/mxt/robotscene/outputs/manual_web_demo/runtime/latest.tmp.jpg' -> '/home/mxt/robotscene/outputs/manual_web_demo/runtime/latest.jpg'
[manual-web-demo-worker] camera write failed: [Errno 2] No such file or directory: '/home/mxt/robotscene/outputs/manual_web_demo/runtime/latest.tmp.jpg' -> '/home/mxt/robotscene/outputs/manual_web_demo/runtime/latest.jpg'
[manual-web-demo-worker] camera write failed: [Errno 2] No such file or directory: '/home/mxt/robotscene/outputs/manual_web_demo/runtime/latest.tmp.jpg' -> '/home/mxt/robotscene/outputs/manual_web_demo/runtime/latest.jpg'
[manual-web-demo-worker] camera write failed: [Errno 2] No such file or directory: '/home/mxt/robotscene/outputs/manual_web_demo/runtime/latest.tmp.jpg' -> '/home/mxt/robotscene/outputs/manual_web_demo/runtime/latest.jpg'
[manual-web-demo-worker] camera write failed: [Errno 2] No such file or directory: '/home/mxt/robotscene/outputs/manual_web_demo/runtime/latest.tmp.jpg' -> '/home/mxt/robotscene/outputs/manual_web_demo/runtime/latest.jpg'
[manual-web-demo-worker] camera write failed: [Errno 2] No such file or directory: '/home/mxt/robotscene/outputs/manual_web_demo/runtime/latest.tmp.jpg' -> '/home/mxt/robotscene/outputs/manual_web_demo/runtime/latest.jpg'
[manual-web-demo-worker] camera write failed: [Errno 2] No such file or directory: '/home/mxt/robotscene/outputs/manual_web_demo/runtime/latest.tmp.jpg' -> '/home/mxt/robotscene/outputs/manual_web_demo/runtime/latest.jpg'
[manual-web-demo-worker] camera write failed: [Errno 2] No such file or directory: '/home/mxt/robotscene/outputs/manual_web_demo/runtime/latest.tmp.jpg' -> '/home/mxt/robotscene/outputs/manual_web_demo/runtime/latest.jpg'
[manual-web-demo-worker] camera write failed: [Errno 2] No such file or directory: '/home/mxt/robotscene/outputs/manual_web_demo/runtime/latest.tmp.jpg' -> '/home/mxt/robotscene/outputs/manual_web_demo/runtime/latest.jpg'
[manual-web-demo-worker] camera write failed: [Errno 2] No such file or directory: '/home/mxt/robotscene/outputs/manual_web_demo/runtime/latest.tmp.jpg' -> '/home/mxt/robotscene/outputs/manual_web_demo/runtime/latest.jpg'
[manual-web-demo-worker] camera write failed: [Errno 2] No such file or directory: '/home/mxt/robotscene/outputs/manual_web_demo/runtime/latest.tmp.jpg' -> '/home/mxt/robotscene/outputs/manual_web_demo/runtime/latest.jpg'
[manual-web-demo-worker] camera write failed: [Errno 2] No such file or directory: '/home/mxt/robotscene/outputs/manual_web_demo/runtime/latest.tmp.jpg' -> '/home/mxt/robotscene/outputs/manual_web_demo/runtime/latest.jpg'
[manual-web-demo-worker] camera write failed: [Errno 2] No such file or directory: '/home/mxt/robotscene/outputs/manual_web_demo/runtime/latest.tmp.jpg' -> '/home/mxt/robotscene/outputs/manual_web_demo/runtime/latest.jpg'
[manual-web-demo-worker] camera write failed: [Errno 2] No such file or directory: '/home/mxt/robotscene/outputs/manual_web_demo/runtime/latest.tmp.jpg' -> '/home/mxt/robotscene/outputs/manual_web_demo/runtime/latest.jpg'
[manual-web-demo-worker] camera write failed: [Errno 2] No such file or directory: '/home/mxt/robotscene/outputs/manual_web_demo/runtime/latest.tmp.jpg' -> '/home/mxt/robotscene/outputs/manual_web_demo/runtime/latest.jpg'
[manual-web-demo-worker] camera write failed: [Errno 2] No such file or directory: '/home/mxt/robotscene/outputs/manual_web_demo/runtime/latest.tmp.jpg' -> '/home/mxt/robotscene/outputs/manual_web_demo/runtime/latest.jpg'
[manual-web-demo-worker] camera write failed: [Errno 2] No such file or directory: '/home/mxt/robotscene/outputs/manual_web_demo/runtime/latest.tmp.jpg' -> '/home/mxt/robotscene/outputs/manual_web_demo/runtime/latest.jpg'
[manual-web-demo-worker] camera write failed: [Errno 2] No such file or directory: '/home/mxt/robotscene/outputs/manual_web_demo/runtime/latest.tmp.jpg' -> '/home/mxt/robotscene/outputs/manual_web_demo/runtime/latest.jpg'
[manual-web-demo-worker] camera write failed: [Errno 2] No such file or directory: '/home/mxt/robotscene/outputs/manual_web_demo/runtime/latest.tmp.jpg' -> '/home/mxt/robotscene/outputs/manual_web_demo/runtime/latest.jpg'
[manual-web-demo-worker] camera write failed: [Errno 2] No such file or directory: '/home/mxt/robotscene/outputs/manual_web_demo/runtime/latest.tmp.jpg' -> '/home/mxt/robotscene/outputs/manual_web_demo/runtime/latest.jpg'
[manual-web-demo-worker] camera write failed: [Errno 2] No such file or directory: '/home/mxt/robotscene/outputs/manual_web_demo/runtime/latest.tmp.jpg' -> '/home/mxt/robotscene/outputs/manual_web_demo/runtime/latest.jpg'
[manual-web-demo-worker] camera write failed: [Errno 2] No such file or directory: '/home/mxt/robotscene/outputs/manual_web_demo/runtime/latest.tmp.jpg' -> '/home/mxt/robotscene/outputs/manual_web_demo/runtime/latest.jpg'
[manual-web-demo-worker] camera write failed: [Errno 2] No such file or directory: '/home/mxt/robotscene/outputs/manual_web_demo/runtime/latest.tmp.jpg' -> '/home/mxt/robotscene/outputs/manual_web_demo/runtime/latest.jpg'
[manual-web-demo-worker] camera write failed: [Errno 2] No such file or directory: '/home/mxt/robotscene/outputs/manual_web_demo/runtime/latest.tmp.jpg' -> '/home/mxt/robotscene/outputs/manual_web_demo/runtime/latest.jpg'
[manual-web-demo-worker] camera write failed: [Errno 2] No such file or directory: '/home/mxt/robotscene/outputs/manual_web_demo/runtime/latest.tmp.jpg' -> '/home/mxt/robotscene/outputs/manual_web_demo/runtime/latest.jpg'
[manual-web-demo-worker] camera write failed: [Errno 2] No such file or directory: '/home/mxt/robotscene/outputs/manual_web_demo/runtime/latest.tmp.jpg' -> '/home/mxt/robotscene/outputs/manual_web_demo/runtime/latest.jpg'
[manual-web-demo-worker] camera write failed: [Errno 2] No such file or directory: '/home/mxt/robotscene/outputs/manual_web_demo/runtime/latest.tmp.jpg' -> '/home/mxt/robotscene/outputs/manual_web_demo/runtime/latest.jpg'
[manual-web-demo-worker] camera write failed: [Errno 2] No such file or directory: '/home/mxt/robotscene/outputs/manual_web_demo/runtime/latest.tmp.jpg' -> '/home/mxt/robotscene/outputs/manual_web_demo/runtime/latest.jpg'
[manual-web-demo-worker] camera write failed: [Errno 2] No such file or directory: '/home/mxt/robotscene/outputs/manual_web_demo/runtime/latest.tmp.jpg' -> '/home/mxt/robotscene/outputs/manual_web_demo/runtime/latest.jpg'
[manual-web-demo-worker] camera write failed: [Errno 2] No such file or directory: '/home/mxt/robotscene/outputs/manual_web_demo/runtime/latest.tmp.jpg' -> '/home/mxt/robotscene/outputs/manual_web_demo/runtime/latest.jpg'
[manual-web-demo-worker] camera write failed: [Errno 2] No such file or directory: '/home/mxt/robotscene/outputs/manual_web_demo/runtime/latest.tmp.jpg' -> '/home/mxt/robotscene/outputs/manual_web_demo/runtime/latest.jpg'
[manual-web-demo-worker] camera write failed: [Errno 2] No such file or directory: '/home/mxt/robotscene/outputs/manual_web_demo/runtime/latest.tmp.jpg' -> '/home/mxt/robotscene/outputs/manual_web_demo/runtime/latest.jpg'
[manual-web-demo-worker] camera write failed: [Errno 2] No such file or directory: '/home/mxt/robotscene/outputs/manual_web_demo/runtime/latest.tmp.jpg' -> '/home/mxt/robotscene/outputs/manual_web_demo/runtime/latest.jpg'
[manual-web-demo-worker] camera write failed: [Errno 2] No such file or directory: '/home/mxt/robotscene/outputs/manual_web_demo/runtime/latest.tmp.jpg' -> '/home/mxt/robotscene/outputs/manual_web_demo/runtime/latest.jpg'
[manual-web-demo-worker] camera write failed: [Errno 2] No such file or directory: '/home/mxt/robotscene/outputs/manual_web_demo/runtime/latest.tmp.jpg' -> '/home/mxt/robotscene/outputs/manual_web_demo/runtime/latest.jpg'
[manual-web-demo-worker] camera write failed: [Errno 2] No such file or directory: '/home/mxt/robotscene/outputs/manual_web_demo/runtime/latest.tmp.jpg' -> '/home/mxt/robotscene/outputs/manual_web_demo/runtime/latest.jpg'
[manual-web-demo-worker] camera write failed: [Errno 2] No such file or directory: '/home/mxt/robotscene/outputs/manual_web_demo/runtime/latest.tmp.jpg' -> '/home/mxt/robotscene/outputs/manual_web_demo/runtime/latest.jpg'
[manual-web-demo-worker] camera write failed: [Errno 2] No such file or directory: '/home/mxt/robotscene/outputs/manual_web_demo/runtime/latest.tmp.jpg' -> '/home/mxt/robotscene/outputs/manual_web_demo/runtime/latest.jpg'
[manual-web-demo-worker] camera write failed: [Errno 2] No such file or directory: '/home/mxt/robotscene/outputs/manual_web_demo/runtime/latest.tmp.jpg' -> '/home/mxt/robotscene/outputs/manual_web_demo/runtime/latest.jpg'
[manual-web-demo-worker] camera write failed: [Errno 2] No such file or directory: '/home/mxt/robotscene/outputs/manual_web_demo/runtime/latest.tmp.jpg' -> '/home/mxt/robotscene/outputs/manual_web_demo/runtime/latest.jpg'
[manual-web-demo-worker] camera write failed: [Errno 2] No such file or directory: '/home/mxt/robotscene/outputs/manual_web_demo/runtime/latest.tmp.jpg' -> '/home/mxt/robotscene/outputs/manual_web_demo/runtime/latest.jpg'
[manual-web-demo-worker] camera write failed: [Errno 2] No such file or directory: '/home/mxt/robotscene/outputs/manual_web_demo/runtime/latest.tmp.jpg' -> '/home/mxt/robotscene/outputs/manual_web_demo/runtime/latest.jpg'
[manual-web-demo-worker] camera write failed: [Errno 2] No such file or directory: '/home/mxt/robotscene/outputs/manual_web_demo/runtime/latest.tmp.jpg' -> '/home/mxt/robotscene/outputs/manual_web_demo/runtime/latest.jpg'
[manual-web-demo-worker] camera write failed: [Errno 2] No such file or directory: '/home/mxt/robotscene/outputs/manual_web_demo/runtime/latest.tmp.jpg' -> '/home/mxt/robotscene/outputs/manual_web_demo/runtime/latest.jpg'
[manual-web-demo-worker] camera write failed: [Errno 2] No such file or directory: '/home/mxt/robotscene/outputs/manual_web_demo/runtime/latest.tmp.jpg' -> '/home/mxt/robotscene/outputs/manual_web_demo/runtime/latest.jpg'
[manual-web-demo-worker] camera write failed: [Errno 2] No such file or directory: '/home/mxt/robotscene/outputs/manual_web_demo/runtime/latest.tmp.jpg' -> '/home/mxt/robotscene/outputs/manual_web_demo/runtime/latest.jpg'
[manual-web-demo-worker] camera write failed: [Errno 2] No such file or directory: '/home/mxt/robotscene/outputs/manual_web_demo/runtime/latest.tmp.jpg' -> '/home/mxt/robotscene/outputs/manual_web_demo/runtime/latest.jpg'
[manual-web-demo-worker] camera write failed: [Errno 2] No such file or directory: '/home/mxt/robotscene/outputs/manual_web_demo/runtime/latest.tmp.jpg' -> '/home/mxt/robotscene/outputs/manual_web_demo/runtime/latest.jpg'
[manual-web-demo-worker] camera write failed: [Errno 2] No such file or directory: '/home/mxt/robotscene/outputs/manual_web_demo/runtime/latest.tmp.jpg' -> '/home/mxt/robotscene/outputs/manual_web_demo/runtime/latest.jpg'
[manual-web-demo-worker] camera write failed: [Errno 2] No such file or directory: '/home/mxt/robotscene/outputs/manual_web_demo/runtime/latest.tmp.jpg' -> '/home/mxt/robotscene/outputs/manual_web_demo/runtime/latest.jpg'
[manual-web-demo-worker] camera write failed: [Errno 2] No such file or directory: '/home/mxt/robotscene/outputs/manual_web_demo/runtime/latest.tmp.jpg' -> '/home/mxt/robotscene/outputs/manual_web_demo/runtime/latest.jpg'
[manual-web-demo-worker] camera write failed: [Errno 2] No such file or directory: '/home/mxt/robotscene/outputs/manual_web_demo/runtime/latest.tmp.jpg' -> '/home/mxt/robotscene/outputs/manual_web_demo/runtime/latest.jpg'
[manual-web-demo-worker] camera write failed: [Errno 2] No such file or directory: '/home/mxt/robotscene/outputs/manual_web_demo/runtime/latest.tmp.jpg' -> '/home/mxt/robotscene/outputs/manual_web_demo/runtime/latest.jpg'
[manual-web-demo-worker] camera write failed: [Errno 2] No such file or directory: '/home/mxt/robotscene/outputs/manual_web_demo/runtime/latest.tmp.jpg' -> '/home/mxt/robotscene/outputs/manual_web_demo/runtime/latest.jpg'
[manual-web-demo-worker] camera write failed: [Errno 2] No such file or directory: '/home/mxt/robotscene/outputs/manual_web_demo/runtime/latest.tmp.jpg' -> '/home/mxt/robotscene/outputs/manual_web_demo/runtime/latest.jpg'
[manual-web-demo-worker] camera write failed: [Errno 2] No such file or directory: '/home/mxt/robotscene/outputs/manual_web_demo/runtime/latest.tmp.jpg' -> '/home/mxt/robotscene/outputs/manual_web_demo/runtime/latest.jpg'
[manual-web-demo-worker] camera write failed: [Errno 2] No such file or directory: '/home/mxt/robotscene/outputs/manual_web_demo/runtime/latest.tmp.jpg' -> '/home/mxt/robotscene/outputs/manual_web_demo/runtime/latest.jpg'
[manual-web-demo-worker] camera write failed: [Errno 2] No such file or directory: '/home/mxt/robotscene/outputs/manual_web_demo/runtime/latest.tmp.jpg' -> '/home/mxt/robotscene/outputs/manual_web_demo/runtime/latest.jpg'
[manual-web-demo-worker] camera write failed: [Errno 2] No such file or directory: '/home/mxt/robotscene/outputs/manual_web_demo/runtime/latest.tmp.jpg' -> '/home/mxt/robotscene/outputs/manual_web_demo/runtime/latest.jpg'
[manual-web-demo-worker] camera write failed: [Errno 2] No such file or directory: '/home/mxt/robotscene/outputs/manual_web_demo/runtime/latest.tmp.jpg' -> '/home/mxt/robotscene/outputs/manual_web_demo/runtime/latest.jpg'
[manual-web-demo-worker] camera write failed: [Errno 2] No such file or directory: '/home/mxt/robotscene/outputs/manual_web_demo/runtime/latest.tmp.jpg' -> '/home/mxt/robotscene/outputs/manual_web_demo/runtime/latest.jpg'
[manual-web-demo-worker] camera write failed: [Errno 2] No such file or directory: '/home/mxt/robotscene/outputs/manual_web_demo/runtime/latest.tmp.jpg' -> '/home/mxt/robotscene/outputs/manual_web_demo/runtime/latest.jpg'
[manual-web-demo-worker] camera write failed: [Errno 2] No such file or directory: '/home/mxt/robotscene/outputs/manual_web_demo/runtime/latest.tmp.jpg' -> '/home/mxt/robotscene/outputs/manual_web_demo/runtime/latest.jpg'
[manual-web-demo-worker] camera write failed: [Errno 2] No such file or directory: '/home/mxt/robotscene/outputs/manual_web_demo/runtime/latest.tmp.jpg' -> '/home/mxt/robotscene/outputs/manual_web_demo/runtime/latest.jpg'
[manual-web-demo-worker] camera write failed: [Errno 2] No such file or directory: '/home/mxt/robotscene/outputs/manual_web_demo/runtime/latest.tmp.jpg' -> '/home/mxt/robotscene/outputs/manual_web_demo/runtime/latest.jpg'
[manual-web-demo-worker] camera write failed: [Errno 2] No such file or directory: '/home/mxt/robotscene/outputs/manual_web_demo/runtime/latest.tmp.jpg' -> '/home/mxt/robotscene/outputs/manual_web_demo/runtime/latest.jpg'
[manual-web-demo-worker] camera write failed: [Errno 2] No such file or directory: '/home/mxt/robotscene/outputs/manual_web_demo/runtime/latest.tmp.jpg' -> '/home/mxt/robotscene/outputs/manual_web_demo/runtime/latest.jpg'
[manual-web-demo-worker] camera write failed: [Errno 2] No such file or directory: '/home/mxt/robotscene/outputs/manual_web_demo/runtime/latest.tmp.jpg' -> '/home/mxt/robotscene/outputs/manual_web_demo/runtime/latest.jpg'
[manual-web-demo-worker] camera write failed: [Errno 2] No such file or directory: '/home/mxt/robotscene/outputs/manual_web_demo/runtime/latest.tmp.jpg' -> '/home/mxt/robotscene/outputs/manual_web_demo/runtime/latest.jpg'
[manual-web-demo-worker] camera write failed: [Errno 2] No such file or directory: '/home/mxt/robotscene/outputs/manual_web_demo/runtime/latest.tmp.jpg' -> '/home/mxt/robotscene/outputs/manual_web_demo/runtime/latest.jpg'
[manual-web-demo-worker] camera write failed: [Errno 2] No such file or directory: '/home/mxt/robotscene/outputs/manual_web_demo/runtime/latest.tmp.jpg' -> '/home/mxt/robotscene/outputs/manual_web_demo/runtime/latest.jpg'
[manual-web-demo-worker] camera write failed: [Errno 2] No such file or directory: '/home/mxt/robotscene/outputs/manual_web_demo/runtime/latest.tmp.jpg' -> '/home/mxt/robotscene/outputs/manual_web_demo/runtime/latest.jpg'
[manual-web-demo-worker] camera write failed: [Errno 2] No such file or directory: '/home/mxt/robotscene/outputs/manual_web_demo/runtime/latest.tmp.jpg' -> '/home/mxt/robotscene/outputs/manual_web_demo/runtime/latest.jpg'
[manual-web-demo-worker] camera write failed: [Errno 2] No such file or directory: '/home/mxt/robotscene/outputs/manual_web_demo/runtime/latest.tmp.jpg' -> '/home/mxt/robotscene/outputs/manual_web_demo/runtime/latest.jpg'
[manual-web-demo-worker] camera write failed: [Errno 2] No such file or directory: '/home/mxt/robotscene/outputs/manual_web_demo/runtime/latest.tmp.jpg' -> '/home/mxt/robotscene/outputs/manual_web_demo/runtime/latest.jpg'
[manual-web-demo-worker] camera write failed: [Errno 2] No such file or directory: '/home/mxt/robotscene/outputs/manual_web_demo/runtime/latest.tmp.jpg' -> '/home/mxt/robotscene/outputs/manual_web_demo/runtime/latest.jpg'
[manual-web-demo-worker] camera write failed: [Errno 2] No such file or directory: '/home/mxt/robotscene/outputs/manual_web_demo/runtime/latest.tmp.jpg' -> '/home/mxt/robotscene/outputs/manual_web_demo/runtime/latest.jpg'
[manual-web-demo-worker] camera write failed: [Errno 2] No such file or directory: '/home/mxt/robotscene/outputs/manual_web_demo/runtime/latest.tmp.jpg' -> '/home/mxt/robotscene/outputs/manual_web_demo/runtime/latest.jpg'
[manual-web-demo-worker] camera write failed: [Errno 2] No such file or directory: '/home/mxt/robotscene/outputs/manual_web_demo/runtime/latest.tmp.jpg' -> '/home/mxt/robotscene/outputs/manual_web_demo/runtime/latest.jpg'
[manual-web-demo-worker] camera write failed: [Errno 2] No such file or directory: '/home/mxt/robotscene/outputs/manual_web_demo/runtime/latest.tmp.jpg' -> '/home/mxt/robotscene/outputs/manual_web_demo/runtime/latest.jpg'
[manual-web-demo-worker] camera write failed: [Errno 2] No such file or directory: '/home/mxt/robotscene/outputs/manual_web_demo/runtime/latest.tmp.jpg' -> '/home/mxt/robotscene/outputs/manual_web_demo/runtime/latest.jpg'
[manual-web-demo-worker] camera write failed: [Errno 2] No such file or directory: '/home/mxt/robotscene/outputs/manual_web_demo/runtime/latest.tmp.jpg' -> '/home/mxt/robotscene/outputs/manual_web_demo/runtime/latest.jpg'
[manual-web-demo-worker] camera write failed: [Errno 2] No such file or directory: '/home/mxt/robotscene/outputs/manual_web_demo/runtime/latest.tmp.jpg' -> '/home/mxt/robotscene/outputs/manual_web_demo/runtime/latest.jpg'
[manual-web-demo-worker] camera write failed: [Errno 2] No such file or directory: '/home/mxt/robotscene/outputs/manual_web_demo/runtime/latest.tmp.jpg' -> '/home/mxt/robotscene/outputs/manual_web_demo/runtime/latest.jpg'
[manual-web-demo-worker] camera write failed: [Errno 2] No such file or directory: '/home/mxt/robotscene/outputs/manual_web_demo/runtime/latest.tmp.jpg' -> '/home/mxt/robotscene/outputs/manual_web_demo/runtime/latest.jpg'
[manual-web-demo-worker] camera write failed: [Errno 2] No such file or directory: '/home/mxt/robotscene/outputs/manual_web_demo/runtime/latest.tmp.jpg' -> '/home/mxt/robotscene/outputs/manual_web_demo/runtime/latest.jpg'
[manual-web-demo-worker] camera write failed: [Errno 2] No such file or directory: '/home/mxt/robotscene/outputs/manual_web_demo/runtime/latest.tmp.jpg' -> '/home/mxt/robotscene/outputs/manual_web_demo/runtime/latest.jpg'
[manual-web-demo-worker] camera write failed: [Errno 2] No such file or directory: '/home/mxt/robotscene/outputs/manual_web_demo/runtime/latest.tmp.jpg' -> '/home/mxt/robotscene/outputs/manual_web_demo/runtime/latest.jpg'
[manual-web-demo-worker] camera write failed: [Errno 2] No such file or directory: '/home/mxt/robotscene/outputs/manual_web_demo/runtime/latest.tmp.jpg' -> '/home/mxt/robotscene/outputs/manual_web_demo/runtime/latest.jpg'
[manual-web-demo-worker] camera write failed: [Errno 2] No such file or directory: '/home/mxt/robotscene/outputs/manual_web_demo/runtime/latest.tmp.jpg' -> '/home/mxt/robotscene/outputs/manual_web_demo/runtime/latest.jpg'
[manual-web-demo-worker] camera write failed: [Errno 2] No such file or directory: '/home/mxt/robotscene/outputs/manual_web_demo/runtime/latest.tmp.jpg' -> '/home/mxt/robotscene/outputs/manual_web_demo/runtime/latest.jpg'
[manual-web-demo-worker] camera write failed: [Errno 2] No such file or directory: '/home/mxt/robotscene/outputs/manual_web_demo/runtime/latest.tmp.jpg' -> '/home/mxt/robotscene/outputs/manual_web_demo/runtime/latest.jpg'
[manual-web-demo-worker] camera write failed: [Errno 2] No such file or directory: '/home/mxt/robotscene/outputs/manual_web_demo/runtime/latest.tmp.jpg' -> '/home/mxt/robotscene/outputs/manual_web_demo/runtime/latest.jpg'
[manual-web-demo-worker] camera write failed: [Errno 2] No such file or directory: '/home/mxt/robotscene/outputs/manual_web_demo/runtime/latest.tmp.jpg' -> '/home/mxt/robotscene/outputs/manual_web_demo/runtime/latest.jpg'
[manual-web-demo-worker] camera write failed: [Errno 2] No such file or directory: '/home/mxt/robotscene/outputs/manual_web_demo/runtime/latest.tmp.jpg' -> '/home/mxt/robotscene/outputs/manual_web_demo/runtime/latest.jpg'
[manual-web-demo-worker] camera write failed: [Errno 2] No such file or directory: '/home/mxt/robotscene/outputs/manual_web_demo/runtime/latest.tmp.jpg' -> '/home/mxt/robotscene/outputs/manual_web_demo/runtime/latest.jpg'
[manual-web-demo-worker] camera write failed: [Errno 2] No such file or directory: '/home/mxt/robotscene/outputs/manual_web_demo/runtime/latest.tmp.jpg' -> '/home/mxt/robotscene/outputs/manual_web_demo/runtime/latest.jpg'
[manual-web-demo-worker] camera write failed: [Errno 2] No such file or directory: '/home/mxt/robotscene/outputs/manual_web_demo/runtime/latest.tmp.jpg' -> '/home/mxt/robotscene/outputs/manual_web_demo/runtime/latest.jpg'
[manual-web-demo-worker] camera write failed: [Errno 2] No such file or directory: '/home/mxt/robotscene/outputs/manual_web_demo/runtime/latest.tmp.jpg' -> '/home/mxt/robotscene/outputs/manual_web_demo/runtime/latest.jpg'
[manual-web-demo-worker] camera write failed: [Errno 2] No such file or directory: '/home/mxt/robotscene/outputs/manual_web_demo/runtime/latest.tmp.jpg' -> '/home/mxt/robotscene/outputs/manual_web_demo/runtime/latest.jpg'
[manual-web-demo-worker] camera write failed: [Errno 2] No such file or directory: '/home/mxt/robotscene/outputs/manual_web_demo/runtime/latest.tmp.jpg' -> '/home/mxt/robotscene/outputs/manual_web_demo/runtime/latest.jpg'
[manual-web-demo-worker] camera write failed: [Errno 2] No such file or directory: '/home/mxt/robotscene/outputs/manual_web_demo/runtime/latest.tmp.jpg' -> '/home/mxt/robotscene/outputs/manual_web_demo/runtime/latest.jpg'
[manual-web-demo-worker] camera write failed: [Errno 2] No such file or directory: '/home/mxt/robotscene/outputs/manual_web_demo/runtime/latest.tmp.jpg' -> '/home/mxt/robotscene/outputs/manual_web_demo/runtime/latest.jpg'
[manual-web-demo-worker] camera write failed: [Errno 2] No such file or directory: '/home/mxt/robotscene/outputs/manual_web_demo/runtime/latest.tmp.jpg' -> '/home/mxt/robotscene/outputs/manual_web_demo/runtime/latest.jpg'
[manual-web-demo-worker] camera write failed: [Errno 2] No such file or directory: '/home/mxt/robotscene/outputs/manual_web_demo/runtime/latest.tmp.jpg' -> '/home/mxt/robotscene/outputs/manual_web_demo/runtime/latest.jpg'
[manual-web-demo-worker] camera write failed: [Errno 2] No such file or directory: '/home/mxt/robotscene/outputs/manual_web_demo/runtime/latest.tmp.jpg' -> '/home/mxt/robotscene/outputs/manual_web_demo/runtime/latest.jpg'
[manual-web-demo-worker] camera write failed: [Errno 2] No such file or directory: '/home/mxt/robotscene/outputs/manual_web_demo/runtime/latest.tmp.jpg' -> '/home/mxt/robotscene/outputs/manual_web_demo/runtime/latest.jpg'
[manual-web-demo-worker] camera write failed: [Errno 2] No such file or directory: '/home/mxt/robotscene/outputs/manual_web_demo/runtime/latest.tmp.jpg' -> '/home/mxt/robotscene/outputs/manual_web_demo/runtime/latest.jpg'
[manual-web-demo-worker] camera write failed: [Errno 2] No such file or directory: '/home/mxt/robotscene/outputs/manual_web_demo/runtime/latest.tmp.jpg' -> '/home/mxt/robotscene/outputs/manual_web_demo/runtime/latest.jpg'
[manual-web-demo-worker] camera write failed: [Errno 2] No such file or directory: '/home/mxt/robotscene/outputs/manual_web_demo/runtime/latest.tmp.jpg' -> '/home/mxt/robotscene/outputs/manual_web_demo/runtime/latest.jpg'
[manual-web-demo-worker] camera write failed: [Errno 2] No such file or directory: '/home/mxt/robotscene/outputs/manual_web_demo/runtime/latest.tmp.jpg' -> '/home/mxt/robotscene/outputs/manual_web_demo/runtime/latest.jpg'
[manual-web-demo-worker] camera write failed: [Errno 2] No such file or directory: '/home/mxt/robotscene/outputs/manual_web_demo/runtime/latest.tmp.jpg' -> '/home/mxt/robotscene/outputs/manual_web_demo/runtime/latest.jpg'
[manual-web-demo-worker] camera write failed: [Errno 2] No such file or directory: '/home/mxt/robotscene/outputs/manual_web_demo/runtime/latest.tmp.jpg' -> '/home/mxt/robotscene/outputs/manual_web_demo/runtime/latest.jpg'
[manual-web-demo-worker] camera write failed: [Errno 2] No such file or directory: '/home/mxt/robotscene/outputs/manual_web_demo/runtime/latest.tmp.jpg' -> '/home/mxt/robotscene/outputs/manual_web_demo/runtime/latest.jpg'
[manual-web-demo-worker] camera write failed: [Errno 2] No such file or directory: '/home/mxt/robotscene/outputs/manual_web_demo/runtime/latest.tmp.jpg' -> '/home/mxt/robotscene/outputs/manual_web_demo/runtime/latest.jpg'
