[0.471s] Invoking command in '/home/unitree/robotscene/external/unitree_ros2/cyclonedds_ws/build/unitree_go': CMAKE_PREFIX_PATH=/opt/ros/foxy /usr/bin/cmake /home/unitree/robotscene/external/unitree_ros2/cyclonedds_ws/src/unitree/unitree_go -DCMAKE_INSTALL_PREFIX=/home/unitree/robotscene/external/unitree_ros2/cyclonedds_ws/install/unitree_go
[0.578s] -- The C compiler identification is GNU 9.4.0
[0.690s] -- The CXX compiler identification is GNU 9.4.0
[0.699s] -- Check for working C compiler: /usr/bin/cc
[0.874s] -- Check for working C compiler: /usr/bin/cc -- works
[0.874s] -- Detecting C compiler ABI info
[1.017s] -- Detecting C compiler ABI info - done
[1.032s] -- Detecting C compile features
[1.034s] -- Detecting C compile features - done
[1.040s] -- Check for working CXX compiler: /usr/bin/c++
[1.229s] -- Check for working CXX compiler: /usr/bin/c++ -- works
[1.229s] -- Detecting CXX compiler ABI info
[1.394s] -- Detecting CXX compiler ABI info - done
[1.412s] -- Detecting CXX compile features
[1.414s] -- Detecting CXX compile features - done
[1.420s] -- Found ament_cmake: 0.9.12 (/opt/ros/foxy/share/ament_cmake/cmake)
[1.482s] -- Found PythonInterp: /usr/bin/python3 (found suitable version "3.8.10", minimum required is "3") 
[1.482s] -- Using PYTHON_EXECUTABLE: /usr/bin/python3
[1.934s] -- Found geometry_msgs: 2.0.5 (/opt/ros/foxy/share/geometry_msgs/cmake)
[1.994s] -- Using all available rosidl_typesupport_c: rosidl_typesupport_fastrtps_c;rosidl_typesupport_introspection_c
[2.009s] -- Found rosidl_adapter: 1.3.1 (/opt/ros/foxy/share/rosidl_adapter/cmake)
[2.189s] -- Found OpenSSL: /usr/lib/aarch64-linux-gnu/libcrypto.so (found version "1.1.1f")  
[2.249s] -- Found FastRTPS: /opt/ros/foxy/include  
[2.407s] -- Using all available rosidl_typesupport_cpp: rosidl_typesupport_fastrtps_cpp;rosidl_typesupport_introspection_cpp
[2.562s] -- Found rosidl_default_generators: 1.0.1 (/opt/ros/foxy/share/rosidl_default_generators/cmake)
[2.590s] -- Found rosidl_generator_dds_idl: 0.7.1 (/opt/ros/foxy/share/rosidl_generator_dds_idl/cmake)
[2.652s] -- Found PythonInterp: /usr/bin/python3 (found version "3.8.10") 
[3.253s] -- Found ament_cmake_ros: 0.9.2 (/opt/ros/foxy/share/ament_cmake_ros/cmake)
[3.698s] -- Using all available rosidl_typesupport_c: rosidl_typesupport_fastrtps_c;rosidl_typesupport_introspection_c
[3.892s] -- Using all available rosidl_typesupport_cpp: rosidl_typesupport_fastrtps_cpp;rosidl_typesupport_introspection_cpp
[3.949s] -- Found PythonInterp: /usr/bin/python3 (found suitable version "3.8.10", minimum required is "3.5") 
[3.950s] -- Found python_cmake_module: 0.8.1 (/opt/ros/foxy/share/python_cmake_module/cmake)
[4.024s] -- Found PythonLibs: /usr/lib/aarch64-linux-gnu/libpython3.8.so (found suitable version "3.8.10", minimum required is "3.5") 
[4.024s] -- Using PYTHON_EXECUTABLE: /usr/bin/python3
[4.024s] -- Using PYTHON_INCLUDE_DIRS: /usr/include/python3.8
[4.024s] -- Using PYTHON_LIBRARIES: /usr/lib/aarch64-linux-gnu/libpython3.8.so
[4.070s] -- Found PythonExtra: .so  
[4.311s] -- Found ament_lint_auto: 0.9.8 (/opt/ros/foxy/share/ament_lint_auto/cmake)
[4.354s] -- Added test 'copyright' to check source files copyright and LICENSE
[4.364s] -- Added test 'lint_cmake' to check CMake code style
[4.368s] -- Added test 'xmllint' to check XML markup files
[4.381s] -- Configuring done
[4.593s] -- Generating done
[4.602s] -- Build files have been written to: /home/unitree/robotscene/external/unitree_ros2/cyclonedds_ws/build/unitree_go
[4.641s] Invoked command in '/home/unitree/robotscene/external/unitree_ros2/cyclonedds_ws/build/unitree_go' returned '0': CMAKE_PREFIX_PATH=/opt/ros/foxy /usr/bin/cmake /home/unitree/robotscene/external/unitree_ros2/cyclonedds_ws/src/unitree/unitree_go -DCMAKE_INSTALL_PREFIX=/home/unitree/robotscene/external/unitree_ros2/cyclonedds_ws/install/unitree_go
[4.647s] Invoking command in '/home/unitree/robotscene/external/unitree_ros2/cyclonedds_ws/build/unitree_go': CMAKE_PREFIX_PATH=/opt/ros/foxy /usr/bin/cmake --build /home/unitree/robotscene/external/unitree_ros2/cyclonedds_ws/build/unitree_go -- -j4 -l4
[4.809s] Scanning dependencies of target unitree_go__cpp
[4.828s] [  1%] Generating C code for ROS interfaces
[4.843s] Scanning dependencies of target unitree_go__dds_connext_idl
[4.851s] [  1%] Generating C++ code for ROS interfaces
[4.925s] [  1%] Generating DDS interfaces
[11.184s] [  1%] Built target unitree_go__dds_connext_idl
[19.177s] Scanning dependencies of target unitree_go__rosidl_generator_c
[19.210s] [  1%] Building C object CMakeFiles/unitree_go__rosidl_generator_c.dir/rosidl_generator_c/unitree_go/msg/detail/audio_data__functions.c.o
[19.262s] [  2%] Building C object CMakeFiles/unitree_go__rosidl_generator_c.dir/rosidl_generator_c/unitree_go/msg/detail/bms_cmd__functions.c.o
[19.374s] [  2%] Building C object CMakeFiles/unitree_go__rosidl_generator_c.dir/rosidl_generator_c/unitree_go/msg/detail/bms_state__functions.c.o
[19.622s] [  2%] Building C object CMakeFiles/unitree_go__rosidl_generator_c.dir/rosidl_generator_c/unitree_go/msg/detail/go2_front_video_data__functions.c.o
[19.947s] [  3%] Building C object CMakeFiles/unitree_go__rosidl_generator_c.dir/rosidl_generator_c/unitree_go/msg/detail/height_map__functions.c.o
[20.397s] [  3%] Building C object CMakeFiles/unitree_go__rosidl_generator_c.dir/rosidl_generator_c/unitree_go/msg/detail/imu_state__functions.c.o
[20.746s] [  4%] Building C object CMakeFiles/unitree_go__rosidl_generator_c.dir/rosidl_generator_c/unitree_go/msg/detail/interface_config__functions.c.o
[21.043s] [  4%] Building C object CMakeFiles/unitree_go__rosidl_generator_c.dir/rosidl_generator_c/unitree_go/msg/detail/lidar_state__functions.c.o
[21.261s] [  5%] Building C object CMakeFiles/unitree_go__rosidl_generator_c.dir/rosidl_generator_c/unitree_go/msg/detail/low_cmd__functions.c.o
[21.542s] [  5%] Building C object CMakeFiles/unitree_go__rosidl_generator_c.dir/rosidl_generator_c/unitree_go/msg/detail/low_state__functions.c.o
[21.973s] [  5%] Building C object CMakeFiles/unitree_go__rosidl_generator_c.dir/rosidl_generator_c/unitree_go/msg/detail/motor_cmd__functions.c.o
[22.222s] [  6%] Building C object CMakeFiles/unitree_go__rosidl_generator_c.dir/rosidl_generator_c/unitree_go/msg/detail/motor_cmds__functions.c.o
[22.600s] [  6%] Building C object CMakeFiles/unitree_go__rosidl_generator_c.dir/rosidl_generator_c/unitree_go/msg/detail/motor_state__functions.c.o
[22.662s] [  6%] Built target unitree_go__cpp
[22.926s] [  7%] Building C object CMakeFiles/unitree_go__rosidl_generator_c.dir/rosidl_generator_c/unitree_go/msg/detail/motor_states__functions.c.o
[23.138s] [  8%] Building C object CMakeFiles/unitree_go__rosidl_generator_c.dir/rosidl_generator_c/unitree_go/msg/detail/error__functions.c.o
[23.474s] [  8%] Building C object CMakeFiles/unitree_go__rosidl_generator_c.dir/rosidl_generator_c/unitree_go/msg/detail/path_point__functions.c.o
[23.696s] [  9%] Building C object CMakeFiles/unitree_go__rosidl_generator_c.dir/rosidl_generator_c/unitree_go/msg/detail/req__functions.c.o
[23.872s] [  9%] Building C object CMakeFiles/unitree_go__rosidl_generator_c.dir/rosidl_generator_c/unitree_go/msg/detail/res__functions.c.o
[24.269s] [ 10%] Building C object CMakeFiles/unitree_go__rosidl_generator_c.dir/rosidl_generator_c/unitree_go/msg/detail/sport_mode_cmd__functions.c.o
[24.557s] [ 10%] Building C object CMakeFiles/unitree_go__rosidl_generator_c.dir/rosidl_generator_c/unitree_go/msg/detail/sport_mode_state__functions.c.o
[24.826s] [ 11%] Building C object CMakeFiles/unitree_go__rosidl_generator_c.dir/rosidl_generator_c/unitree_go/msg/detail/time_spec__functions.c.o
[25.171s] [ 11%] Building C object CMakeFiles/unitree_go__rosidl_generator_c.dir/rosidl_generator_c/unitree_go/msg/detail/uwb_state__functions.c.o
[25.407s] [ 12%] Building C object CMakeFiles/unitree_go__rosidl_generator_c.dir/rosidl_generator_c/unitree_go/msg/detail/uwb_switch__functions.c.o
[25.751s] [ 12%] Building C object CMakeFiles/unitree_go__rosidl_generator_c.dir/rosidl_generator_c/unitree_go/msg/detail/wireless_controller__functions.c.o
[25.913s] [ 13%] Linking C shared library libunitree_go__rosidl_generator_c.so
[26.259s] [ 13%] Built target unitree_go__rosidl_generator_c
[26.342s] [ 14%] Generating C++ introspection for ROS interfaces
[32.983s] Scanning dependencies of target unitree_go__rosidl_typesupport_introspection_cpp
[33.014s] [ 14%] Building CXX object CMakeFiles/unitree_go__rosidl_typesupport_introspection_cpp.dir/rosidl_typesupport_introspection_cpp/unitree_go/msg/detail/audio_data__type_support.cpp.o
[33.873s] [ 15%] Building CXX object CMakeFiles/unitree_go__rosidl_typesupport_introspection_cpp.dir/rosidl_typesupport_introspection_cpp/unitree_go/msg/detail/bms_cmd__type_support.cpp.o
[34.669s] [ 15%] Building CXX object CMakeFiles/unitree_go__rosidl_typesupport_introspection_cpp.dir/rosidl_typesupport_introspection_cpp/unitree_go/msg/detail/bms_state__type_support.cpp.o
[35.338s] [ 16%] Building CXX object CMakeFiles/unitree_go__rosidl_typesupport_introspection_cpp.dir/rosidl_typesupport_introspection_cpp/unitree_go/msg/detail/error__type_support.cpp.o
[35.994s] [ 16%] Building CXX object CMakeFiles/unitree_go__rosidl_typesupport_introspection_cpp.dir/rosidl_typesupport_introspection_cpp/unitree_go/msg/detail/go2_front_video_data__type_support.cpp.o
[36.735s] [ 17%] Building CXX object CMakeFiles/unitree_go__rosidl_typesupport_introspection_cpp.dir/rosidl_typesupport_introspection_cpp/unitree_go/msg/detail/height_map__type_support.cpp.o
[37.484s] [ 17%] Building CXX object CMakeFiles/unitree_go__rosidl_typesupport_introspection_cpp.dir/rosidl_typesupport_introspection_cpp/unitree_go/msg/detail/imu_state__type_support.cpp.o
[38.147s] [ 18%] Building CXX object CMakeFiles/unitree_go__rosidl_typesupport_introspection_cpp.dir/rosidl_typesupport_introspection_cpp/unitree_go/msg/detail/interface_config__type_support.cpp.o
[38.776s] [ 18%] Building CXX object CMakeFiles/unitree_go__rosidl_typesupport_introspection_cpp.dir/rosidl_typesupport_introspection_cpp/unitree_go/msg/detail/lidar_state__type_support.cpp.o
[39.437s] [ 19%] Building CXX object CMakeFiles/unitree_go__rosidl_typesupport_introspection_cpp.dir/rosidl_typesupport_introspection_cpp/unitree_go/msg/detail/low_cmd__type_support.cpp.o
[40.186s] [ 19%] Building CXX object CMakeFiles/unitree_go__rosidl_typesupport_introspection_cpp.dir/rosidl_typesupport_introspection_cpp/unitree_go/msg/detail/low_state__type_support.cpp.o
[41.009s] [ 19%] Building CXX object CMakeFiles/unitree_go__rosidl_typesupport_introspection_cpp.dir/rosidl_typesupport_introspection_cpp/unitree_go/msg/detail/motor_cmd__type_support.cpp.o
[41.670s] [ 20%] Building CXX object CMakeFiles/unitree_go__rosidl_typesupport_introspection_cpp.dir/rosidl_typesupport_introspection_cpp/unitree_go/msg/detail/motor_cmds__type_support.cpp.o
[42.445s] [ 20%] Building CXX object CMakeFiles/unitree_go__rosidl_typesupport_introspection_cpp.dir/rosidl_typesupport_introspection_cpp/unitree_go/msg/detail/motor_state__type_support.cpp.o
[43.282s] [ 21%] Building CXX object CMakeFiles/unitree_go__rosidl_typesupport_introspection_cpp.dir/rosidl_typesupport_introspection_cpp/unitree_go/msg/detail/motor_states__type_support.cpp.o
[45.232s] [ 21%] Building CXX object CMakeFiles/unitree_go__rosidl_typesupport_introspection_cpp.dir/rosidl_typesupport_introspection_cpp/unitree_go/msg/detail/path_point__type_support.cpp.o
[46.347s] [ 22%] Building CXX object CMakeFiles/unitree_go__rosidl_typesupport_introspection_cpp.dir/rosidl_typesupport_introspection_cpp/unitree_go/msg/detail/req__type_support.cpp.o
[47.010s] [ 22%] Building CXX object CMakeFiles/unitree_go__rosidl_typesupport_introspection_cpp.dir/rosidl_typesupport_introspection_cpp/unitree_go/msg/detail/res__type_support.cpp.o
[47.744s] [ 23%] Building CXX object CMakeFiles/unitree_go__rosidl_typesupport_introspection_cpp.dir/rosidl_typesupport_introspection_cpp/unitree_go/msg/detail/sport_mode_cmd__type_support.cpp.o
[48.454s] [ 23%] Building CXX object CMakeFiles/unitree_go__rosidl_typesupport_introspection_cpp.dir/rosidl_typesupport_introspection_cpp/unitree_go/msg/detail/sport_mode_state__type_support.cpp.o
[49.251s] [ 24%] Building CXX object CMakeFiles/unitree_go__rosidl_typesupport_introspection_cpp.dir/rosidl_typesupport_introspection_cpp/unitree_go/msg/detail/time_spec__type_support.cpp.o
[49.919s] [ 24%] Building CXX object CMakeFiles/unitree_go__rosidl_typesupport_introspection_cpp.dir/rosidl_typesupport_introspection_cpp/unitree_go/msg/detail/uwb_state__type_support.cpp.o
[50.934s] [ 25%] Building CXX object CMakeFiles/unitree_go__rosidl_typesupport_introspection_cpp.dir/rosidl_typesupport_introspection_cpp/unitree_go/msg/detail/uwb_switch__type_support.cpp.o
[51.906s] [ 25%] Building CXX object CMakeFiles/unitree_go__rosidl_typesupport_introspection_cpp.dir/rosidl_typesupport_introspection_cpp/unitree_go/msg/detail/wireless_controller__type_support.cpp.o
[52.047s] [ 26%] Linking CXX shared library libunitree_go__rosidl_typesupport_introspection_cpp.so
[52.238s] [ 26%] Built target unitree_go__rosidl_typesupport_introspection_cpp
[52.262s] [ 26%] Generating C introspection for ROS interfaces
[55.389s] Scanning dependencies of target unitree_go__rosidl_typesupport_introspection_c
[55.417s] [ 26%] Building C object CMakeFiles/unitree_go__rosidl_typesupport_introspection_c.dir/rosidl_typesupport_introspection_c/unitree_go/msg/detail/audio_data__type_support.c.o
[55.485s] [ 27%] Building C object CMakeFiles/unitree_go__rosidl_typesupport_introspection_c.dir/rosidl_typesupport_introspection_c/unitree_go/msg/detail/bms_cmd__type_support.c.o
[55.552s] [ 27%] Building C object CMakeFiles/unitree_go__rosidl_typesupport_introspection_c.dir/rosidl_typesupport_introspection_c/unitree_go/msg/detail/bms_state__type_support.c.o
[55.622s] [ 28%] Building C object CMakeFiles/unitree_go__rosidl_typesupport_introspection_c.dir/rosidl_typesupport_introspection_c/unitree_go/msg/detail/error__type_support.c.o
[55.693s] [ 28%] Building C object CMakeFiles/unitree_go__rosidl_typesupport_introspection_c.dir/rosidl_typesupport_introspection_c/unitree_go/msg/detail/go2_front_video_data__type_support.c.o
[55.760s] [ 29%] Building C object CMakeFiles/unitree_go__rosidl_typesupport_introspection_c.dir/rosidl_typesupport_introspection_c/unitree_go/msg/detail/height_map__type_support.c.o
[55.830s] [ 29%] Building C object CMakeFiles/unitree_go__rosidl_typesupport_introspection_c.dir/rosidl_typesupport_introspection_c/unitree_go/msg/detail/imu_state__type_support.c.o
[55.893s] [ 30%] Building C object CMakeFiles/unitree_go__rosidl_typesupport_introspection_c.dir/rosidl_typesupport_introspection_c/unitree_go/msg/detail/interface_config__type_support.c.o
[55.959s] [ 30%] Building C object CMakeFiles/unitree_go__rosidl_typesupport_introspection_c.dir/rosidl_typesupport_introspection_c/unitree_go/msg/detail/lidar_state__type_support.c.o
[56.026s] [ 31%] Building C object CMakeFiles/unitree_go__rosidl_typesupport_introspection_c.dir/rosidl_typesupport_introspection_c/unitree_go/msg/detail/low_cmd__type_support.c.o
[56.094s] [ 31%] Building C object CMakeFiles/unitree_go__rosidl_typesupport_introspection_c.dir/rosidl_typesupport_introspection_c/unitree_go/msg/detail/low_state__type_support.c.o
[56.179s] [ 32%] Building C object CMakeFiles/unitree_go__rosidl_typesupport_introspection_c.dir/rosidl_typesupport_introspection_c/unitree_go/msg/detail/motor_cmd__type_support.c.o
[56.244s] [ 32%] Building C object CMakeFiles/unitree_go__rosidl_typesupport_introspection_c.dir/rosidl_typesupport_introspection_c/unitree_go/msg/detail/motor_cmds__type_support.c.o
[56.355s] [ 32%] Building C object CMakeFiles/unitree_go__rosidl_typesupport_introspection_c.dir/rosidl_typesupport_introspection_c/unitree_go/msg/detail/motor_state__type_support.c.o
[56.543s] [ 33%] Building C object CMakeFiles/unitree_go__rosidl_typesupport_introspection_c.dir/rosidl_typesupport_introspection_c/unitree_go/msg/detail/motor_states__type_support.c.o
[56.799s] [ 33%] Building C object CMakeFiles/unitree_go__rosidl_typesupport_introspection_c.dir/rosidl_typesupport_introspection_c/unitree_go/msg/detail/path_point__type_support.c.o
[56.988s] [ 34%] Building C object CMakeFiles/unitree_go__rosidl_typesupport_introspection_c.dir/rosidl_typesupport_introspection_c/unitree_go/msg/detail/req__type_support.c.o
[57.124s] [ 34%] Building C object CMakeFiles/unitree_go__rosidl_typesupport_introspection_c.dir/rosidl_typesupport_introspection_c/unitree_go/msg/detail/res__type_support.c.o
[57.295s] [ 35%] Building C object CMakeFiles/unitree_go__rosidl_typesupport_introspection_c.dir/rosidl_typesupport_introspection_c/unitree_go/msg/detail/sport_mode_cmd__type_support.c.o
[57.418s] [ 35%] Building C object CMakeFiles/unitree_go__rosidl_typesupport_introspection_c.dir/rosidl_typesupport_introspection_c/unitree_go/msg/detail/sport_mode_state__type_support.c.o
[57.532s] [ 36%] Building C object CMakeFiles/unitree_go__rosidl_typesupport_introspection_c.dir/rosidl_typesupport_introspection_c/unitree_go/msg/detail/time_spec__type_support.c.o
[57.684s] [ 36%] Building C object CMakeFiles/unitree_go__rosidl_typesupport_introspection_c.dir/rosidl_typesupport_introspection_c/unitree_go/msg/detail/uwb_state__type_support.c.o
[57.777s] [ 37%] Building C object CMakeFiles/unitree_go__rosidl_typesupport_introspection_c.dir/rosidl_typesupport_introspection_c/unitree_go/msg/detail/uwb_switch__type_support.c.o
[57.905s] [ 37%] Building C object CMakeFiles/unitree_go__rosidl_typesupport_introspection_c.dir/rosidl_typesupport_introspection_c/unitree_go/msg/detail/wireless_controller__type_support.c.o
[58.047s] [ 38%] Linking C shared library libunitree_go__rosidl_typesupport_introspection_c.so
[58.286s] [ 38%] Built target unitree_go__rosidl_typesupport_introspection_c
[58.365s] [ 38%] Generating C type support dispatch for ROS interfaces
[62.884s] Scanning dependencies of target unitree_go__rosidl_typesupport_c
[62.907s] [ 38%] Building CXX object CMakeFiles/unitree_go__rosidl_typesupport_c.dir/rosidl_typesupport_c/unitree_go/msg/audio_data__type_support.cpp.o
[62.970s] [ 39%] Building CXX object CMakeFiles/unitree_go__rosidl_typesupport_c.dir/rosidl_typesupport_c/unitree_go/msg/bms_cmd__type_support.cpp.o
[63.035s] [ 39%] Building CXX object CMakeFiles/unitree_go__rosidl_typesupport_c.dir/rosidl_typesupport_c/unitree_go/msg/bms_state__type_support.cpp.o
[63.100s] [ 40%] Building CXX object CMakeFiles/unitree_go__rosidl_typesupport_c.dir/rosidl_typesupport_c/unitree_go/msg/error__type_support.cpp.o
[63.169s] [ 40%] Building CXX object CMakeFiles/unitree_go__rosidl_typesupport_c.dir/rosidl_typesupport_c/unitree_go/msg/go2_front_video_data__type_support.cpp.o
[63.232s] [ 41%] Building CXX object CMakeFiles/unitree_go__rosidl_typesupport_c.dir/rosidl_typesupport_c/unitree_go/msg/height_map__type_support.cpp.o
[63.296s] [ 41%] Building CXX object CMakeFiles/unitree_go__rosidl_typesupport_c.dir/rosidl_typesupport_c/unitree_go/msg/imu_state__type_support.cpp.o
[63.359s] [ 42%] Building CXX object CMakeFiles/unitree_go__rosidl_typesupport_c.dir/rosidl_typesupport_c/unitree_go/msg/interface_config__type_support.cpp.o
[63.423s] [ 42%] Building CXX object CMakeFiles/unitree_go__rosidl_typesupport_c.dir/rosidl_typesupport_c/unitree_go/msg/lidar_state__type_support.cpp.o
[63.487s] [ 43%] Building CXX object CMakeFiles/unitree_go__rosidl_typesupport_c.dir/rosidl_typesupport_c/unitree_go/msg/low_cmd__type_support.cpp.o
[63.549s] [ 43%] Building CXX object CMakeFiles/unitree_go__rosidl_typesupport_c.dir/rosidl_typesupport_c/unitree_go/msg/low_state__type_support.cpp.o
[63.611s] [ 44%] Building CXX object CMakeFiles/unitree_go__rosidl_typesupport_c.dir/rosidl_typesupport_c/unitree_go/msg/motor_cmd__type_support.cpp.o
[63.673s] [ 44%] Building CXX object CMakeFiles/unitree_go__rosidl_typesupport_c.dir/rosidl_typesupport_c/unitree_go/msg/motor_cmds__type_support.cpp.o
[63.733s] [ 44%] Building CXX object CMakeFiles/unitree_go__rosidl_typesupport_c.dir/rosidl_typesupport_c/unitree_go/msg/motor_state__type_support.cpp.o
[63.796s] [ 45%] Building CXX object CMakeFiles/unitree_go__rosidl_typesupport_c.dir/rosidl_typesupport_c/unitree_go/msg/motor_states__type_support.cpp.o
[63.865s] [ 45%] Building CXX object CMakeFiles/unitree_go__rosidl_typesupport_c.dir/rosidl_typesupport_c/unitree_go/msg/path_point__type_support.cpp.o
[63.921s] [ 46%] Building CXX object CMakeFiles/unitree_go__rosidl_typesupport_c.dir/rosidl_typesupport_c/unitree_go/msg/req__type_support.cpp.o
[63.983s] [ 46%] Building CXX object CMakeFiles/unitree_go__rosidl_typesupport_c.dir/rosidl_typesupport_c/unitree_go/msg/res__type_support.cpp.o
[64.046s] [ 47%] Building CXX object CMakeFiles/unitree_go__rosidl_typesupport_c.dir/rosidl_typesupport_c/unitree_go/msg/sport_mode_cmd__type_support.cpp.o
[64.108s] [ 47%] Building CXX object CMakeFiles/unitree_go__rosidl_typesupport_c.dir/rosidl_typesupport_c/unitree_go/msg/sport_mode_state__type_support.cpp.o
[64.171s] [ 48%] Building CXX object CMakeFiles/unitree_go__rosidl_typesupport_c.dir/rosidl_typesupport_c/unitree_go/msg/time_spec__type_support.cpp.o
[64.233s] [ 48%] Building CXX object CMakeFiles/unitree_go__rosidl_typesupport_c.dir/rosidl_typesupport_c/unitree_go/msg/uwb_state__type_support.cpp.o
[64.294s] [ 49%] Building CXX object CMakeFiles/unitree_go__rosidl_typesupport_c.dir/rosidl_typesupport_c/unitree_go/msg/uwb_switch__type_support.cpp.o
[64.355s] [ 49%] Building CXX object CMakeFiles/unitree_go__rosidl_typesupport_c.dir/rosidl_typesupport_c/unitree_go/msg/wireless_controller__type_support.cpp.o
[64.415s] [ 50%] Linking CXX shared library libunitree_go__rosidl_typesupport_c.so
[64.498s] [ 50%] Built target unitree_go__rosidl_typesupport_c
[64.521s] [ 51%] Generating C++ type support dispatch for ROS interfaces
[66.785s] Scanning dependencies of target unitree_go__rosidl_typesupport_cpp
[66.812s] [ 51%] Building CXX object CMakeFiles/unitree_go__rosidl_typesupport_cpp.dir/rosidl_typesupport_cpp/unitree_go/msg/audio_data__type_support.cpp.o
[67.826s] [ 51%] Building CXX object CMakeFiles/unitree_go__rosidl_typesupport_cpp.dir/rosidl_typesupport_cpp/unitree_go/msg/bms_state__type_support.cpp.o
[68.042s] [ 52%] Building CXX object CMakeFiles/unitree_go__rosidl_typesupport_cpp.dir/rosidl_typesupport_cpp/unitree_go/msg/error__type_support.cpp.o
[68.653s] [ 52%] Building CXX object CMakeFiles/unitree_go__rosidl_typesupport_cpp.dir/rosidl_typesupport_cpp/unitree_go/msg/go2_front_video_data__type_support.cpp.o
[69.287s] [ 53%] Building CXX object CMakeFiles/unitree_go__rosidl_typesupport_cpp.dir/rosidl_typesupport_cpp/unitree_go/msg/height_map__type_support.cpp.o
[69.864s] [ 53%] Building CXX object CMakeFiles/unitree_go__rosidl_typesupport_cpp.dir/rosidl_typesupport_cpp/unitree_go/msg/imu_state__type_support.cpp.o
[70.443s] [ 54%] Building CXX object CMakeFiles/unitree_go__rosidl_typesupport_cpp.dir/rosidl_typesupport_cpp/unitree_go/msg/interface_config__type_support.cpp.o
[71.024s] [ 54%] Building CXX object CMakeFiles/unitree_go__rosidl_typesupport_cpp.dir/rosidl_typesupport_cpp/unitree_go/msg/lidar_state__type_support.cpp.o
[71.607s] [ 55%] Building CXX object CMakeFiles/unitree_go__rosidl_typesupport_cpp.dir/rosidl_typesupport_cpp/unitree_go/msg/low_cmd__type_support.cpp.o
[72.197s] [ 55%] Building CXX object CMakeFiles/unitree_go__rosidl_typesupport_cpp.dir/rosidl_typesupport_cpp/unitree_go/msg/low_state__type_support.cpp.o
[72.856s] [ 55%] Building CXX object CMakeFiles/unitree_go__rosidl_typesupport_cpp.dir/rosidl_typesupport_cpp/unitree_go/msg/motor_cmd__type_support.cpp.o
[73.499s] [ 56%] Building CXX object CMakeFiles/unitree_go__rosidl_typesupport_cpp.dir/rosidl_typesupport_cpp/unitree_go/msg/motor_cmds__type_support.cpp.o
[74.085s] [ 56%] Building CXX object CMakeFiles/unitree_go__rosidl_typesupport_cpp.dir/rosidl_typesupport_cpp/unitree_go/msg/motor_state__type_support.cpp.o
[74.665s] [ 57%] Building CXX object CMakeFiles/unitree_go__rosidl_typesupport_cpp.dir/rosidl_typesupport_cpp/unitree_go/msg/motor_states__type_support.cpp.o
[75.247s] [ 57%] Building CXX object CMakeFiles/unitree_go__rosidl_typesupport_cpp.dir/rosidl_typesupport_cpp/unitree_go/msg/path_point__type_support.cpp.o
[75.832s] [ 58%] Building CXX object CMakeFiles/unitree_go__rosidl_typesupport_cpp.dir/rosidl_typesupport_cpp/unitree_go/msg/req__type_support.cpp.o
[76.410s] [ 58%] Building CXX object CMakeFiles/unitree_go__rosidl_typesupport_cpp.dir/rosidl_typesupport_cpp/unitree_go/msg/res__type_support.cpp.o
[77.052s] [ 59%] Building CXX object CMakeFiles/unitree_go__rosidl_typesupport_cpp.dir/rosidl_typesupport_cpp/unitree_go/msg/sport_mode_cmd__type_support.cpp.o
[77.635s] [ 59%] Building CXX object CMakeFiles/unitree_go__rosidl_typesupport_cpp.dir/rosidl_typesupport_cpp/unitree_go/msg/sport_mode_state__type_support.cpp.o
[78.219s] [ 60%] Building CXX object CMakeFiles/unitree_go__rosidl_typesupport_cpp.dir/rosidl_typesupport_cpp/unitree_go/msg/time_spec__type_support.cpp.o
[78.801s] [ 60%] Building CXX object CMakeFiles/unitree_go__rosidl_typesupport_cpp.dir/rosidl_typesupport_cpp/unitree_go/msg/uwb_state__type_support.cpp.o
[79.383s] [ 61%] Building CXX object CMakeFiles/unitree_go__rosidl_typesupport_cpp.dir/rosidl_typesupport_cpp/unitree_go/msg/uwb_switch__type_support.cpp.o
[79.960s] [ 61%] Building CXX object CMakeFiles/unitree_go__rosidl_typesupport_cpp.dir/rosidl_typesupport_cpp/unitree_go/msg/wireless_controller__type_support.cpp.o
[80.539s] [ 62%] Building CXX object CMakeFiles/unitree_go__rosidl_typesupport_cpp.dir/rosidl_typesupport_cpp/unitree_go/msg/bms_cmd__type_support.cpp.o
[81.120s] [ 63%] Linking CXX shared library libunitree_go__rosidl_typesupport_cpp.so
[81.205s] [ 63%] Built target unitree_go__rosidl_typesupport_cpp
[81.228s] [ 64%] Generating C++ type support for eProsima Fast-RTPS
[84.738s] Scanning dependencies of target unitree_go__rosidl_typesupport_fastrtps_cpp
[84.765s] [ 64%] Building CXX object CMakeFiles/unitree_go__rosidl_typesupport_fastrtps_cpp.dir/rosidl_typesupport_fastrtps_cpp/unitree_go/msg/detail/dds_fastrtps/audio_data__type_support.cpp.o
[85.696s] [ 65%] Building CXX object CMakeFiles/unitree_go__rosidl_typesupport_fastrtps_cpp.dir/rosidl_typesupport_fastrtps_cpp/unitree_go/msg/detail/dds_fastrtps/error__type_support.cpp.o
[86.538s] [ 65%] Building CXX object CMakeFiles/unitree_go__rosidl_typesupport_fastrtps_cpp.dir/rosidl_typesupport_fastrtps_cpp/unitree_go/msg/detail/dds_fastrtps/go2_front_video_data__type_support.cpp.o
[87.473s] [ 66%] Building CXX object CMakeFiles/unitree_go__rosidl_typesupport_fastrtps_cpp.dir/rosidl_typesupport_fastrtps_cpp/unitree_go/msg/detail/dds_fastrtps/height_map__type_support.cpp.o
[88.429s] [ 66%] Building CXX object CMakeFiles/unitree_go__rosidl_typesupport_fastrtps_cpp.dir/rosidl_typesupport_fastrtps_cpp/unitree_go/msg/detail/dds_fastrtps/imu_state__type_support.cpp.o
[89.303s] [ 67%] Building CXX object CMakeFiles/unitree_go__rosidl_typesupport_fastrtps_cpp.dir/rosidl_typesupport_fastrtps_cpp/unitree_go/msg/detail/dds_fastrtps/interface_config__type_support.cpp.o
[90.158s] [ 67%] Building CXX object CMakeFiles/unitree_go__rosidl_typesupport_fastrtps_cpp.dir/rosidl_typesupport_fastrtps_cpp/unitree_go/msg/detail/dds_fastrtps/lidar_state__type_support.cpp.o
[91.049s] [ 68%] Building CXX object CMakeFiles/unitree_go__rosidl_typesupport_fastrtps_cpp.dir/rosidl_typesupport_fastrtps_cpp/unitree_go/msg/detail/dds_fastrtps/low_cmd__type_support.cpp.o
[92.055s] [ 68%] Building CXX object CMakeFiles/unitree_go__rosidl_typesupport_fastrtps_cpp.dir/rosidl_typesupport_fastrtps_cpp/unitree_go/msg/detail/dds_fastrtps/low_state__type_support.cpp.o
[92.994s] [ 68%] Building CXX object CMakeFiles/unitree_go__rosidl_typesupport_fastrtps_cpp.dir/rosidl_typesupport_fastrtps_cpp/unitree_go/msg/detail/dds_fastrtps/motor_cmd__type_support.cpp.o
[93.948s] [ 69%] Building CXX object CMakeFiles/unitree_go__rosidl_typesupport_fastrtps_cpp.dir/rosidl_typesupport_fastrtps_cpp/unitree_go/msg/detail/dds_fastrtps/motor_cmds__type_support.cpp.o
[94.994s] [ 69%] Building CXX object CMakeFiles/unitree_go__rosidl_typesupport_fastrtps_cpp.dir/rosidl_typesupport_fastrtps_cpp/unitree_go/msg/detail/dds_fastrtps/motor_state__type_support.cpp.o
[95.865s] [ 70%] Building CXX object CMakeFiles/unitree_go__rosidl_typesupport_fastrtps_cpp.dir/rosidl_typesupport_fastrtps_cpp/unitree_go/msg/detail/dds_fastrtps/motor_states__type_support.cpp.o
[96.909s] [ 70%] Building CXX object CMakeFiles/unitree_go__rosidl_typesupport_fastrtps_cpp.dir/rosidl_typesupport_fastrtps_cpp/unitree_go/msg/detail/dds_fastrtps/path_point__type_support.cpp.o
[97.852s] [ 71%] Building CXX object CMakeFiles/unitree_go__rosidl_typesupport_fastrtps_cpp.dir/rosidl_typesupport_fastrtps_cpp/unitree_go/msg/detail/dds_fastrtps/req__type_support.cpp.o
[98.709s] [ 71%] Building CXX object CMakeFiles/unitree_go__rosidl_typesupport_fastrtps_cpp.dir/rosidl_typesupport_fastrtps_cpp/unitree_go/msg/detail/dds_fastrtps/res__type_support.cpp.o
[99.656s] [ 72%] Building CXX object CMakeFiles/unitree_go__rosidl_typesupport_fastrtps_cpp.dir/rosidl_typesupport_fastrtps_cpp/unitree_go/msg/detail/dds_fastrtps/sport_mode_cmd__type_support.cpp.o
[100.545s] [ 72%] Building CXX object CMakeFiles/unitree_go__rosidl_typesupport_fastrtps_cpp.dir/rosidl_typesupport_fastrtps_cpp/unitree_go/msg/detail/dds_fastrtps/sport_mode_state__type_support.cpp.o
[101.447s] [ 73%] Building CXX object CMakeFiles/unitree_go__rosidl_typesupport_fastrtps_cpp.dir/rosidl_typesupport_fastrtps_cpp/unitree_go/msg/detail/dds_fastrtps/time_spec__type_support.cpp.o
[102.389s] [ 73%] Building CXX object CMakeFiles/unitree_go__rosidl_typesupport_fastrtps_cpp.dir/rosidl_typesupport_fastrtps_cpp/unitree_go/msg/detail/dds_fastrtps/uwb_state__type_support.cpp.o
[103.368s] [ 74%] Building CXX object CMakeFiles/unitree_go__rosidl_typesupport_fastrtps_cpp.dir/rosidl_typesupport_fastrtps_cpp/unitree_go/msg/detail/dds_fastrtps/uwb_switch__type_support.cpp.o
[104.213s] [ 74%] Building CXX object CMakeFiles/unitree_go__rosidl_typesupport_fastrtps_cpp.dir/rosidl_typesupport_fastrtps_cpp/unitree_go/msg/detail/dds_fastrtps/wireless_controller__type_support.cpp.o
[105.069s] [ 75%] Building CXX object CMakeFiles/unitree_go__rosidl_typesupport_fastrtps_cpp.dir/rosidl_typesupport_fastrtps_cpp/unitree_go/msg/detail/dds_fastrtps/bms_state__type_support.cpp.o
[105.070s] [ 75%] Building CXX object CMakeFiles/unitree_go__rosidl_typesupport_fastrtps_cpp.dir/rosidl_typesupport_fastrtps_cpp/unitree_go/msg/detail/dds_fastrtps/bms_cmd__type_support.cpp.o
[106.014s] [ 76%] Linking CXX shared library libunitree_go__rosidl_typesupport_fastrtps_cpp.so
[106.214s] [ 76%] Built target unitree_go__rosidl_typesupport_fastrtps_cpp
[106.238s] [ 76%] Generating C type support for eProsima Fast-RTPS
[109.440s] Scanning dependencies of target unitree_go__rosidl_typesupport_fastrtps_c
[109.466s] [ 77%] Building CXX object CMakeFiles/unitree_go__rosidl_typesupport_fastrtps_c.dir/rosidl_typesupport_fastrtps_c/unitree_go/msg/detail/audio_data__type_support_c.cpp.o
[109.466s] [ 77%] Building CXX object CMakeFiles/unitree_go__rosidl_typesupport_fastrtps_c.dir/rosidl_typesupport_fastrtps_c/unitree_go/msg/detail/bms_cmd__type_support_c.cpp.o
[110.225s] [ 77%] Building CXX object CMakeFiles/unitree_go__rosidl_typesupport_fastrtps_c.dir/rosidl_typesupport_fastrtps_c/unitree_go/msg/detail/bms_state__type_support_c.cpp.o
[110.232s] [ 78%] Building CXX object CMakeFiles/unitree_go__rosidl_typesupport_fastrtps_c.dir/rosidl_typesupport_fastrtps_c/unitree_go/msg/detail/error__type_support_c.cpp.o
[110.287s] [ 78%] Building CXX object CMakeFiles/unitree_go__rosidl_typesupport_fastrtps_c.dir/rosidl_typesupport_fastrtps_c/unitree_go/msg/detail/go2_front_video_data__type_support_c.cpp.o
[110.313s] [ 79%] Building CXX object CMakeFiles/unitree_go__rosidl_typesupport_fastrtps_c.dir/rosidl_typesupport_fastrtps_c/unitree_go/msg/detail/height_map__type_support_c.cpp.o
[111.166s] [ 79%] Building CXX object CMakeFiles/unitree_go__rosidl_typesupport_fastrtps_c.dir/rosidl_typesupport_fastrtps_c/unitree_go/msg/detail/imu_state__type_support_c.cpp.o
[111.369s] [ 80%] Building CXX object CMakeFiles/unitree_go__rosidl_typesupport_fastrtps_c.dir/rosidl_typesupport_fastrtps_c/unitree_go/msg/detail/interface_config__type_support_c.cpp.o
[111.434s] [ 80%] Building CXX object CMakeFiles/unitree_go__rosidl_typesupport_fastrtps_c.dir/rosidl_typesupport_fastrtps_c/unitree_go/msg/detail/lidar_state__type_support_c.cpp.o
[111.453s] [ 81%] Building CXX object CMakeFiles/unitree_go__rosidl_typesupport_fastrtps_c.dir/rosidl_typesupport_fastrtps_c/unitree_go/msg/detail/low_cmd__type_support_c.cpp.o
[112.369s] [ 82%] Building CXX object CMakeFiles/unitree_go__rosidl_typesupport_fastrtps_c.dir/rosidl_typesupport_fastrtps_c/unitree_go/msg/detail/motor_cmd__type_support_c.cpp.o
[112.370s] [ 82%] Building CXX object CMakeFiles/unitree_go__rosidl_typesupport_fastrtps_c.dir/rosidl_typesupport_fastrtps_c/unitree_go/msg/detail/low_state__type_support_c.cpp.o
[112.408s] [ 82%] Building CXX object CMakeFiles/unitree_go__rosidl_typesupport_fastrtps_c.dir/rosidl_typesupport_fastrtps_c/unitree_go/msg/detail/motor_cmds__type_support_c.cpp.o
[112.531s] [ 82%] Building CXX object CMakeFiles/unitree_go__rosidl_typesupport_fastrtps_c.dir/rosidl_typesupport_fastrtps_c/unitree_go/msg/detail/motor_state__type_support_c.cpp.o
[113.395s] [ 82%] Building CXX object CMakeFiles/unitree_go__rosidl_typesupport_fastrtps_c.dir/rosidl_typesupport_fastrtps_c/unitree_go/msg/detail/path_point__type_support_c.cpp.o
[113.399s] [ 83%] Building CXX object CMakeFiles/unitree_go__rosidl_typesupport_fastrtps_c.dir/rosidl_typesupport_fastrtps_c/unitree_go/msg/detail/motor_states__type_support_c.cpp.o
[113.492s] [ 84%] Building CXX object CMakeFiles/unitree_go__rosidl_typesupport_fastrtps_c.dir/rosidl_typesupport_fastrtps_c/unitree_go/msg/detail/req__type_support_c.cpp.o
[113.581s] [ 84%] Building CXX object CMakeFiles/unitree_go__rosidl_typesupport_fastrtps_c.dir/rosidl_typesupport_fastrtps_c/unitree_go/msg/detail/res__type_support_c.cpp.o
[114.463s] [ 85%] Building CXX object CMakeFiles/unitree_go__rosidl_typesupport_fastrtps_c.dir/rosidl_typesupport_fastrtps_c/unitree_go/msg/detail/sport_mode_cmd__type_support_c.cpp.o
[114.478s] [ 85%] Building CXX object CMakeFiles/unitree_go__rosidl_typesupport_fastrtps_c.dir/rosidl_typesupport_fastrtps_c/unitree_go/msg/detail/sport_mode_state__type_support_c.cpp.o
[114.578s] [ 86%] Building CXX object CMakeFiles/unitree_go__rosidl_typesupport_fastrtps_c.dir/rosidl_typesupport_fastrtps_c/unitree_go/msg/detail/time_spec__type_support_c.cpp.o
[114.585s] [ 86%] Building CXX object CMakeFiles/unitree_go__rosidl_typesupport_fastrtps_c.dir/rosidl_typesupport_fastrtps_c/unitree_go/msg/detail/uwb_state__type_support_c.cpp.o
[115.441s] [ 87%] Building CXX object CMakeFiles/unitree_go__rosidl_typesupport_fastrtps_c.dir/rosidl_typesupport_fastrtps_c/unitree_go/msg/detail/uwb_switch__type_support_c.cpp.o
[115.601s] [ 87%] Building CXX object CMakeFiles/unitree_go__rosidl_typesupport_fastrtps_c.dir/rosidl_typesupport_fastrtps_c/unitree_go/msg/detail/wireless_controller__type_support_c.cpp.o
[116.382s] [ 88%] Linking CXX shared library libunitree_go__rosidl_typesupport_fastrtps_c.so
[116.573s] [ 88%] Built target unitree_go__rosidl_typesupport_fastrtps_c
[116.593s] Scanning dependencies of target unitree_go
[116.616s] [ 88%] Built target unitree_go
[116.637s] Scanning dependencies of target unitree_go__py
[116.659s] [ 89%] Generating Python code for ROS interfaces
[126.879s] [ 89%] Built target unitree_go__py
[126.975s] Scanning dependencies of target unitree_go__python
[127.007s] [ 89%] Building C object CMakeFiles/unitree_go__python.dir/rosidl_generator_py/unitree_go/msg/_audio_data_s.c.o
[127.193s] [ 90%] Building C object CMakeFiles/unitree_go__python.dir/rosidl_generator_py/unitree_go/msg/_error_s.c.o
[127.360s] [ 90%] Building C object CMakeFiles/unitree_go__python.dir/rosidl_generator_py/unitree_go/msg/_go2_front_video_data_s.c.o
[127.569s] [ 91%] Building C object CMakeFiles/unitree_go__python.dir/rosidl_generator_py/unitree_go/msg/_height_map_s.c.o
[127.790s] [ 91%] Building C object CMakeFiles/unitree_go__python.dir/rosidl_generator_py/unitree_go/msg/_imu_state_s.c.o
[128.002s] [ 92%] Building C object CMakeFiles/unitree_go__python.dir/rosidl_generator_py/unitree_go/msg/_interface_config_s.c.o
[128.183s] [ 92%] Building C object CMakeFiles/unitree_go__python.dir/rosidl_generator_py/unitree_go/msg/_lidar_state_s.c.o
[128.408s] [ 93%] Building C object CMakeFiles/unitree_go__python.dir/rosidl_generator_py/unitree_go/msg/_low_cmd_s.c.o
[128.633s] [ 93%] Building C object CMakeFiles/unitree_go__python.dir/rosidl_generator_py/unitree_go/msg/_low_state_s.c.o
[128.897s] [ 93%] Building C object CMakeFiles/unitree_go__python.dir/rosidl_generator_py/unitree_go/msg/_motor_cmd_s.c.o
[129.098s] [ 94%] Building C object CMakeFiles/unitree_go__python.dir/rosidl_generator_py/unitree_go/msg/_motor_cmds_s.c.o
[129.272s] [ 94%] Building C object CMakeFiles/unitree_go__python.dir/rosidl_generator_py/unitree_go/msg/_motor_state_s.c.o
[129.479s] [ 95%] Building C object CMakeFiles/unitree_go__python.dir/rosidl_generator_py/unitree_go/msg/_motor_states_s.c.o
[129.654s] [ 95%] Building C object CMakeFiles/unitree_go__python.dir/rosidl_generator_py/unitree_go/msg/_path_point_s.c.o
[129.828s] [ 96%] Building C object CMakeFiles/unitree_go__python.dir/rosidl_generator_py/unitree_go/msg/_req_s.c.o
[130.000s] [ 96%] Building C object CMakeFiles/unitree_go__python.dir/rosidl_generator_py/unitree_go/msg/_res_s.c.o
[130.201s] [ 97%] Building C object CMakeFiles/unitree_go__python.dir/rosidl_generator_py/unitree_go/msg/_sport_mode_cmd_s.c.o
[130.406s] [ 97%] Building C object CMakeFiles/unitree_go__python.dir/rosidl_generator_py/unitree_go/msg/_sport_mode_state_s.c.o
[130.628s] [ 98%] Building C object CMakeFiles/unitree_go__python.dir/rosidl_generator_py/unitree_go/msg/_time_spec_s.c.o
[130.796s] [ 98%] Building C object CMakeFiles/unitree_go__python.dir/rosidl_generator_py/unitree_go/msg/_uwb_state_s.c.o
[131.021s] [ 99%] Building C object CMakeFiles/unitree_go__python.dir/rosidl_generator_py/unitree_go/msg/_uwb_switch_s.c.o
[131.185s] [ 99%] Building C object CMakeFiles/unitree_go__python.dir/rosidl_generator_py/unitree_go/msg/_wireless_controller_s.c.o
[131.358s] [ 99%] Building C object CMakeFiles/unitree_go__python.dir/rosidl_generator_py/unitree_go/msg/_bms_state_s.c.o
[131.571s] [100%] Building C object CMakeFiles/unitree_go__python.dir/rosidl_generator_py/unitree_go/msg/_bms_cmd_s.c.o
[131.750s] [100%] Linking C shared library rosidl_generator_py/unitree_go/libunitree_go__python.so
[131.844s] [100%] Built target unitree_go__python
[131.879s] Scanning dependencies of target unitree_go__rosidl_typesupport_c__pyext
[131.904s] [100%] Building C object CMakeFiles/unitree_go__rosidl_typesupport_c__pyext.dir/rosidl_generator_py/unitree_go/_unitree_go_s.ep.rosidl_typesupport_c.c.o
[132.195s] [100%] Linking C shared library rosidl_generator_py/unitree_go/unitree_go_s__rosidl_typesupport_c.cpython-38-aarch64-linux-gnu.so
[132.273s] [100%] Built target unitree_go__rosidl_typesupport_c__pyext
[132.315s] Scanning dependencies of target unitree_go__rosidl_typesupport_fastrtps_c__pyext
[132.338s] [100%] Building C object CMakeFiles/unitree_go__rosidl_typesupport_fastrtps_c__pyext.dir/rosidl_generator_py/unitree_go/_unitree_go_s.ep.rosidl_typesupport_fastrtps_c.c.o
[132.634s] [100%] Linking CXX shared library rosidl_generator_py/unitree_go/unitree_go_s__rosidl_typesupport_fastrtps_c.cpython-38-aarch64-linux-gnu.so
[132.762s] [100%] Built target unitree_go__rosidl_typesupport_fastrtps_c__pyext
[132.799s] Scanning dependencies of target unitree_go__rosidl_typesupport_introspection_c__pyext
[132.823s] [100%] Building C object CMakeFiles/unitree_go__rosidl_typesupport_introspection_c__pyext.dir/rosidl_generator_py/unitree_go/_unitree_go_s.ep.rosidl_typesupport_introspection_c.c.o
[133.142s] [100%] Linking C shared library rosidl_generator_py/unitree_go/unitree_go_s__rosidl_typesupport_introspection_c.cpython-38-aarch64-linux-gnu.so
[133.217s] [100%] Built target unitree_go__rosidl_typesupport_introspection_c__pyext
[133.245s] Invoked command in '/home/unitree/robotscene/external/unitree_ros2/cyclonedds_ws/build/unitree_go' returned '0': CMAKE_PREFIX_PATH=/opt/ros/foxy /usr/bin/cmake --build /home/unitree/robotscene/external/unitree_ros2/cyclonedds_ws/build/unitree_go -- -j4 -l4
[133.803s] Invoking command in '/home/unitree/robotscene/external/unitree_ros2/cyclonedds_ws/build/unitree_go': CMAKE_PREFIX_PATH=/opt/ros/foxy /usr/bin/cmake --install /home/unitree/robotscene/external/unitree_ros2/cyclonedds_ws/build/unitree_go
[133.821s] -- Install configuration: ""
[133.822s] -- Installing: /home/unitree/robotscene/external/unitree_ros2/cyclonedds_ws/install/unitree_go/share/ament_index/resource_index/rosidl_interfaces/unitree_go
[133.823s] -- Installing: /home/unitree/robotscene/external/unitree_ros2/cyclonedds_ws/install/unitree_go/include/unitree_go
[133.823s] -- Installing: /home/unitree/robotscene/external/unitree_ros2/cyclonedds_ws/install/unitree_go/include/unitree_go/msg
[133.823s] -- Installing: /home/unitree/robotscene/external/unitree_ros2/cyclonedds_ws/install/unitree_go/include/unitree_go/msg/rosidl_generator_c__visibility_control.h
[133.823s] -- Installing: /home/unitree/robotscene/external/unitree_ros2/cyclonedds_ws/install/unitree_go/include/unitree_go/msg/path_point.h
[133.824s] -- Installing: /home/unitree/robotscene/external/unitree_ros2/cyclonedds_ws/install/unitree_go/include/unitree_go/msg/imu_state.h
[133.824s] -- Installing: /home/unitree/robotscene/external/unitree_ros2/cyclonedds_ws/install/unitree_go/include/unitree_go/msg/motor_cmd.h
[133.824s] -- Installing: /home/unitree/robotscene/external/unitree_ros2/cyclonedds_ws/install/unitree_go/include/unitree_go/msg/bms_state.h
[133.824s] -- Installing: /home/unitree/robotscene/external/unitree_ros2/cyclonedds_ws/install/unitree_go/include/unitree_go/msg/interface_config.h
[133.824s] -- Installing: /home/unitree/robotscene/external/unitree_ros2/cyclonedds_ws/install/unitree_go/include/unitree_go/msg/time_spec.h
[133.824s] -- Installing: /home/unitree/robotscene/external/unitree_ros2/cyclonedds_ws/install/unitree_go/include/unitree_go/msg/bms_cmd.h
[133.825s] -- Installing: /home/unitree/robotscene/external/unitree_ros2/cyclonedds_ws/install/unitree_go/include/unitree_go/msg/height_map.h
[133.825s] -- Installing: /home/unitree/robotscene/external/unitree_ros2/cyclonedds_ws/install/unitree_go/include/unitree_go/msg/uwb_switch.h
[133.825s] -- Installing: /home/unitree/robotscene/external/unitree_ros2/cyclonedds_ws/install/unitree_go/include/unitree_go/msg/res.h
[133.825s] -- Installing: /home/unitree/robotscene/external/unitree_ros2/cyclonedds_ws/install/unitree_go/include/unitree_go/msg/sport_mode_cmd.h
[133.825s] -- Installing: /home/unitree/robotscene/external/unitree_ros2/cyclonedds_ws/install/unitree_go/include/unitree_go/msg/audio_data.h
[133.825s] -- Installing: /home/unitree/robotscene/external/unitree_ros2/cyclonedds_ws/install/unitree_go/include/unitree_go/msg/motor_cmds.h
[133.826s] -- Installing: /home/unitree/robotscene/external/unitree_ros2/cyclonedds_ws/install/unitree_go/include/unitree_go/msg/lidar_state.h
[133.826s] -- Installing: /home/unitree/robotscene/external/unitree_ros2/cyclonedds_ws/install/unitree_go/include/unitree_go/msg/go2_front_video_data.h
[133.826s] -- Installing: /home/unitree/robotscene/external/unitree_ros2/cyclonedds_ws/install/unitree_go/include/unitree_go/msg/uwb_state.h
[133.826s] -- Installing: /home/unitree/robotscene/external/unitree_ros2/cyclonedds_ws/install/unitree_go/include/unitree_go/msg/motor_state.h
[133.827s] -- Installing: /home/unitree/robotscene/external/unitree_ros2/cyclonedds_ws/install/unitree_go/include/unitree_go/msg/req.h
[133.827s] -- Installing: /home/unitree/robotscene/external/unitree_ros2/cyclonedds_ws/install/unitree_go/include/unitree_go/msg/detail
[133.827s] -- Installing: /home/unitree/robotscene/external/unitree_ros2/cyclonedds_ws/install/unitree_go/include/unitree_go/msg/detail/motor_cmd__functions.h
[133.827s] -- Installing: /home/unitree/robotscene/external/unitree_ros2/cyclonedds_ws/install/unitree_go/include/unitree_go/msg/detail/req__functions.h
[133.827s] -- Installing: /home/unitree/robotscene/external/unitree_ros2/cyclonedds_ws/install/unitree_go/include/unitree_go/msg/detail/motor_cmds__struct.h
[133.828s] -- Installing: /home/unitree/robotscene/external/unitree_ros2/cyclonedds_ws/install/unitree_go/include/unitree_go/msg/detail/motor_cmds__functions.h
[133.828s] -- Installing: /home/unitree/robotscene/external/unitree_ros2/cyclonedds_ws/install/unitree_go/include/unitree_go/msg/detail/sport_mode_cmd__functions.h
[133.828s] -- Installing: /home/unitree/robotscene/external/unitree_ros2/cyclonedds_ws/install/unitree_go/include/unitree_go/msg/detail/motor_cmds__functions.c
[133.829s] -- Installing: /home/unitree/robotscene/external/unitree_ros2/cyclonedds_ws/install/unitree_go/include/unitree_go/msg/detail/motor_cmd__functions.c
[133.829s] -- Installing: /home/unitree/robotscene/external/unitree_ros2/cyclonedds_ws/install/unitree_go/include/unitree_go/msg/detail/go2_front_video_data__functions.c
[133.829s] -- Installing: /home/unitree/robotscene/external/unitree_ros2/cyclonedds_ws/install/unitree_go/include/unitree_go/msg/detail/low_cmd__type_support.h
[133.830s] -- Installing: /home/unitree/robotscene/external/unitree_ros2/cyclonedds_ws/install/unitree_go/include/unitree_go/msg/detail/uwb_switch__functions.h
[133.830s] -- Installing: /home/unitree/robotscene/external/unitree_ros2/cyclonedds_ws/install/unitree_go/include/unitree_go/msg/detail/uwb_state__type_support.h
[133.830s] -- Installing: /home/unitree/robotscene/external/unitree_ros2/cyclonedds_ws/install/unitree_go/include/unitree_go/msg/detail/motor_cmd__struct.h
[133.830s] -- Installing: /home/unitree/robotscene/external/unitree_ros2/cyclonedds_ws/install/unitree_go/include/unitree_go/msg/detail/low_state__struct.h
[133.831s] -- Installing: /home/unitree/robotscene/external/unitree_ros2/cyclonedds_ws/install/unitree_go/include/unitree_go/msg/detail/sport_mode_state__functions.h
[133.831s] -- Installing: /home/unitree/robotscene/external/unitree_ros2/cyclonedds_ws/install/unitree_go/include/unitree_go/msg/detail/bms_state__functions.c
[133.831s] -- Installing: /home/unitree/robotscene/external/unitree_ros2/cyclonedds_ws/install/unitree_go/include/unitree_go/msg/detail/uwb_state__struct.h
[133.831s] -- Installing: /home/unitree/robotscene/external/unitree_ros2/cyclonedds_ws/install/unitree_go/include/unitree_go/msg/detail/res__struct.h
[133.832s] -- Installing: /home/unitree/robotscene/external/unitree_ros2/cyclonedds_ws/install/unitree_go/include/unitree_go/msg/detail/interface_config__struct.h
[133.832s] -- Installing: /home/unitree/robotscene/external/unitree_ros2/cyclonedds_ws/install/unitree_go/include/unitree_go/msg/detail/audio_data__type_support.h
[133.832s] -- Installing: /home/unitree/robotscene/external/unitree_ros2/cyclonedds_ws/install/unitree_go/include/unitree_go/msg/detail/lidar_state__functions.c
[133.832s] -- Installing: /home/unitree/robotscene/external/unitree_ros2/cyclonedds_ws/install/unitree_go/include/unitree_go/msg/detail/wireless_controller__functions.c
[133.833s] -- Installing: /home/unitree/robotscene/external/unitree_ros2/cyclonedds_ws/install/unitree_go/include/unitree_go/msg/detail/interface_config__functions.h
[133.833s] -- Installing: /home/unitree/robotscene/external/unitree_ros2/cyclonedds_ws/install/unitree_go/include/unitree_go/msg/detail/motor_states__functions.h
[133.833s] -- Installing: /home/unitree/robotscene/external/unitree_ros2/cyclonedds_ws/install/unitree_go/include/unitree_go/msg/detail/audio_data__struct.h
[133.833s] -- Installing: /home/unitree/robotscene/external/unitree_ros2/cyclonedds_ws/install/unitree_go/include/unitree_go/msg/detail/low_state__functions.h
[133.834s] -- Installing: /home/unitree/robotscene/external/unitree_ros2/cyclonedds_ws/install/unitree_go/include/unitree_go/msg/detail/motor_states__type_support.h
[133.834s] -- Installing: /home/unitree/robotscene/external/unitree_ros2/cyclonedds_ws/install/unitree_go/include/unitree_go/msg/detail/res__type_support.h
[133.834s] -- Installing: /home/unitree/robotscene/external/unitree_ros2/cyclonedds_ws/install/unitree_go/include/unitree_go/msg/detail/motor_cmd__type_support.h
[133.834s] -- Installing: /home/unitree/robotscene/external/unitree_ros2/cyclonedds_ws/install/unitree_go/include/unitree_go/msg/detail/error__functions.h
[133.834s] -- Installing: /home/unitree/robotscene/external/unitree_ros2/cyclonedds_ws/install/unitree_go/include/unitree_go/msg/detail/res__functions.h
[133.835s] -- Installing: /home/unitree/robotscene/external/unitree_ros2/cyclonedds_ws/install/unitree_go/include/unitree_go/msg/detail/interface_config__functions.c
[133.835s] -- Installing: /home/unitree/robotscene/external/unitree_ros2/cyclonedds_ws/install/unitree_go/include/unitree_go/msg/detail/height_map__functions.h
[133.835s] -- Installing: /home/unitree/robotscene/external/unitree_ros2/cyclonedds_ws/install/unitree_go/include/unitree_go/msg/detail/bms_cmd__functions.c
[133.835s] -- Installing: /home/unitree/robotscene/external/unitree_ros2/cyclonedds_ws/install/unitree_go/include/unitree_go/msg/detail/motor_cmds__type_support.h
[133.836s] -- Installing: /home/unitree/robotscene/external/unitree_ros2/cyclonedds_ws/install/unitree_go/include/unitree_go/msg/detail/motor_states__functions.c
[133.836s] -- Installing: /home/unitree/robotscene/external/unitree_ros2/cyclonedds_ws/install/unitree_go/include/unitree_go/msg/detail/lidar_state__struct.h
[133.836s] -- Installing: /home/unitree/robotscene/external/unitree_ros2/cyclonedds_ws/install/unitree_go/include/unitree_go/msg/detail/uwb_switch__functions.c
[133.836s] -- Installing: /home/unitree/robotscene/external/unitree_ros2/cyclonedds_ws/install/unitree_go/include/unitree_go/msg/detail/bms_state__functions.h
[133.837s] -- Installing: /home/unitree/robotscene/external/unitree_ros2/cyclonedds_ws/install/unitree_go/include/unitree_go/msg/detail/audio_data__functions.c
[133.837s] -- Installing: /home/unitree/robotscene/external/unitree_ros2/cyclonedds_ws/install/unitree_go/include/unitree_go/msg/detail/error__functions.c
[133.837s] -- Installing: /home/unitree/robotscene/external/unitree_ros2/cyclonedds_ws/install/unitree_go/include/unitree_go/msg/detail/bms_state__struct.h
[133.837s] -- Installing: /home/unitree/robotscene/external/unitree_ros2/cyclonedds_ws/install/unitree_go/include/unitree_go/msg/detail/low_cmd__struct.h
[133.837s] -- Installing: /home/unitree/robotscene/external/unitree_ros2/cyclonedds_ws/install/unitree_go/include/unitree_go/msg/detail/motor_state__struct.h
[133.838s] -- Installing: /home/unitree/robotscene/external/unitree_ros2/cyclonedds_ws/install/unitree_go/include/unitree_go/msg/detail/wireless_controller__functions.h
[133.838s] -- Installing: /home/unitree/robotscene/external/unitree_ros2/cyclonedds_ws/install/unitree_go/include/unitree_go/msg/detail/sport_mode_state__struct.h
[133.838s] -- Installing: /home/unitree/robotscene/external/unitree_ros2/cyclonedds_ws/install/unitree_go/include/unitree_go/msg/detail/sport_mode_cmd__struct.h
[133.838s] -- Installing: /home/unitree/robotscene/external/unitree_ros2/cyclonedds_ws/install/unitree_go/include/unitree_go/msg/detail/interface_config__type_support.h
[133.838s] -- Installing: /home/unitree/robotscene/external/unitree_ros2/cyclonedds_ws/install/unitree_go/include/unitree_go/msg/detail/sport_mode_state__functions.c
[133.839s] -- Installing: /home/unitree/robotscene/external/unitree_ros2/cyclonedds_ws/install/unitree_go/include/unitree_go/msg/detail/go2_front_video_data__type_support.h
[133.839s] -- Installing: /home/unitree/robotscene/external/unitree_ros2/cyclonedds_ws/install/unitree_go/include/unitree_go/msg/detail/low_cmd__functions.h
[133.839s] -- Installing: /home/unitree/robotscene/external/unitree_ros2/cyclonedds_ws/install/unitree_go/include/unitree_go/msg/detail/wireless_controller__struct.h
[133.839s] -- Installing: /home/unitree/robotscene/external/unitree_ros2/cyclonedds_ws/install/unitree_go/include/unitree_go/msg/detail/bms_cmd__struct.h
[133.839s] -- Installing: /home/unitree/robotscene/external/unitree_ros2/cyclonedds_ws/install/unitree_go/include/unitree_go/msg/detail/sport_mode_state__type_support.h
[133.840s] -- Installing: /home/unitree/robotscene/external/unitree_ros2/cyclonedds_ws/install/unitree_go/include/unitree_go/msg/detail/motor_state__type_support.h
[133.840s] -- Installing: /home/unitree/robotscene/external/unitree_ros2/cyclonedds_ws/install/unitree_go/include/unitree_go/msg/detail/time_spec__functions.c
[133.840s] -- Installing: /home/unitree/robotscene/external/unitree_ros2/cyclonedds_ws/install/unitree_go/include/unitree_go/msg/detail/height_map__struct.h
[133.840s] -- Installing: /home/unitree/robotscene/external/unitree_ros2/cyclonedds_ws/install/unitree_go/include/unitree_go/msg/detail/motor_states__struct.h
[133.841s] -- Installing: /home/unitree/robotscene/external/unitree_ros2/cyclonedds_ws/install/unitree_go/include/unitree_go/msg/detail/go2_front_video_data__struct.h
[133.841s] -- Installing: /home/unitree/robotscene/external/unitree_ros2/cyclonedds_ws/install/unitree_go/include/unitree_go/msg/detail/audio_data__functions.h
[133.841s] -- Installing: /home/unitree/robotscene/external/unitree_ros2/cyclonedds_ws/install/unitree_go/include/unitree_go/msg/detail/time_spec__functions.h
[133.842s] -- Installing: /home/unitree/robotscene/external/unitree_ros2/cyclonedds_ws/install/unitree_go/include/unitree_go/msg/detail/time_spec__struct.h
[133.842s] -- Installing: /home/unitree/robotscene/external/unitree_ros2/cyclonedds_ws/install/unitree_go/include/unitree_go/msg/detail/uwb_state__functions.h
[133.842s] -- Installing: /home/unitree/robotscene/external/unitree_ros2/cyclonedds_ws/install/unitree_go/include/unitree_go/msg/detail/imu_state__type_support.h
[133.842s] -- Installing: /home/unitree/robotscene/external/unitree_ros2/cyclonedds_ws/install/unitree_go/include/unitree_go/msg/detail/path_point__struct.h
[133.842s] -- Installing: /home/unitree/robotscene/external/unitree_ros2/cyclonedds_ws/install/unitree_go/include/unitree_go/msg/detail/uwb_switch__type_support.h
[133.843s] -- Installing: /home/unitree/robotscene/external/unitree_ros2/cyclonedds_ws/install/unitree_go/include/unitree_go/msg/detail/uwb_state__functions.c
[133.843s] -- Installing: /home/unitree/robotscene/external/unitree_ros2/cyclonedds_ws/install/unitree_go/include/unitree_go/msg/detail/height_map__type_support.h
[133.843s] -- Installing: /home/unitree/robotscene/external/unitree_ros2/cyclonedds_ws/install/unitree_go/include/unitree_go/msg/detail/low_state__functions.c
[133.843s] -- Installing: /home/unitree/robotscene/external/unitree_ros2/cyclonedds_ws/install/unitree_go/include/unitree_go/msg/detail/bms_cmd__functions.h
[133.843s] -- Installing: /home/unitree/robotscene/external/unitree_ros2/cyclonedds_ws/install/unitree_go/include/unitree_go/msg/detail/time_spec__type_support.h
[133.844s] -- Installing: /home/unitree/robotscene/external/unitree_ros2/cyclonedds_ws/install/unitree_go/include/unitree_go/msg/detail/req__type_support.h
[133.844s] -- Installing: /home/unitree/robotscene/external/unitree_ros2/cyclonedds_ws/install/unitree_go/include/unitree_go/msg/detail/path_point__functions.h
[133.844s] -- Installing: /home/unitree/robotscene/external/unitree_ros2/cyclonedds_ws/install/unitree_go/include/unitree_go/msg/detail/error__type_support.h
[133.844s] -- Installing: /home/unitree/robotscene/external/unitree_ros2/cyclonedds_ws/install/unitree_go/include/unitree_go/msg/detail/bms_state__type_support.h
[133.845s] -- Installing: /home/unitree/robotscene/external/unitree_ros2/cyclonedds_ws/install/unitree_go/include/unitree_go/msg/detail/lidar_state__functions.h
[133.845s] -- Installing: /home/unitree/robotscene/external/unitree_ros2/cyclonedds_ws/install/unitree_go/include/unitree_go/msg/detail/req__struct.h
[133.845s] -- Installing: /home/unitree/robotscene/external/unitree_ros2/cyclonedds_ws/install/unitree_go/include/unitree_go/msg/detail/error__struct.h
[133.845s] -- Installing: /home/unitree/robotscene/external/unitree_ros2/cyclonedds_ws/install/unitree_go/include/unitree_go/msg/detail/req__functions.c
[133.845s] -- Installing: /home/unitree/robotscene/external/unitree_ros2/cyclonedds_ws/install/unitree_go/include/unitree_go/msg/detail/wireless_controller__type_support.h
[133.845s] -- Installing: /home/unitree/robotscene/external/unitree_ros2/cyclonedds_ws/install/unitree_go/include/unitree_go/msg/detail/motor_state__functions.c
[133.846s] -- Installing: /home/unitree/robotscene/external/unitree_ros2/cyclonedds_ws/install/unitree_go/include/unitree_go/msg/detail/res__functions.c
[133.847s] -- Installing: /home/unitree/robotscene/external/unitree_ros2/cyclonedds_ws/install/unitree_go/include/unitree_go/msg/detail/lidar_state__type_support.h
[133.847s] -- Installing: /home/unitree/robotscene/external/unitree_ros2/cyclonedds_ws/install/unitree_go/include/unitree_go/msg/detail/low_state__type_support.h
[133.847s] -- Installing: /home/unitree/robotscene/external/unitree_ros2/cyclonedds_ws/install/unitree_go/include/unitree_go/msg/detail/bms_cmd__type_support.h
[133.847s] -- Installing: /home/unitree/robotscene/external/unitree_ros2/cyclonedds_ws/install/unitree_go/include/unitree_go/msg/detail/sport_mode_cmd__functions.c
[133.848s] -- Installing: /home/unitree/robotscene/external/unitree_ros2/cyclonedds_ws/install/unitree_go/include/unitree_go/msg/detail/imu_state__struct.h
[133.848s] -- Installing: /home/unitree/robotscene/external/unitree_ros2/cyclonedds_ws/install/unitree_go/include/unitree_go/msg/detail/path_point__type_support.h
[133.848s] -- Installing: /home/unitree/robotscene/external/unitree_ros2/cyclonedds_ws/install/unitree_go/include/unitree_go/msg/detail/height_map__functions.c
[133.848s] -- Installing: /home/unitree/robotscene/external/unitree_ros2/cyclonedds_ws/install/unitree_go/include/unitree_go/msg/detail/imu_state__functions.c
[133.848s] -- Installing: /home/unitree/robotscene/external/unitree_ros2/cyclonedds_ws/install/unitree_go/include/unitree_go/msg/detail/path_point__functions.c
[133.849s] -- Installing: /home/unitree/robotscene/external/unitree_ros2/cyclonedds_ws/install/unitree_go/include/unitree_go/msg/detail/sport_mode_cmd__type_support.h
[133.849s] -- Installing: /home/unitree/robotscene/external/unitree_ros2/cyclonedds_ws/install/unitree_go/include/unitree_go/msg/detail/motor_state__functions.h
[133.849s] -- Installing: /home/unitree/robotscene/external/unitree_ros2/cyclonedds_ws/install/unitree_go/include/unitree_go/msg/detail/go2_front_video_data__functions.h
[133.849s] -- Installing: /home/unitree/robotscene/external/unitree_ros2/cyclonedds_ws/install/unitree_go/include/unitree_go/msg/detail/imu_state__functions.h
[133.849s] -- Installing: /home/unitree/robotscene/external/unitree_ros2/cyclonedds_ws/install/unitree_go/include/unitree_go/msg/detail/uwb_switch__struct.h
[133.850s] -- Installing: /home/unitree/robotscene/external/unitree_ros2/cyclonedds_ws/install/unitree_go/include/unitree_go/msg/detail/low_cmd__functions.c
[133.850s] -- Installing: /home/unitree/robotscene/external/unitree_ros2/cyclonedds_ws/install/unitree_go/include/unitree_go/msg/motor_states.h
[133.850s] -- Installing: /home/unitree/robotscene/external/unitree_ros2/cyclonedds_ws/install/unitree_go/include/unitree_go/msg/wireless_controller.h
[133.850s] -- Installing: /home/unitree/robotscene/external/unitree_ros2/cyclonedds_ws/install/unitree_go/include/unitree_go/msg/sport_mode_state.h
[133.850s] -- Installing: /home/unitree/robotscene/external/unitree_ros2/cyclonedds_ws/install/unitree_go/include/unitree_go/msg/error.h
[133.850s] -- Installing: /home/unitree/robotscene/external/unitree_ros2/cyclonedds_ws/install/unitree_go/include/unitree_go/msg/low_state.h
[133.851s] -- Installing: /home/unitree/robotscene/external/unitree_ros2/cyclonedds_ws/install/unitree_go/include/unitree_go/msg/low_cmd.h
[133.851s] -- Installing: /home/unitree/robotscene/external/unitree_ros2/cyclonedds_ws/install/unitree_go/share/unitree_go/environment/library_path.sh
[133.851s] -- Installing: /home/unitree/robotscene/external/unitree_ros2/cyclonedds_ws/install/unitree_go/share/unitree_go/environment/library_path.dsv
[133.851s] -- Installing: /home/unitree/robotscene/external/unitree_ros2/cyclonedds_ws/install/unitree_go/lib/libunitree_go__rosidl_generator_c.so
[133.852s] -- Set runtime path of "/home/unitree/robotscene/external/unitree_ros2/cyclonedds_ws/install/unitree_go/lib/libunitree_go__rosidl_generator_c.so" to ""
[133.852s] -- Up-to-date: /home/unitree/robotscene/external/unitree_ros2/cyclonedds_ws/install/unitree_go/include/unitree_go
[133.852s] -- Up-to-date: /home/unitree/robotscene/external/unitree_ros2/cyclonedds_ws/install/unitree_go/include/unitree_go/msg
[133.853s] -- Installing: /home/unitree/robotscene/external/unitree_ros2/cyclonedds_ws/install/unitree_go/include/unitree_go/msg/rosidl_typesupport_fastrtps_c__visibility_control.h
[133.853s] -- Up-to-date: /home/unitree/robotscene/external/unitree_ros2/cyclonedds_ws/install/unitree_go/include/unitree_go/msg/detail
[133.853s] -- Installing: /home/unitree/robotscene/external/unitree_ros2/cyclonedds_ws/install/unitree_go/include/unitree_go/msg/detail/bms_cmd__rosidl_typesupport_fastrtps_c.h
[133.853s] -- Installing: /home/unitree/robotscene/external/unitree_ros2/cyclonedds_ws/install/unitree_go/include/unitree_go/msg/detail/height_map__rosidl_typesupport_fastrtps_c.h
[133.853s] -- Installing: /home/unitree/robotscene/external/unitree_ros2/cyclonedds_ws/install/unitree_go/include/unitree_go/msg/detail/time_spec__rosidl_typesupport_fastrtps_c.h
[133.854s] -- Installing: /home/unitree/robotscene/external/unitree_ros2/cyclonedds_ws/install/unitree_go/include/unitree_go/msg/detail/interface_config__rosidl_typesupport_fastrtps_c.h
[133.854s] -- Installing: /home/unitree/robotscene/external/unitree_ros2/cyclonedds_ws/install/unitree_go/include/unitree_go/msg/detail/motor_state__rosidl_typesupport_fastrtps_c.h
[133.855s] -- Installing: /home/unitree/robotscene/external/unitree_ros2/cyclonedds_ws/install/unitree_go/include/unitree_go/msg/detail/audio_data__rosidl_typesupport_fastrtps_c.h
[133.855s] -- Installing: /home/unitree/robotscene/external/unitree_ros2/cyclonedds_ws/install/unitree_go/include/unitree_go/msg/detail/go2_front_video_data__rosidl_typesupport_fastrtps_c.h
[133.855s] -- Installing: /home/unitree/robotscene/external/unitree_ros2/cyclonedds_ws/install/unitree_go/include/unitree_go/msg/detail/wireless_controller__rosidl_typesupport_fastrtps_c.h
[133.855s] -- Installing: /home/unitree/robotscene/external/unitree_ros2/cyclonedds_ws/install/unitree_go/include/unitree_go/msg/detail/error__rosidl_typesupport_fastrtps_c.h
[133.855s] -- Installing: /home/unitree/robotscene/external/unitree_ros2/cyclonedds_ws/install/unitree_go/include/unitree_go/msg/detail/low_cmd__rosidl_typesupport_fastrtps_c.h
[133.856s] -- Installing: /home/unitree/robotscene/external/unitree_ros2/cyclonedds_ws/install/unitree_go/include/unitree_go/msg/detail/uwb_state__rosidl_typesupport_fastrtps_c.h
[133.856s] -- Installing: /home/unitree/robotscene/external/unitree_ros2/cyclonedds_ws/install/unitree_go/include/unitree_go/msg/detail/lidar_state__rosidl_typesupport_fastrtps_c.h
[133.856s] -- Installing: /home/unitree/robotscene/external/unitree_ros2/cyclonedds_ws/install/unitree_go/include/unitree_go/msg/detail/uwb_switch__rosidl_typesupport_fastrtps_c.h
[133.857s] -- Installing: /home/unitree/robotscene/external/unitree_ros2/cyclonedds_ws/install/unitree_go/include/unitree_go/msg/detail/motor_states__rosidl_typesupport_fastrtps_c.h
[133.857s] -- Installing: /home/unitree/robotscene/external/unitree_ros2/cyclonedds_ws/install/unitree_go/include/unitree_go/msg/detail/res__rosidl_typesupport_fastrtps_c.h
[133.857s] -- Installing: /home/unitree/robotscene/external/unitree_ros2/cyclonedds_ws/install/unitree_go/include/unitree_go/msg/detail/bms_state__rosidl_typesupport_fastrtps_c.h
[133.857s] -- Installing: /home/unitree/robotscene/external/unitree_ros2/cyclonedds_ws/install/unitree_go/include/unitree_go/msg/detail/imu_state__rosidl_typesupport_fastrtps_c.h
[133.857s] -- Installing: /home/unitree/robotscene/external/unitree_ros2/cyclonedds_ws/install/unitree_go/include/unitree_go/msg/detail/motor_cmds__rosidl_typesupport_fastrtps_c.h
[133.858s] -- Installing: /home/unitree/robotscene/external/unitree_ros2/cyclonedds_ws/install/unitree_go/include/unitree_go/msg/detail/low_state__rosidl_typesupport_fastrtps_c.h
[133.858s] -- Installing: /home/unitree/robotscene/external/unitree_ros2/cyclonedds_ws/install/unitree_go/include/unitree_go/msg/detail/sport_mode_cmd__rosidl_typesupport_fastrtps_c.h
[133.858s] -- Installing: /home/unitree/robotscene/external/unitree_ros2/cyclonedds_ws/install/unitree_go/include/unitree_go/msg/detail/path_point__rosidl_typesupport_fastrtps_c.h
[133.858s] -- Installing: /home/unitree/robotscene/external/unitree_ros2/cyclonedds_ws/install/unitree_go/include/unitree_go/msg/detail/motor_cmd__rosidl_typesupport_fastrtps_c.h
[133.858s] -- Installing: /home/unitree/robotscene/external/unitree_ros2/cyclonedds_ws/install/unitree_go/include/unitree_go/msg/detail/req__rosidl_typesupport_fastrtps_c.h
[133.859s] -- Installing: /home/unitree/robotscene/external/unitree_ros2/cyclonedds_ws/install/unitree_go/include/unitree_go/msg/detail/sport_mode_state__rosidl_typesupport_fastrtps_c.h
[133.859s] -- Installing: /home/unitree/robotscene/external/unitree_ros2/cyclonedds_ws/install/unitree_go/lib/libunitree_go__rosidl_typesupport_fastrtps_c.so
[133.860s] -- Set runtime path of "/home/unitree/robotscene/external/unitree_ros2/cyclonedds_ws/install/unitree_go/lib/libunitree_go__rosidl_typesupport_fastrtps_c.so" to ""
[133.860s] -- Up-to-date: /home/unitree/robotscene/external/unitree_ros2/cyclonedds_ws/install/unitree_go/include/unitree_go
[133.860s] -- Up-to-date: /home/unitree/robotscene/external/unitree_ros2/cyclonedds_ws/install/unitree_go/include/unitree_go/msg
[133.860s] -- Installing: /home/unitree/robotscene/external/unitree_ros2/cyclonedds_ws/install/unitree_go/include/unitree_go/msg/rosidl_typesupport_fastrtps_cpp__visibility_control.h
[133.861s] -- Up-to-date: /home/unitree/robotscene/external/unitree_ros2/cyclonedds_ws/install/unitree_go/include/unitree_go/msg/detail
[133.861s] -- Installing: /home/unitree/robotscene/external/unitree_ros2/cyclonedds_ws/install/unitree_go/include/unitree_go/msg/detail/sport_mode_state__rosidl_typesupport_fastrtps_cpp.hpp
[133.861s] -- Installing: /home/unitree/robotscene/external/unitree_ros2/cyclonedds_ws/install/unitree_go/include/unitree_go/msg/detail/low_cmd__rosidl_typesupport_fastrtps_cpp.hpp
[133.861s] -- Installing: /home/unitree/robotscene/external/unitree_ros2/cyclonedds_ws/install/unitree_go/include/unitree_go/msg/detail/time_spec__rosidl_typesupport_fastrtps_cpp.hpp
[133.861s] -- Installing: /home/unitree/robotscene/external/unitree_ros2/cyclonedds_ws/install/unitree_go/include/unitree_go/msg/detail/bms_state__rosidl_typesupport_fastrtps_cpp.hpp
[133.862s] -- Installing: /home/unitree/robotscene/external/unitree_ros2/cyclonedds_ws/install/unitree_go/include/unitree_go/msg/detail/interface_config__rosidl_typesupport_fastrtps_cpp.hpp
[133.862s] -- Installing: /home/unitree/robotscene/external/unitree_ros2/cyclonedds_ws/install/unitree_go/include/unitree_go/msg/detail/motor_states__rosidl_typesupport_fastrtps_cpp.hpp
[133.862s] -- Installing: /home/unitree/robotscene/external/unitree_ros2/cyclonedds_ws/install/unitree_go/include/unitree_go/msg/detail/go2_front_video_data__rosidl_typesupport_fastrtps_cpp.hpp
[133.862s] -- Installing: /home/unitree/robotscene/external/unitree_ros2/cyclonedds_ws/install/unitree_go/include/unitree_go/msg/detail/wireless_controller__rosidl_typesupport_fastrtps_cpp.hpp
[133.862s] -- Installing: /home/unitree/robotscene/external/unitree_ros2/cyclonedds_ws/install/unitree_go/include/unitree_go/msg/detail/motor_state__rosidl_typesupport_fastrtps_cpp.hpp
[133.862s] -- Installing: /home/unitree/robotscene/external/unitree_ros2/cyclonedds_ws/install/unitree_go/include/unitree_go/msg/detail/motor_cmds__rosidl_typesupport_fastrtps_cpp.hpp
[133.863s] -- Installing: /home/unitree/robotscene/external/unitree_ros2/cyclonedds_ws/install/unitree_go/include/unitree_go/msg/detail/audio_data__rosidl_typesupport_fastrtps_cpp.hpp
[133.863s] -- Installing: /home/unitree/robotscene/external/unitree_ros2/cyclonedds_ws/install/unitree_go/include/unitree_go/msg/detail/bms_cmd__rosidl_typesupport_fastrtps_cpp.hpp
[133.863s] -- Installing: /home/unitree/robotscene/external/unitree_ros2/cyclonedds_ws/install/unitree_go/include/unitree_go/msg/detail/lidar_state__rosidl_typesupport_fastrtps_cpp.hpp
[133.863s] -- Installing: /home/unitree/robotscene/external/unitree_ros2/cyclonedds_ws/install/unitree_go/include/unitree_go/msg/detail/req__rosidl_typesupport_fastrtps_cpp.hpp
[133.864s] -- Installing: /home/unitree/robotscene/external/unitree_ros2/cyclonedds_ws/install/unitree_go/include/unitree_go/msg/detail/sport_mode_cmd__rosidl_typesupport_fastrtps_cpp.hpp
[133.864s] -- Installing: /home/unitree/robotscene/external/unitree_ros2/cyclonedds_ws/install/unitree_go/include/unitree_go/msg/detail/height_map__rosidl_typesupport_fastrtps_cpp.hpp
[133.864s] -- Installing: /home/unitree/robotscene/external/unitree_ros2/cyclonedds_ws/install/unitree_go/include/unitree_go/msg/detail/error__rosidl_typesupport_fastrtps_cpp.hpp
[133.864s] -- Installing: /home/unitree/robotscene/external/unitree_ros2/cyclonedds_ws/install/unitree_go/include/unitree_go/msg/detail/uwb_state__rosidl_typesupport_fastrtps_cpp.hpp
[133.865s] -- Installing: /home/unitree/robotscene/external/unitree_ros2/cyclonedds_ws/install/unitree_go/include/unitree_go/msg/detail/motor_cmd__rosidl_typesupport_fastrtps_cpp.hpp
[133.865s] -- Installing: /home/unitree/robotscene/external/unitree_ros2/cyclonedds_ws/install/unitree_go/include/unitree_go/msg/detail/res__rosidl_typesupport_fastrtps_cpp.hpp
[133.865s] -- Installing: /home/unitree/robotscene/external/unitree_ros2/cyclonedds_ws/install/unitree_go/include/unitree_go/msg/detail/low_state__rosidl_typesupport_fastrtps_cpp.hpp
[133.865s] -- Installing: /home/unitree/robotscene/external/unitree_ros2/cyclonedds_ws/install/unitree_go/include/unitree_go/msg/detail/imu_state__rosidl_typesupport_fastrtps_cpp.hpp
[133.866s] -- Installing: /home/unitree/robotscene/external/unitree_ros2/cyclonedds_ws/install/unitree_go/include/unitree_go/msg/detail/path_point__rosidl_typesupport_fastrtps_cpp.hpp
[133.866s] -- Installing: /home/unitree/robotscene/external/unitree_ros2/cyclonedds_ws/install/unitree_go/include/unitree_go/msg/detail/dds_fastrtps
[133.866s] -- Installing: /home/unitree/robotscene/external/unitree_ros2/cyclonedds_ws/install/unitree_go/include/unitree_go/msg/detail/uwb_switch__rosidl_typesupport_fastrtps_cpp.hpp
[133.867s] -- Installing: /home/unitree/robotscene/external/unitree_ros2/cyclonedds_ws/install/unitree_go/lib/libunitree_go__rosidl_typesupport_fastrtps_cpp.so
[133.868s] -- Set runtime path of "/home/unitree/robotscene/external/unitree_ros2/cyclonedds_ws/install/unitree_go/lib/libunitree_go__rosidl_typesupport_fastrtps_cpp.so" to ""
[133.868s] -- Up-to-date: /home/unitree/robotscene/external/unitree_ros2/cyclonedds_ws/install/unitree_go/include/unitree_go
[133.869s] -- Up-to-date: /home/unitree/robotscene/external/unitree_ros2/cyclonedds_ws/install/unitree_go/include/unitree_go/msg
[133.869s] -- Installing: /home/unitree/robotscene/external/unitree_ros2/cyclonedds_ws/install/unitree_go/include/unitree_go/msg/rosidl_typesupport_introspection_c__visibility_control.h
[133.869s] -- Up-to-date: /home/unitree/robotscene/external/unitree_ros2/cyclonedds_ws/install/unitree_go/include/unitree_go/msg/detail
[133.869s] -- Installing: /home/unitree/robotscene/external/unitree_ros2/cyclonedds_ws/install/unitree_go/include/unitree_go/msg/detail/uwb_switch__type_support.c
[133.870s] -- Installing: /home/unitree/robotscene/external/unitree_ros2/cyclonedds_ws/install/unitree_go/include/unitree_go/msg/detail/audio_data__type_support.c
[133.870s] -- Installing: /home/unitree/robotscene/external/unitree_ros2/cyclonedds_ws/install/unitree_go/include/unitree_go/msg/detail/low_state__type_support.c
[133.870s] -- Installing: /home/unitree/robotscene/external/unitree_ros2/cyclonedds_ws/install/unitree_go/include/unitree_go/msg/detail/height_map__rosidl_typesupport_introspection_c.h
[133.871s] -- Installing: /home/unitree/robotscene/external/unitree_ros2/cyclonedds_ws/install/unitree_go/include/unitree_go/msg/detail/uwb_state__type_support.c
[133.871s] -- Installing: /home/unitree/robotscene/external/unitree_ros2/cyclonedds_ws/install/unitree_go/include/unitree_go/msg/detail/motor_cmd__type_support.c
[133.871s] -- Installing: /home/unitree/robotscene/external/unitree_ros2/cyclonedds_ws/install/unitree_go/include/unitree_go/msg/detail/sport_mode_cmd__rosidl_typesupport_introspection_c.h
[133.871s] -- Installing: /home/unitree/robotscene/external/unitree_ros2/cyclonedds_ws/install/unitree_go/include/unitree_go/msg/detail/uwb_switch__rosidl_typesupport_introspection_c.h
[133.871s] -- Installing: /home/unitree/robotscene/external/unitree_ros2/cyclonedds_ws/install/unitree_go/include/unitree_go/msg/detail/motor_state__rosidl_typesupport_introspection_c.h
[133.871s] -- Installing: /home/unitree/robotscene/external/unitree_ros2/cyclonedds_ws/install/unitree_go/include/unitree_go/msg/detail/height_map__type_support.c
[133.872s] -- Installing: /home/unitree/robotscene/external/unitree_ros2/cyclonedds_ws/install/unitree_go/include/unitree_go/msg/detail/imu_state__type_support.c
[133.872s] -- Installing: /home/unitree/robotscene/external/unitree_ros2/cyclonedds_ws/install/unitree_go/include/unitree_go/msg/detail/lidar_state__type_support.c
[133.872s] -- Installing: /home/unitree/robotscene/external/unitree_ros2/cyclonedds_ws/install/unitree_go/include/unitree_go/msg/detail/sport_mode_cmd__type_support.c
[133.872s] -- Installing: /home/unitree/robotscene/external/unitree_ros2/cyclonedds_ws/install/unitree_go/include/unitree_go/msg/detail/low_state__rosidl_typesupport_introspection_c.h
[133.872s] -- Installing: /home/unitree/robotscene/external/unitree_ros2/cyclonedds_ws/install/unitree_go/include/unitree_go/msg/detail/error__rosidl_typesupport_introspection_c.h
[133.873s] -- Installing: /home/unitree/robotscene/external/unitree_ros2/cyclonedds_ws/install/unitree_go/include/unitree_go/msg/detail/sport_mode_state__rosidl_typesupport_introspection_c.h
[133.873s] -- Installing: /home/unitree/robotscene/external/unitree_ros2/cyclonedds_ws/install/unitree_go/include/unitree_go/msg/detail/res__type_support.c
[133.873s] -- Installing: /home/unitree/robotscene/external/unitree_ros2/cyclonedds_ws/install/unitree_go/include/unitree_go/msg/detail/motor_cmds__rosidl_typesupport_introspection_c.h
[133.873s] -- Installing: /home/unitree/robotscene/external/unitree_ros2/cyclonedds_ws/install/unitree_go/include/unitree_go/msg/detail/path_point__rosidl_typesupport_introspection_c.h
[133.874s] -- Installing: /home/unitree/robotscene/external/unitree_ros2/cyclonedds_ws/install/unitree_go/include/unitree_go/msg/detail/error__type_support.c
[133.874s] -- Installing: /home/unitree/robotscene/external/unitree_ros2/cyclonedds_ws/install/unitree_go/include/unitree_go/msg/detail/imu_state__rosidl_typesupport_introspection_c.h
[133.874s] -- Installing: /home/unitree/robotscene/external/unitree_ros2/cyclonedds_ws/install/unitree_go/include/unitree_go/msg/detail/req__rosidl_typesupport_introspection_c.h
[133.874s] -- Installing: /home/unitree/robotscene/external/unitree_ros2/cyclonedds_ws/install/unitree_go/include/unitree_go/msg/detail/uwb_state__rosidl_typesupport_introspection_c.h
[133.874s] -- Installing: /home/unitree/robotscene/external/unitree_ros2/cyclonedds_ws/install/unitree_go/include/unitree_go/msg/detail/interface_config__type_support.c
[133.874s] -- Installing: /home/unitree/robotscene/external/unitree_ros2/cyclonedds_ws/install/unitree_go/include/unitree_go/msg/detail/bms_state__type_support.c
[133.875s] -- Installing: /home/unitree/robotscene/external/unitree_ros2/cyclonedds_ws/install/unitree_go/include/unitree_go/msg/detail/time_spec__rosidl_typesupport_introspection_c.h
[133.875s] -- Installing: /home/unitree/robotscene/external/unitree_ros2/cyclonedds_ws/install/unitree_go/include/unitree_go/msg/detail/motor_state__type_support.c
[133.875s] -- Installing: /home/unitree/robotscene/external/unitree_ros2/cyclonedds_ws/install/unitree_go/include/unitree_go/msg/detail/motor_cmd__rosidl_typesupport_introspection_c.h
[133.875s] -- Installing: /home/unitree/robotscene/external/unitree_ros2/cyclonedds_ws/install/unitree_go/include/unitree_go/msg/detail/path_point__type_support.c
[133.875s] -- Installing: /home/unitree/robotscene/external/unitree_ros2/cyclonedds_ws/install/unitree_go/include/unitree_go/msg/detail/motor_cmds__type_support.c
[133.876s] -- Installing: /home/unitree/robotscene/external/unitree_ros2/cyclonedds_ws/install/unitree_go/include/unitree_go/msg/detail/bms_cmd__type_support.c
[133.876s] -- Installing: /home/unitree/robotscene/external/unitree_ros2/cyclonedds_ws/install/unitree_go/include/unitree_go/msg/detail/motor_states__type_support.c
[133.876s] -- Installing: /home/unitree/robotscene/external/unitree_ros2/cyclonedds_ws/install/unitree_go/include/unitree_go/msg/detail/low_cmd__rosidl_typesupport_introspection_c.h
[133.876s] -- Installing: /home/unitree/robotscene/external/unitree_ros2/cyclonedds_ws/install/unitree_go/include/unitree_go/msg/detail/go2_front_video_data__type_support.c
[133.877s] -- Installing: /home/unitree/robotscene/external/unitree_ros2/cyclonedds_ws/install/unitree_go/include/unitree_go/msg/detail/low_cmd__type_support.c
[133.877s] -- Installing: /home/unitree/robotscene/external/unitree_ros2/cyclonedds_ws/install/unitree_go/include/unitree_go/msg/detail/interface_config__rosidl_typesupport_introspection_c.h
[133.877s] -- Installing: /home/unitree/robotscene/external/unitree_ros2/cyclonedds_ws/install/unitree_go/include/unitree_go/msg/detail/audio_data__rosidl_typesupport_introspection_c.h
[133.877s] -- Installing: /home/unitree/robotscene/external/unitree_ros2/cyclonedds_ws/install/unitree_go/include/unitree_go/msg/detail/sport_mode_state__type_support.c
[133.877s] -- Installing: /home/unitree/robotscene/external/unitree_ros2/cyclonedds_ws/install/unitree_go/include/unitree_go/msg/detail/wireless_controller__type_support.c
[133.878s] -- Installing: /home/unitree/robotscene/external/unitree_ros2/cyclonedds_ws/install/unitree_go/include/unitree_go/msg/detail/lidar_state__rosidl_typesupport_introspection_c.h
[133.878s] -- Installing: /home/unitree/robotscene/external/unitree_ros2/cyclonedds_ws/install/unitree_go/include/unitree_go/msg/detail/bms_state__rosidl_typesupport_introspection_c.h
[133.878s] -- Installing: /home/unitree/robotscene/external/unitree_ros2/cyclonedds_ws/install/unitree_go/include/unitree_go/msg/detail/wireless_controller__rosidl_typesupport_introspection_c.h
[133.878s] -- Installing: /home/unitree/robotscene/external/unitree_ros2/cyclonedds_ws/install/unitree_go/include/unitree_go/msg/detail/bms_cmd__rosidl_typesupport_introspection_c.h
[133.878s] -- Installing: /home/unitree/robotscene/external/unitree_ros2/cyclonedds_ws/install/unitree_go/include/unitree_go/msg/detail/res__rosidl_typesupport_introspection_c.h
[133.879s] -- Installing: /home/unitree/robotscene/external/unitree_ros2/cyclonedds_ws/install/unitree_go/include/unitree_go/msg/detail/motor_states__rosidl_typesupport_introspection_c.h
[133.879s] -- Installing: /home/unitree/robotscene/external/unitree_ros2/cyclonedds_ws/install/unitree_go/include/unitree_go/msg/detail/req__type_support.c
[133.879s] -- Installing: /home/unitree/robotscene/external/unitree_ros2/cyclonedds_ws/install/unitree_go/include/unitree_go/msg/detail/time_spec__type_support.c
[133.879s] -- Installing: /home/unitree/robotscene/external/unitree_ros2/cyclonedds_ws/install/unitree_go/include/unitree_go/msg/detail/go2_front_video_data__rosidl_typesupport_introspection_c.h
[133.879s] -- Installing: /home/unitree/robotscene/external/unitree_ros2/cyclonedds_ws/install/unitree_go/lib/libunitree_go__rosidl_typesupport_introspection_c.so
[133.880s] -- Set runtime path of "/home/unitree/robotscene/external/unitree_ros2/cyclonedds_ws/install/unitree_go/lib/libunitree_go__rosidl_typesupport_introspection_c.so" to ""
[133.880s] -- Installing: /home/unitree/robotscene/external/unitree_ros2/cyclonedds_ws/install/unitree_go/lib/libunitree_go__rosidl_typesupport_c.so
[133.881s] -- Set runtime path of "/home/unitree/robotscene/external/unitree_ros2/cyclonedds_ws/install/unitree_go/lib/libunitree_go__rosidl_typesupport_c.so" to ""
[133.882s] -- Up-to-date: /home/unitree/robotscene/external/unitree_ros2/cyclonedds_ws/install/unitree_go/include/unitree_go
[133.882s] -- Up-to-date: /home/unitree/robotscene/external/unitree_ros2/cyclonedds_ws/install/unitree_go/include/unitree_go/msg
[133.882s] -- Installing: /home/unitree/robotscene/external/unitree_ros2/cyclonedds_ws/install/unitree_go/include/unitree_go/msg/path_point.hpp
[133.882s] -- Installing: /home/unitree/robotscene/external/unitree_ros2/cyclonedds_ws/install/unitree_go/include/unitree_go/msg/audio_data.hpp
[133.882s] -- Installing: /home/unitree/robotscene/external/unitree_ros2/cyclonedds_ws/install/unitree_go/include/unitree_go/msg/motor_state.hpp
[133.883s] -- Installing: /home/unitree/robotscene/external/unitree_ros2/cyclonedds_ws/install/unitree_go/include/unitree_go/msg/motor_states.hpp
[133.883s] -- Installing: /home/unitree/robotscene/external/unitree_ros2/cyclonedds_ws/install/unitree_go/include/unitree_go/msg/lidar_state.hpp
[133.883s] -- Installing: /home/unitree/robotscene/external/unitree_ros2/cyclonedds_ws/install/unitree_go/include/unitree_go/msg/imu_state.hpp
[133.884s] -- Installing: /home/unitree/robotscene/external/unitree_ros2/cyclonedds_ws/install/unitree_go/include/unitree_go/msg/go2_front_video_data.hpp
[133.885s] -- Installing: /home/unitree/robotscene/external/unitree_ros2/cyclonedds_ws/install/unitree_go/include/unitree_go/msg/motor_cmd.hpp
[133.885s] -- Installing: /home/unitree/robotscene/external/unitree_ros2/cyclonedds_ws/install/unitree_go/include/unitree_go/msg/low_state.hpp
[133.887s] -- Installing: /home/unitree/robotscene/external/unitree_ros2/cyclonedds_ws/install/unitree_go/include/unitree_go/msg/height_map.hpp
[133.888s] -- Installing: /home/unitree/robotscene/external/unitree_ros2/cyclonedds_ws/install/unitree_go/include/unitree_go/msg/sport_mode_state.hpp
[133.888s] -- Installing: /home/unitree/robotscene/external/unitree_ros2/cyclonedds_ws/install/unitree_go/include/unitree_go/msg/wireless_controller.hpp
[133.888s] -- Installing: /home/unitree/robotscene/external/unitree_ros2/cyclonedds_ws/install/unitree_go/include/unitree_go/msg/bms_cmd.hpp
[133.888s] -- Installing: /home/unitree/robotscene/external/unitree_ros2/cyclonedds_ws/install/unitree_go/include/unitree_go/msg/bms_state.hpp
[133.888s] -- Installing: /home/unitree/robotscene/external/unitree_ros2/cyclonedds_ws/install/unitree_go/include/unitree_go/msg/res.hpp
[133.888s] -- Installing: /home/unitree/robotscene/external/unitree_ros2/cyclonedds_ws/install/unitree_go/include/unitree_go/msg/sport_mode_cmd.hpp
[133.889s] -- Installing: /home/unitree/robotscene/external/unitree_ros2/cyclonedds_ws/install/unitree_go/include/unitree_go/msg/low_cmd.hpp
[133.889s] -- Installing: /home/unitree/robotscene/external/unitree_ros2/cyclonedds_ws/install/unitree_go/include/unitree_go/msg/interface_config.hpp
[133.889s] -- Installing: /home/unitree/robotscene/external/unitree_ros2/cyclonedds_ws/install/unitree_go/include/unitree_go/msg/req.hpp
[133.889s] -- Installing: /home/unitree/robotscene/external/unitree_ros2/cyclonedds_ws/install/unitree_go/include/unitree_go/msg/error.hpp
[133.889s] -- Up-to-date: /home/unitree/robotscene/external/unitree_ros2/cyclonedds_ws/install/unitree_go/include/unitree_go/msg/detail
[133.889s] -- Installing: /home/unitree/robotscene/external/unitree_ros2/cyclonedds_ws/install/unitree_go/include/unitree_go/msg/detail/low_cmd__builder.hpp
[133.889s] -- Installing: /home/unitree/robotscene/external/unitree_ros2/cyclonedds_ws/install/unitree_go/include/unitree_go/msg/detail/motor_state__builder.hpp
[133.889s] -- Installing: /home/unitree/robotscene/external/unitree_ros2/cyclonedds_ws/install/unitree_go/include/unitree_go/msg/detail/res__struct.hpp
[133.889s] -- Installing: /home/unitree/robotscene/external/unitree_ros2/cyclonedds_ws/install/unitree_go/include/unitree_go/msg/detail/sport_mode_cmd__builder.hpp
[133.890s] -- Installing: /home/unitree/robotscene/external/unitree_ros2/cyclonedds_ws/install/unitree_go/include/unitree_go/msg/detail/motor_state__traits.hpp
[133.890s] -- Installing: /home/unitree/robotscene/external/unitree_ros2/cyclonedds_ws/install/unitree_go/include/unitree_go/msg/detail/interface_config__struct.hpp
[133.890s] -- Installing: /home/unitree/robotscene/external/unitree_ros2/cyclonedds_ws/install/unitree_go/include/unitree_go/msg/detail/time_spec__builder.hpp
[133.890s] -- Installing: /home/unitree/robotscene/external/unitree_ros2/cyclonedds_ws/install/unitree_go/include/unitree_go/msg/detail/imu_state__builder.hpp
[133.890s] -- Installing: /home/unitree/robotscene/external/unitree_ros2/cyclonedds_ws/install/unitree_go/include/unitree_go/msg/detail/uwb_state__builder.hpp
[133.891s] -- Installing: /home/unitree/robotscene/external/unitree_ros2/cyclonedds_ws/install/unitree_go/include/unitree_go/msg/detail/motor_cmd__builder.hpp
[133.891s] -- Installing: /home/unitree/robotscene/external/unitree_ros2/cyclonedds_ws/install/unitree_go/include/unitree_go/msg/detail/interface_config__builder.hpp
[133.891s] -- Installing: /home/unitree/robotscene/external/unitree_ros2/cyclonedds_ws/install/unitree_go/include/unitree_go/msg/detail/uwb_switch__builder.hpp
[133.891s] -- Installing: /home/unitree/robotscene/external/unitree_ros2/cyclonedds_ws/install/unitree_go/include/unitree_go/msg/detail/motor_state__type_support.hpp
[133.891s] -- Installing: /home/unitree/robotscene/external/unitree_ros2/cyclonedds_ws/install/unitree_go/include/unitree_go/msg/detail/motor_cmd__traits.hpp
[133.892s] -- Installing: /home/unitree/robotscene/external/unitree_ros2/cyclonedds_ws/install/unitree_go/include/unitree_go/msg/detail/go2_front_video_data__traits.hpp
[133.892s] -- Installing: /home/unitree/robotscene/external/unitree_ros2/cyclonedds_ws/install/unitree_go/include/unitree_go/msg/detail/height_map__struct.hpp
[133.892s] -- Installing: /home/unitree/robotscene/external/unitree_ros2/cyclonedds_ws/install/unitree_go/include/unitree_go/msg/detail/go2_front_video_data__builder.hpp
[133.892s] -- Installing: /home/unitree/robotscene/external/unitree_ros2/cyclonedds_ws/install/unitree_go/include/unitree_go/msg/detail/wireless_controller__type_support.hpp
[133.892s] -- Installing: /home/unitree/robotscene/external/unitree_ros2/cyclonedds_ws/install/unitree_go/include/unitree_go/msg/detail/bms_state__builder.hpp
[133.893s] -- Installing: /home/unitree/robotscene/external/unitree_ros2/cyclonedds_ws/install/unitree_go/include/unitree_go/msg/detail/motor_cmds__struct.hpp
[133.893s] -- Installing: /home/unitree/robotscene/external/unitree_ros2/cyclonedds_ws/install/unitree_go/include/unitree_go/msg/detail/height_map__type_support.hpp
[133.893s] -- Installing: /home/unitree/robotscene/external/unitree_ros2/cyclonedds_ws/install/unitree_go/include/unitree_go/msg/detail/low_cmd__type_support.hpp
[133.893s] -- Installing: /home/unitree/robotscene/external/unitree_ros2/cyclonedds_ws/install/unitree_go/include/unitree_go/msg/detail/bms_state__type_support.hpp
[133.893s] -- Installing: /home/unitree/robotscene/external/unitree_ros2/cyclonedds_ws/install/unitree_go/include/unitree_go/msg/detail/bms_cmd__traits.hpp
[133.893s] -- Installing: /home/unitree/robotscene/external/unitree_ros2/cyclonedds_ws/install/unitree_go/include/unitree_go/msg/detail/imu_state__traits.hpp
[133.894s] -- Installing: /home/unitree/robotscene/external/unitree_ros2/cyclonedds_ws/install/unitree_go/include/unitree_go/msg/detail/motor_state__struct.hpp
[133.894s] -- Installing: /home/unitree/robotscene/external/unitree_ros2/cyclonedds_ws/install/unitree_go/include/unitree_go/msg/detail/low_cmd__struct.hpp
[133.894s] -- Installing: /home/unitree/robotscene/external/unitree_ros2/cyclonedds_ws/install/unitree_go/include/unitree_go/msg/detail/motor_states__type_support.hpp
[133.894s] -- Installing: /home/unitree/robotscene/external/unitree_ros2/cyclonedds_ws/install/unitree_go/include/unitree_go/msg/detail/res__type_support.hpp
[133.894s] -- Installing: /home/unitree/robotscene/external/unitree_ros2/cyclonedds_ws/install/unitree_go/include/unitree_go/msg/detail/low_state__builder.hpp
[133.894s] -- Installing: /home/unitree/robotscene/external/unitree_ros2/cyclonedds_ws/install/unitree_go/include/unitree_go/msg/detail/motor_cmds__type_support.hpp
[133.895s] -- Installing: /home/unitree/robotscene/external/unitree_ros2/cyclonedds_ws/install/unitree_go/include/unitree_go/msg/detail/motor_cmds__traits.hpp
[133.895s] -- Installing: /home/unitree/robotscene/external/unitree_ros2/cyclonedds_ws/install/unitree_go/include/unitree_go/msg/detail/low_cmd__traits.hpp
[133.895s] -- Installing: /home/unitree/robotscene/external/unitree_ros2/cyclonedds_ws/install/unitree_go/include/unitree_go/msg/detail/height_map__traits.hpp
[133.895s] -- Installing: /home/unitree/robotscene/external/unitree_ros2/cyclonedds_ws/install/unitree_go/include/unitree_go/msg/detail/lidar_state__struct.hpp
[133.895s] -- Installing: /home/unitree/robotscene/external/unitree_ros2/cyclonedds_ws/install/unitree_go/include/unitree_go/msg/detail/motor_states__traits.hpp
[133.895s] -- Installing: /home/unitree/robotscene/external/unitree_ros2/cyclonedds_ws/install/unitree_go/include/unitree_go/msg/detail/lidar_state__builder.hpp
[133.896s] -- Installing: /home/unitree/robotscene/external/unitree_ros2/cyclonedds_ws/install/unitree_go/include/unitree_go/msg/detail/go2_front_video_data__type_support.hpp
[133.896s] -- Installing: /home/unitree/robotscene/external/unitree_ros2/cyclonedds_ws/install/unitree_go/include/unitree_go/msg/detail/res__traits.hpp
[133.896s] -- Installing: /home/unitree/robotscene/external/unitree_ros2/cyclonedds_ws/install/unitree_go/include/unitree_go/msg/detail/imu_state__type_support.hpp
[133.896s] -- Installing: /home/unitree/robotscene/external/unitree_ros2/cyclonedds_ws/install/unitree_go/include/unitree_go/msg/detail/audio_data__struct.hpp
[133.896s] -- Installing: /home/unitree/robotscene/external/unitree_ros2/cyclonedds_ws/install/unitree_go/include/unitree_go/msg/detail/uwb_switch__struct.hpp
[133.897s] -- Installing: /home/unitree/robotscene/external/unitree_ros2/cyclonedds_ws/install/unitree_go/include/unitree_go/msg/detail/go2_front_video_data__struct.hpp
[133.897s] -- Installing: /home/unitree/robotscene/external/unitree_ros2/cyclonedds_ws/install/unitree_go/include/unitree_go/msg/detail/wireless_controller__builder.hpp
[133.897s] -- Installing: /home/unitree/robotscene/external/unitree_ros2/cyclonedds_ws/install/unitree_go/include/unitree_go/msg/detail/motor_states__builder.hpp
[133.897s] -- Installing: /home/unitree/robotscene/external/unitree_ros2/cyclonedds_ws/install/unitree_go/include/unitree_go/msg/detail/sport_mode_cmd__type_support.hpp
[133.898s] -- Installing: /home/unitree/robotscene/external/unitree_ros2/cyclonedds_ws/install/unitree_go/include/unitree_go/msg/detail/wireless_controller__struct.hpp
[133.898s] -- Installing: /home/unitree/robotscene/external/unitree_ros2/cyclonedds_ws/install/unitree_go/include/unitree_go/msg/detail/interface_config__type_support.hpp
[133.898s] -- Installing: /home/unitree/robotscene/external/unitree_ros2/cyclonedds_ws/install/unitree_go/include/unitree_go/msg/detail/bms_cmd__type_support.hpp
[133.898s] -- Installing: /home/unitree/robotscene/external/unitree_ros2/cyclonedds_ws/install/unitree_go/include/unitree_go/msg/detail/sport_mode_cmd__traits.hpp
[133.898s] -- Installing: /home/unitree/robotscene/external/unitree_ros2/cyclonedds_ws/install/unitree_go/include/unitree_go/msg/detail/sport_mode_cmd__struct.hpp
[133.899s] -- Installing: /home/unitree/robotscene/external/unitree_ros2/cyclonedds_ws/install/unitree_go/include/unitree_go/msg/detail/time_spec__struct.hpp
[133.899s] -- Installing: /home/unitree/robotscene/external/unitree_ros2/cyclonedds_ws/install/unitree_go/include/unitree_go/msg/detail/interface_config__traits.hpp
[133.899s] -- Installing: /home/unitree/robotscene/external/unitree_ros2/cyclonedds_ws/install/unitree_go/include/unitree_go/msg/detail/uwb_switch__traits.hpp
[133.900s] -- Installing: /home/unitree/robotscene/external/unitree_ros2/cyclonedds_ws/install/unitree_go/include/unitree_go/msg/detail/audio_data__traits.hpp
[133.900s] -- Installing: /home/unitree/robotscene/external/unitree_ros2/cyclonedds_ws/install/unitree_go/include/unitree_go/msg/detail/audio_data__type_support.hpp
[133.900s] -- Installing: /home/unitree/robotscene/external/unitree_ros2/cyclonedds_ws/install/unitree_go/include/unitree_go/msg/detail/low_state__struct.hpp
[133.901s] -- Installing: /home/unitree/robotscene/external/unitree_ros2/cyclonedds_ws/install/unitree_go/include/unitree_go/msg/detail/bms_cmd__builder.hpp
[133.901s] -- Installing: /home/unitree/robotscene/external/unitree_ros2/cyclonedds_ws/install/unitree_go/include/unitree_go/msg/detail/path_point__builder.hpp
[133.901s] -- Installing: /home/unitree/robotscene/external/unitree_ros2/cyclonedds_ws/install/unitree_go/include/unitree_go/msg/detail/path_point__struct.hpp
[133.901s] -- Installing: /home/unitree/robotscene/external/unitree_ros2/cyclonedds_ws/install/unitree_go/include/unitree_go/msg/detail/sport_mode_state__builder.hpp
[133.901s] -- Installing: /home/unitree/robotscene/external/unitree_ros2/cyclonedds_ws/install/unitree_go/include/unitree_go/msg/detail/motor_cmds__builder.hpp
[133.902s] -- Installing: /home/unitree/robotscene/external/unitree_ros2/cyclonedds_ws/install/unitree_go/include/unitree_go/msg/detail/uwb_switch__type_support.hpp
[133.902s] -- Installing: /home/unitree/robotscene/external/unitree_ros2/cyclonedds_ws/install/unitree_go/include/unitree_go/msg/detail/error__builder.hpp
[133.902s] -- Installing: /home/unitree/robotscene/external/unitree_ros2/cyclonedds_ws/install/unitree_go/include/unitree_go/msg/detail/motor_cmd__type_support.hpp
[133.902s] -- Installing: /home/unitree/robotscene/external/unitree_ros2/cyclonedds_ws/install/unitree_go/include/unitree_go/msg/detail/error__traits.hpp
[133.902s] -- Installing: /home/unitree/robotscene/external/unitree_ros2/cyclonedds_ws/install/unitree_go/include/unitree_go/msg/detail/req__traits.hpp
[133.903s] -- Installing: /home/unitree/robotscene/external/unitree_ros2/cyclonedds_ws/install/unitree_go/include/unitree_go/msg/detail/low_state__traits.hpp
[133.903s] -- Installing: /home/unitree/robotscene/external/unitree_ros2/cyclonedds_ws/install/unitree_go/include/unitree_go/msg/detail/time_spec__traits.hpp
[133.903s] -- Installing: /home/unitree/robotscene/external/unitree_ros2/cyclonedds_ws/install/unitree_go/include/unitree_go/msg/detail/req__struct.hpp
[133.903s] -- Installing: /home/unitree/robotscene/external/unitree_ros2/cyclonedds_ws/install/unitree_go/include/unitree_go/msg/detail/imu_state__struct.hpp
[133.904s] -- Installing: /home/unitree/robotscene/external/unitree_ros2/cyclonedds_ws/install/unitree_go/include/unitree_go/msg/detail/error__type_support.hpp
[133.904s] -- Installing: /home/unitree/robotscene/external/unitree_ros2/cyclonedds_ws/install/unitree_go/include/unitree_go/msg/detail/motor_states__struct.hpp
[133.904s] -- Installing: /home/unitree/robotscene/external/unitree_ros2/cyclonedds_ws/install/unitree_go/include/unitree_go/msg/detail/low_state__type_support.hpp
[133.904s] -- Installing: /home/unitree/robotscene/external/unitree_ros2/cyclonedds_ws/install/unitree_go/include/unitree_go/msg/detail/height_map__builder.hpp
[133.904s] -- Installing: /home/unitree/robotscene/external/unitree_ros2/cyclonedds_ws/install/unitree_go/include/unitree_go/msg/detail/sport_mode_state__type_support.hpp
[133.905s] -- Installing: /home/unitree/robotscene/external/unitree_ros2/cyclonedds_ws/install/unitree_go/include/unitree_go/msg/detail/uwb_state__traits.hpp
[133.905s] -- Installing: /home/unitree/robotscene/external/unitree_ros2/cyclonedds_ws/install/unitree_go/include/unitree_go/msg/detail/res__builder.hpp
[133.905s] -- Installing: /home/unitree/robotscene/external/unitree_ros2/cyclonedds_ws/install/unitree_go/include/unitree_go/msg/detail/bms_state__struct.hpp
[133.905s] -- Installing: /home/unitree/robotscene/external/unitree_ros2/cyclonedds_ws/install/unitree_go/include/unitree_go/msg/detail/sport_mode_state__traits.hpp
[133.906s] -- Installing: /home/unitree/robotscene/external/unitree_ros2/cyclonedds_ws/install/unitree_go/include/unitree_go/msg/detail/bms_state__traits.hpp
[133.906s] -- Installing: /home/unitree/robotscene/external/unitree_ros2/cyclonedds_ws/install/unitree_go/include/unitree_go/msg/detail/motor_cmd__struct.hpp
[133.906s] -- Installing: /home/unitree/robotscene/external/unitree_ros2/cyclonedds_ws/install/unitree_go/include/unitree_go/msg/detail/uwb_state__type_support.hpp
[133.906s] -- Installing: /home/unitree/robotscene/external/unitree_ros2/cyclonedds_ws/install/unitree_go/include/unitree_go/msg/detail/wireless_controller__traits.hpp
[133.907s] -- Installing: /home/unitree/robotscene/external/unitree_ros2/cyclonedds_ws/install/unitree_go/include/unitree_go/msg/detail/audio_data__builder.hpp
[133.907s] -- Installing: /home/unitree/robotscene/external/unitree_ros2/cyclonedds_ws/install/unitree_go/include/unitree_go/msg/detail/lidar_state__traits.hpp
[133.907s] -- Installing: /home/unitree/robotscene/external/unitree_ros2/cyclonedds_ws/install/unitree_go/include/unitree_go/msg/detail/uwb_state__struct.hpp
[133.907s] -- Installing: /home/unitree/robotscene/external/unitree_ros2/cyclonedds_ws/install/unitree_go/include/unitree_go/msg/detail/path_point__traits.hpp
[133.907s] -- Installing: /home/unitree/robotscene/external/unitree_ros2/cyclonedds_ws/install/unitree_go/include/unitree_go/msg/detail/path_point__type_support.hpp
[133.908s] -- Installing: /home/unitree/robotscene/external/unitree_ros2/cyclonedds_ws/install/unitree_go/include/unitree_go/msg/detail/sport_mode_state__struct.hpp
[133.908s] -- Installing: /home/unitree/robotscene/external/unitree_ros2/cyclonedds_ws/install/unitree_go/include/unitree_go/msg/detail/req__type_support.hpp
[133.908s] -- Installing: /home/unitree/robotscene/external/unitree_ros2/cyclonedds_ws/install/unitree_go/include/unitree_go/msg/detail/bms_cmd__struct.hpp
[133.908s] -- Installing: /home/unitree/robotscene/external/unitree_ros2/cyclonedds_ws/install/unitree_go/include/unitree_go/msg/detail/req__builder.hpp
[133.908s] -- Installing: /home/unitree/robotscene/external/unitree_ros2/cyclonedds_ws/install/unitree_go/include/unitree_go/msg/detail/error__struct.hpp
[133.909s] -- Installing: /home/unitree/robotscene/external/unitree_ros2/cyclonedds_ws/install/unitree_go/include/unitree_go/msg/detail/lidar_state__type_support.hpp
[133.909s] -- Installing: /home/unitree/robotscene/external/unitree_ros2/cyclonedds_ws/install/unitree_go/include/unitree_go/msg/detail/time_spec__type_support.hpp
[133.909s] -- Installing: /home/unitree/robotscene/external/unitree_ros2/cyclonedds_ws/install/unitree_go/include/unitree_go/msg/rosidl_generator_cpp__visibility_control.hpp
[133.909s] -- Installing: /home/unitree/robotscene/external/unitree_ros2/cyclonedds_ws/install/unitree_go/include/unitree_go/msg/motor_cmds.hpp
[133.909s] -- Installing: /home/unitree/robotscene/external/unitree_ros2/cyclonedds_ws/install/unitree_go/include/unitree_go/msg/uwb_state.hpp
[133.909s] -- Installing: /home/unitree/robotscene/external/unitree_ros2/cyclonedds_ws/install/unitree_go/include/unitree_go/msg/uwb_switch.hpp
[133.910s] -- Installing: /home/unitree/robotscene/external/unitree_ros2/cyclonedds_ws/install/unitree_go/include/unitree_go/msg/time_spec.hpp
[133.910s] -- Up-to-date: /home/unitree/robotscene/external/unitree_ros2/cyclonedds_ws/install/unitree_go/include/unitree_go
[133.910s] -- Up-to-date: /home/unitree/robotscene/external/unitree_ros2/cyclonedds_ws/install/unitree_go/include/unitree_go/msg
[133.911s] -- Up-to-date: /home/unitree/robotscene/external/unitree_ros2/cyclonedds_ws/install/unitree_go/include/unitree_go/msg/detail
[133.911s] -- Installing: /home/unitree/robotscene/external/unitree_ros2/cyclonedds_ws/install/unitree_go/include/unitree_go/msg/detail/interface_config__rosidl_typesupport_introspection_cpp.hpp
[133.911s] -- Installing: /home/unitree/robotscene/external/unitree_ros2/cyclonedds_ws/install/unitree_go/include/unitree_go/msg/detail/imu_state__type_support.cpp
[133.911s] -- Installing: /home/unitree/robotscene/external/unitree_ros2/cyclonedds_ws/install/unitree_go/include/unitree_go/msg/detail/lidar_state__type_support.cpp
[133.912s] -- Installing: /home/unitree/robotscene/external/unitree_ros2/cyclonedds_ws/install/unitree_go/include/unitree_go/msg/detail/height_map__type_support.cpp
[133.912s] -- Installing: /home/unitree/robotscene/external/unitree_ros2/cyclonedds_ws/install/unitree_go/include/unitree_go/msg/detail/motor_cmd__rosidl_typesupport_introspection_cpp.hpp
[133.912s] -- Installing: /home/unitree/robotscene/external/unitree_ros2/cyclonedds_ws/install/unitree_go/include/unitree_go/msg/detail/low_cmd__rosidl_typesupport_introspection_cpp.hpp
[133.912s] -- Installing: /home/unitree/robotscene/external/unitree_ros2/cyclonedds_ws/install/unitree_go/include/unitree_go/msg/detail/res__rosidl_typesupport_introspection_cpp.hpp
[133.912s] -- Installing: /home/unitree/robotscene/external/unitree_ros2/cyclonedds_ws/install/unitree_go/include/unitree_go/msg/detail/height_map__rosidl_typesupport_introspection_cpp.hpp
[133.913s] -- Installing: /home/unitree/robotscene/external/unitree_ros2/cyclonedds_ws/install/unitree_go/include/unitree_go/msg/detail/motor_cmd__type_support.cpp
[133.914s] -- Installing: /home/unitree/robotscene/external/unitree_ros2/cyclonedds_ws/install/unitree_go/include/unitree_go/msg/detail/uwb_switch__type_support.cpp
[133.915s] -- Installing: /home/unitree/robotscene/external/unitree_ros2/cyclonedds_ws/install/unitree_go/include/unitree_go/msg/detail/bms_cmd__type_support.cpp
[133.916s] -- Installing: /home/unitree/robotscene/external/unitree_ros2/cyclonedds_ws/install/unitree_go/include/unitree_go/msg/detail/wireless_controller__rosidl_typesupport_introspection_cpp.hpp
[133.916s] -- Installing: /home/unitree/robotscene/external/unitree_ros2/cyclonedds_ws/install/unitree_go/include/unitree_go/msg/detail/low_state__type_support.cpp
[133.916s] -- Installing: /home/unitree/robotscene/external/unitree_ros2/cyclonedds_ws/install/unitree_go/include/unitree_go/msg/detail/motor_cmds__rosidl_typesupport_introspection_cpp.hpp
[133.916s] -- Installing: /home/unitree/robotscene/external/unitree_ros2/cyclonedds_ws/install/unitree_go/include/unitree_go/msg/detail/uwb_switch__rosidl_typesupport_introspection_cpp.hpp
[133.916s] -- Installing: /home/unitree/robotscene/external/unitree_ros2/cyclonedds_ws/install/unitree_go/include/unitree_go/msg/detail/bms_state__type_support.cpp
[133.916s] -- Installing: /home/unitree/robotscene/external/unitree_ros2/cyclonedds_ws/install/unitree_go/include/unitree_go/msg/detail/wireless_controller__type_support.cpp
[133.916s] -- Installing: /home/unitree/robotscene/external/unitree_ros2/cyclonedds_ws/install/unitree_go/include/unitree_go/msg/detail/req__type_support.cpp
[133.917s] -- Installing: /home/unitree/robotscene/external/unitree_ros2/cyclonedds_ws/install/unitree_go/include/unitree_go/msg/detail/time_spec__type_support.cpp
[133.917s] -- Installing: /home/unitree/robotscene/external/unitree_ros2/cyclonedds_ws/install/unitree_go/include/unitree_go/msg/detail/res__type_support.cpp
[133.917s] -- Installing: /home/unitree/robotscene/external/unitree_ros2/cyclonedds_ws/install/unitree_go/include/unitree_go/msg/detail/lidar_state__rosidl_typesupport_introspection_cpp.hpp
[133.917s] -- Installing: /home/unitree/robotscene/external/unitree_ros2/cyclonedds_ws/install/unitree_go/include/unitree_go/msg/detail/motor_state__type_support.cpp
[133.917s] -- Installing: /home/unitree/robotscene/external/unitree_ros2/cyclonedds_ws/install/unitree_go/include/unitree_go/msg/detail/go2_front_video_data__type_support.cpp
[133.917s] -- Installing: /home/unitree/robotscene/external/unitree_ros2/cyclonedds_ws/install/unitree_go/include/unitree_go/msg/detail/imu_state__rosidl_typesupport_introspection_cpp.hpp
[133.917s] -- Installing: /home/unitree/robotscene/external/unitree_ros2/cyclonedds_ws/install/unitree_go/include/unitree_go/msg/detail/error__type_support.cpp
[133.917s] -- Installing: /home/unitree/robotscene/external/unitree_ros2/cyclonedds_ws/install/unitree_go/include/unitree_go/msg/detail/req__rosidl_typesupport_introspection_cpp.hpp
[133.918s] -- Installing: /home/unitree/robotscene/external/unitree_ros2/cyclonedds_ws/install/unitree_go/include/unitree_go/msg/detail/sport_mode_cmd__type_support.cpp
[133.918s] -- Installing: /home/unitree/robotscene/external/unitree_ros2/cyclonedds_ws/install/unitree_go/include/unitree_go/msg/detail/motor_states__rosidl_typesupport_introspection_cpp.hpp
[133.918s] -- Installing: /home/unitree/robotscene/external/unitree_ros2/cyclonedds_ws/install/unitree_go/include/unitree_go/msg/detail/motor_cmds__type_support.cpp
[133.919s] -- Installing: /home/unitree/robotscene/external/unitree_ros2/cyclonedds_ws/install/unitree_go/include/unitree_go/msg/detail/bms_cmd__rosidl_typesupport_introspection_cpp.hpp
[133.919s] -- Installing: /home/unitree/robotscene/external/unitree_ros2/cyclonedds_ws/install/unitree_go/include/unitree_go/msg/detail/path_point__type_support.cpp
[133.919s] -- Installing: /home/unitree/robotscene/external/unitree_ros2/cyclonedds_ws/install/unitree_go/include/unitree_go/msg/detail/sport_mode_state__rosidl_typesupport_introspection_cpp.hpp
[133.919s] -- Installing: /home/unitree/robotscene/external/unitree_ros2/cyclonedds_ws/install/unitree_go/include/unitree_go/msg/detail/motor_states__type_support.cpp
[133.919s] -- Installing: /home/unitree/robotscene/external/unitree_ros2/cyclonedds_ws/install/unitree_go/include/unitree_go/msg/detail/low_cmd__type_support.cpp
[133.919s] -- Installing: /home/unitree/robotscene/external/unitree_ros2/cyclonedds_ws/install/unitree_go/include/unitree_go/msg/detail/error__rosidl_typesupport_introspection_cpp.hpp
[133.919s] -- Installing: /home/unitree/robotscene/external/unitree_ros2/cyclonedds_ws/install/unitree_go/include/unitree_go/msg/detail/time_spec__rosidl_typesupport_introspection_cpp.hpp
[133.919s] -- Installing: /home/unitree/robotscene/external/unitree_ros2/cyclonedds_ws/install/unitree_go/include/unitree_go/msg/detail/audio_data__rosidl_typesupport_introspection_cpp.hpp
[133.920s] -- Installing: /home/unitree/robotscene/external/unitree_ros2/cyclonedds_ws/install/unitree_go/include/unitree_go/msg/detail/sport_mode_cmd__rosidl_typesupport_introspection_cpp.hpp
[133.921s] -- Installing: /home/unitree/robotscene/external/unitree_ros2/cyclonedds_ws/install/unitree_go/include/unitree_go/msg/detail/uwb_state__type_support.cpp
[133.921s] -- Installing: /home/unitree/robotscene/external/unitree_ros2/cyclonedds_ws/install/unitree_go/include/unitree_go/msg/detail/motor_state__rosidl_typesupport_introspection_cpp.hpp
[133.921s] -- Installing: /home/unitree/robotscene/external/unitree_ros2/cyclonedds_ws/install/unitree_go/include/unitree_go/msg/detail/low_state__rosidl_typesupport_introspection_cpp.hpp
[133.921s] -- Installing: /home/unitree/robotscene/external/unitree_ros2/cyclonedds_ws/install/unitree_go/include/unitree_go/msg/detail/bms_state__rosidl_typesupport_introspection_cpp.hpp
[133.922s] -- Installing: /home/unitree/robotscene/external/unitree_ros2/cyclonedds_ws/install/unitree_go/include/unitree_go/msg/detail/sport_mode_state__type_support.cpp
[133.922s] -- Installing: /home/unitree/robotscene/external/unitree_ros2/cyclonedds_ws/install/unitree_go/include/unitree_go/msg/detail/audio_data__type_support.cpp
[133.922s] -- Installing: /home/unitree/robotscene/external/unitree_ros2/cyclonedds_ws/install/unitree_go/include/unitree_go/msg/detail/interface_config__type_support.cpp
[133.922s] -- Installing: /home/unitree/robotscene/external/unitree_ros2/cyclonedds_ws/install/unitree_go/include/unitree_go/msg/detail/path_point__rosidl_typesupport_introspection_cpp.hpp
[133.923s] -- Installing: /home/unitree/robotscene/external/unitree_ros2/cyclonedds_ws/install/unitree_go/include/unitree_go/msg/detail/go2_front_video_data__rosidl_typesupport_introspection_cpp.hpp
[133.923s] -- Installing: /home/unitree/robotscene/external/unitree_ros2/cyclonedds_ws/install/unitree_go/include/unitree_go/msg/detail/uwb_state__rosidl_typesupport_introspection_cpp.hpp
[133.923s] -- Installing: /home/unitree/robotscene/external/unitree_ros2/cyclonedds_ws/install/unitree_go/lib/libunitree_go__rosidl_typesupport_introspection_cpp.so
[133.925s] -- Set runtime path of "/home/unitree/robotscene/external/unitree_ros2/cyclonedds_ws/install/unitree_go/lib/libunitree_go__rosidl_typesupport_introspection_cpp.so" to ""
[133.925s] -- Installing: /home/unitree/robotscene/external/unitree_ros2/cyclonedds_ws/install/unitree_go/lib/libunitree_go__rosidl_typesupport_cpp.so
[133.926s] -- Set runtime path of "/home/unitree/robotscene/external/unitree_ros2/cyclonedds_ws/install/unitree_go/lib/libunitree_go__rosidl_typesupport_cpp.so" to ""
[133.926s] -- Installing: /home/unitree/robotscene/external/unitree_ros2/cyclonedds_ws/install/unitree_go/share/unitree_go/environment/pythonpath.sh
[133.927s] -- Installing: /home/unitree/robotscene/external/unitree_ros2/cyclonedds_ws/install/unitree_go/share/unitree_go/environment/pythonpath.dsv
[133.927s] -- Installing: /home/unitree/robotscene/external/unitree_ros2/cyclonedds_ws/install/unitree_go/lib/python3.8/site-packages/unitree_go/__init__.py
[133.984s] Compiling '/home/unitree/robotscene/external/unitree_ros2/cyclonedds_ws/install/unitree_go/lib/python3.8/site-packages/unitree_go/__init__.py'...
[133.996s] -- Installing: /home/unitree/robotscene/external/unitree_ros2/cyclonedds_ws/install/unitree_go/lib/python3.8/site-packages/unitree_go/msg
[133.997s] -- Installing: /home/unitree/robotscene/external/unitree_ros2/cyclonedds_ws/install/unitree_go/lib/python3.8/site-packages/unitree_go/msg/_uwb_switch_s.c
[133.997s] -- Installing: /home/unitree/robotscene/external/unitree_ros2/cyclonedds_ws/install/unitree_go/lib/python3.8/site-packages/unitree_go/msg/_uwb_state_s.c
[133.998s] -- Installing: /home/unitree/robotscene/external/unitree_ros2/cyclonedds_ws/install/unitree_go/lib/python3.8/site-packages/unitree_go/msg/_motor_cmd.py
[133.998s] -- Installing: /home/unitree/robotscene/external/unitree_ros2/cyclonedds_ws/install/unitree_go/lib/python3.8/site-packages/unitree_go/msg/_time_spec_s.c
[133.998s] -- Installing: /home/unitree/robotscene/external/unitree_ros2/cyclonedds_ws/install/unitree_go/lib/python3.8/site-packages/unitree_go/msg/_low_state_s.c
[133.999s] -- Installing: /home/unitree/robotscene/external/unitree_ros2/cyclonedds_ws/install/unitree_go/lib/python3.8/site-packages/unitree_go/msg/_low_cmd.py
[133.999s] -- Installing: /home/unitree/robotscene/external/unitree_ros2/cyclonedds_ws/install/unitree_go/lib/python3.8/site-packages/unitree_go/msg/_audio_data_s.c
[133.999s] -- Installing: /home/unitree/robotscene/external/unitree_ros2/cyclonedds_ws/install/unitree_go/lib/python3.8/site-packages/unitree_go/msg/_imu_state_s.c
[133.999s] -- Installing: /home/unitree/robotscene/external/unitree_ros2/cyclonedds_ws/install/unitree_go/lib/python3.8/site-packages/unitree_go/msg/_path_point.py
[134.000s] -- Installing: /home/unitree/robotscene/external/unitree_ros2/cyclonedds_ws/install/unitree_go/lib/python3.8/site-packages/unitree_go/msg/_height_map.py
[134.000s] -- Installing: /home/unitree/robotscene/external/unitree_ros2/cyclonedds_ws/install/unitree_go/lib/python3.8/site-packages/unitree_go/msg/_sport_mode_cmd.py
[134.000s] -- Installing: /home/unitree/robotscene/external/unitree_ros2/cyclonedds_ws/install/unitree_go/lib/python3.8/site-packages/unitree_go/msg/_go2_front_video_data.py
[134.001s] -- Installing: /home/unitree/robotscene/external/unitree_ros2/cyclonedds_ws/install/unitree_go/lib/python3.8/site-packages/unitree_go/msg/_req.py
[134.001s] -- Installing: /home/unitree/robotscene/external/unitree_ros2/cyclonedds_ws/install/unitree_go/lib/python3.8/site-packages/unitree_go/msg/_motor_cmds.py
[134.002s] -- Installing: /home/unitree/robotscene/external/unitree_ros2/cyclonedds_ws/install/unitree_go/lib/python3.8/site-packages/unitree_go/msg/_sport_mode_state.py
[134.002s] -- Installing: /home/unitree/robotscene/external/unitree_ros2/cyclonedds_ws/install/unitree_go/lib/python3.8/site-packages/unitree_go/msg/_uwb_state.py
[134.002s] -- Installing: /home/unitree/robotscene/external/unitree_ros2/cyclonedds_ws/install/unitree_go/lib/python3.8/site-packages/unitree_go/msg/_low_cmd_s.c
[134.002s] -- Installing: /home/unitree/robotscene/external/unitree_ros2/cyclonedds_ws/install/unitree_go/lib/python3.8/site-packages/unitree_go/msg/_audio_data.py
[134.003s] -- Installing: /home/unitree/robotscene/external/unitree_ros2/cyclonedds_ws/install/unitree_go/lib/python3.8/site-packages/unitree_go/msg/_lidar_state.py
[134.003s] -- Installing: /home/unitree/robotscene/external/unitree_ros2/cyclonedds_ws/install/unitree_go/lib/python3.8/site-packages/unitree_go/msg/_sport_mode_state_s.c
[134.003s] -- Installing: /home/unitree/robotscene/external/unitree_ros2/cyclonedds_ws/install/unitree_go/lib/python3.8/site-packages/unitree_go/msg/_time_spec.py
[134.003s] -- Installing: /home/unitree/robotscene/external/unitree_ros2/cyclonedds_ws/install/unitree_go/lib/python3.8/site-packages/unitree_go/msg/_interface_config.py
[134.003s] -- Installing: /home/unitree/robotscene/external/unitree_ros2/cyclonedds_ws/install/unitree_go/lib/python3.8/site-packages/unitree_go/msg/_lidar_state_s.c
[134.004s] -- Installing: /home/unitree/robotscene/external/unitree_ros2/cyclonedds_ws/install/unitree_go/lib/python3.8/site-packages/unitree_go/msg/_uwb_switch.py
[134.004s] -- Installing: /home/unitree/robotscene/external/unitree_ros2/cyclonedds_ws/install/unitree_go/lib/python3.8/site-packages/unitree_go/msg/_res_s.c
[134.004s] -- Installing: /home/unitree/robotscene/external/unitree_ros2/cyclonedds_ws/install/unitree_go/lib/python3.8/site-packages/unitree_go/msg/_bms_cmd_s.c
[134.004s] -- Installing: /home/unitree/robotscene/external/unitree_ros2/cyclonedds_ws/install/unitree_go/lib/python3.8/site-packages/unitree_go/msg/_bms_state_s.c
[134.005s] -- Installing: /home/unitree/robotscene/external/unitree_ros2/cyclonedds_ws/install/unitree_go/lib/python3.8/site-packages/unitree_go/msg/_wireless_controller_s.c
[134.005s] -- Installing: /home/unitree/robotscene/external/unitree_ros2/cyclonedds_ws/install/unitree_go/lib/python3.8/site-packages/unitree_go/msg/_bms_state.py
[134.005s] -- Installing: /home/unitree/robotscene/external/unitree_ros2/cyclonedds_ws/install/unitree_go/lib/python3.8/site-packages/unitree_go/msg/_motor_state.py
[134.005s] -- Installing: /home/unitree/robotscene/external/unitree_ros2/cyclonedds_ws/install/unitree_go/lib/python3.8/site-packages/unitree_go/msg/_sport_mode_cmd_s.c
[134.005s] -- Installing: /home/unitree/robotscene/external/unitree_ros2/cyclonedds_ws/install/unitree_go/lib/python3.8/site-packages/unitree_go/msg/_low_state.py
[134.006s] -- Installing: /home/unitree/robotscene/external/unitree_ros2/cyclonedds_ws/install/unitree_go/lib/python3.8/site-packages/unitree_go/msg/_bms_cmd.py
[134.006s] -- Installing: /home/unitree/robotscene/external/unitree_ros2/cyclonedds_ws/install/unitree_go/lib/python3.8/site-packages/unitree_go/msg/_motor_states_s.c
[134.006s] -- Installing: /home/unitree/robotscene/external/unitree_ros2/cyclonedds_ws/install/unitree_go/lib/python3.8/site-packages/unitree_go/msg/_motor_cmd_s.c
[134.006s] -- Installing: /home/unitree/robotscene/external/unitree_ros2/cyclonedds_ws/install/unitree_go/lib/python3.8/site-packages/unitree_go/msg/_interface_config_s.c
[134.006s] -- Installing: /home/unitree/robotscene/external/unitree_ros2/cyclonedds_ws/install/unitree_go/lib/python3.8/site-packages/unitree_go/msg/_error_s.c
[134.006s] -- Installing: /home/unitree/robotscene/external/unitree_ros2/cyclonedds_ws/install/unitree_go/lib/python3.8/site-packages/unitree_go/msg/_req_s.c
[134.007s] -- Installing: /home/unitree/robotscene/external/unitree_ros2/cyclonedds_ws/install/unitree_go/lib/python3.8/site-packages/unitree_go/msg/__init__.py
[134.007s] -- Installing: /home/unitree/robotscene/external/unitree_ros2/cyclonedds_ws/install/unitree_go/lib/python3.8/site-packages/unitree_go/msg/_res.py
[134.007s] -- Installing: /home/unitree/robotscene/external/unitree_ros2/cyclonedds_ws/install/unitree_go/lib/python3.8/site-packages/unitree_go/msg/_error.py
[134.007s] -- Installing: /home/unitree/robotscene/external/unitree_ros2/cyclonedds_ws/install/unitree_go/lib/python3.8/site-packages/unitree_go/msg/_wireless_controller.py
[134.007s] -- Installing: /home/unitree/robotscene/external/unitree_ros2/cyclonedds_ws/install/unitree_go/lib/python3.8/site-packages/unitree_go/msg/_motor_state_s.c
[134.007s] -- Installing: /home/unitree/robotscene/external/unitree_ros2/cyclonedds_ws/install/unitree_go/lib/python3.8/site-packages/unitree_go/msg/_height_map_s.c
[134.007s] -- Installing: /home/unitree/robotscene/external/unitree_ros2/cyclonedds_ws/install/unitree_go/lib/python3.8/site-packages/unitree_go/msg/_go2_front_video_data_s.c
[134.007s] -- Installing: /home/unitree/robotscene/external/unitree_ros2/cyclonedds_ws/install/unitree_go/lib/python3.8/site-packages/unitree_go/msg/_motor_states.py
[134.008s] -- Installing: /home/unitree/robotscene/external/unitree_ros2/cyclonedds_ws/install/unitree_go/lib/python3.8/site-packages/unitree_go/msg/_motor_cmds_s.c
[134.008s] -- Installing: /home/unitree/robotscene/external/unitree_ros2/cyclonedds_ws/install/unitree_go/lib/python3.8/site-packages/unitree_go/msg/_imu_state.py
[134.008s] -- Installing: /home/unitree/robotscene/external/unitree_ros2/cyclonedds_ws/install/unitree_go/lib/python3.8/site-packages/unitree_go/msg/_path_point_s.c
[134.008s] -- Installing: /home/unitree/robotscene/external/unitree_ros2/cyclonedds_ws/install/unitree_go/lib/python3.8/site-packages/unitree_go/unitree_go_s__rosidl_typesupport_fastrtps_c.cpython-38-aarch64-linux-gnu.so
[134.008s] -- Set runtime path of "/home/unitree/robotscene/external/unitree_ros2/cyclonedds_ws/install/unitree_go/lib/python3.8/site-packages/unitree_go/unitree_go_s__rosidl_typesupport_fastrtps_c.cpython-38-aarch64-linux-gnu.so" to ""
[134.009s] -- Installing: /home/unitree/robotscene/external/unitree_ros2/cyclonedds_ws/install/unitree_go/lib/python3.8/site-packages/unitree_go/unitree_go_s__rosidl_typesupport_introspection_c.cpython-38-aarch64-linux-gnu.so
[134.010s] -- Set runtime path of "/home/unitree/robotscene/external/unitree_ros2/cyclonedds_ws/install/unitree_go/lib/python3.8/site-packages/unitree_go/unitree_go_s__rosidl_typesupport_introspection_c.cpython-38-aarch64-linux-gnu.so" to ""
[134.010s] -- Installing: /home/unitree/robotscene/external/unitree_ros2/cyclonedds_ws/install/unitree_go/lib/python3.8/site-packages/unitree_go/unitree_go_s__rosidl_typesupport_c.cpython-38-aarch64-linux-gnu.so
[134.011s] -- Set runtime path of "/home/unitree/robotscene/external/unitree_ros2/cyclonedds_ws/install/unitree_go/lib/python3.8/site-packages/unitree_go/unitree_go_s__rosidl_typesupport_c.cpython-38-aarch64-linux-gnu.so" to ""
[134.011s] -- Installing: /home/unitree/robotscene/external/unitree_ros2/cyclonedds_ws/install/unitree_go/lib/libunitree_go__python.so
[134.012s] -- Set runtime path of "/home/unitree/robotscene/external/unitree_ros2/cyclonedds_ws/install/unitree_go/lib/libunitree_go__python.so" to ""
[134.012s] -- Installing: /home/unitree/robotscene/external/unitree_ros2/cyclonedds_ws/install/unitree_go/share/unitree_go/msg/AudioData.idl
[134.013s] -- Installing: /home/unitree/robotscene/external/unitree_ros2/cyclonedds_ws/install/unitree_go/share/unitree_go/msg/BmsCmd.idl
[134.013s] -- Installing: /home/unitree/robotscene/external/unitree_ros2/cyclonedds_ws/install/unitree_go/share/unitree_go/msg/BmsState.idl
[134.013s] -- Installing: /home/unitree/robotscene/external/unitree_ros2/cyclonedds_ws/install/unitree_go/share/unitree_go/msg/Error.idl
[134.013s] -- Installing: /home/unitree/robotscene/external/unitree_ros2/cyclonedds_ws/install/unitree_go/share/unitree_go/msg/Go2FrontVideoData.idl
[134.014s] -- Installing: /home/unitree/robotscene/external/unitree_ros2/cyclonedds_ws/install/unitree_go/share/unitree_go/msg/HeightMap.idl
[134.014s] -- Installing: /home/unitree/robotscene/external/unitree_ros2/cyclonedds_ws/install/unitree_go/share/unitree_go/msg/IMUState.idl
[134.014s] -- Installing: /home/unitree/robotscene/external/unitree_ros2/cyclonedds_ws/install/unitree_go/share/unitree_go/msg/InterfaceConfig.idl
[134.015s] -- Installing: /home/unitree/robotscene/external/unitree_ros2/cyclonedds_ws/install/unitree_go/share/unitree_go/msg/LidarState.idl
[134.015s] -- Installing: /home/unitree/robotscene/external/unitree_ros2/cyclonedds_ws/install/unitree_go/share/unitree_go/msg/LowCmd.idl
[134.015s] -- Installing: /home/unitree/robotscene/external/unitree_ros2/cyclonedds_ws/install/unitree_go/share/unitree_go/msg/LowState.idl
[134.016s] -- Installing: /home/unitree/robotscene/external/unitree_ros2/cyclonedds_ws/install/unitree_go/share/unitree_go/msg/MotorCmd.idl
[134.018s] -- Installing: /home/unitree/robotscene/external/unitree_ros2/cyclonedds_ws/install/unitree_go/share/unitree_go/msg/MotorCmds.idl
[134.018s] -- Installing: /home/unitree/robotscene/external/unitree_ros2/cyclonedds_ws/install/unitree_go/share/unitree_go/msg/MotorState.idl
[134.018s] -- Installing: /home/unitree/robotscene/external/unitree_ros2/cyclonedds_ws/install/unitree_go/share/unitree_go/msg/MotorStates.idl
[134.018s] -- Installing: /home/unitree/robotscene/external/unitree_ros2/cyclonedds_ws/install/unitree_go/share/unitree_go/msg/PathPoint.idl
[134.021s] -- Installing: /home/unitree/robotscene/external/unitree_ros2/cyclonedds_ws/install/unitree_go/share/unitree_go/msg/Req.idl
[134.022s] -- Installing: /home/unitree/robotscene/external/unitree_ros2/cyclonedds_ws/install/unitree_go/share/unitree_go/msg/Res.idl
[134.022s] -- Installing: /home/unitree/robotscene/external/unitree_ros2/cyclonedds_ws/install/unitree_go/share/unitree_go/msg/SportModeCmd.idl
[134.022s] -- Installing: /home/unitree/robotscene/external/unitree_ros2/cyclonedds_ws/install/unitree_go/share/unitree_go/msg/SportModeState.idl
[134.022s] -- Installing: /home/unitree/robotscene/external/unitree_ros2/cyclonedds_ws/install/unitree_go/share/unitree_go/msg/TimeSpec.idl
[134.022s] -- Installing: /home/unitree/robotscene/external/unitree_ros2/cyclonedds_ws/install/unitree_go/share/unitree_go/msg/UwbState.idl
[134.023s] -- Installing: /home/unitree/robotscene/external/unitree_ros2/cyclonedds_ws/install/unitree_go/share/unitree_go/msg/UwbSwitch.idl
[134.023s] -- Installing: /home/unitree/robotscene/external/unitree_ros2/cyclonedds_ws/install/unitree_go/share/unitree_go/msg/WirelessController.idl
[134.023s] -- Installing: /home/unitree/robotscene/external/unitree_ros2/cyclonedds_ws/install/unitree_go/share/unitree_go/msg/AudioData.msg
[134.023s] -- Installing: /home/unitree/robotscene/external/unitree_ros2/cyclonedds_ws/install/unitree_go/share/unitree_go/msg/BmsCmd.msg
[134.023s] -- Installing: /home/unitree/robotscene/external/unitree_ros2/cyclonedds_ws/install/unitree_go/share/unitree_go/msg/BmsState.msg
[134.024s] -- Installing: /home/unitree/robotscene/external/unitree_ros2/cyclonedds_ws/install/unitree_go/share/unitree_go/msg/Error.msg
[134.024s] -- Installing: /home/unitree/robotscene/external/unitree_ros2/cyclonedds_ws/install/unitree_go/share/unitree_go/msg/Go2FrontVideoData.msg
[134.024s] -- Installing: /home/unitree/robotscene/external/unitree_ros2/cyclonedds_ws/install/unitree_go/share/unitree_go/msg/HeightMap.msg
[134.024s] -- Installing: /home/unitree/robotscene/external/unitree_ros2/cyclonedds_ws/install/unitree_go/share/unitree_go/msg/IMUState.msg
[134.024s] -- Installing: /home/unitree/robotscene/external/unitree_ros2/cyclonedds_ws/install/unitree_go/share/unitree_go/msg/InterfaceConfig.msg
[134.024s] -- Installing: /home/unitree/robotscene/external/unitree_ros2/cyclonedds_ws/install/unitree_go/share/unitree_go/msg/LidarState.msg
[134.025s] -- Installing: /home/unitree/robotscene/external/unitree_ros2/cyclonedds_ws/install/unitree_go/share/unitree_go/msg/LowCmd.msg
[134.025s] -- Installing: /home/unitree/robotscene/external/unitree_ros2/cyclonedds_ws/install/unitree_go/share/unitree_go/msg/LowState.msg
[134.025s] -- Installing: /home/unitree/robotscene/external/unitree_ros2/cyclonedds_ws/install/unitree_go/share/unitree_go/msg/MotorCmd.msg
[134.025s] -- Installing: /home/unitree/robotscene/external/unitree_ros2/cyclonedds_ws/install/unitree_go/share/unitree_go/msg/MotorCmds.msg
[134.025s] -- Installing: /home/unitree/robotscene/external/unitree_ros2/cyclonedds_ws/install/unitree_go/share/unitree_go/msg/MotorState.msg
[134.026s] -- Installing: /home/unitree/robotscene/external/unitree_ros2/cyclonedds_ws/install/unitree_go/share/unitree_go/msg/MotorStates.msg
[134.026s] -- Installing: /home/unitree/robotscene/external/unitree_ros2/cyclonedds_ws/install/unitree_go/share/unitree_go/msg/PathPoint.msg
[134.026s] -- Installing: /home/unitree/robotscene/external/unitree_ros2/cyclonedds_ws/install/unitree_go/share/unitree_go/msg/Req.msg
[134.026s] -- Installing: /home/unitree/robotscene/external/unitree_ros2/cyclonedds_ws/install/unitree_go/share/unitree_go/msg/Res.msg
[134.026s] -- Installing: /home/unitree/robotscene/external/unitree_ros2/cyclonedds_ws/install/unitree_go/share/unitree_go/msg/SportModeCmd.msg
[134.027s] -- Installing: /home/unitree/robotscene/external/unitree_ros2/cyclonedds_ws/install/unitree_go/share/unitree_go/msg/SportModeState.msg
[134.027s] -- Installing: /home/unitree/robotscene/external/unitree_ros2/cyclonedds_ws/install/unitree_go/share/unitree_go/msg/TimeSpec.msg
[134.027s] -- Installing: /home/unitree/robotscene/external/unitree_ros2/cyclonedds_ws/install/unitree_go/share/unitree_go/msg/UwbState.msg
[134.028s] -- Installing: /home/unitree/robotscene/external/unitree_ros2/cyclonedds_ws/install/unitree_go/share/unitree_go/msg/UwbSwitch.msg
[134.028s] -- Installing: /home/unitree/robotscene/external/unitree_ros2/cyclonedds_ws/install/unitree_go/share/unitree_go/msg/WirelessController.msg
[134.028s] -- Installing: /home/unitree/robotscene/external/unitree_ros2/cyclonedds_ws/install/unitree_go/share/unitree_go/msg/dds_connext
[134.029s] -- Installing: /home/unitree/robotscene/external/unitree_ros2/cyclonedds_ws/install/unitree_go/share/unitree_go/msg/dds_connext/InterfaceConfig_.idl
[134.029s] -- Installing: /home/unitree/robotscene/external/unitree_ros2/cyclonedds_ws/install/unitree_go/share/unitree_go/msg/dds_connext/MotorCmd_.idl
[134.029s] -- Installing: /home/unitree/robotscene/external/unitree_ros2/cyclonedds_ws/install/unitree_go/share/unitree_go/msg/dds_connext/UwbSwitch_.idl
[134.029s] -- Installing: /home/unitree/robotscene/external/unitree_ros2/cyclonedds_ws/install/unitree_go/share/unitree_go/msg/dds_connext/LowState_.idl
[134.030s] -- Installing: /home/unitree/robotscene/external/unitree_ros2/cyclonedds_ws/install/unitree_go/share/unitree_go/msg/dds_connext/TimeSpec_.idl
[134.030s] -- Installing: /home/unitree/robotscene/external/unitree_ros2/cyclonedds_ws/install/unitree_go/share/unitree_go/msg/dds_connext/SportModeState_.idl
[134.030s] -- Installing: /home/unitree/robotscene/external/unitree_ros2/cyclonedds_ws/install/unitree_go/share/unitree_go/msg/dds_connext/WirelessController_.idl
[134.031s] -- Installing: /home/unitree/robotscene/external/unitree_ros2/cyclonedds_ws/install/unitree_go/share/unitree_go/msg/dds_connext/Req_.idl
[134.031s] -- Installing: /home/unitree/robotscene/external/unitree_ros2/cyclonedds_ws/install/unitree_go/share/unitree_go/msg/dds_connext/UwbState_.idl
[134.031s] -- Installing: /home/unitree/robotscene/external/unitree_ros2/cyclonedds_ws/install/unitree_go/share/unitree_go/msg/dds_connext/BmsState_.idl
[134.031s] -- Installing: /home/unitree/robotscene/external/unitree_ros2/cyclonedds_ws/install/unitree_go/share/unitree_go/msg/dds_connext/MotorState_.idl
[134.032s] -- Installing: /home/unitree/robotscene/external/unitree_ros2/cyclonedds_ws/install/unitree_go/share/unitree_go/msg/dds_connext/LowCmd_.idl
[134.032s] -- Installing: /home/unitree/robotscene/external/unitree_ros2/cyclonedds_ws/install/unitree_go/share/unitree_go/msg/dds_connext/HeightMap_.idl
[134.032s] -- Installing: /home/unitree/robotscene/external/unitree_ros2/cyclonedds_ws/install/unitree_go/share/unitree_go/msg/dds_connext/SportModeCmd_.idl
[134.033s] -- Installing: /home/unitree/robotscene/external/unitree_ros2/cyclonedds_ws/install/unitree_go/share/unitree_go/msg/dds_connext/IMUState_.idl
[134.034s] -- Installing: /home/unitree/robotscene/external/unitree_ros2/cyclonedds_ws/install/unitree_go/share/unitree_go/msg/dds_connext/MotorStates_.idl
[134.034s] -- Installing: /home/unitree/robotscene/external/unitree_ros2/cyclonedds_ws/install/unitree_go/share/unitree_go/msg/dds_connext/PathPoint_.idl
[134.034s] -- Installing: /home/unitree/robotscene/external/unitree_ros2/cyclonedds_ws/install/unitree_go/share/unitree_go/msg/dds_connext/MotorCmds_.idl
[134.034s] -- Installing: /home/unitree/robotscene/external/unitree_ros2/cyclonedds_ws/install/unitree_go/share/unitree_go/msg/dds_connext/BmsCmd_.idl
[134.034s] -- Installing: /home/unitree/robotscene/external/unitree_ros2/cyclonedds_ws/install/unitree_go/share/unitree_go/msg/dds_connext/AudioData_.idl
[134.034s] -- Installing: /home/unitree/robotscene/external/unitree_ros2/cyclonedds_ws/install/unitree_go/share/unitree_go/msg/dds_connext/Go2FrontVideoData_.idl
[134.035s] -- Installing: /home/unitree/robotscene/external/unitree_ros2/cyclonedds_ws/install/unitree_go/share/unitree_go/msg/dds_connext/LidarState_.idl
[134.035s] -- Installing: /home/unitree/robotscene/external/unitree_ros2/cyclonedds_ws/install/unitree_go/share/unitree_go/msg/dds_connext/Error_.idl
[134.035s] -- Installing: /home/unitree/robotscene/external/unitree_ros2/cyclonedds_ws/install/unitree_go/share/unitree_go/msg/dds_connext/Res_.idl
[134.035s] -- Installing: /home/unitree/robotscene/external/unitree_ros2/cyclonedds_ws/install/unitree_go/share/ament_index/resource_index/package_run_dependencies/unitree_go
[134.035s] -- Installing: /home/unitree/robotscene/external/unitree_ros2/cyclonedds_ws/install/unitree_go/share/ament_index/resource_index/parent_prefix_path/unitree_go
[134.035s] -- Installing: /home/unitree/robotscene/external/unitree_ros2/cyclonedds_ws/install/unitree_go/share/unitree_go/environment/ament_prefix_path.sh
[134.036s] -- Installing: /home/unitree/robotscene/external/unitree_ros2/cyclonedds_ws/install/unitree_go/share/unitree_go/environment/ament_prefix_path.dsv
[134.036s] -- Installing: /home/unitree/robotscene/external/unitree_ros2/cyclonedds_ws/install/unitree_go/share/unitree_go/environment/path.sh
[134.036s] -- Installing: /home/unitree/robotscene/external/unitree_ros2/cyclonedds_ws/install/unitree_go/share/unitree_go/environment/path.dsv
[134.036s] -- Installing: /home/unitree/robotscene/external/unitree_ros2/cyclonedds_ws/install/unitree_go/share/unitree_go/local_setup.bash
[134.036s] -- Installing: /home/unitree/robotscene/external/unitree_ros2/cyclonedds_ws/install/unitree_go/share/unitree_go/local_setup.sh
[134.037s] -- Installing: /home/unitree/robotscene/external/unitree_ros2/cyclonedds_ws/install/unitree_go/share/unitree_go/local_setup.zsh
[134.037s] -- Installing: /home/unitree/robotscene/external/unitree_ros2/cyclonedds_ws/install/unitree_go/share/unitree_go/local_setup.dsv
[134.037s] -- Installing: /home/unitree/robotscene/external/unitree_ros2/cyclonedds_ws/install/unitree_go/share/unitree_go/package.dsv
[134.037s] -- Installing: /home/unitree/robotscene/external/unitree_ros2/cyclonedds_ws/install/unitree_go/share/ament_index/resource_index/packages/unitree_go
[134.038s] -- Installing: /home/unitree/robotscene/external/unitree_ros2/cyclonedds_ws/install/unitree_go/share/unitree_go/cmake/unitree_go__rosidl_generator_cExport.cmake
[134.038s] -- Installing: /home/unitree/robotscene/external/unitree_ros2/cyclonedds_ws/install/unitree_go/share/unitree_go/cmake/unitree_go__rosidl_generator_cExport-noconfig.cmake
[134.039s] -- Installing: /home/unitree/robotscene/external/unitree_ros2/cyclonedds_ws/install/unitree_go/share/unitree_go/cmake/unitree_go__rosidl_typesupport_introspection_cExport.cmake
[134.039s] -- Installing: /home/unitree/robotscene/external/unitree_ros2/cyclonedds_ws/install/unitree_go/share/unitree_go/cmake/unitree_go__rosidl_typesupport_introspection_cExport-noconfig.cmake
[134.040s] -- Installing: /home/unitree/robotscene/external/unitree_ros2/cyclonedds_ws/install/unitree_go/share/unitree_go/cmake/unitree_go__rosidl_typesupport_cExport.cmake
[134.040s] -- Installing: /home/unitree/robotscene/external/unitree_ros2/cyclonedds_ws/install/unitree_go/share/unitree_go/cmake/unitree_go__rosidl_typesupport_cExport-noconfig.cmake
[134.041s] -- Installing: /home/unitree/robotscene/external/unitree_ros2/cyclonedds_ws/install/unitree_go/share/unitree_go/cmake/unitree_go__rosidl_generator_cppExport.cmake
[134.041s] -- Installing: /home/unitree/robotscene/external/unitree_ros2/cyclonedds_ws/install/unitree_go/share/unitree_go/cmake/unitree_go__rosidl_typesupport_introspection_cppExport.cmake
[134.041s] -- Installing: /home/unitree/robotscene/external/unitree_ros2/cyclonedds_ws/install/unitree_go/share/unitree_go/cmake/unitree_go__rosidl_typesupport_introspection_cppExport-noconfig.cmake
[134.042s] -- Installing: /home/unitree/robotscene/external/unitree_ros2/cyclonedds_ws/install/unitree_go/share/unitree_go/cmake/unitree_go__rosidl_typesupport_cppExport.cmake
[134.042s] -- Installing: /home/unitree/robotscene/external/unitree_ros2/cyclonedds_ws/install/unitree_go/share/unitree_go/cmake/unitree_go__rosidl_typesupport_cppExport-noconfig.cmake
[134.043s] -- Installing: /home/unitree/robotscene/external/unitree_ros2/cyclonedds_ws/install/unitree_go/share/unitree_go/cmake/rosidl_cmake-extras.cmake
[134.043s] -- Installing: /home/unitree/robotscene/external/unitree_ros2/cyclonedds_ws/install/unitree_go/share/unitree_go/cmake/ament_cmake_export_dependencies-extras.cmake
[134.043s] -- Installing: /home/unitree/robotscene/external/unitree_ros2/cyclonedds_ws/install/unitree_go/share/unitree_go/cmake/ament_cmake_export_libraries-extras.cmake
[134.044s] -- Installing: /home/unitree/robotscene/external/unitree_ros2/cyclonedds_ws/install/unitree_go/share/unitree_go/cmake/ament_cmake_export_targets-extras.cmake
[134.044s] -- Installing: /home/unitree/robotscene/external/unitree_ros2/cyclonedds_ws/install/unitree_go/share/unitree_go/cmake/ament_cmake_export_include_directories-extras.cmake
[134.045s] -- Installing: /home/unitree/robotscene/external/unitree_ros2/cyclonedds_ws/install/unitree_go/share/unitree_go/cmake/rosidl_cmake_export_typesupport_libraries-extras.cmake
[134.045s] -- Installing: /home/unitree/robotscene/external/unitree_ros2/cyclonedds_ws/install/unitree_go/share/unitree_go/cmake/rosidl_cmake_export_typesupport_targets-extras.cmake
[134.047s] -- Installing: /home/unitree/robotscene/external/unitree_ros2/cyclonedds_ws/install/unitree_go/share/unitree_go/cmake/unitree_goConfig.cmake
[134.047s] -- Installing: /home/unitree/robotscene/external/unitree_ros2/cyclonedds_ws/install/unitree_go/share/unitree_go/cmake/unitree_goConfig-version.cmake
[134.047s] -- Installing: /home/unitree/robotscene/external/unitree_ros2/cyclonedds_ws/install/unitree_go/share/unitree_go/package.xml
[134.054s] Invoked command in '/home/unitree/robotscene/external/unitree_ros2/cyclonedds_ws/build/unitree_go' returned '0': CMAKE_PREFIX_PATH=/opt/ros/foxy /usr/bin/cmake --install /home/unitree/robotscene/external/unitree_ros2/cyclonedds_ws/build/unitree_go
