[0.000000] (-) TimerEvent: {}
[0.000388] (-) JobUnselected: {'identifier': 'go2w_camera_bridge'}
[0.000477] (-) JobUnselected: {'identifier': 'go2w_cmd_vel_bridge'}
[0.000522] (-) JobUnselected: {'identifier': 'go2w_control_arbiter'}
[0.000557] (-) JobUnselected: {'identifier': 'go2w_description'}
[0.000591] (-) JobUnselected: {'identifier': 'go2w_lidar_preprocessor'}
[0.000621] (-) JobUnselected: {'identifier': 'go2w_lio_bringup'}
[0.000649] (-) JobUnselected: {'identifier': 'go2w_plain_slam_bridge'}
[0.000677] (-) JobUnselected: {'identifier': 'go2w_rgb_lidar_fusion'}
[0.000704] (-) JobUnselected: {'identifier': 'go2w_sensor_time_bridge'}
[0.000732] (-) JobUnselected: {'identifier': 'hesai_ros_driver'}
[0.000760] (-) JobUnselected: {'identifier': 'robot_scene_live_bridge'}
[0.000788] (-) JobUnselected: {'identifier': 'robot_scene_nav_bringup'}
[0.000832] (plain_slam_ros2) JobQueued: {'identifier': 'plain_slam_ros2', 'dependencies': OrderedDict()}
[0.000876] (plain_slam_ros2) JobStarted: {'identifier': 'plain_slam_ros2'}
[0.075863] (-) TimerEvent: {}
[0.183076] (-) TimerEvent: {}
[0.284016] (-) TimerEvent: {}
[0.385988] (-) TimerEvent: {}
[0.486461] (-) TimerEvent: {}
[0.558205] (plain_slam_ros2) JobProgress: {'identifier': 'plain_slam_ros2', 'progress': 'cmake'}
[0.560242] (plain_slam_ros2) JobProgress: {'identifier': 'plain_slam_ros2', 'progress': 'build'}
[0.562014] (plain_slam_ros2) Command: {'cmd': ['/usr/bin/cmake', '--build', '/home/unitree/robotscene/ros2_ws/build/plain_slam_ros2', '--', '-j4', '-l4'], 'cwd': '/home/unitree/robotscene/ros2_ws/build/plain_slam_ros2', 'env': OrderedDict([('HTTPS_PROXY', 'http://127.0.0.1:17891'), ('no_proxy', 'localhost,127.0.0.1,::1,192.168.123.0/24'), ('USER', 'unitree'), ('SSH_CLIENT', '192.168.123.99 55382 22'), ('LC_TIME', 'zh_CN.UTF-8'), ('all_proxy', 'socks5h://127.0.0.1:17891'), ('XDG_SESSION_TYPE', 'tty'), ('SHLVL', '0'), ('LD_LIBRARY_PATH', '/opt/ros/foxy/opt/yaml_cpp_vendor/lib:/opt/ros/foxy/opt/rviz_ogre_vendor/lib:/opt/ros/foxy/lib/aarch64-linux-gnu:/opt/ros/foxy/lib'), ('MOTD_SHOWN', 'pam'), ('HOME', '/home/unitree'), ('OLDPWD', '/home/unitree'), ('NO_PROXY', 'localhost,127.0.0.1,::1,192.168.123.0/24'), ('ROS_PYTHON_VERSION', '3'), ('LC_MONETARY', 'zh_CN.UTF-8'), ('DBUS_SESSION_BUS_ADDRESS', 'unix:path=/run/user/1000/bus'), ('https_proxy', 'http://127.0.0.1:17891'), ('ROS_DISTRO', 'foxy'), ('LOGNAME', 'unitree'), ('ALL_PROXY', 'socks5h://127.0.0.1:17891'), ('http_proxy', 'http://127.0.0.1:17891'), ('_', '/usr/bin/colcon'), ('ROS_VERSION', '2'), ('XDG_SESSION_CLASS', 'user'), ('XDG_SESSION_ID', '26'), ('ROS_LOCALHOST_ONLY', '0'), ('PATH', '/opt/ros/foxy/bin:/usr/local/sbin:/usr/local/bin:/usr/sbin:/usr/bin:/sbin:/bin:/usr/games:/usr/local/games:/snap/bin'), ('LC_ADDRESS', 'zh_CN.UTF-8'), ('XDG_RUNTIME_DIR', '/run/user/1000'), ('LANG', 'en_US.UTF-8'), ('LC_TELEPHONE', 'zh_CN.UTF-8'), ('AMENT_PREFIX_PATH', '/opt/ros/foxy'), ('SHELL', '/bin/bash'), ('LC_NAME', 'zh_CN.UTF-8'), ('LC_MEASUREMENT', 'zh_CN.UTF-8'), ('LC_IDENTIFICATION', 'zh_CN.UTF-8'), ('PWD', '/home/unitree/robotscene/ros2_ws/build/plain_slam_ros2'), ('SSH_CONNECTION', '192.168.123.99 55382 192.168.123.18 22'), ('PYTHONPATH', '/opt/ros/foxy/lib/python3.8/site-packages'), ('HTTP_PROXY', 'http://127.0.0.1:17891'), ('LC_NUMERIC', 'zh_CN.UTF-8'), ('LC_PAPER', 'zh_CN.UTF-8'), ('COLCON', '1'), ('CMAKE_PREFIX_PATH', '/opt/ros/foxy')]), 'shell': False}
[0.586759] (-) TimerEvent: {}
[0.687501] (-) TimerEvent: {}
[0.787943] (-) TimerEvent: {}
[0.843410] (plain_slam_ros2) StdoutLine: {'line': b'Scanning dependencies of target lidar_lidar_calibration_node\n'}
[0.889902] (-) TimerEvent: {}
[0.898752] (plain_slam_ros2) StdoutLine: {'line': b'[  2%] Building CXX object CMakeFiles/lidar_lidar_calibration_node.dir/src/lidar_lidar_calibration_node.cpp.o\n'}
[0.990166] (-) TimerEvent: {}
[1.090603] (-) TimerEvent: {}
[1.190963] (-) TimerEvent: {}
[1.292069] (-) TimerEvent: {}
[1.392481] (-) TimerEvent: {}
[1.492872] (-) TimerEvent: {}
[1.593266] (-) TimerEvent: {}
[1.693657] (-) TimerEvent: {}
[1.794062] (-) TimerEvent: {}
[1.894746] (-) TimerEvent: {}
[1.996152] (-) TimerEvent: {}
[2.097116] (-) TimerEvent: {}
[2.197514] (-) TimerEvent: {}
[2.297888] (-) TimerEvent: {}
[2.398515] (-) TimerEvent: {}
[2.499004] (-) TimerEvent: {}
[2.599515] (-) TimerEvent: {}
[2.700120] (-) TimerEvent: {}
[2.803388] (-) TimerEvent: {}
[2.903811] (-) TimerEvent: {}
[3.004173] (-) TimerEvent: {}
[3.104542] (-) TimerEvent: {}
[3.204894] (-) TimerEvent: {}
[3.305265] (-) TimerEvent: {}
[3.405695] (-) TimerEvent: {}
[3.506078] (-) TimerEvent: {}
[3.606447] (-) TimerEvent: {}
[3.706803] (-) TimerEvent: {}
[3.807176] (-) TimerEvent: {}
[3.907560] (-) TimerEvent: {}
[4.008009] (-) TimerEvent: {}
[4.108478] (-) TimerEvent: {}
[4.208980] (-) TimerEvent: {}
[4.309522] (-) TimerEvent: {}
[4.410388] (-) TimerEvent: {}
[4.510794] (-) TimerEvent: {}
[4.611140] (-) TimerEvent: {}
[4.711603] (-) TimerEvent: {}
[4.811957] (-) TimerEvent: {}
[4.912873] (-) TimerEvent: {}
[5.013186] (-) TimerEvent: {}
[5.113567] (-) TimerEvent: {}
[5.213913] (-) TimerEvent: {}
[5.314329] (-) TimerEvent: {}
[5.414795] (-) TimerEvent: {}
[5.515351] (-) TimerEvent: {}
[5.615870] (-) TimerEvent: {}
[5.716264] (-) TimerEvent: {}
[5.816681] (-) TimerEvent: {}
[5.917294] (-) TimerEvent: {}
[6.017831] (-) TimerEvent: {}
[6.118290] (-) TimerEvent: {}
[6.218645] (-) TimerEvent: {}
[6.319090] (-) TimerEvent: {}
[6.419520] (-) TimerEvent: {}
[6.520021] (-) TimerEvent: {}
[6.627662] (-) TimerEvent: {}
[6.728459] (-) TimerEvent: {}
[6.834371] (-) TimerEvent: {}
[6.934896] (-) TimerEvent: {}
[7.035337] (-) TimerEvent: {}
[7.135726] (-) TimerEvent: {}
[7.242193] (-) TimerEvent: {}
[7.342568] (-) TimerEvent: {}
[7.442934] (-) TimerEvent: {}
[7.543296] (-) TimerEvent: {}
[7.643761] (-) TimerEvent: {}
[7.744100] (-) TimerEvent: {}
[7.844638] (-) TimerEvent: {}
[7.945013] (-) TimerEvent: {}
[8.045384] (-) TimerEvent: {}
[8.145743] (-) TimerEvent: {}
[8.246216] (-) TimerEvent: {}
[8.352145] (-) TimerEvent: {}
[8.452501] (-) TimerEvent: {}
[8.552865] (-) TimerEvent: {}
[8.653268] (-) TimerEvent: {}
[8.753645] (-) TimerEvent: {}
[8.854027] (-) TimerEvent: {}
[8.954389] (-) TimerEvent: {}
[9.054778] (-) TimerEvent: {}
[9.155130] (-) TimerEvent: {}
[9.255513] (-) TimerEvent: {}
[9.355872] (-) TimerEvent: {}
[9.456262] (-) TimerEvent: {}
[9.556674] (-) TimerEvent: {}
[9.660712] (-) TimerEvent: {}
[9.761007] (plain_slam_ros2) StdoutLine: {'line': b'[  5%] Building CXX object CMakeFiles/lidar_lidar_calibration_node.dir/src/io.cpp.o\n'}
[9.764581] (-) TimerEvent: {}
[9.865958] (-) TimerEvent: {}
[9.968073] (-) TimerEvent: {}
[10.068459] (-) TimerEvent: {}
[10.169200] (-) TimerEvent: {}
[10.269748] (-) TimerEvent: {}
[10.370741] (-) TimerEvent: {}
[10.471167] (-) TimerEvent: {}
[10.571635] (-) TimerEvent: {}
[10.672114] (-) TimerEvent: {}
[10.772634] (-) TimerEvent: {}
[10.873095] (-) TimerEvent: {}
[10.973642] (-) TimerEvent: {}
[11.074082] (-) TimerEvent: {}
[11.174913] (-) TimerEvent: {}
[11.282546] (-) TimerEvent: {}
[11.383009] (-) TimerEvent: {}
[11.483390] (-) TimerEvent: {}
[11.583811] (-) TimerEvent: {}
[11.684220] (-) TimerEvent: {}
[11.786198] (-) TimerEvent: {}
[11.886604] (-) TimerEvent: {}
[11.986970] (-) TimerEvent: {}
[12.087346] (-) TimerEvent: {}
[12.187737] (-) TimerEvent: {}
[12.288452] (-) TimerEvent: {}
[12.389105] (-) TimerEvent: {}
[12.489789] (-) TimerEvent: {}
[12.590153] (-) TimerEvent: {}
[12.690552] (-) TimerEvent: {}
[12.790909] (-) TimerEvent: {}
[12.891269] (-) TimerEvent: {}
[12.991919] (-) TimerEvent: {}
[13.092703] (-) TimerEvent: {}
[13.196168] (-) TimerEvent: {}
[13.296889] (-) TimerEvent: {}
[13.398637] (-) TimerEvent: {}
[13.499058] (-) TimerEvent: {}
[13.599521] (-) TimerEvent: {}
[13.700253] (-) TimerEvent: {}
[13.801833] (-) TimerEvent: {}
[13.917633] (-) TimerEvent: {}
[14.018406] (-) TimerEvent: {}
[14.118802] (-) TimerEvent: {}
[14.219433] (-) TimerEvent: {}
[14.319795] (-) TimerEvent: {}
[14.422114] (-) TimerEvent: {}
[14.522741] (-) TimerEvent: {}
[14.624070] (-) TimerEvent: {}
[14.724648] (-) TimerEvent: {}
[14.825101] (-) TimerEvent: {}
[14.925465] (-) TimerEvent: {}
[15.025821] (-) TimerEvent: {}
[15.126240] (-) TimerEvent: {}
[15.226751] (-) TimerEvent: {}
[15.334399] (-) TimerEvent: {}
[15.434803] (-) TimerEvent: {}
[15.535196] (-) TimerEvent: {}
[15.636911] (-) TimerEvent: {}
[15.739101] (-) TimerEvent: {}
[15.839646] (-) TimerEvent: {}
[15.939996] (-) TimerEvent: {}
[16.040370] (-) TimerEvent: {}
[16.140780] (-) TimerEvent: {}
[16.241224] (-) TimerEvent: {}
[16.341608] (-) TimerEvent: {}
[16.442176] (-) TimerEvent: {}
[16.542711] (-) TimerEvent: {}
[16.643091] (-) TimerEvent: {}
[16.743494] (-) TimerEvent: {}
[16.843944] (-) TimerEvent: {}
[16.944348] (-) TimerEvent: {}
[17.044728] (-) TimerEvent: {}
[17.145144] (-) TimerEvent: {}
[17.245524] (-) TimerEvent: {}
[17.345978] (-) TimerEvent: {}
[17.446437] (-) TimerEvent: {}
[17.546815] (-) TimerEvent: {}
[17.647263] (plain_slam_ros2) StdoutLine: {'line': b'[  8%] Building CXX object CMakeFiles/lidar_lidar_calibration_node.dir/src/voxel_grid_filter.cpp.o\n'}
[17.647728] (-) TimerEvent: {}
[17.747946] (-) TimerEvent: {}
[17.848313] (-) TimerEvent: {}
[17.948690] (-) TimerEvent: {}
[18.049068] (-) TimerEvent: {}
[18.149421] (-) TimerEvent: {}
[18.249790] (-) TimerEvent: {}
[18.350126] (-) TimerEvent: {}
[18.450646] (-) TimerEvent: {}
[18.551025] (-) TimerEvent: {}
[18.651457] (-) TimerEvent: {}
[18.751852] (-) TimerEvent: {}
[18.852245] (-) TimerEvent: {}
[18.952612] (-) TimerEvent: {}
[19.052967] (-) TimerEvent: {}
[19.153901] (-) TimerEvent: {}
[19.254452] (-) TimerEvent: {}
[19.354854] (-) TimerEvent: {}
[19.455224] (-) TimerEvent: {}
[19.555580] (-) TimerEvent: {}
[19.655940] (-) TimerEvent: {}
[19.756289] (-) TimerEvent: {}
[19.856699] (-) TimerEvent: {}
[19.957195] (-) TimerEvent: {}
[20.057599] (-) TimerEvent: {}
[20.158003] (-) TimerEvent: {}
[20.258380] (-) TimerEvent: {}
[20.358928] (-) TimerEvent: {}
[20.459560] (-) TimerEvent: {}
[20.560010] (-) TimerEvent: {}
[20.660388] (-) TimerEvent: {}
[20.760793] (-) TimerEvent: {}
[20.861343] (-) TimerEvent: {}
[20.961769] (-) TimerEvent: {}
[21.062172] (-) TimerEvent: {}
[21.162647] (-) TimerEvent: {}
[21.263119] (-) TimerEvent: {}
[21.363529] (-) TimerEvent: {}
[21.464049] (-) TimerEvent: {}
[21.564402] (-) TimerEvent: {}
[21.664793] (-) TimerEvent: {}
[21.765188] (-) TimerEvent: {}
[21.865619] (-) TimerEvent: {}
[21.966006] (-) TimerEvent: {}
[22.075495] (-) TimerEvent: {}
[22.175869] (-) TimerEvent: {}
[22.276326] (-) TimerEvent: {}
[22.376785] (-) TimerEvent: {}
[22.477300] (-) TimerEvent: {}
[22.577801] (-) TimerEvent: {}
[22.678347] (-) TimerEvent: {}
[22.778894] (-) TimerEvent: {}
[22.879385] (-) TimerEvent: {}
[22.979848] (-) TimerEvent: {}
[23.080344] (-) TimerEvent: {}
[23.181022] (-) TimerEvent: {}
[23.284423] (-) TimerEvent: {}
[23.384809] (-) TimerEvent: {}
[23.485254] (-) TimerEvent: {}
[23.585683] (-) TimerEvent: {}
[23.686068] (-) TimerEvent: {}
[23.789795] (-) TimerEvent: {}
[23.890422] (-) TimerEvent: {}
[23.990790] (-) TimerEvent: {}
[24.096848] (-) TimerEvent: {}
[24.202382] (-) TimerEvent: {}
[24.302809] (-) TimerEvent: {}
[24.403227] (-) TimerEvent: {}
[24.503663] (-) TimerEvent: {}
[24.604089] (-) TimerEvent: {}
[24.704473] (-) TimerEvent: {}
[24.805698] (-) TimerEvent: {}
[24.906109] (-) TimerEvent: {}
[25.008515] (-) TimerEvent: {}
[25.034411] (plain_slam_ros2) StdoutLine: {'line': b'[ 11%] Building CXX object CMakeFiles/lidar_lidar_calibration_node.dir/src/lie_algebra.cpp.o\n'}
[25.117723] (-) TimerEvent: {}
[25.221140] (-) TimerEvent: {}
[25.321491] (-) TimerEvent: {}
[25.421860] (-) TimerEvent: {}
[25.522210] (-) TimerEvent: {}
[25.622731] (-) TimerEvent: {}
[25.723117] (-) TimerEvent: {}
[25.823508] (-) TimerEvent: {}
[25.923863] (-) TimerEvent: {}
[26.024246] (-) TimerEvent: {}
[26.124659] (-) TimerEvent: {}
[26.225032] (-) TimerEvent: {}
[26.325379] (-) TimerEvent: {}
[26.425723] (-) TimerEvent: {}
[26.526085] (-) TimerEvent: {}
[26.626436] (-) TimerEvent: {}
[26.726788] (-) TimerEvent: {}
[26.827137] (-) TimerEvent: {}
[26.936588] (-) TimerEvent: {}
[27.039187] (-) TimerEvent: {}
[27.140143] (-) TimerEvent: {}
[27.240497] (-) TimerEvent: {}
[27.342149] (-) TimerEvent: {}
[27.442600] (-) TimerEvent: {}
[27.543222] (-) TimerEvent: {}
[27.645439] (-) TimerEvent: {}
[27.745771] (-) TimerEvent: {}
[27.846133] (-) TimerEvent: {}
[27.948375] (-) TimerEvent: {}
[28.048771] (-) TimerEvent: {}
[28.149196] (-) TimerEvent: {}
[28.249581] (-) TimerEvent: {}
[28.350211] (-) TimerEvent: {}
[28.450597] (-) TimerEvent: {}
[28.551024] (-) TimerEvent: {}
[28.651409] (-) TimerEvent: {}
[28.751881] (-) TimerEvent: {}
[28.852267] (-) TimerEvent: {}
[28.952913] (-) TimerEvent: {}
[29.053356] (-) TimerEvent: {}
[29.153896] (-) TimerEvent: {}
[29.254525] (-) TimerEvent: {}
[29.354943] (-) TimerEvent: {}
[29.455319] (-) TimerEvent: {}
[29.555666] (-) TimerEvent: {}
[29.656027] (-) TimerEvent: {}
[29.756365] (-) TimerEvent: {}
[29.856724] (-) TimerEvent: {}
[29.957064] (-) TimerEvent: {}
[30.057400] (-) TimerEvent: {}
[30.158559] (-) TimerEvent: {}
[30.258929] (-) TimerEvent: {}
[30.359301] (-) TimerEvent: {}
[30.459742] (-) TimerEvent: {}
[30.560089] (-) TimerEvent: {}
[30.660449] (-) TimerEvent: {}
[30.761007] (-) TimerEvent: {}
[30.861412] (-) TimerEvent: {}
[30.962497] (-) TimerEvent: {}
[31.064585] (-) TimerEvent: {}
[31.164959] (-) TimerEvent: {}
[31.265702] (-) TimerEvent: {}
[31.366055] (-) TimerEvent: {}
[31.466500] (-) TimerEvent: {}
[31.566871] (-) TimerEvent: {}
[31.667237] (-) TimerEvent: {}
[31.770599] (-) TimerEvent: {}
[31.886357] (-) TimerEvent: {}
[31.986715] (-) TimerEvent: {}
[32.087091] (-) TimerEvent: {}
[32.187484] (-) TimerEvent: {}
[32.287869] (-) TimerEvent: {}
[32.390136] (-) TimerEvent: {}
[32.490575] (-) TimerEvent: {}
[32.590908] (-) TimerEvent: {}
[32.692458] (-) TimerEvent: {}
[32.792807] (-) TimerEvent: {}
[32.850619] (plain_slam_ros2) StdoutLine: {'line': b'[ 14%] Building CXX object CMakeFiles/lidar_lidar_calibration_node.dir/src/gicp.cpp.o\n'}
[32.892952] (-) TimerEvent: {}
[32.993331] (-) TimerEvent: {}
[33.093747] (-) TimerEvent: {}
[33.194165] (-) TimerEvent: {}
[33.294601] (-) TimerEvent: {}
[33.395399] (-) TimerEvent: {}
[33.495773] (-) TimerEvent: {}
[33.596139] (-) TimerEvent: {}
[33.696467] (-) TimerEvent: {}
[33.796837] (-) TimerEvent: {}
[33.897166] (-) TimerEvent: {}
[34.000970] (-) TimerEvent: {}
[34.114359] (-) TimerEvent: {}
[34.214742] (-) TimerEvent: {}
[34.315174] (-) TimerEvent: {}
[34.422998] (-) TimerEvent: {}
[34.524123] (-) TimerEvent: {}
[34.624502] (-) TimerEvent: {}
[34.724889] (-) TimerEvent: {}
[34.825287] (-) TimerEvent: {}
[34.926943] (-) TimerEvent: {}
[35.027271] (-) TimerEvent: {}
[35.127641] (-) TimerEvent: {}
[35.228159] (-) TimerEvent: {}
[35.328674] (-) TimerEvent: {}
[35.429043] (-) TimerEvent: {}
[35.529395] (-) TimerEvent: {}
[35.629839] (-) TimerEvent: {}
[35.730299] (-) TimerEvent: {}
[35.838400] (-) TimerEvent: {}
[35.938809] (-) TimerEvent: {}
[36.039172] (-) TimerEvent: {}
[36.139604] (-) TimerEvent: {}
[36.239970] (-) TimerEvent: {}
[36.340405] (-) TimerEvent: {}
[36.440802] (-) TimerEvent: {}
[36.541179] (-) TimerEvent: {}
[36.644178] (-) TimerEvent: {}
[36.746403] (-) TimerEvent: {}
[36.846829] (-) TimerEvent: {}
[36.954349] (-) TimerEvent: {}
[37.054702] (-) TimerEvent: {}
[37.155160] (-) TimerEvent: {}
[37.255616] (-) TimerEvent: {}
[37.356503] (-) TimerEvent: {}
[37.456942] (-) TimerEvent: {}
[37.557482] (-) TimerEvent: {}
[37.658029] (-) TimerEvent: {}
[37.765530] (-) TimerEvent: {}
[37.865901] (-) TimerEvent: {}
[37.966361] (-) TimerEvent: {}
[38.066716] (-) TimerEvent: {}
[38.167641] (-) TimerEvent: {}
[38.268006] (-) TimerEvent: {}
[38.368423] (-) TimerEvent: {}
[38.469025] (-) TimerEvent: {}
[38.570446] (-) TimerEvent: {}
[38.672665] (-) TimerEvent: {}
[38.787835] (-) TimerEvent: {}
[38.888721] (-) TimerEvent: {}
[38.989093] (-) TimerEvent: {}
[39.089633] (-) TimerEvent: {}
[39.190122] (-) TimerEvent: {}
[39.290644] (-) TimerEvent: {}
[39.391252] (-) TimerEvent: {}
[39.491752] (-) TimerEvent: {}
[39.592186] (-) TimerEvent: {}
[39.701362] (-) TimerEvent: {}
[39.801828] (-) TimerEvent: {}
[39.902374] (-) TimerEvent: {}
[40.002815] (-) TimerEvent: {}
[40.103184] (-) TimerEvent: {}
[40.204100] (-) TimerEvent: {}
[40.304447] (-) TimerEvent: {}
[40.405017] (-) TimerEvent: {}
[40.506457] (-) TimerEvent: {}
[40.606830] (-) TimerEvent: {}
[40.707340] (-) TimerEvent: {}
[40.807742] (-) TimerEvent: {}
[40.917058] (-) TimerEvent: {}
[41.017955] (-) TimerEvent: {}
[41.118341] (-) TimerEvent: {}
[41.218728] (-) TimerEvent: {}
[41.320702] (-) TimerEvent: {}
[41.421064] (-) TimerEvent: {}
[41.521445] (-) TimerEvent: {}
[41.621915] (-) TimerEvent: {}
[41.722548] (-) TimerEvent: {}
[41.824131] (-) TimerEvent: {}
[41.924641] (-) TimerEvent: {}
[42.025052] (-) TimerEvent: {}
[42.125457] (-) TimerEvent: {}
[42.227009] (-) TimerEvent: {}
[42.327388] (-) TimerEvent: {}
[42.430418] (-) TimerEvent: {}
[42.531555] (-) TimerEvent: {}
[42.631918] (-) TimerEvent: {}
[42.732907] (-) TimerEvent: {}
[42.834082] (-) TimerEvent: {}
[42.936014] (-) TimerEvent: {}
[43.046466] (-) TimerEvent: {}
[43.147166] (-) TimerEvent: {}
[43.250429] (-) TimerEvent: {}
[43.350886] (-) TimerEvent: {}
[43.451261] (-) TimerEvent: {}
[43.551649] (-) TimerEvent: {}
[43.653203] (-) TimerEvent: {}
[43.753615] (-) TimerEvent: {}
[43.853983] (-) TimerEvent: {}
[43.954372] (-) TimerEvent: {}
[44.054764] (-) TimerEvent: {}
[44.155184] (-) TimerEvent: {}
[44.255548] (-) TimerEvent: {}
[44.355979] (-) TimerEvent: {}
[44.456404] (-) TimerEvent: {}
[44.556812] (-) TimerEvent: {}
[44.662363] (-) TimerEvent: {}
[44.762720] (-) TimerEvent: {}
[44.863133] (-) TimerEvent: {}
[44.963541] (-) TimerEvent: {}
[45.063966] (-) TimerEvent: {}
[45.164456] (-) TimerEvent: {}
[45.264827] (-) TimerEvent: {}
[45.370353] (-) TimerEvent: {}
[45.470706] (-) TimerEvent: {}
[45.571103] (-) TimerEvent: {}
[45.671464] (-) TimerEvent: {}
[45.771853] (-) TimerEvent: {}
[45.878376] (-) TimerEvent: {}
[45.989792] (-) TimerEvent: {}
[46.090689] (-) TimerEvent: {}
[46.191197] (-) TimerEvent: {}
[46.291596] (-) TimerEvent: {}
[46.392074] (-) TimerEvent: {}
[46.492498] (-) TimerEvent: {}
[46.592906] (-) TimerEvent: {}
[46.693275] (-) TimerEvent: {}
[46.793670] (-) TimerEvent: {}
[46.894450] (-) TimerEvent: {}
[46.995915] (-) TimerEvent: {}
[47.096282] (-) TimerEvent: {}
[47.196636] (-) TimerEvent: {}
[47.297024] (-) TimerEvent: {}
[47.397416] (-) TimerEvent: {}
[47.497903] (-) TimerEvent: {}
[47.598426] (-) TimerEvent: {}
[47.701065] (-) TimerEvent: {}
[47.801418] (-) TimerEvent: {}
[47.902367] (-) TimerEvent: {}
[48.002690] (-) TimerEvent: {}
[48.104158] (-) TimerEvent: {}
[48.204514] (-) TimerEvent: {}
[48.304906] (-) TimerEvent: {}
[48.405311] (-) TimerEvent: {}
[48.505694] (-) TimerEvent: {}
[48.606062] (-) TimerEvent: {}
[48.710342] (-) TimerEvent: {}
[48.811699] (-) TimerEvent: {}
[48.912488] (-) TimerEvent: {}
[49.014591] (-) TimerEvent: {}
[49.114976] (-) TimerEvent: {}
[49.215398] (-) TimerEvent: {}
[49.315788] (-) TimerEvent: {}
[49.416228] (-) TimerEvent: {}
[49.516600] (-) TimerEvent: {}
[49.616982] (-) TimerEvent: {}
[49.717344] (-) TimerEvent: {}
[49.817707] (-) TimerEvent: {}
[49.918055] (-) TimerEvent: {}
[50.018434] (-) TimerEvent: {}
[50.120239] (-) TimerEvent: {}
[50.220989] (-) TimerEvent: {}
[50.321386] (-) TimerEvent: {}
[50.421800] (-) TimerEvent: {}
[50.522286] (-) TimerEvent: {}
[50.622787] (-) TimerEvent: {}
[50.723185] (-) TimerEvent: {}
[50.823574] (-) TimerEvent: {}
[50.923937] (-) TimerEvent: {}
[51.024874] (-) TimerEvent: {}
[51.130349] (-) TimerEvent: {}
[51.230702] (-) TimerEvent: {}
[51.331122] (-) TimerEvent: {}
[51.431619] (-) TimerEvent: {}
[51.531964] (-) TimerEvent: {}
[51.632324] (-) TimerEvent: {}
[51.732700] (-) TimerEvent: {}
[51.833088] (-) TimerEvent: {}
[51.936084] (-) TimerEvent: {}
[52.046345] (-) TimerEvent: {}
[52.146689] (-) TimerEvent: {}
[52.247054] (-) TimerEvent: {}
[52.347420] (-) TimerEvent: {}
[52.447818] (-) TimerEvent: {}
[52.549327] (-) TimerEvent: {}
[52.649685] (-) TimerEvent: {}
[52.750038] (-) TimerEvent: {}
[52.850419] (-) TimerEvent: {}
[52.950764] (-) TimerEvent: {}
[53.051161] (-) TimerEvent: {}
[53.151520] (-) TimerEvent: {}
[53.266415] (-) TimerEvent: {}
[53.370377] (-) TimerEvent: {}
[53.470794] (-) TimerEvent: {}
[53.571995] (-) TimerEvent: {}
[53.672763] (-) TimerEvent: {}
[53.773358] (-) TimerEvent: {}
[53.873710] (-) TimerEvent: {}
[53.974068] (-) TimerEvent: {}
[54.080114] (-) TimerEvent: {}
[54.180550] (-) TimerEvent: {}
[54.280985] (-) TimerEvent: {}
[54.381415] (-) TimerEvent: {}
[54.481794] (-) TimerEvent: {}
[54.582153] (-) TimerEvent: {}
[54.682596] (-) TimerEvent: {}
[54.782980] (-) TimerEvent: {}
[54.883405] (-) TimerEvent: {}
[54.983754] (-) TimerEvent: {}
[55.111249] (-) TimerEvent: {}
[55.211815] (-) TimerEvent: {}
[55.312234] (-) TimerEvent: {}
[55.412617] (-) TimerEvent: {}
[55.513060] (-) TimerEvent: {}
[55.613405] (-) TimerEvent: {}
[55.713791] (-) TimerEvent: {}
[55.814145] (-) TimerEvent: {}
[55.914608] (-) TimerEvent: {}
[56.014955] (-) TimerEvent: {}
[56.117065] (-) TimerEvent: {}
[56.217451] (-) TimerEvent: {}
[56.318872] (-) TimerEvent: {}
[56.419229] (-) TimerEvent: {}
[56.519589] (-) TimerEvent: {}
[56.619972] (-) TimerEvent: {}
[56.720353] (-) TimerEvent: {}
[56.820725] (-) TimerEvent: {}
[56.921090] (-) TimerEvent: {}
[57.021630] (-) TimerEvent: {}
[57.121983] (-) TimerEvent: {}
[57.222413] (-) TimerEvent: {}
[57.322770] (-) TimerEvent: {}
[57.423130] (-) TimerEvent: {}
[57.523484] (-) TimerEvent: {}
[57.623911] (-) TimerEvent: {}
[57.724289] (-) TimerEvent: {}
[57.824703] (-) TimerEvent: {}
[57.925075] (-) TimerEvent: {}
[58.025491] (-) TimerEvent: {}
[58.125921] (-) TimerEvent: {}
[58.226349] (-) TimerEvent: {}
[58.326715] (-) TimerEvent: {}
[58.427119] (-) TimerEvent: {}
[58.527495] (-) TimerEvent: {}
[58.627886] (-) TimerEvent: {}
[58.728357] (-) TimerEvent: {}
[58.830824] (-) TimerEvent: {}
[58.931189] (-) TimerEvent: {}
[59.031591] (-) TimerEvent: {}
[59.132076] (-) TimerEvent: {}
[59.232544] (-) TimerEvent: {}
[59.333050] (-) TimerEvent: {}
[59.433871] (-) TimerEvent: {}
[59.535379] (-) TimerEvent: {}
[59.635767] (-) TimerEvent: {}
[59.736337] (-) TimerEvent: {}
[59.836849] (-) TimerEvent: {}
[59.939844] (-) TimerEvent: {}
[60.040404] (-) TimerEvent: {}
[60.140785] (-) TimerEvent: {}
[60.241335] (-) TimerEvent: {}
[60.342364] (-) TimerEvent: {}
[60.442839] (-) TimerEvent: {}
[60.543268] (-) TimerEvent: {}
[60.644721] (-) TimerEvent: {}
[60.745070] (-) TimerEvent: {}
[60.845439] (-) TimerEvent: {}
[60.945807] (-) TimerEvent: {}
[61.046399] (-) TimerEvent: {}
[61.154382] (-) TimerEvent: {}
[61.255011] (-) TimerEvent: {}
[61.355398] (-) TimerEvent: {}
[61.455800] (-) TimerEvent: {}
[61.556329] (-) TimerEvent: {}
[61.662371] (-) TimerEvent: {}
[61.764334] (-) TimerEvent: {}
[61.867295] (-) TimerEvent: {}
[61.969726] (-) TimerEvent: {}
[62.070084] (-) TimerEvent: {}
[62.170508] (-) TimerEvent: {}
[62.270878] (-) TimerEvent: {}
[62.371288] (-) TimerEvent: {}
[62.471820] (-) TimerEvent: {}
[62.574367] (-) TimerEvent: {}
[62.674862] (-) TimerEvent: {}
[62.775494] (-) TimerEvent: {}
[62.876014] (-) TimerEvent: {}
[62.976487] (-) TimerEvent: {}
[63.077333] (-) TimerEvent: {}
[63.178897] (-) TimerEvent: {}
[63.279292] (-) TimerEvent: {}
[63.379645] (-) TimerEvent: {}
[63.480012] (-) TimerEvent: {}
[63.580761] (-) TimerEvent: {}
[63.681170] (-) TimerEvent: {}
[63.781588] (-) TimerEvent: {}
[63.881945] (-) TimerEvent: {}
[63.982404] (-) TimerEvent: {}
[64.082786] (-) TimerEvent: {}
[64.183131] (-) TimerEvent: {}
[64.283495] (-) TimerEvent: {}
[64.383839] (-) TimerEvent: {}
[64.492316] (-) TimerEvent: {}
[64.594366] (-) TimerEvent: {}
[64.694745] (-) TimerEvent: {}
[64.795123] (-) TimerEvent: {}
[64.897550] (-) TimerEvent: {}
[64.997935] (-) TimerEvent: {}
[65.098342] (-) TimerEvent: {}
[65.199248] (-) TimerEvent: {}
[65.299653] (-) TimerEvent: {}
[65.400018] (-) TimerEvent: {}
[65.501329] (-) TimerEvent: {}
[65.601727] (-) TimerEvent: {}
[65.702179] (-) TimerEvent: {}
[65.802593] (-) TimerEvent: {}
[65.902953] (-) TimerEvent: {}
[66.003440] (-) TimerEvent: {}
[66.104345] (-) TimerEvent: {}
[66.209707] (-) TimerEvent: {}
[66.310108] (-) TimerEvent: {}
[66.411340] (-) TimerEvent: {}
[66.512735] (-) TimerEvent: {}
[66.613282] (-) TimerEvent: {}
[66.713663] (-) TimerEvent: {}
[66.814399] (-) TimerEvent: {}
[66.914896] (-) TimerEvent: {}
[67.019831] (-) TimerEvent: {}
[67.120258] (-) TimerEvent: {}
[67.232525] (-) TimerEvent: {}
[67.332936] (-) TimerEvent: {}
[67.436503] (-) TimerEvent: {}
[67.537009] (-) TimerEvent: {}
[67.637532] (-) TimerEvent: {}
[67.738159] (-) TimerEvent: {}
[67.752751] (plain_slam_ros2) StdoutLine: {'line': b'[ 17%] Linking CXX executable lidar_lidar_calibration_node\n'}
[67.838672] (-) TimerEvent: {}
[67.939349] (-) TimerEvent: {}
[68.039817] (-) TimerEvent: {}
[68.126480] (plain_slam_ros2) StdoutLine: {'line': b'[ 17%] Built target lidar_lidar_calibration_node\n'}
[68.139978] (-) TimerEvent: {}
[68.240320] (-) TimerEvent: {}
[68.340720] (-) TimerEvent: {}
[68.446491] (-) TimerEvent: {}
[68.503603] (plain_slam_ros2) StdoutLine: {'line': b'Scanning dependencies of target lio_3d_node\n'}
[68.546591] (-) TimerEvent: {}
[68.611028] (plain_slam_ros2) StdoutLine: {'line': b'[ 20%] Building CXX object CMakeFiles/lio_3d_node.dir/src/lio_3d_node.cpp.o\n'}
[68.647474] (-) TimerEvent: {}
[68.747940] (-) TimerEvent: {}
[68.849065] (-) TimerEvent: {}
[68.949622] (-) TimerEvent: {}
[69.050030] (-) TimerEvent: {}
[69.150402] (-) TimerEvent: {}
[69.250812] (-) TimerEvent: {}
[69.351282] (-) TimerEvent: {}
[69.451635] (-) TimerEvent: {}
[69.562451] (-) TimerEvent: {}
[69.662868] (-) TimerEvent: {}
[69.763345] (-) TimerEvent: {}
[69.863769] (-) TimerEvent: {}
[69.964184] (-) TimerEvent: {}
[70.064549] (-) TimerEvent: {}
[70.164888] (-) TimerEvent: {}
[70.265287] (-) TimerEvent: {}
[70.366051] (-) TimerEvent: {}
[70.466552] (-) TimerEvent: {}
[70.569773] (-) TimerEvent: {}
[70.670538] (-) TimerEvent: {}
[70.776033] (-) TimerEvent: {}
[70.882677] (-) TimerEvent: {}
[70.984200] (-) TimerEvent: {}
[71.084684] (-) TimerEvent: {}
[71.185093] (-) TimerEvent: {}
[71.285722] (-) TimerEvent: {}
[71.386150] (-) TimerEvent: {}
[71.486544] (-) TimerEvent: {}
[71.589408] (-) TimerEvent: {}
[71.690983] (-) TimerEvent: {}
[71.791406] (-) TimerEvent: {}
[71.891859] (-) TimerEvent: {}
[71.992274] (-) TimerEvent: {}
[72.092954] (-) TimerEvent: {}
[72.193625] (-) TimerEvent: {}
[72.294055] (-) TimerEvent: {}
[72.398372] (-) TimerEvent: {}
[72.498772] (-) TimerEvent: {}
[72.599218] (-) TimerEvent: {}
[72.710990] (-) TimerEvent: {}
[72.817860] (-) TimerEvent: {}
[72.918678] (-) TimerEvent: {}
[73.020433] (-) TimerEvent: {}
[73.120826] (-) TimerEvent: {}
[73.221307] (-) TimerEvent: {}
[73.321683] (-) TimerEvent: {}
[73.422089] (-) TimerEvent: {}
[73.522538] (-) TimerEvent: {}
[73.622974] (-) TimerEvent: {}
[73.723365] (-) TimerEvent: {}
[73.823707] (-) TimerEvent: {}
[73.924077] (-) TimerEvent: {}
[74.024426] (-) TimerEvent: {}
[74.124774] (-) TimerEvent: {}
[74.225602] (-) TimerEvent: {}
[74.326125] (-) TimerEvent: {}
[74.426506] (-) TimerEvent: {}
[74.526893] (-) TimerEvent: {}
[74.627277] (-) TimerEvent: {}
[74.727637] (-) TimerEvent: {}
[74.834378] (-) TimerEvent: {}
[74.939735] (-) TimerEvent: {}
[75.041337] (-) TimerEvent: {}
[75.142908] (-) TimerEvent: {}
[75.243390] (-) TimerEvent: {}
[75.344406] (-) TimerEvent: {}
[75.444862] (-) TimerEvent: {}
[75.545362] (-) TimerEvent: {}
[75.646301] (-) TimerEvent: {}
[75.748197] (-) TimerEvent: {}
[75.848639] (-) TimerEvent: {}
[75.949067] (-) TimerEvent: {}
[76.049521] (-) TimerEvent: {}
[76.149900] (-) TimerEvent: {}
[76.250903] (-) TimerEvent: {}
[76.351276] (-) TimerEvent: {}
[76.451715] (-) TimerEvent: {}
[76.552198] (-) TimerEvent: {}
[76.653398] (-) TimerEvent: {}
[76.753788] (-) TimerEvent: {}
[76.854120] (-) TimerEvent: {}
[76.954532] (-) TimerEvent: {}
[77.054907] (-) TimerEvent: {}
[77.155252] (-) TimerEvent: {}
[77.255605] (-) TimerEvent: {}
[77.356042] (-) TimerEvent: {}
[77.456477] (-) TimerEvent: {}
[77.556843] (-) TimerEvent: {}
[77.657461] (-) TimerEvent: {}
[77.757860] (-) TimerEvent: {}
[77.858250] (-) TimerEvent: {}
[77.958731] (-) TimerEvent: {}
[78.059430] (-) TimerEvent: {}
[78.160071] (-) TimerEvent: {}
[78.260527] (-) TimerEvent: {}
[78.361658] (-) TimerEvent: {}
[78.462047] (-) TimerEvent: {}
[78.562502] (-) TimerEvent: {}
[78.662932] (-) TimerEvent: {}
[78.763380] (-) TimerEvent: {}
[78.863820] (-) TimerEvent: {}
[78.964357] (-) TimerEvent: {}
[79.064779] (-) TimerEvent: {}
[79.166025] (-) TimerEvent: {}
[79.270210] (-) TimerEvent: {}
[79.375157] (-) TimerEvent: {}
[79.475663] (-) TimerEvent: {}
[79.576195] (-) TimerEvent: {}
[79.676927] (-) TimerEvent: {}
[79.780271] (-) TimerEvent: {}
[79.881070] (-) TimerEvent: {}
[79.981553] (-) TimerEvent: {}
[80.082034] (-) TimerEvent: {}
[80.182692] (-) TimerEvent: {}
[80.283390] (-) TimerEvent: {}
[80.383845] (-) TimerEvent: {}
[80.484256] (-) TimerEvent: {}
[80.584666] (-) TimerEvent: {}
[80.685987] (-) TimerEvent: {}
[80.786407] (-) TimerEvent: {}
[80.886822] (-) TimerEvent: {}
[80.988165] (-) TimerEvent: {}
[81.088692] (-) TimerEvent: {}
[81.189304] (-) TimerEvent: {}
[81.289834] (-) TimerEvent: {}
[81.392596] (-) TimerEvent: {}
[81.493106] (-) TimerEvent: {}
[81.593478] (-) TimerEvent: {}
[81.693899] (-) TimerEvent: {}
[81.794269] (-) TimerEvent: {}
[81.894639] (-) TimerEvent: {}
[81.995006] (-) TimerEvent: {}
[82.097249] (-) TimerEvent: {}
[82.197628] (-) TimerEvent: {}
[82.297972] (-) TimerEvent: {}
[82.398469] (-) TimerEvent: {}
[82.500985] (-) TimerEvent: {}
[82.601338] (-) TimerEvent: {}
[82.701717] (-) TimerEvent: {}
[82.802322] (-) TimerEvent: {}
[82.902708] (-) TimerEvent: {}
[83.003067] (-) TimerEvent: {}
[83.103465] (-) TimerEvent: {}
[83.203941] (-) TimerEvent: {}
[83.304420] (-) TimerEvent: {}
[83.404789] (-) TimerEvent: {}
[83.505115] (-) TimerEvent: {}
[83.605458] (-) TimerEvent: {}
[83.705834] (-) TimerEvent: {}
[83.806196] (-) TimerEvent: {}
[83.906549] (-) TimerEvent: {}
[84.006903] (-) TimerEvent: {}
[84.107232] (-) TimerEvent: {}
[84.207840] (-) TimerEvent: {}
[84.308539] (-) TimerEvent: {}
[84.409385] (-) TimerEvent: {}
[84.509723] (-) TimerEvent: {}
[84.610081] (-) TimerEvent: {}
[84.710509] (-) TimerEvent: {}
[84.810858] (-) TimerEvent: {}
[84.911230] (-) TimerEvent: {}
[85.011595] (-) TimerEvent: {}
[85.111987] (-) TimerEvent: {}
[85.212403] (-) TimerEvent: {}
[85.312841] (-) TimerEvent: {}
[85.413682] (-) TimerEvent: {}
[85.514040] (-) TimerEvent: {}
[85.615662] (-) TimerEvent: {}
[85.716080] (-) TimerEvent: {}
[85.816447] (-) TimerEvent: {}
[85.917536] (-) TimerEvent: {}
[86.018013] (-) TimerEvent: {}
[86.118451] (-) TimerEvent: {}
[86.230002] (-) TimerEvent: {}
[86.330360] (-) TimerEvent: {}
[86.430723] (-) TimerEvent: {}
[86.545851] (-) TimerEvent: {}
[86.646755] (-) TimerEvent: {}
[86.747215] (-) TimerEvent: {}
[86.847676] (-) TimerEvent: {}
[86.948075] (-) TimerEvent: {}
[87.048467] (-) TimerEvent: {}
[87.148954] (-) TimerEvent: {}
[87.254621] (-) TimerEvent: {}
[87.355029] (-) TimerEvent: {}
[87.455476] (-) TimerEvent: {}
[87.555927] (-) TimerEvent: {}
[87.656336] (-) TimerEvent: {}
[87.756720] (-) TimerEvent: {}
[87.857100] (-) TimerEvent: {}
[87.957587] (-) TimerEvent: {}
[88.058008] (-) TimerEvent: {}
[88.158377] (-) TimerEvent: {}
[88.262397] (-) TimerEvent: {}
[88.363043] (-) TimerEvent: {}
[88.463717] (-) TimerEvent: {}
[88.565399] (-) TimerEvent: {}
[88.665900] (-) TimerEvent: {}
[88.766316] (-) TimerEvent: {}
[88.866755] (-) TimerEvent: {}
[88.967377] (-) TimerEvent: {}
[89.068003] (-) TimerEvent: {}
[89.169615] (-) TimerEvent: {}
[89.269974] (-) TimerEvent: {}
[89.370474] (-) TimerEvent: {}
[89.470874] (-) TimerEvent: {}
[89.571319] (-) TimerEvent: {}
[89.671675] (-) TimerEvent: {}
[89.774414] (-) TimerEvent: {}
[89.875301] (-) TimerEvent: {}
[89.975685] (-) TimerEvent: {}
[90.076101] (-) TimerEvent: {}
[90.176511] (-) TimerEvent: {}
[90.278610] (-) TimerEvent: {}
[90.378996] (-) TimerEvent: {}
[90.479356] (-) TimerEvent: {}
[90.579702] (-) TimerEvent: {}
[90.686360] (-) TimerEvent: {}
[90.786700] (-) TimerEvent: {}
[90.887099] (-) TimerEvent: {}
[90.987514] (-) TimerEvent: {}
[91.089588] (-) TimerEvent: {}
[91.190022] (-) TimerEvent: {}
[91.290642] (-) TimerEvent: {}
[91.391072] (-) TimerEvent: {}
[91.491486] (-) TimerEvent: {}
[91.591882] (-) TimerEvent: {}
[91.692760] (-) TimerEvent: {}
[91.793159] (-) TimerEvent: {}
[91.893571] (-) TimerEvent: {}
[91.997591] (-) TimerEvent: {}
[92.097949] (-) TimerEvent: {}
[92.198476] (-) TimerEvent: {}
[92.299038] (-) TimerEvent: {}
[92.399414] (-) TimerEvent: {}
[92.499841] (-) TimerEvent: {}
[92.600204] (-) TimerEvent: {}
[92.700660] (-) TimerEvent: {}
[92.801110] (-) TimerEvent: {}
[92.903460] (-) TimerEvent: {}
[93.003881] (-) TimerEvent: {}
[93.104238] (-) TimerEvent: {}
[93.204703] (-) TimerEvent: {}
[93.305060] (-) TimerEvent: {}
[93.405499] (-) TimerEvent: {}
[93.505913] (-) TimerEvent: {}
[93.606426] (-) TimerEvent: {}
[93.706936] (-) TimerEvent: {}
[93.807517] (-) TimerEvent: {}
[93.908013] (-) TimerEvent: {}
[94.008389] (-) TimerEvent: {}
[94.108785] (-) TimerEvent: {}
[94.209887] (-) TimerEvent: {}
[94.310754] (-) TimerEvent: {}
[94.411189] (-) TimerEvent: {}
[94.511565] (-) TimerEvent: {}
[94.614442] (-) TimerEvent: {}
[94.714823] (-) TimerEvent: {}
[94.815196] (-) TimerEvent: {}
[94.915770] (-) TimerEvent: {}
[95.016561] (-) TimerEvent: {}
[95.121575] (-) TimerEvent: {}
[95.222391] (-) TimerEvent: {}
[95.322782] (-) TimerEvent: {}
[95.423183] (-) TimerEvent: {}
[95.526355] (-) TimerEvent: {}
[95.626755] (-) TimerEvent: {}
[95.730456] (-) TimerEvent: {}
[95.834395] (-) TimerEvent: {}
[95.934786] (-) TimerEvent: {}
[96.035153] (-) TimerEvent: {}
[96.135536] (-) TimerEvent: {}
[96.236984] (-) TimerEvent: {}
[96.339664] (-) TimerEvent: {}
[96.446805] (-) TimerEvent: {}
[96.547166] (-) TimerEvent: {}
[96.647581] (-) TimerEvent: {}
[96.747907] (-) TimerEvent: {}
[96.848276] (-) TimerEvent: {}
[96.948764] (-) TimerEvent: {}
[97.049145] (-) TimerEvent: {}
[97.149595] (-) TimerEvent: {}
[97.250176] (-) TimerEvent: {}
[97.350560] (-) TimerEvent: {}
[97.451047] (-) TimerEvent: {}
[97.551389] (-) TimerEvent: {}
[97.656259] (-) TimerEvent: {}
[97.757558] (-) TimerEvent: {}
[97.858888] (-) TimerEvent: {}
[97.960491] (-) TimerEvent: {}
[98.060957] (-) TimerEvent: {}
[98.161541] (-) TimerEvent: {}
[98.262153] (-) TimerEvent: {}
[98.362717] (-) TimerEvent: {}
[98.463596] (-) TimerEvent: {}
[98.564010] (-) TimerEvent: {}
[98.664632] (-) TimerEvent: {}
[98.766586] (-) TimerEvent: {}
[98.866979] (-) TimerEvent: {}
[98.967945] (-) TimerEvent: {}
[99.069422] (-) TimerEvent: {}
[99.169816] (-) TimerEvent: {}
[99.270200] (-) TimerEvent: {}
[99.370615] (-) TimerEvent: {}
[99.478351] (-) TimerEvent: {}
[99.578677] (-) TimerEvent: {}
[99.679043] (-) TimerEvent: {}
[99.780212] (-) TimerEvent: {}
[99.880933] (-) TimerEvent: {}
[99.981535] (-) TimerEvent: {}
[100.081918] (-) TimerEvent: {}
[100.182323] (-) TimerEvent: {}
[100.282734] (-) TimerEvent: {}
[100.383098] (-) TimerEvent: {}
[100.483468] (-) TimerEvent: {}
[100.583821] (-) TimerEvent: {}
[100.684242] (-) TimerEvent: {}
[100.784625] (-) TimerEvent: {}
[100.885437] (-) TimerEvent: {}
[100.985899] (-) TimerEvent: {}
[101.086375] (-) TimerEvent: {}
[101.198939] (-) TimerEvent: {}
[101.299322] (-) TimerEvent: {}
[101.399703] (-) TimerEvent: {}
[101.500198] (-) TimerEvent: {}
[101.600925] (-) TimerEvent: {}
[101.701763] (-) TimerEvent: {}
[101.802180] (-) TimerEvent: {}
[101.902784] (-) TimerEvent: {}
[102.003452] (-) TimerEvent: {}
[102.103921] (-) TimerEvent: {}
[102.204361] (-) TimerEvent: {}
[102.304846] (-) TimerEvent: {}
[102.406382] (-) TimerEvent: {}
[102.506812] (-) TimerEvent: {}
[102.614339] (-) TimerEvent: {}
[102.714705] (-) TimerEvent: {}
[102.815142] (-) TimerEvent: {}
[102.915756] (-) TimerEvent: {}
[103.016110] (-) TimerEvent: {}
[103.116471] (-) TimerEvent: {}
[103.216823] (-) TimerEvent: {}
[103.317584] (-) TimerEvent: {}
[103.418063] (-) TimerEvent: {}
[103.538345] (-) TimerEvent: {}
[103.638709] (-) TimerEvent: {}
[103.739109] (-) TimerEvent: {}
[103.839768] (-) TimerEvent: {}
[103.940158] (-) TimerEvent: {}
[104.041332] (-) TimerEvent: {}
[104.142379] (-) TimerEvent: {}
[104.242787] (-) TimerEvent: {}
[104.346014] (-) TimerEvent: {}
[104.450374] (-) TimerEvent: {}
[104.550727] (-) TimerEvent: {}
[104.651097] (-) TimerEvent: {}
[104.753042] (-) TimerEvent: {}
[104.853878] (-) TimerEvent: {}
[104.954205] (-) TimerEvent: {}
[105.054705] (-) TimerEvent: {}
[105.155079] (-) TimerEvent: {}
[105.255404] (-) TimerEvent: {}
[105.355778] (-) TimerEvent: {}
[105.458408] (-) TimerEvent: {}
[105.570938] (-) TimerEvent: {}
[105.671295] (-) TimerEvent: {}
[105.771996] (-) TimerEvent: {}
[105.872350] (-) TimerEvent: {}
[105.982955] (-) TimerEvent: {}
[106.083771] (-) TimerEvent: {}
[106.184097] (-) TimerEvent: {}
[106.284624] (-) TimerEvent: {}
[106.384971] (-) TimerEvent: {}
[106.485321] (-) TimerEvent: {}
[106.585725] (-) TimerEvent: {}
[106.686100] (-) TimerEvent: {}
[106.786497] (-) TimerEvent: {}
[106.891281] (-) TimerEvent: {}
[106.991674] (-) TimerEvent: {}
[107.094443] (-) TimerEvent: {}
[107.194931] (-) TimerEvent: {}
[107.295857] (-) TimerEvent: {}
[107.397117] (-) TimerEvent: {}
[107.501030] (-) TimerEvent: {}
[107.601431] (-) TimerEvent: {}
[107.704766] (-) TimerEvent: {}
[107.806290] (-) TimerEvent: {}
[107.906693] (-) TimerEvent: {}
[108.007180] (-) TimerEvent: {}
[108.107707] (-) TimerEvent: {}
[108.208106] (-) TimerEvent: {}
[108.308595] (-) TimerEvent: {}
[108.408959] (-) TimerEvent: {}
[108.510989] (-) TimerEvent: {}
[108.611431] (-) TimerEvent: {}
[108.711811] (-) TimerEvent: {}
[108.812264] (-) TimerEvent: {}
[108.912627] (-) TimerEvent: {}
[109.013419] (-) TimerEvent: {}
[109.113776] (-) TimerEvent: {}
[109.214123] (-) TimerEvent: {}
[109.314510] (-) TimerEvent: {}
[109.423846] (-) TimerEvent: {}
[109.524257] (-) TimerEvent: {}
[109.624731] (-) TimerEvent: {}
[109.725154] (-) TimerEvent: {}
[109.825556] (-) TimerEvent: {}
[109.925898] (-) TimerEvent: {}
[110.026374] (-) TimerEvent: {}
[110.126743] (-) TimerEvent: {}
[110.234366] (-) TimerEvent: {}
[110.334937] (-) TimerEvent: {}
[110.435339] (-) TimerEvent: {}
[110.535725] (-) TimerEvent: {}
[110.636705] (-) TimerEvent: {}
[110.737068] (-) TimerEvent: {}
[110.837453] (-) TimerEvent: {}
[110.944477] (-) TimerEvent: {}
[111.044907] (-) TimerEvent: {}
[111.145326] (-) TimerEvent: {}
[111.245687] (-) TimerEvent: {}
[111.346092] (-) TimerEvent: {}
[111.446475] (-) TimerEvent: {}
[111.546886] (-) TimerEvent: {}
[111.647315] (-) TimerEvent: {}
[111.748130] (-) TimerEvent: {}
[111.848578] (-) TimerEvent: {}
[111.949006] (-) TimerEvent: {}
[112.049418] (-) TimerEvent: {}
[112.149783] (-) TimerEvent: {}
[112.250194] (-) TimerEvent: {}
[112.350599] (-) TimerEvent: {}
[112.451043] (-) TimerEvent: {}
[112.551524] (-) TimerEvent: {}
[112.651849] (-) TimerEvent: {}
[112.752272] (-) TimerEvent: {}
[112.852618] (-) TimerEvent: {}
[112.952987] (-) TimerEvent: {}
[113.053414] (-) TimerEvent: {}
[113.154299] (-) TimerEvent: {}
[113.254631] (-) TimerEvent: {}
[113.354998] (-) TimerEvent: {}
[113.455340] (-) TimerEvent: {}
[113.562347] (-) TimerEvent: {}
[113.662700] (-) TimerEvent: {}
[113.763042] (-) TimerEvent: {}
[113.866907] (-) TimerEvent: {}
[113.968990] (-) TimerEvent: {}
[114.069367] (-) TimerEvent: {}
[114.169948] (-) TimerEvent: {}
[114.270371] (-) TimerEvent: {}
[114.378384] (-) TimerEvent: {}
[114.478849] (-) TimerEvent: {}
[114.579599] (-) TimerEvent: {}
[114.680272] (-) TimerEvent: {}
[114.780765] (-) TimerEvent: {}
[114.881393] (-) TimerEvent: {}
[114.982003] (-) TimerEvent: {}
[115.082584] (-) TimerEvent: {}
[115.183002] (-) TimerEvent: {}
[115.290375] (-) TimerEvent: {}
[115.390835] (-) TimerEvent: {}
[115.491202] (-) TimerEvent: {}
[115.591599] (-) TimerEvent: {}
[115.691952] (-) TimerEvent: {}
[115.799230] (-) TimerEvent: {}
[115.900757] (-) TimerEvent: {}
[116.001179] (-) TimerEvent: {}
[116.101590] (-) TimerEvent: {}
[116.202201] (-) TimerEvent: {}
[116.302728] (-) TimerEvent: {}
[116.405046] (-) TimerEvent: {}
[116.505444] (-) TimerEvent: {}
[116.605838] (-) TimerEvent: {}
[116.706274] (-) TimerEvent: {}
[116.806776] (-) TimerEvent: {}
[116.907210] (-) TimerEvent: {}
[117.007731] (-) TimerEvent: {}
[117.108126] (-) TimerEvent: {}
[117.208641] (-) TimerEvent: {}
[117.309289] (-) TimerEvent: {}
[117.409753] (-) TimerEvent: {}
[117.510362] (-) TimerEvent: {}
[117.610977] (-) TimerEvent: {}
[117.711477] (-) TimerEvent: {}
[117.811855] (-) TimerEvent: {}
[117.912359] (-) TimerEvent: {}
[118.012796] (-) TimerEvent: {}
[118.113248] (-) TimerEvent: {}
[118.213645] (-) TimerEvent: {}
[118.314010] (-) TimerEvent: {}
[118.414418] (-) TimerEvent: {}
[118.514838] (-) TimerEvent: {}
[118.615344] (-) TimerEvent: {}
[118.715740] (-) TimerEvent: {}
[118.816103] (-) TimerEvent: {}
[118.916451] (-) TimerEvent: {}
[119.016817] (-) TimerEvent: {}
[119.117196] (-) TimerEvent: {}
[119.218718] (-) TimerEvent: {}
[119.330661] (-) TimerEvent: {}
[119.431517] (-) TimerEvent: {}
[119.531862] (-) TimerEvent: {}
[119.632216] (-) TimerEvent: {}
[119.732556] (-) TimerEvent: {}
[119.832929] (-) TimerEvent: {}
[119.933842] (-) TimerEvent: {}
[120.034388] (-) TimerEvent: {}
[120.136077] (-) TimerEvent: {}
[120.238772] (-) TimerEvent: {}
[120.339157] (-) TimerEvent: {}
[120.439535] (-) TimerEvent: {}
[120.542104] (-) TimerEvent: {}
[120.642498] (-) TimerEvent: {}
[120.742870] (-) TimerEvent: {}
[120.843281] (-) TimerEvent: {}
[120.946482] (-) TimerEvent: {}
[121.048047] (-) TimerEvent: {}
[121.148418] (-) TimerEvent: {}
[121.248823] (-) TimerEvent: {}
[121.349181] (-) TimerEvent: {}
[121.449549] (-) TimerEvent: {}
[121.549952] (-) TimerEvent: {}
[121.650602] (-) TimerEvent: {}
[121.750970] (-) TimerEvent: {}
[121.851300] (-) TimerEvent: {}
[121.951628] (-) TimerEvent: {}
[122.052806] (-) TimerEvent: {}
[122.153173] (-) TimerEvent: {}
[122.253565] (-) TimerEvent: {}
[122.354433] (-) TimerEvent: {}
[122.454791] (-) TimerEvent: {}
[122.555177] (-) TimerEvent: {}
[122.655546] (-) TimerEvent: {}
[122.761292] (-) TimerEvent: {}
[122.861704] (-) TimerEvent: {}
[122.898396] (plain_slam_ros2) StdoutLine: {'line': b'[ 23%] Building CXX object CMakeFiles/lio_3d_node.dir/src/ros_utils.cpp.o\n'}
[122.961851] (-) TimerEvent: {}
[123.062563] (-) TimerEvent: {}
[123.162948] (-) TimerEvent: {}
[123.263313] (-) TimerEvent: {}
[123.363743] (-) TimerEvent: {}
[123.464101] (-) TimerEvent: {}
[123.564490] (-) TimerEvent: {}
[123.664842] (-) TimerEvent: {}
[123.765493] (-) TimerEvent: {}
[123.865830] (-) TimerEvent: {}
[123.966440] (-) TimerEvent: {}
[124.066800] (-) TimerEvent: {}
[124.170424] (-) TimerEvent: {}
[124.272497] (-) TimerEvent: {}
[124.378383] (-) TimerEvent: {}
[124.480000] (-) TimerEvent: {}
[124.582693] (-) TimerEvent: {}
[124.691372] (-) TimerEvent: {}
[124.791720] (-) TimerEvent: {}
[124.892075] (-) TimerEvent: {}
[124.992454] (-) TimerEvent: {}
[125.092850] (-) TimerEvent: {}
[125.193211] (-) TimerEvent: {}
[125.293534] (-) TimerEvent: {}
[125.393893] (-) TimerEvent: {}
[125.494276] (-) TimerEvent: {}
[125.594615] (-) TimerEvent: {}
[125.695222] (-) TimerEvent: {}
[125.795667] (-) TimerEvent: {}
[125.896058] (-) TimerEvent: {}
[126.005195] (-) TimerEvent: {}
[126.114402] (-) TimerEvent: {}
[126.218345] (-) TimerEvent: {}
[126.318689] (-) TimerEvent: {}
[126.423224] (-) TimerEvent: {}
[126.524309] (-) TimerEvent: {}
[126.625202] (-) TimerEvent: {}
[126.725580] (-) TimerEvent: {}
[126.825980] (-) TimerEvent: {}
[126.926493] (-) TimerEvent: {}
[127.027254] (-) TimerEvent: {}
[127.127745] (-) TimerEvent: {}
[127.228360] (-) TimerEvent: {}
[127.328753] (-) TimerEvent: {}
[127.429146] (-) TimerEvent: {}
[127.529518] (-) TimerEvent: {}
[127.629910] (-) TimerEvent: {}
[127.730338] (-) TimerEvent: {}
[127.830792] (-) TimerEvent: {}
[127.931269] (-) TimerEvent: {}
[128.031683] (-) TimerEvent: {}
[128.132048] (-) TimerEvent: {}
[128.232519] (-) TimerEvent: {}
[128.333275] (-) TimerEvent: {}
[128.433972] (-) TimerEvent: {}
[128.536204] (-) TimerEvent: {}
[128.637299] (-) TimerEvent: {}
[128.737669] (-) TimerEvent: {}
[128.838124] (-) TimerEvent: {}
[128.938816] (-) TimerEvent: {}
[129.039499] (-) TimerEvent: {}
[129.139902] (-) TimerEvent: {}
[129.240363] (-) TimerEvent: {}
[129.343489] (-) TimerEvent: {}
[129.444058] (-) TimerEvent: {}
[129.544696] (-) TimerEvent: {}
[129.645086] (-) TimerEvent: {}
[129.745472] (-) TimerEvent: {}
[129.845885] (-) TimerEvent: {}
[129.946357] (-) TimerEvent: {}
[130.046773] (-) TimerEvent: {}
[130.156487] (-) TimerEvent: {}
[130.259279] (-) TimerEvent: {}
[130.359976] (-) TimerEvent: {}
[130.460497] (-) TimerEvent: {}
[130.560840] (-) TimerEvent: {}
[130.661190] (-) TimerEvent: {}
[130.761531] (-) TimerEvent: {}
[130.861879] (-) TimerEvent: {}
[130.962278] (-) TimerEvent: {}
[131.062666] (-) TimerEvent: {}
[131.163007] (-) TimerEvent: {}
[131.263349] (-) TimerEvent: {}
[131.363715] (-) TimerEvent: {}
[131.464087] (-) TimerEvent: {}
[131.564774] (-) TimerEvent: {}
[131.665517] (-) TimerEvent: {}
[131.765994] (-) TimerEvent: {}
[131.866840] (-) TimerEvent: {}
[131.967364] (-) TimerEvent: {}
[132.068098] (-) TimerEvent: {}
[132.168555] (-) TimerEvent: {}
[132.268949] (-) TimerEvent: {}
[132.369428] (-) TimerEvent: {}
[132.469793] (-) TimerEvent: {}
[132.574360] (-) TimerEvent: {}
[132.674762] (-) TimerEvent: {}
[132.781209] (-) TimerEvent: {}
[132.882115] (-) TimerEvent: {}
[132.982553] (-) TimerEvent: {}
[133.087251] (-) TimerEvent: {}
[133.190559] (-) TimerEvent: {}
[133.296553] (-) TimerEvent: {}
[133.418676] (-) TimerEvent: {}
[133.519393] (-) TimerEvent: {}
[133.620867] (-) TimerEvent: {}
[133.721274] (-) TimerEvent: {}
[133.821644] (-) TimerEvent: {}
[133.921967] (-) TimerEvent: {}
[134.022349] (-) TimerEvent: {}
[134.122704] (-) TimerEvent: {}
[134.223069] (-) TimerEvent: {}
[134.323615] (-) TimerEvent: {}
[134.423989] (-) TimerEvent: {}
[134.524332] (-) TimerEvent: {}
[134.625060] (-) TimerEvent: {}
[134.725470] (-) TimerEvent: {}
[134.826352] (-) TimerEvent: {}
[134.926712] (-) TimerEvent: {}
[135.027226] (-) TimerEvent: {}
[135.129037] (-) TimerEvent: {}
[135.229492] (-) TimerEvent: {}
[135.330005] (-) TimerEvent: {}
[135.430372] (-) TimerEvent: {}
[135.530813] (-) TimerEvent: {}
[135.631146] (-) TimerEvent: {}
[135.731592] (-) TimerEvent: {}
[135.831947] (-) TimerEvent: {}
[135.932281] (-) TimerEvent: {}
[136.032711] (-) TimerEvent: {}
[136.133072] (-) TimerEvent: {}
[136.233605] (-) TimerEvent: {}
[136.333945] (-) TimerEvent: {}
[136.434321] (-) TimerEvent: {}
[136.534681] (-) TimerEvent: {}
[136.637233] (-) TimerEvent: {}
[136.739724] (-) TimerEvent: {}
[136.840066] (-) TimerEvent: {}
[136.940429] (-) TimerEvent: {}
[137.049067] (-) TimerEvent: {}
[137.149428] (-) TimerEvent: {}
[137.250137] (-) TimerEvent: {}
[137.352598] (-) TimerEvent: {}
[137.453026] (-) TimerEvent: {}
[137.553407] (-) TimerEvent: {}
[137.653777] (-) TimerEvent: {}
[137.754171] (-) TimerEvent: {}
[137.854548] (-) TimerEvent: {}
[137.955639] (-) TimerEvent: {}
[138.056011] (-) TimerEvent: {}
[138.156401] (-) TimerEvent: {}
[138.256853] (-) TimerEvent: {}
[138.357237] (-) TimerEvent: {}
[138.457592] (-) TimerEvent: {}
[138.558005] (-) TimerEvent: {}
[138.658473] (-) TimerEvent: {}
[138.758940] (-) TimerEvent: {}
[138.859853] (-) TimerEvent: {}
[138.960515] (-) TimerEvent: {}
[139.061060] (-) TimerEvent: {}
[139.161657] (-) TimerEvent: {}
[139.262151] (-) TimerEvent: {}
[139.362595] (-) TimerEvent: {}
[139.463039] (-) TimerEvent: {}
[139.563457] (-) TimerEvent: {}
[139.663832] (-) TimerEvent: {}
[139.765498] (-) TimerEvent: {}
[139.865944] (-) TimerEvent: {}
[139.967007] (-) TimerEvent: {}
[140.067501] (-) TimerEvent: {}
[140.168046] (-) TimerEvent: {}
[140.268518] (-) TimerEvent: {}
[140.368936] (-) TimerEvent: {}
[140.469300] (-) TimerEvent: {}
[140.569649] (-) TimerEvent: {}
[140.670063] (-) TimerEvent: {}
[140.770759] (-) TimerEvent: {}
[140.871096] (-) TimerEvent: {}
[140.971527] (-) TimerEvent: {}
[141.073173] (-) TimerEvent: {}
[141.173523] (-) TimerEvent: {}
[141.273898] (-) TimerEvent: {}
[141.374303] (-) TimerEvent: {}
[141.474648] (-) TimerEvent: {}
[141.574990] (-) TimerEvent: {}
[141.675370] (-) TimerEvent: {}
[141.786442] (-) TimerEvent: {}
[141.889818] (-) TimerEvent: {}
[141.991818] (-) TimerEvent: {}
[142.092204] (-) TimerEvent: {}
[142.192611] (-) TimerEvent: {}
[142.293014] (-) TimerEvent: {}
[142.393392] (-) TimerEvent: {}
[142.429746] (plain_slam_ros2) StdoutLine: {'line': b'[ 26%] Building CXX object CMakeFiles/lio_3d_node.dir/src/io.cpp.o\n'}
[142.493541] (-) TimerEvent: {}
[142.602366] (-) TimerEvent: {}
[142.702713] (-) TimerEvent: {}
[142.803038] (-) TimerEvent: {}
[142.903746] (-) TimerEvent: {}
[143.004070] (-) TimerEvent: {}
[143.104417] (-) TimerEvent: {}
[143.204755] (-) TimerEvent: {}
[143.305126] (-) TimerEvent: {}
[143.405504] (-) TimerEvent: {}
[143.505873] (-) TimerEvent: {}
[143.606659] (-) TimerEvent: {}
[143.707035] (-) TimerEvent: {}
[143.807826] (-) TimerEvent: {}
[143.908173] (-) TimerEvent: {}
[144.011098] (-) TimerEvent: {}
[144.114869] (-) TimerEvent: {}
[144.215214] (-) TimerEvent: {}
[144.315611] (-) TimerEvent: {}
[144.416306] (-) TimerEvent: {}
[144.517725] (-) TimerEvent: {}
[144.618157] (-) TimerEvent: {}
[144.718574] (-) TimerEvent: {}
[144.819963] (-) TimerEvent: {}
[144.920362] (-) TimerEvent: {}
[145.020775] (-) TimerEvent: {}
[145.121140] (-) TimerEvent: {}
[145.222460] (-) TimerEvent: {}
[145.322827] (-) TimerEvent: {}
[145.423480] (-) TimerEvent: {}
[145.523831] (-) TimerEvent: {}
[145.624564] (-) TimerEvent: {}
[145.724997] (-) TimerEvent: {}
[145.825455] (-) TimerEvent: {}
[145.926579] (-) TimerEvent: {}
[146.026975] (-) TimerEvent: {}
[146.127361] (-) TimerEvent: {}
[146.227736] (-) TimerEvent: {}
[146.328138] (-) TimerEvent: {}
[146.428810] (-) TimerEvent: {}
[146.529257] (-) TimerEvent: {}
[146.629651] (-) TimerEvent: {}
[146.730063] (-) TimerEvent: {}
[146.830489] (-) TimerEvent: {}
[146.930862] (-) TimerEvent: {}
[147.031298] (-) TimerEvent: {}
[147.131874] (-) TimerEvent: {}
[147.234064] (-) TimerEvent: {}
[147.335592] (-) TimerEvent: {}
[147.435997] (-) TimerEvent: {}
[147.537513] (-) TimerEvent: {}
[147.637968] (-) TimerEvent: {}
[147.741036] (-) TimerEvent: {}
[147.841462] (-) TimerEvent: {}
[147.941865] (-) TimerEvent: {}
[148.042324] (-) TimerEvent: {}
[148.142761] (-) TimerEvent: {}
[148.249553] (-) TimerEvent: {}
[148.350384] (-) TimerEvent: {}
[148.464860] (-) TimerEvent: {}
[148.565227] (-) TimerEvent: {}
[148.666374] (-) TimerEvent: {}
[148.766743] (-) TimerEvent: {}
[148.867103] (-) TimerEvent: {}
[148.967483] (-) TimerEvent: {}
[149.067876] (-) TimerEvent: {}
[149.174418] (-) TimerEvent: {}
[149.274772] (-) TimerEvent: {}
[149.375109] (-) TimerEvent: {}
[149.475488] (-) TimerEvent: {}
[149.575879] (-) TimerEvent: {}
[149.676302] (-) TimerEvent: {}
[149.776780] (-) TimerEvent: {}
[149.877568] (-) TimerEvent: {}
[149.982826] (-) TimerEvent: {}
[150.087368] (-) TimerEvent: {}
[150.187713] (-) TimerEvent: {}
[150.288147] (-) TimerEvent: {}
[150.391933] (-) TimerEvent: {}
[150.493492] (-) TimerEvent: {}
[150.593886] (-) TimerEvent: {}
[150.633344] (plain_slam_ros2) StdoutLine: {'line': b'[ 29%] Building CXX object CMakeFiles/lio_3d_node.dir/src/lie_algebra.cpp.o\n'}
[150.694067] (-) TimerEvent: {}
[150.794457] (-) TimerEvent: {}
[150.897072] (-) TimerEvent: {}
[150.997439] (-) TimerEvent: {}
[151.097798] (-) TimerEvent: {}
[151.206393] (-) TimerEvent: {}
[151.322341] (-) TimerEvent: {}
[151.426422] (-) TimerEvent: {}
[151.526917] (-) TimerEvent: {}
[151.627364] (-) TimerEvent: {}
[151.727826] (-) TimerEvent: {}
[151.828211] (-) TimerEvent: {}
[151.931204] (-) TimerEvent: {}
[152.031613] (-) TimerEvent: {}
[152.132042] (-) TimerEvent: {}
[152.232394] (-) TimerEvent: {}
[152.332769] (-) TimerEvent: {}
[152.433693] (-) TimerEvent: {}
[152.534274] (-) TimerEvent: {}
[152.634686] (-) TimerEvent: {}
[152.737130] (-) TimerEvent: {}
[152.838399] (-) TimerEvent: {}
[152.938725] (-) TimerEvent: {}
[153.039076] (-) TimerEvent: {}
[153.139451] (-) TimerEvent: {}
[153.239814] (-) TimerEvent: {}
[153.340204] (-) TimerEvent: {}
[153.440590] (-) TimerEvent: {}
[153.540985] (-) TimerEvent: {}
[153.641401] (-) TimerEvent: {}
[153.741817] (-) TimerEvent: {}
[153.842312] (-) TimerEvent: {}
[153.943840] (-) TimerEvent: {}
[154.044447] (-) TimerEvent: {}
[154.144897] (-) TimerEvent: {}
[154.245241] (-) TimerEvent: {}
[154.345652] (-) TimerEvent: {}
[154.446113] (-) TimerEvent: {}
[154.546585] (-) TimerEvent: {}
[154.646999] (-) TimerEvent: {}
[154.747365] (-) TimerEvent: {}
[154.847722] (-) TimerEvent: {}
[154.948087] (-) TimerEvent: {}
[155.048433] (-) TimerEvent: {}
[155.148887] (-) TimerEvent: {}
[155.249360] (-) TimerEvent: {}
[155.349739] (-) TimerEvent: {}
[155.450180] (-) TimerEvent: {}
[155.550559] (-) TimerEvent: {}
[155.651031] (-) TimerEvent: {}
[155.751340] (-) TimerEvent: {}
[155.851795] (-) TimerEvent: {}
[155.952161] (-) TimerEvent: {}
[156.052539] (-) TimerEvent: {}
[156.152958] (-) TimerEvent: {}
[156.253849] (-) TimerEvent: {}
[156.354263] (-) TimerEvent: {}
[156.455790] (-) TimerEvent: {}
[156.556284] (-) TimerEvent: {}
[156.656639] (-) TimerEvent: {}
[156.757105] (-) TimerEvent: {}
[156.857454] (-) TimerEvent: {}
[156.957803] (-) TimerEvent: {}
[157.058167] (-) TimerEvent: {}
[157.158522] (-) TimerEvent: {}
[157.258897] (-) TimerEvent: {}
[157.359287] (-) TimerEvent: {}
[157.459666] (-) TimerEvent: {}
[157.560031] (-) TimerEvent: {}
[157.660418] (-) TimerEvent: {}
[157.760817] (-) TimerEvent: {}
[157.861172] (-) TimerEvent: {}
[157.961572] (-) TimerEvent: {}
[158.062014] (-) TimerEvent: {}
[158.162388] (-) TimerEvent: {}
[158.263196] (-) TimerEvent: {}
[158.355132] (plain_slam_ros2) StdoutLine: {'line': b'[ 32%] Building CXX object CMakeFiles/lio_3d_node.dir/src/lio_3d_interface.cpp.o\n'}
[158.363427] (-) TimerEvent: {}
[158.470366] (-) TimerEvent: {}
[158.573877] (-) TimerEvent: {}
[158.674299] (-) TimerEvent: {}
[158.774655] (-) TimerEvent: {}
[158.875038] (-) TimerEvent: {}
[158.975519] (-) TimerEvent: {}
[159.076293] (-) TimerEvent: {}
[159.182376] (-) TimerEvent: {}
[159.286515] (-) TimerEvent: {}
[159.387171] (-) TimerEvent: {}
[159.502362] (-) TimerEvent: {}
[159.602790] (-) TimerEvent: {}
[159.703546] (-) TimerEvent: {}
[159.804191] (-) TimerEvent: {}
[159.904686] (-) TimerEvent: {}
[160.005088] (-) TimerEvent: {}
[160.105563] (-) TimerEvent: {}
[160.205973] (-) TimerEvent: {}
[160.312958] (-) TimerEvent: {}
[160.417420] (-) TimerEvent: {}
[160.517769] (-) TimerEvent: {}
[160.618125] (-) TimerEvent: {}
[160.719797] (-) TimerEvent: {}
[160.820225] (-) TimerEvent: {}
[160.920580] (-) TimerEvent: {}
[161.021022] (-) TimerEvent: {}
[161.121422] (-) TimerEvent: {}
[161.221775] (-) TimerEvent: {}
[161.322178] (-) TimerEvent: {}
[161.422539] (-) TimerEvent: {}
[161.522894] (-) TimerEvent: {}
[161.623284] (-) TimerEvent: {}
[161.723658] (-) TimerEvent: {}
[161.831630] (-) TimerEvent: {}
[161.932022] (-) TimerEvent: {}
[162.033627] (-) TimerEvent: {}
[162.134468] (-) TimerEvent: {}
[162.234844] (-) TimerEvent: {}
[162.335269] (-) TimerEvent: {}
[162.435723] (-) TimerEvent: {}
[162.536360] (-) TimerEvent: {}
[162.638276] (-) TimerEvent: {}
[162.740109] (-) TimerEvent: {}
[162.841614] (-) TimerEvent: {}
[162.942936] (-) TimerEvent: {}
[163.043370] (-) TimerEvent: {}
[163.143731] (-) TimerEvent: {}
[163.244149] (-) TimerEvent: {}
[163.344702] (-) TimerEvent: {}
[163.445218] (-) TimerEvent: {}
[163.545634] (-) TimerEvent: {}
[163.646037] (-) TimerEvent: {}
[163.746387] (-) TimerEvent: {}
[163.850353] (-) TimerEvent: {}
[163.950676] (-) TimerEvent: {}
[164.060224] (-) TimerEvent: {}
[164.160609] (-) TimerEvent: {}
[164.260984] (-) TimerEvent: {}
[164.361552] (-) TimerEvent: {}
[164.463301] (-) TimerEvent: {}
[164.563867] (-) TimerEvent: {}
[164.664902] (-) TimerEvent: {}
[164.769119] (-) TimerEvent: {}
[164.871079] (-) TimerEvent: {}
[164.971456] (-) TimerEvent: {}
[165.072250] (-) TimerEvent: {}
[165.172595] (-) TimerEvent: {}
[165.273100] (-) TimerEvent: {}
[165.374415] (-) TimerEvent: {}
[165.474800] (-) TimerEvent: {}
[165.580312] (-) TimerEvent: {}
[165.690350] (-) TimerEvent: {}
[165.790717] (-) TimerEvent: {}
[165.894450] (-) TimerEvent: {}
[165.995210] (-) TimerEvent: {}
[166.095569] (-) TimerEvent: {}
[166.196102] (-) TimerEvent: {}
[166.296505] (-) TimerEvent: {}
[166.396870] (-) TimerEvent: {}
[166.497221] (-) TimerEvent: {}
[166.597588] (-) TimerEvent: {}
[166.697945] (-) TimerEvent: {}
[166.798900] (-) TimerEvent: {}
[166.899826] (-) TimerEvent: {}
[167.003558] (-) TimerEvent: {}
[167.106451] (-) TimerEvent: {}
[167.206966] (-) TimerEvent: {}
[167.307353] (-) TimerEvent: {}
[167.408278] (-) TimerEvent: {}
[167.508605] (-) TimerEvent: {}
[167.608987] (-) TimerEvent: {}
[167.709356] (-) TimerEvent: {}
[167.809732] (-) TimerEvent: {}
[167.910137] (-) TimerEvent: {}
[168.010586] (-) TimerEvent: {}
[168.111565] (-) TimerEvent: {}
[168.211999] (-) TimerEvent: {}
[168.318365] (-) TimerEvent: {}
[168.418732] (-) TimerEvent: {}
[168.519119] (-) TimerEvent: {}
[168.619546] (-) TimerEvent: {}
[168.720865] (-) TimerEvent: {}
[168.834390] (-) TimerEvent: {}
[168.935238] (-) TimerEvent: {}
[169.035621] (-) TimerEvent: {}
[169.136004] (-) TimerEvent: {}
[169.236446] (-) TimerEvent: {}
[169.337284] (-) TimerEvent: {}
[169.437677] (-) TimerEvent: {}
[169.538047] (-) TimerEvent: {}
[169.638456] (-) TimerEvent: {}
[169.741402] (-) TimerEvent: {}
[169.841768] (-) TimerEvent: {}
[169.942134] (-) TimerEvent: {}
[170.043179] (-) TimerEvent: {}
[170.144934] (-) TimerEvent: {}
[170.245286] (-) TimerEvent: {}
[170.345679] (-) TimerEvent: {}
[170.446084] (-) TimerEvent: {}
[170.546688] (-) TimerEvent: {}
[170.647104] (-) TimerEvent: {}
[170.747530] (-) TimerEvent: {}
[170.848271] (-) TimerEvent: {}
[170.948790] (-) TimerEvent: {}
[171.049500] (-) TimerEvent: {}
[171.150194] (-) TimerEvent: {}
[171.250769] (-) TimerEvent: {}
[171.351511] (-) TimerEvent: {}
[171.451933] (-) TimerEvent: {}
[171.554270] (-) TimerEvent: {}
[171.654821] (-) TimerEvent: {}
[171.755172] (-) TimerEvent: {}
[171.855575] (-) TimerEvent: {}
[171.955944] (-) TimerEvent: {}
[172.056933] (-) TimerEvent: {}
[172.157422] (-) TimerEvent: {}
[172.257923] (-) TimerEvent: {}
[172.359001] (-) TimerEvent: {}
[172.460048] (-) TimerEvent: {}
[172.560403] (-) TimerEvent: {}
[172.660892] (-) TimerEvent: {}
[172.765642] (-) TimerEvent: {}
[172.866315] (-) TimerEvent: {}
[172.967214] (-) TimerEvent: {}
[173.067559] (-) TimerEvent: {}
[173.168160] (-) TimerEvent: {}
[173.268577] (-) TimerEvent: {}
[173.368922] (-) TimerEvent: {}
[173.469373] (-) TimerEvent: {}
[173.569730] (-) TimerEvent: {}
[173.670215] (-) TimerEvent: {}
[173.770752] (-) TimerEvent: {}
[173.875245] (-) TimerEvent: {}
[173.975835] (-) TimerEvent: {}
[174.077780] (-) TimerEvent: {}
[174.179185] (-) TimerEvent: {}
[174.279633] (-) TimerEvent: {}
[174.382639] (-) TimerEvent: {}
[174.483101] (-) TimerEvent: {}
[174.583545] (-) TimerEvent: {}
[174.684012] (-) TimerEvent: {}
[174.784546] (-) TimerEvent: {}
[174.884915] (-) TimerEvent: {}
[174.985413] (-) TimerEvent: {}
[175.085918] (-) TimerEvent: {}
[175.186723] (-) TimerEvent: {}
[175.287064] (-) TimerEvent: {}
[175.389507] (-) TimerEvent: {}
[175.489939] (-) TimerEvent: {}
[175.590329] (-) TimerEvent: {}
[175.702344] (-) TimerEvent: {}
[175.806350] (-) TimerEvent: {}
[175.907879] (-) TimerEvent: {}
[176.008995] (-) TimerEvent: {}
[176.110511] (-) TimerEvent: {}
[176.218371] (-) TimerEvent: {}
[176.319397] (-) TimerEvent: {}
[176.420147] (-) TimerEvent: {}
[176.429339] (plain_slam_ros2) StdoutLine: {'line': b'[ 35%] Building CXX object CMakeFiles/lio_3d_node.dir/src/imu_preintegrator.cpp.o\n'}
[176.529375] (-) TimerEvent: {}
[176.632740] (-) TimerEvent: {}
[176.744235] (-) TimerEvent: {}
[176.850498] (-) TimerEvent: {}
[176.951387] (-) TimerEvent: {}
[177.052210] (-) TimerEvent: {}
[177.152610] (-) TimerEvent: {}
[177.253072] (-) TimerEvent: {}
[177.353426] (-) TimerEvent: {}
[177.453793] (-) TimerEvent: {}
[177.554152] (-) TimerEvent: {}
[177.655026] (-) TimerEvent: {}
[177.755378] (-) TimerEvent: {}
[177.855819] (-) TimerEvent: {}
[177.956219] (-) TimerEvent: {}
[178.056597] (-) TimerEvent: {}
[178.156976] (-) TimerEvent: {}
[178.257337] (-) TimerEvent: {}
[178.357739] (-) TimerEvent: {}
[178.458116] (-) TimerEvent: {}
[178.558552] (-) TimerEvent: {}
[178.666574] (-) TimerEvent: {}
[178.770432] (-) TimerEvent: {}
[178.870801] (-) TimerEvent: {}
[178.971165] (-) TimerEvent: {}
[179.071573] (-) TimerEvent: {}
[179.171935] (-) TimerEvent: {}
[179.272307] (-) TimerEvent: {}
[179.372715] (-) TimerEvent: {}
[179.473097] (-) TimerEvent: {}
[179.573558] (-) TimerEvent: {}
[179.673929] (-) TimerEvent: {}
[179.774449] (-) TimerEvent: {}
[179.874905] (-) TimerEvent: {}
[179.975257] (-) TimerEvent: {}
[180.077346] (-) TimerEvent: {}
[180.177957] (-) TimerEvent: {}
[180.278371] (-) TimerEvent: {}
[180.378781] (-) TimerEvent: {}
[180.479233] (-) TimerEvent: {}
[180.579617] (-) TimerEvent: {}
[180.680158] (-) TimerEvent: {}
[180.781332] (-) TimerEvent: {}
[180.881770] (-) TimerEvent: {}
[180.982210] (-) TimerEvent: {}
[181.082665] (-) TimerEvent: {}
[181.183073] (-) TimerEvent: {}
[181.283420] (-) TimerEvent: {}
[181.383805] (-) TimerEvent: {}
[181.484164] (-) TimerEvent: {}
[181.584541] (-) TimerEvent: {}
[181.684958] (-) TimerEvent: {}
[181.786366] (-) TimerEvent: {}
[181.887148] (-) TimerEvent: {}
[182.001079] (-) TimerEvent: {}
[182.101416] (-) TimerEvent: {}
[182.210371] (-) TimerEvent: {}
[182.313537] (-) TimerEvent: {}
[182.413901] (-) TimerEvent: {}
[182.514435] (-) TimerEvent: {}
[182.614842] (-) TimerEvent: {}
[182.715255] (-) TimerEvent: {}
[182.816078] (-) TimerEvent: {}
[182.916601] (-) TimerEvent: {}
[183.017477] (-) TimerEvent: {}
[183.117883] (-) TimerEvent: {}
[183.218322] (-) TimerEvent: {}
[183.318838] (-) TimerEvent: {}
[183.419210] (-) TimerEvent: {}
[183.519606] (-) TimerEvent: {}
[183.620004] (-) TimerEvent: {}
[183.721678] (-) TimerEvent: {}
[183.822080] (-) TimerEvent: {}
[183.922976] (-) TimerEvent: {}
[184.024670] (-) TimerEvent: {}
[184.131120] (-) TimerEvent: {}
[184.231467] (-) TimerEvent: {}
[184.331803] (-) TimerEvent: {}
[184.432225] (-) TimerEvent: {}
[184.532564] (-) TimerEvent: {}
[184.634635] (-) TimerEvent: {}
[184.734978] (-) TimerEvent: {}
[184.835331] (-) TimerEvent: {}
[184.935959] (-) TimerEvent: {}
[185.036290] (-) TimerEvent: {}
[185.136675] (-) TimerEvent: {}
[185.237283] (-) TimerEvent: {}
[185.337653] (-) TimerEvent: {}
[185.438022] (-) TimerEvent: {}
[185.538619] (-) TimerEvent: {}
[185.638953] (-) TimerEvent: {}
[185.739395] (-) TimerEvent: {}
[185.839746] (-) TimerEvent: {}
[185.940165] (-) TimerEvent: {}
[186.040619] (-) TimerEvent: {}
[186.141088] (-) TimerEvent: {}
[186.241534] (-) TimerEvent: {}
[186.341964] (-) TimerEvent: {}
[186.443373] (-) TimerEvent: {}
[186.546371] (-) TimerEvent: {}
[186.646717] (-) TimerEvent: {}
[186.747242] (-) TimerEvent: {}
[186.847639] (-) TimerEvent: {}
[186.948017] (-) TimerEvent: {}
[187.048437] (-) TimerEvent: {}
[187.148876] (-) TimerEvent: {}
[187.249309] (-) TimerEvent: {}
[187.349696] (-) TimerEvent: {}
[187.450392] (-) TimerEvent: {}
[187.550964] (-) TimerEvent: {}
[187.651346] (-) TimerEvent: {}
[187.751738] (-) TimerEvent: {}
[187.852178] (-) TimerEvent: {}
[187.952600] (-) TimerEvent: {}
[188.053003] (-) TimerEvent: {}
[188.153400] (-) TimerEvent: {}
[188.254391] (-) TimerEvent: {}
[188.354915] (-) TimerEvent: {}
[188.455335] (-) TimerEvent: {}
[188.555771] (-) TimerEvent: {}
[188.656196] (-) TimerEvent: {}
[188.756961] (-) TimerEvent: {}
[188.857320] (-) TimerEvent: {}
[188.957699] (-) TimerEvent: {}
[189.058102] (-) TimerEvent: {}
[189.158613] (-) TimerEvent: {}
[189.259002] (-) TimerEvent: {}
[189.359364] (-) TimerEvent: {}
[189.459737] (-) TimerEvent: {}
[189.560098] (-) TimerEvent: {}
[189.660464] (-) TimerEvent: {}
[189.762012] (-) TimerEvent: {}
[189.862388] (-) TimerEvent: {}
[189.962768] (-) TimerEvent: {}
[190.063338] (-) TimerEvent: {}
[190.163871] (-) TimerEvent: {}
[190.264699] (-) TimerEvent: {}
[190.365216] (-) TimerEvent: {}
[190.465743] (-) TimerEvent: {}
[190.570848] (-) TimerEvent: {}
[190.671422] (-) TimerEvent: {}
[190.771776] (-) TimerEvent: {}
[190.872167] (-) TimerEvent: {}
[190.978468] (-) TimerEvent: {}
[191.078842] (-) TimerEvent: {}
[191.179415] (-) TimerEvent: {}
[191.279880] (-) TimerEvent: {}
[191.380240] (-) TimerEvent: {}
[191.480626] (-) TimerEvent: {}
[191.582108] (-) TimerEvent: {}
[191.682532] (-) TimerEvent: {}
[191.782892] (-) TimerEvent: {}
[191.883246] (-) TimerEvent: {}
[191.983587] (-) TimerEvent: {}
[192.083942] (-) TimerEvent: {}
[192.184317] (-) TimerEvent: {}
[192.287052] (-) TimerEvent: {}
[192.388073] (-) TimerEvent: {}
[192.494661] (-) TimerEvent: {}
[192.595027] (-) TimerEvent: {}
[192.695397] (-) TimerEvent: {}
[192.795754] (-) TimerEvent: {}
[192.896157] (-) TimerEvent: {}
[192.996672] (-) TimerEvent: {}
[193.097071] (-) TimerEvent: {}
[193.197578] (-) TimerEvent: {}
[193.298058] (-) TimerEvent: {}
[193.398657] (-) TimerEvent: {}
[193.499123] (-) TimerEvent: {}
[193.599737] (-) TimerEvent: {}
[193.700159] (-) TimerEvent: {}
[193.800685] (-) TimerEvent: {}
[193.901065] (-) TimerEvent: {}
[194.001539] (-) TimerEvent: {}
[194.102016] (-) TimerEvent: {}
[194.202702] (-) TimerEvent: {}
[194.304664] (-) TimerEvent: {}
[194.405063] (-) TimerEvent: {}
[194.505727] (-) TimerEvent: {}
[194.606094] (-) TimerEvent: {}
[194.719317] (-) TimerEvent: {}
[194.823018] (-) TimerEvent: {}
[194.923506] (-) TimerEvent: {}
[195.026980] (-) TimerEvent: {}
[195.127488] (-) TimerEvent: {}
[195.227926] (-) TimerEvent: {}
[195.328447] (-) TimerEvent: {}
[195.429177] (-) TimerEvent: {}
[195.531477] (-) TimerEvent: {}
[195.631908] (-) TimerEvent: {}
[195.732637] (-) TimerEvent: {}
[195.833160] (-) TimerEvent: {}
[195.933520] (-) TimerEvent: {}
[196.033922] (-) TimerEvent: {}
[196.134400] (-) TimerEvent: {}
[196.237634] (-) TimerEvent: {}
[196.346364] (-) TimerEvent: {}
[196.446714] (-) TimerEvent: {}
[196.547071] (-) TimerEvent: {}
[196.647456] (-) TimerEvent: {}
[196.747820] (-) TimerEvent: {}
[196.848341] (-) TimerEvent: {}
[196.948956] (-) TimerEvent: {}
[197.049435] (-) TimerEvent: {}
[197.149809] (-) TimerEvent: {}
[197.250389] (-) TimerEvent: {}
[197.350779] (-) TimerEvent: {}
[197.451201] (-) TimerEvent: {}
[197.553271] (-) TimerEvent: {}
[197.653670] (-) TimerEvent: {}
[197.754038] (-) TimerEvent: {}
[197.854485] (-) TimerEvent: {}
[197.958363] (-) TimerEvent: {}
[198.061258] (-) TimerEvent: {}
[198.159675] (plain_slam_ros2) StdoutLine: {'line': b'[ 38%] Building CXX object CMakeFiles/lio_3d_node.dir/src/gravity_direc_estimator.cpp.o\n'}
[198.161371] (-) TimerEvent: {}
[198.270374] (-) TimerEvent: {}
[198.370717] (-) TimerEvent: {}
[198.471173] (-) TimerEvent: {}
[198.571693] (-) TimerEvent: {}
[198.673054] (-) TimerEvent: {}
[198.773458] (-) TimerEvent: {}
[198.873912] (-) TimerEvent: {}
[198.974326] (-) TimerEvent: {}
[199.074701] (-) TimerEvent: {}
[199.175092] (-) TimerEvent: {}
[199.275462] (-) TimerEvent: {}
[199.375858] (-) TimerEvent: {}
[199.477316] (-) TimerEvent: {}
[199.577704] (-) TimerEvent: {}
[199.678047] (-) TimerEvent: {}
[199.778486] (-) TimerEvent: {}
[199.878843] (-) TimerEvent: {}
[199.979218] (-) TimerEvent: {}
[200.079581] (-) TimerEvent: {}
[200.179946] (-) TimerEvent: {}
[200.280476] (-) TimerEvent: {}
[200.380919] (-) TimerEvent: {}
[200.481426] (-) TimerEvent: {}
[200.582369] (-) TimerEvent: {}
[200.682717] (-) TimerEvent: {}
[200.783210] (-) TimerEvent: {}
[200.883634] (-) TimerEvent: {}
[200.984076] (-) TimerEvent: {}
[201.084481] (-) TimerEvent: {}
[201.185112] (-) TimerEvent: {}
[201.285489] (-) TimerEvent: {}
[201.385857] (-) TimerEvent: {}
[201.486348] (-) TimerEvent: {}
[201.586740] (-) TimerEvent: {}
[201.687092] (-) TimerEvent: {}
[201.787453] (-) TimerEvent: {}
[201.887821] (-) TimerEvent: {}
[201.988185] (-) TimerEvent: {}
[202.088597] (-) TimerEvent: {}
[202.191134] (-) TimerEvent: {}
[202.291532] (-) TimerEvent: {}
[202.406413] (-) TimerEvent: {}
[202.514560] (-) TimerEvent: {}
[202.616790] (-) TimerEvent: {}
[202.718064] (-) TimerEvent: {}
[202.822648] (-) TimerEvent: {}
[202.923110] (-) TimerEvent: {}
[203.023473] (-) TimerEvent: {}
[203.123890] (-) TimerEvent: {}
[203.224351] (-) TimerEvent: {}
[203.324757] (-) TimerEvent: {}
[203.428549] (-) TimerEvent: {}
[203.529246] (-) TimerEvent: {}
[203.629964] (-) TimerEvent: {}
[203.732039] (-) TimerEvent: {}
[203.832886] (-) TimerEvent: {}
[203.933361] (-) TimerEvent: {}
[204.033937] (-) TimerEvent: {}
[204.134531] (-) TimerEvent: {}
[204.236180] (-) TimerEvent: {}
[204.336648] (-) TimerEvent: {}
[204.440465] (-) TimerEvent: {}
[204.540877] (-) TimerEvent: {}
[204.641356] (-) TimerEvent: {}
[204.741822] (-) TimerEvent: {}
[204.842377] (-) TimerEvent: {}
[204.942987] (-) TimerEvent: {}
[205.044102] (-) TimerEvent: {}
[205.144528] (-) TimerEvent: {}
[205.254480] (-) TimerEvent: {}
[205.354841] (-) TimerEvent: {}
[205.455328] (-) TimerEvent: {}
[205.555689] (-) TimerEvent: {}
[205.656038] (-) TimerEvent: {}
[205.756385] (-) TimerEvent: {}
[205.856758] (-) TimerEvent: {}
[205.957308] (-) TimerEvent: {}
[206.002277] (plain_slam_ros2) StdoutLine: {'line': b'[ 41%] Building CXX object CMakeFiles/lio_3d_node.dir/src/keyframe_detector.cpp.o\n'}
[206.057492] (-) TimerEvent: {}
[206.157917] (-) TimerEvent: {}
[206.258382] (-) TimerEvent: {}
[206.362399] (-) TimerEvent: {}
[206.462902] (-) TimerEvent: {}
[206.563281] (-) TimerEvent: {}
[206.666386] (-) TimerEvent: {}
[206.766743] (-) TimerEvent: {}
[206.867111] (-) TimerEvent: {}
[206.967498] (-) TimerEvent: {}
[207.067868] (-) TimerEvent: {}
[207.168262] (-) TimerEvent: {}
[207.268652] (-) TimerEvent: {}
[207.369037] (-) TimerEvent: {}
[207.469400] (-) TimerEvent: {}
[207.570470] (-) TimerEvent: {}
[207.671403] (-) TimerEvent: {}
[207.773077] (-) TimerEvent: {}
[207.873459] (-) TimerEvent: {}
[207.973872] (-) TimerEvent: {}
[208.074329] (-) TimerEvent: {}
[208.174716] (-) TimerEvent: {}
[208.275750] (-) TimerEvent: {}
[208.376127] (-) TimerEvent: {}
[208.476563] (-) TimerEvent: {}
[208.576953] (-) TimerEvent: {}
[208.677329] (-) TimerEvent: {}
[208.778288] (-) TimerEvent: {}
[208.878686] (-) TimerEvent: {}
[208.979110] (-) TimerEvent: {}
[209.079480] (-) TimerEvent: {}
[209.180195] (-) TimerEvent: {}
[209.280582] (-) TimerEvent: {}
[209.380920] (-) TimerEvent: {}
[209.481284] (-) TimerEvent: {}
[209.587146] (-) TimerEvent: {}
[209.692690] (-) TimerEvent: {}
[209.794862] (-) TimerEvent: {}
[209.895286] (-) TimerEvent: {}
[209.995649] (-) TimerEvent: {}
[210.110372] (-) TimerEvent: {}
[210.210731] (-) TimerEvent: {}
[210.311167] (-) TimerEvent: {}
[210.411602] (-) TimerEvent: {}
[210.512099] (-) TimerEvent: {}
[210.612589] (-) TimerEvent: {}
[210.713174] (-) TimerEvent: {}
[210.813926] (-) TimerEvent: {}
[210.919204] (-) TimerEvent: {}
[211.019542] (-) TimerEvent: {}
[211.119896] (-) TimerEvent: {}
[211.220305] (-) TimerEvent: {}
[211.320700] (-) TimerEvent: {}
[211.421149] (-) TimerEvent: {}
[211.521580] (-) TimerEvent: {}
[211.622075] (-) TimerEvent: {}
[211.722493] (-) TimerEvent: {}
[211.824131] (-) TimerEvent: {}
[211.924609] (-) TimerEvent: {}
[212.034381] (-) TimerEvent: {}
[212.134877] (-) TimerEvent: {}
[212.235326] (-) TimerEvent: {}
[212.337511] (-) TimerEvent: {}
[212.437873] (-) TimerEvent: {}
[212.538258] (-) TimerEvent: {}
[212.640520] (-) TimerEvent: {}
[212.743330] (-) TimerEvent: {}
[212.843687] (-) TimerEvent: {}
[212.948503] (-) TimerEvent: {}
[213.049350] (-) TimerEvent: {}
[213.149756] (-) TimerEvent: {}
[213.250119] (-) TimerEvent: {}
[213.350622] (-) TimerEvent: {}
[213.451059] (-) TimerEvent: {}
[213.551435] (-) TimerEvent: {}
[213.651953] (-) TimerEvent: {}
[213.752477] (-) TimerEvent: {}
[213.850666] (plain_slam_ros2) StdoutLine: {'line': b'[ 44%] Building CXX object CMakeFiles/lio_3d_node.dir/src/voxel_grid_filter.cpp.o\n'}
[213.852552] (-) TimerEvent: {}
[213.952811] (-) TimerEvent: {}
[214.055737] (-) TimerEvent: {}
[214.156101] (-) TimerEvent: {}
[214.256460] (-) TimerEvent: {}
[214.356911] (-) TimerEvent: {}
[214.457255] (-) TimerEvent: {}
[214.557637] (-) TimerEvent: {}
[214.658059] (-) TimerEvent: {}
[214.758449] (-) TimerEvent: {}
[214.858782] (-) TimerEvent: {}
[214.959202] (-) TimerEvent: {}
[215.059522] (-) TimerEvent: {}
[215.160005] (-) TimerEvent: {}
[215.260358] (-) TimerEvent: {}
[215.361098] (-) TimerEvent: {}
[215.461470] (-) TimerEvent: {}
[215.561852] (-) TimerEvent: {}
[215.662269] (-) TimerEvent: {}
[215.762852] (-) TimerEvent: {}
[215.863924] (-) TimerEvent: {}
[215.964268] (-) TimerEvent: {}
[216.064630] (-) TimerEvent: {}
[216.165014] (-) TimerEvent: {}
[216.265409] (-) TimerEvent: {}
[216.365793] (-) TimerEvent: {}
[216.482674] (-) TimerEvent: {}
[216.585809] (-) TimerEvent: {}
[216.686188] (-) TimerEvent: {}
[216.786563] (-) TimerEvent: {}
[216.887468] (-) TimerEvent: {}
[216.988343] (-) TimerEvent: {}
[217.088713] (-) TimerEvent: {}
[217.189071] (-) TimerEvent: {}
[217.289465] (-) TimerEvent: {}
[217.389928] (-) TimerEvent: {}
[217.490393] (-) TimerEvent: {}
[217.591285] (-) TimerEvent: {}
[217.691749] (-) TimerEvent: {}
[217.792071] (-) TimerEvent: {}
[217.892401] (-) TimerEvent: {}
[217.992735] (-) TimerEvent: {}
[218.093089] (-) TimerEvent: {}
[218.193531] (-) TimerEvent: {}
[218.293878] (-) TimerEvent: {}
[218.394278] (-) TimerEvent: {}
[218.494638] (-) TimerEvent: {}
[218.595062] (-) TimerEvent: {}
[218.695479] (-) TimerEvent: {}
[218.795830] (-) TimerEvent: {}
[218.896418] (-) TimerEvent: {}
[218.996759] (-) TimerEvent: {}
[219.097113] (-) TimerEvent: {}
[219.197645] (-) TimerEvent: {}
[219.297989] (-) TimerEvent: {}
[219.398450] (-) TimerEvent: {}
[219.499054] (-) TimerEvent: {}
[219.599394] (-) TimerEvent: {}
[219.703716] (-) TimerEvent: {}
[219.804091] (-) TimerEvent: {}
[219.904877] (-) TimerEvent: {}
[220.010379] (-) TimerEvent: {}
[220.114356] (-) TimerEvent: {}
[220.214816] (-) TimerEvent: {}
[220.319999] (-) TimerEvent: {}
[220.420388] (-) TimerEvent: {}
[220.520764] (-) TimerEvent: {}
[220.621170] (-) TimerEvent: {}
[220.721537] (-) TimerEvent: {}
[220.822379] (-) TimerEvent: {}
[220.922720] (-) TimerEvent: {}
[220.970759] (plain_slam_ros2) StdoutLine: {'line': b'[ 47%] Building CXX object CMakeFiles/lio_3d_node.dir/src/normal_map.cpp.o\n'}
[221.022872] (-) TimerEvent: {}
[221.124217] (-) TimerEvent: {}
[221.224734] (-) TimerEvent: {}
[221.325051] (-) TimerEvent: {}
[221.425406] (-) TimerEvent: {}
[221.531741] (-) TimerEvent: {}
[221.632112] (-) TimerEvent: {}
[221.732462] (-) TimerEvent: {}
[221.832886] (-) TimerEvent: {}
[221.933257] (-) TimerEvent: {}
[222.033588] (-) TimerEvent: {}
[222.133952] (-) TimerEvent: {}
[222.234348] (-) TimerEvent: {}
[222.334894] (-) TimerEvent: {}
[222.436077] (-) TimerEvent: {}
[222.536436] (-) TimerEvent: {}
[222.636850] (-) TimerEvent: {}
[222.737212] (-) TimerEvent: {}
[222.839534] (-) TimerEvent: {}
[222.939903] (-) TimerEvent: {}
[223.040335] (-) TimerEvent: {}
[223.140817] (-) TimerEvent: {}
[223.241247] (-) TimerEvent: {}
[223.342422] (-) TimerEvent: {}
[223.442745] (-) TimerEvent: {}
[223.543132] (-) TimerEvent: {}
[223.644470] (-) TimerEvent: {}
[223.754414] (-) TimerEvent: {}
[223.855063] (-) TimerEvent: {}
[223.955596] (-) TimerEvent: {}
[224.057734] (-) TimerEvent: {}
[224.159203] (-) TimerEvent: {}
[224.259558] (-) TimerEvent: {}
[224.360009] (-) TimerEvent: {}
[224.460358] (-) TimerEvent: {}
[224.560758] (-) TimerEvent: {}
[224.662000] (-) TimerEvent: {}
[224.762954] (-) TimerEvent: {}
[224.863317] (-) TimerEvent: {}
[224.965366] (-) TimerEvent: {}
[225.066381] (-) TimerEvent: {}
[225.168765] (-) TimerEvent: {}
[225.269182] (-) TimerEvent: {}
[225.369779] (-) TimerEvent: {}
[225.470131] (-) TimerEvent: {}
[225.570533] (-) TimerEvent: {}
[225.670934] (-) TimerEvent: {}
[225.771327] (-) TimerEvent: {}
[225.871691] (-) TimerEvent: {}
[225.972044] (-) TimerEvent: {}
[226.072461] (-) TimerEvent: {}
[226.172877] (-) TimerEvent: {}
[226.273345] (-) TimerEvent: {}
[226.373845] (-) TimerEvent: {}
[226.474212] (-) TimerEvent: {}
[226.575152] (-) TimerEvent: {}
[226.675529] (-) TimerEvent: {}
[226.777772] (-) TimerEvent: {}
[226.878875] (-) TimerEvent: {}
[226.979254] (-) TimerEvent: {}
[227.079669] (-) TimerEvent: {}
[227.180189] (-) TimerEvent: {}
[227.283185] (-) TimerEvent: {}
[227.384050] (-) TimerEvent: {}
[227.485952] (-) TimerEvent: {}
[227.586422] (-) TimerEvent: {}
[227.688020] (-) TimerEvent: {}
[227.788445] (-) TimerEvent: {}
[227.888931] (-) TimerEvent: {}
[227.989415] (-) TimerEvent: {}
[228.089779] (-) TimerEvent: {}
[228.190411] (-) TimerEvent: {}
[228.291105] (-) TimerEvent: {}
[228.391614] (-) TimerEvent: {}
[228.492017] (-) TimerEvent: {}
[228.592440] (-) TimerEvent: {}
[228.694137] (-) TimerEvent: {}
[228.795906] (-) TimerEvent: {}
[228.896295] (-) TimerEvent: {}
[228.996729] (-) TimerEvent: {}
[229.098425] (-) TimerEvent: {}
[229.198851] (-) TimerEvent: {}
[229.299190] (-) TimerEvent: {}
[229.400180] (-) TimerEvent: {}
[229.514366] (-) TimerEvent: {}
[229.614753] (-) TimerEvent: {}
[229.715106] (-) TimerEvent: {}
[229.815598] (-) TimerEvent: {}
[229.915997] (-) TimerEvent: {}
[230.016478] (-) TimerEvent: {}
[230.126731] (-) TimerEvent: {}
[230.234082] (-) TimerEvent: {}
[230.334462] (-) TimerEvent: {}
[230.434803] (-) TimerEvent: {}
[230.535139] (-) TimerEvent: {}
[230.635501] (-) TimerEvent: {}
[230.735866] (-) TimerEvent: {}
[230.836319] (-) TimerEvent: {}
[230.937375] (-) TimerEvent: {}
[231.037701] (-) TimerEvent: {}
[231.139850] (-) TimerEvent: {}
[231.240303] (-) TimerEvent: {}
[231.340735] (-) TimerEvent: {}
[231.441251] (-) TimerEvent: {}
[231.541609] (-) TimerEvent: {}
[231.642004] (-) TimerEvent: {}
[231.742434] (-) TimerEvent: {}
[231.842987] (-) TimerEvent: {}
[231.943350] (-) TimerEvent: {}
[232.043811] (-) TimerEvent: {}
[232.144387] (-) TimerEvent: {}
[232.244790] (-) TimerEvent: {}
[232.345126] (-) TimerEvent: {}
[232.445519] (-) TimerEvent: {}
[232.545901] (-) TimerEvent: {}
[232.646321] (-) TimerEvent: {}
[232.746701] (-) TimerEvent: {}
[232.847097] (-) TimerEvent: {}
[232.949817] (-) TimerEvent: {}
[233.050212] (-) TimerEvent: {}
[233.150627] (-) TimerEvent: {}
[233.251989] (-) TimerEvent: {}
[233.352423] (-) TimerEvent: {}
[233.452791] (-) TimerEvent: {}
[233.553221] (-) TimerEvent: {}
[233.653624] (-) TimerEvent: {}
[233.754007] (-) TimerEvent: {}
[233.854493] (-) TimerEvent: {}
[233.955266] (-) TimerEvent: {}
[234.055676] (-) TimerEvent: {}
[234.156060] (-) TimerEvent: {}
[234.256423] (-) TimerEvent: {}
[234.356811] (-) TimerEvent: {}
[234.457246] (-) TimerEvent: {}
[234.557671] (-) TimerEvent: {}
[234.658027] (-) TimerEvent: {}
[234.758498] (-) TimerEvent: {}
[234.858936] (-) TimerEvent: {}
[234.959390] (-) TimerEvent: {}
[235.059825] (-) TimerEvent: {}
[235.160243] (-) TimerEvent: {}
[235.260670] (-) TimerEvent: {}
[235.361183] (-) TimerEvent: {}
[235.462482] (-) TimerEvent: {}
[235.563027] (-) TimerEvent: {}
[235.663721] (-) TimerEvent: {}
[235.764139] (-) TimerEvent: {}
[235.865596] (-) TimerEvent: {}
[235.966290] (-) TimerEvent: {}
[236.066642] (-) TimerEvent: {}
[236.168704] (-) TimerEvent: {}
[236.269094] (-) TimerEvent: {}
[236.369567] (-) TimerEvent: {}
[236.469959] (-) TimerEvent: {}
[236.570337] (-) TimerEvent: {}
[236.673057] (-) TimerEvent: {}
[236.773483] (-) TimerEvent: {}
[236.874209] (-) TimerEvent: {}
[236.974661] (-) TimerEvent: {}
[237.081955] (-) TimerEvent: {}
[237.184999] (-) TimerEvent: {}
[237.285548] (-) TimerEvent: {}
[237.386080] (-) TimerEvent: {}
[237.486573] (-) TimerEvent: {}
[237.588955] (-) TimerEvent: {}
[237.689355] (-) TimerEvent: {}
[237.792605] (-) TimerEvent: {}
[237.893364] (-) TimerEvent: {}
[237.994180] (-) TimerEvent: {}
[238.094757] (-) TimerEvent: {}
[238.195302] (-) TimerEvent: {}
[238.297035] (-) TimerEvent: {}
[238.397451] (-) TimerEvent: {}
[238.497898] (-) TimerEvent: {}
[238.598401] (-) TimerEvent: {}
[238.698820] (-) TimerEvent: {}
[238.799377] (-) TimerEvent: {}
[238.899792] (-) TimerEvent: {}
[239.002373] (-) TimerEvent: {}
[239.110377] (-) TimerEvent: {}
[239.211291] (-) TimerEvent: {}
[239.311910] (-) TimerEvent: {}
[239.412284] (-) TimerEvent: {}
[239.512955] (-) TimerEvent: {}
[239.613326] (-) TimerEvent: {}
[239.721560] (-) TimerEvent: {}
[239.826959] (-) TimerEvent: {}
[239.927511] (-) TimerEvent: {}
[240.027916] (-) TimerEvent: {}
[240.128438] (-) TimerEvent: {}
[240.228821] (-) TimerEvent: {}
[240.329225] (-) TimerEvent: {}
[240.429622] (-) TimerEvent: {}
[240.530009] (-) TimerEvent: {}
[240.630744] (-) TimerEvent: {}
[240.698374] (plain_slam_ros2) StdoutLine: {'line': b'[ 50%] Building CXX object CMakeFiles/lio_3d_node.dir/src/hierarchical_geometric_observer.cpp.o\n'}
[240.731002] (-) TimerEvent: {}
[240.831492] (-) TimerEvent: {}
[240.933921] (-) TimerEvent: {}
[241.034321] (-) TimerEvent: {}
[241.134700] (-) TimerEvent: {}
[241.235087] (-) TimerEvent: {}
[241.336671] (-) TimerEvent: {}
[241.437026] (-) TimerEvent: {}
[241.537392] (-) TimerEvent: {}
[241.637798] (-) TimerEvent: {}
[241.738324] (-) TimerEvent: {}
[241.839233] (-) TimerEvent: {}
[241.939949] (-) TimerEvent: {}
[242.040312] (-) TimerEvent: {}
[242.142398] (-) TimerEvent: {}
[242.242792] (-) TimerEvent: {}
[242.343486] (-) TimerEvent: {}
[242.446399] (-) TimerEvent: {}
[242.546769] (-) TimerEvent: {}
[242.647131] (-) TimerEvent: {}
[242.747483] (-) TimerEvent: {}
[242.848146] (-) TimerEvent: {}
[242.948567] (-) TimerEvent: {}
[243.048985] (-) TimerEvent: {}
[243.149439] (-) TimerEvent: {}
[243.249770] (-) TimerEvent: {}
[243.350159] (-) TimerEvent: {}
[243.450534] (-) TimerEvent: {}
[243.551107] (-) TimerEvent: {}
[243.652364] (-) TimerEvent: {}
[243.752904] (-) TimerEvent: {}
[243.857651] (-) TimerEvent: {}
[243.959743] (-) TimerEvent: {}
[244.061268] (-) TimerEvent: {}
[244.162055] (-) TimerEvent: {}
[244.264764] (-) TimerEvent: {}
[244.365480] (-) TimerEvent: {}
[244.466098] (-) TimerEvent: {}
[244.566651] (-) TimerEvent: {}
[244.667111] (-) TimerEvent: {}
[244.767503] (-) TimerEvent: {}
[244.868120] (-) TimerEvent: {}
[244.968496] (-) TimerEvent: {}
[245.068900] (-) TimerEvent: {}
[245.169335] (-) TimerEvent: {}
[245.269708] (-) TimerEvent: {}
[245.370540] (-) TimerEvent: {}
[245.471038] (-) TimerEvent: {}
[245.572078] (-) TimerEvent: {}
[245.672545] (-) TimerEvent: {}
[245.773043] (-) TimerEvent: {}
[245.873424] (-) TimerEvent: {}
[245.973881] (-) TimerEvent: {}
[246.074295] (-) TimerEvent: {}
[246.174653] (-) TimerEvent: {}
[246.275024] (-) TimerEvent: {}
[246.375554] (-) TimerEvent: {}
[246.475925] (-) TimerEvent: {}
[246.576349] (-) TimerEvent: {}
[246.676693] (-) TimerEvent: {}
[246.777017] (-) TimerEvent: {}
[246.877394] (-) TimerEvent: {}
[246.977776] (-) TimerEvent: {}
[247.078114] (-) TimerEvent: {}
[247.178497] (-) TimerEvent: {}
[247.278817] (-) TimerEvent: {}
[247.382540] (-) TimerEvent: {}
[247.484191] (-) TimerEvent: {}
[247.584591] (-) TimerEvent: {}
[247.684921] (-) TimerEvent: {}
[247.790382] (-) TimerEvent: {}
[247.890756] (-) TimerEvent: {}
[247.991115] (-) TimerEvent: {}
[248.091886] (-) TimerEvent: {}
[248.192264] (-) TimerEvent: {}
[248.292665] (-) TimerEvent: {}
[248.393043] (-) TimerEvent: {}
[248.493438] (-) TimerEvent: {}
[248.593816] (-) TimerEvent: {}
[248.694207] (-) TimerEvent: {}
[248.794740] (-) TimerEvent: {}
[248.895117] (-) TimerEvent: {}
[248.995492] (-) TimerEvent: {}
[249.095879] (-) TimerEvent: {}
[249.196280] (-) TimerEvent: {}
[249.296901] (-) TimerEvent: {}
[249.397708] (-) TimerEvent: {}
[249.498121] (-) TimerEvent: {}
[249.599434] (-) TimerEvent: {}
[249.699787] (-) TimerEvent: {}
[249.800177] (-) TimerEvent: {}
[249.900670] (-) TimerEvent: {}
[250.001074] (-) TimerEvent: {}
[250.102063] (-) TimerEvent: {}
[250.202565] (-) TimerEvent: {}
[250.302957] (-) TimerEvent: {}
[250.403418] (-) TimerEvent: {}
[250.503875] (-) TimerEvent: {}
[250.604462] (-) TimerEvent: {}
[250.704842] (-) TimerEvent: {}
[250.805280] (-) TimerEvent: {}
[250.905693] (-) TimerEvent: {}
[251.006081] (-) TimerEvent: {}
[251.106530] (-) TimerEvent: {}
[251.206970] (-) TimerEvent: {}
[251.307352] (-) TimerEvent: {}
[251.407752] (-) TimerEvent: {}
[251.508789] (-) TimerEvent: {}
[251.630390] (-) TimerEvent: {}
[251.730796] (-) TimerEvent: {}
[251.831221] (-) TimerEvent: {}
[251.942400] (-) TimerEvent: {}
[252.042777] (-) TimerEvent: {}
[252.143219] (-) TimerEvent: {}
[252.243618] (-) TimerEvent: {}
[252.343996] (-) TimerEvent: {}
[252.444469] (-) TimerEvent: {}
[252.544814] (-) TimerEvent: {}
[252.645196] (-) TimerEvent: {}
[252.745616] (-) TimerEvent: {}
[252.846083] (-) TimerEvent: {}
[252.946470] (-) TimerEvent: {}
[253.052800] (-) TimerEvent: {}
[253.158384] (-) TimerEvent: {}
[253.258842] (-) TimerEvent: {}
[253.359204] (-) TimerEvent: {}
[253.460153] (-) TimerEvent: {}
[253.562948] (-) TimerEvent: {}
[253.663344] (-) TimerEvent: {}
[253.764857] (-) TimerEvent: {}
[253.865608] (-) TimerEvent: {}
[253.970376] (-) TimerEvent: {}
[254.070798] (-) TimerEvent: {}
[254.171186] (-) TimerEvent: {}
[254.271539] (-) TimerEvent: {}
[254.371913] (-) TimerEvent: {}
[254.472309] (-) TimerEvent: {}
[254.572700] (-) TimerEvent: {}
[254.674374] (-) TimerEvent: {}
[254.774726] (-) TimerEvent: {}
[254.875101] (-) TimerEvent: {}
[254.975511] (-) TimerEvent: {}
[255.075918] (-) TimerEvent: {}
[255.176366] (-) TimerEvent: {}
[255.276823] (-) TimerEvent: {}
[255.377181] (-) TimerEvent: {}
[255.477604] (-) TimerEvent: {}
[255.577977] (-) TimerEvent: {}
[255.679264] (-) TimerEvent: {}
[255.779625] (-) TimerEvent: {}
[255.880062] (-) TimerEvent: {}
[255.981197] (-) TimerEvent: {}
[256.081599] (-) TimerEvent: {}
[256.182122] (-) TimerEvent: {}
[256.282648] (-) TimerEvent: {}
[256.383078] (-) TimerEvent: {}
[256.483545] (-) TimerEvent: {}
[256.584481] (-) TimerEvent: {}
[256.684848] (-) TimerEvent: {}
[256.785739] (-) TimerEvent: {}
[256.894097] (-) TimerEvent: {}
[256.998356] (-) TimerEvent: {}
[257.101161] (-) TimerEvent: {}
[257.201938] (-) TimerEvent: {}
[257.302381] (-) TimerEvent: {}
[257.402820] (-) TimerEvent: {}
[257.503212] (-) TimerEvent: {}
[257.603623] (-) TimerEvent: {}
[257.704035] (-) TimerEvent: {}
[257.806383] (-) TimerEvent: {}
[257.906745] (-) TimerEvent: {}
[258.007117] (-) TimerEvent: {}
[258.107509] (-) TimerEvent: {}
[258.208019] (-) TimerEvent: {}
[258.308396] (-) TimerEvent: {}
[258.409345] (-) TimerEvent: {}
[258.509985] (-) TimerEvent: {}
[258.610574] (-) TimerEvent: {}
[258.711067] (-) TimerEvent: {}
[258.811600] (-) TimerEvent: {}
[258.912021] (-) TimerEvent: {}
[259.012449] (-) TimerEvent: {}
[259.113138] (-) TimerEvent: {}
[259.213688] (-) TimerEvent: {}
[259.316238] (-) TimerEvent: {}
[259.417226] (-) TimerEvent: {}
[259.517949] (-) TimerEvent: {}
[259.619484] (-) TimerEvent: {}
[259.720106] (-) TimerEvent: {}
[259.821420] (-) TimerEvent: {}
[259.921913] (-) TimerEvent: {}
[260.022399] (-) TimerEvent: {}
[260.122844] (-) TimerEvent: {}
[260.231528] (-) TimerEvent: {}
[260.335519] (-) TimerEvent: {}
[260.436311] (-) TimerEvent: {}
[260.536769] (-) TimerEvent: {}
[260.640168] (-) TimerEvent: {}
[260.740801] (-) TimerEvent: {}
[260.841588] (-) TimerEvent: {}
[260.942241] (-) TimerEvent: {}
[261.042850] (-) TimerEvent: {}
[261.143319] (-) TimerEvent: {}
[261.243838] (-) TimerEvent: {}
[261.344267] (-) TimerEvent: {}
[261.444696] (-) TimerEvent: {}
[261.545207] (-) TimerEvent: {}
[261.645702] (-) TimerEvent: {}
[261.746272] (-) TimerEvent: {}
[261.846894] (-) TimerEvent: {}
[261.947346] (-) TimerEvent: {}
[262.048986] (-) TimerEvent: {}
[262.150569] (-) TimerEvent: {}
[262.251001] (-) TimerEvent: {}
[262.351415] (-) TimerEvent: {}
[262.451772] (-) TimerEvent: {}
[262.552141] (-) TimerEvent: {}
[262.652539] (-) TimerEvent: {}
[262.752937] (-) TimerEvent: {}
[262.853322] (-) TimerEvent: {}
[262.953671] (-) TimerEvent: {}
[263.054056] (-) TimerEvent: {}
[263.154410] (-) TimerEvent: {}
[263.254771] (-) TimerEvent: {}
[263.355127] (-) TimerEvent: {}
[263.455454] (-) TimerEvent: {}
[263.560793] (-) TimerEvent: {}
[263.661204] (-) TimerEvent: {}
[263.762633] (-) TimerEvent: {}
[263.863243] (-) TimerEvent: {}
[263.963872] (-) TimerEvent: {}
[264.066461] (-) TimerEvent: {}
[264.166821] (-) TimerEvent: {}
[264.267176] (-) TimerEvent: {}
[264.367504] (-) TimerEvent: {}
[264.470560] (-) TimerEvent: {}
[264.572242] (-) TimerEvent: {}
[264.672593] (-) TimerEvent: {}
[264.772956] (-) TimerEvent: {}
[264.884060] (-) TimerEvent: {}
[264.986370] (-) TimerEvent: {}
[265.086720] (-) TimerEvent: {}
[265.187145] (-) TimerEvent: {}
[265.287552] (-) TimerEvent: {}
[265.398093] (-) TimerEvent: {}
[265.498485] (-) TimerEvent: {}
[265.598859] (-) TimerEvent: {}
[265.699218] (-) TimerEvent: {}
[265.799572] (-) TimerEvent: {}
[265.903589] (-) TimerEvent: {}
[266.004342] (-) TimerEvent: {}
[266.104750] (-) TimerEvent: {}
[266.205110] (-) TimerEvent: {}
[266.305510] (-) TimerEvent: {}
[266.405912] (-) TimerEvent: {}
[266.506397] (-) TimerEvent: {}
[266.606877] (-) TimerEvent: {}
[266.716285] (-) TimerEvent: {}
[266.817676] (-) TimerEvent: {}
[266.924731] (-) TimerEvent: {}
[267.025122] (-) TimerEvent: {}
[267.125475] (-) TimerEvent: {}
[267.225830] (-) TimerEvent: {}
[267.326196] (-) TimerEvent: {}
[267.426610] (-) TimerEvent: {}
[267.528064] (-) TimerEvent: {}
[267.628570] (-) TimerEvent: {}
[267.728937] (-) TimerEvent: {}
[267.829290] (-) TimerEvent: {}
[267.929648] (-) TimerEvent: {}
[268.030055] (-) TimerEvent: {}
[268.130761] (-) TimerEvent: {}
[268.231235] (-) TimerEvent: {}
[268.331653] (-) TimerEvent: {}
[268.369061] (plain_slam_ros2) StdoutLine: {'line': b'[ 52%] Building CXX object CMakeFiles/lio_3d_node.dir/src/joint_optimizer.cpp.o\n'}
[268.431763] (-) TimerEvent: {}
[268.532426] (-) TimerEvent: {}
[268.632772] (-) TimerEvent: {}
[268.733195] (-) TimerEvent: {}
[268.833552] (-) TimerEvent: {}
[268.933979] (-) TimerEvent: {}
[269.034399] (-) TimerEvent: {}
[269.134762] (-) TimerEvent: {}
[269.235262] (-) TimerEvent: {}
[269.335994] (-) TimerEvent: {}
[269.442442] (-) TimerEvent: {}
[269.542983] (-) TimerEvent: {}
[269.645726] (-) TimerEvent: {}
[269.746404] (-) TimerEvent: {}
[269.846940] (-) TimerEvent: {}
[269.947449] (-) TimerEvent: {}
[270.047888] (-) TimerEvent: {}
[270.148377] (-) TimerEvent: {}
[270.249087] (-) TimerEvent: {}
[270.349529] (-) TimerEvent: {}
[270.450025] (-) TimerEvent: {}
[270.550982] (-) TimerEvent: {}
[270.651988] (-) TimerEvent: {}
[270.752433] (-) TimerEvent: {}
[270.852795] (-) TimerEvent: {}
[270.953145] (-) TimerEvent: {}
[271.053529] (-) TimerEvent: {}
[271.154005] (-) TimerEvent: {}
[271.254787] (-) TimerEvent: {}
[271.355272] (-) TimerEvent: {}
[271.455819] (-) TimerEvent: {}
[271.557306] (-) TimerEvent: {}
[271.657956] (-) TimerEvent: {}
[271.758335] (-) TimerEvent: {}
[271.858721] (-) TimerEvent: {}
[271.959104] (-) TimerEvent: {}
[272.059471] (-) TimerEvent: {}
[272.159828] (-) TimerEvent: {}
[272.265219] (-) TimerEvent: {}
[272.365575] (-) TimerEvent: {}
[272.468016] (-) TimerEvent: {}
[272.568370] (-) TimerEvent: {}
[272.668736] (-) TimerEvent: {}
[272.769871] (-) TimerEvent: {}
[272.870211] (-) TimerEvent: {}
[272.970599] (-) TimerEvent: {}
[273.070964] (-) TimerEvent: {}
[273.174813] (-) TimerEvent: {}
[273.275390] (-) TimerEvent: {}
[273.376763] (-) TimerEvent: {}
[273.486218] (-) TimerEvent: {}
[273.586678] (-) TimerEvent: {}
[273.687360] (-) TimerEvent: {}
[273.788148] (-) TimerEvent: {}
[273.888573] (-) TimerEvent: {}
[273.988944] (-) TimerEvent: {}
[274.089484] (-) TimerEvent: {}
[274.190844] (-) TimerEvent: {}
[274.298356] (-) TimerEvent: {}
[274.398738] (-) TimerEvent: {}
[274.499094] (-) TimerEvent: {}
[274.599554] (-) TimerEvent: {}
[274.699932] (-) TimerEvent: {}
[274.802048] (-) TimerEvent: {}
[274.902509] (-) TimerEvent: {}
[275.002855] (-) TimerEvent: {}
[275.103219] (-) TimerEvent: {}
[275.203583] (-) TimerEvent: {}
[275.304015] (-) TimerEvent: {}
[275.404474] (-) TimerEvent: {}
[275.504886] (-) TimerEvent: {}
[275.607918] (-) TimerEvent: {}
[275.711223] (-) TimerEvent: {}
[275.811711] (-) TimerEvent: {}
[275.912985] (-) TimerEvent: {}
[276.014209] (-) TimerEvent: {}
[276.115232] (-) TimerEvent: {}
[276.216107] (-) TimerEvent: {}
[276.316894] (-) TimerEvent: {}
[276.417923] (-) TimerEvent: {}
[276.518810] (-) TimerEvent: {}
[276.619808] (-) TimerEvent: {}
[276.720204] (-) TimerEvent: {}
[276.820693] (-) TimerEvent: {}
[276.921058] (-) TimerEvent: {}
[277.021822] (-) TimerEvent: {}
[277.122281] (-) TimerEvent: {}
[277.223229] (-) TimerEvent: {}
[277.323552] (-) TimerEvent: {}
[277.424010] (-) TimerEvent: {}
[277.524390] (-) TimerEvent: {}
[277.624917] (-) TimerEvent: {}
[277.725552] (-) TimerEvent: {}
[277.830366] (-) TimerEvent: {}
[277.930724] (-) TimerEvent: {}
[278.031240] (-) TimerEvent: {}
[278.131703] (-) TimerEvent: {}
[278.232049] (-) TimerEvent: {}
[278.332427] (-) TimerEvent: {}
[278.432778] (-) TimerEvent: {}
[278.533133] (-) TimerEvent: {}
[278.633494] (-) TimerEvent: {}
[278.733866] (-) TimerEvent: {}
[278.834211] (-) TimerEvent: {}
[278.934598] (-) TimerEvent: {}
[279.035152] (-) TimerEvent: {}
[279.135504] (-) TimerEvent: {}
[279.235857] (-) TimerEvent: {}
[279.336209] (-) TimerEvent: {}
[279.436580] (-) TimerEvent: {}
[279.537272] (-) TimerEvent: {}
[279.637635] (-) TimerEvent: {}
[279.737981] (-) TimerEvent: {}
[279.839104] (-) TimerEvent: {}
[279.939633] (-) TimerEvent: {}
[280.040054] (-) TimerEvent: {}
[280.141646] (-) TimerEvent: {}
[280.242006] (-) TimerEvent: {}
[280.342355] (-) TimerEvent: {}
[280.443909] (-) TimerEvent: {}
[280.544307] (-) TimerEvent: {}
[280.644684] (-) TimerEvent: {}
[280.745043] (-) TimerEvent: {}
[280.845429] (-) TimerEvent: {}
[280.945823] (-) TimerEvent: {}
[281.046213] (-) TimerEvent: {}
[281.148816] (-) TimerEvent: {}
[281.249397] (-) TimerEvent: {}
[281.350464] (-) TimerEvent: {}
[281.450850] (-) TimerEvent: {}
[281.552328] (-) TimerEvent: {}
[281.652718] (-) TimerEvent: {}
[281.753116] (-) TimerEvent: {}
[281.853539] (-) TimerEvent: {}
[281.957614] (-) TimerEvent: {}
[282.067419] (-) TimerEvent: {}
[282.171370] (-) TimerEvent: {}
[282.282432] (-) TimerEvent: {}
[282.390351] (-) TimerEvent: {}
[282.490714] (-) TimerEvent: {}
[282.591074] (-) TimerEvent: {}
[282.696639] (-) TimerEvent: {}
[282.810357] (-) TimerEvent: {}
[282.910707] (-) TimerEvent: {}
[283.012407] (-) TimerEvent: {}
[283.112843] (-) TimerEvent: {}
[283.213208] (-) TimerEvent: {}
[283.313630] (-) TimerEvent: {}
[283.414053] (-) TimerEvent: {}
[283.514533] (-) TimerEvent: {}
[283.615070] (-) TimerEvent: {}
[283.715497] (-) TimerEvent: {}
[283.818349] (-) TimerEvent: {}
[283.918772] (-) TimerEvent: {}
[284.021072] (-) TimerEvent: {}
[284.122864] (-) TimerEvent: {}
[284.223376] (-) TimerEvent: {}
[284.324224] (-) TimerEvent: {}
[284.424656] (-) TimerEvent: {}
[284.525072] (-) TimerEvent: {}
[284.625583] (-) TimerEvent: {}
[284.726189] (-) TimerEvent: {}
[284.830727] (-) TimerEvent: {}
[284.931151] (-) TimerEvent: {}
[285.033968] (-) TimerEvent: {}
[285.134364] (-) TimerEvent: {}
[285.234770] (-) TimerEvent: {}
[285.335161] (-) TimerEvent: {}
[285.435519] (-) TimerEvent: {}
[285.535872] (-) TimerEvent: {}
[285.636219] (-) TimerEvent: {}
[285.736597] (-) TimerEvent: {}
[285.837202] (-) TimerEvent: {}
[285.942758] (-) TimerEvent: {}
[286.043240] (-) TimerEvent: {}
[286.143653] (-) TimerEvent: {}
[286.244066] (-) TimerEvent: {}
[286.344437] (-) TimerEvent: {}
[286.444785] (-) TimerEvent: {}
[286.545243] (-) TimerEvent: {}
[286.645735] (-) TimerEvent: {}
[286.746295] (-) TimerEvent: {}
[286.846653] (-) TimerEvent: {}
[286.947065] (-) TimerEvent: {}
[287.047413] (-) TimerEvent: {}
[287.147777] (-) TimerEvent: {}
[287.248128] (-) TimerEvent: {}
[287.348480] (-) TimerEvent: {}
[287.448866] (-) TimerEvent: {}
[287.554363] (-) TimerEvent: {}
[287.660754] (-) TimerEvent: {}
[287.761129] (-) TimerEvent: {}
[287.862371] (-) TimerEvent: {}
[287.966427] (-) TimerEvent: {}
[288.066786] (-) TimerEvent: {}
[288.167149] (-) TimerEvent: {}
[288.267552] (-) TimerEvent: {}
[288.367938] (-) TimerEvent: {}
[288.477846] (-) TimerEvent: {}
[288.586397] (-) TimerEvent: {}
[288.687702] (-) TimerEvent: {}
[288.798874] (-) TimerEvent: {}
[288.899233] (-) TimerEvent: {}
[288.999916] (-) TimerEvent: {}
[289.100346] (-) TimerEvent: {}
[289.200716] (-) TimerEvent: {}
[289.301094] (-) TimerEvent: {}
[289.401620] (-) TimerEvent: {}
[289.503476] (-) TimerEvent: {}
[289.603849] (-) TimerEvent: {}
[289.704305] (-) TimerEvent: {}
[289.804663] (-) TimerEvent: {}
[289.905219] (-) TimerEvent: {}
[290.005849] (-) TimerEvent: {}
[290.106656] (-) TimerEvent: {}
[290.210401] (-) TimerEvent: {}
[290.310709] (-) TimerEvent: {}
[290.411136] (-) TimerEvent: {}
[290.511626] (-) TimerEvent: {}
[290.611949] (-) TimerEvent: {}
[290.712759] (-) TimerEvent: {}
[290.813218] (-) TimerEvent: {}
[290.913593] (-) TimerEvent: {}
[291.014397] (-) TimerEvent: {}
[291.115012] (-) TimerEvent: {}
[291.215384] (-) TimerEvent: {}
[291.315829] (-) TimerEvent: {}
[291.417151] (-) TimerEvent: {}
[291.517526] (-) TimerEvent: {}
[291.618378] (-) TimerEvent: {}
[291.718772] (-) TimerEvent: {}
[291.821227] (-) TimerEvent: {}
[291.921626] (-) TimerEvent: {}
[292.022605] (-) TimerEvent: {}
[292.123187] (-) TimerEvent: {}
[292.223656] (-) TimerEvent: {}
[292.324044] (-) TimerEvent: {}
[292.424566] (-) TimerEvent: {}
[292.525102] (-) TimerEvent: {}
[292.627170] (-) TimerEvent: {}
[292.728169] (-) TimerEvent: {}
[292.828791] (-) TimerEvent: {}
[292.933423] (-) TimerEvent: {}
[293.033817] (-) TimerEvent: {}
[293.134505] (-) TimerEvent: {}
[293.236082] (-) TimerEvent: {}
[293.336787] (-) TimerEvent: {}
[293.439042] (-) TimerEvent: {}
[293.539498] (-) TimerEvent: {}
[293.639829] (-) TimerEvent: {}
[293.746353] (-) TimerEvent: {}
[293.850347] (-) TimerEvent: {}
[293.950848] (-) TimerEvent: {}
[294.051264] (-) TimerEvent: {}
[294.151684] (-) TimerEvent: {}
[294.252036] (-) TimerEvent: {}
[294.352837] (-) TimerEvent: {}
[294.457155] (-) TimerEvent: {}
[294.557550] (-) TimerEvent: {}
[294.660571] (-) TimerEvent: {}
[294.765832] (-) TimerEvent: {}
[294.866389] (-) TimerEvent: {}
[294.966862] (-) TimerEvent: {}
[295.067211] (-) TimerEvent: {}
[295.167573] (-) TimerEvent: {}
[295.267942] (-) TimerEvent: {}
[295.370388] (-) TimerEvent: {}
[295.471480] (-) TimerEvent: {}
[295.571897] (-) TimerEvent: {}
[295.673699] (-) TimerEvent: {}
[295.774416] (-) TimerEvent: {}
[295.874850] (-) TimerEvent: {}
[295.975223] (-) TimerEvent: {}
[296.075578] (-) TimerEvent: {}
[296.175936] (-) TimerEvent: {}
[296.276796] (-) TimerEvent: {}
[296.377172] (-) TimerEvent: {}
[296.477531] (-) TimerEvent: {}
[296.577919] (-) TimerEvent: {}
[296.678323] (-) TimerEvent: {}
[296.779847] (-) TimerEvent: {}
[296.880230] (-) TimerEvent: {}
[296.980612] (-) TimerEvent: {}
[297.087442] (-) TimerEvent: {}
[297.188002] (-) TimerEvent: {}
[297.288405] (-) TimerEvent: {}
[297.388761] (-) TimerEvent: {}
[297.489122] (-) TimerEvent: {}
[297.589509] (-) TimerEvent: {}
[297.689979] (-) TimerEvent: {}
[297.790665] (-) TimerEvent: {}
[297.902373] (-) TimerEvent: {}
[298.002750] (-) TimerEvent: {}
[298.103136] (-) TimerEvent: {}
[298.203512] (-) TimerEvent: {}
[298.303872] (-) TimerEvent: {}
[298.404236] (-) TimerEvent: {}
[298.504680] (-) TimerEvent: {}
[298.605101] (-) TimerEvent: {}
[298.705528] (-) TimerEvent: {}
[298.805940] (-) TimerEvent: {}
[298.906332] (-) TimerEvent: {}
[299.006724] (-) TimerEvent: {}
[299.063738] (plain_slam_ros2) StdoutLine: {'line': b'[ 55%] Linking CXX executable lio_3d_node\n'}
[299.106869] (-) TimerEvent: {}
[299.207379] (-) TimerEvent: {}
[299.307834] (-) TimerEvent: {}
[299.408286] (-) TimerEvent: {}
[299.510104] (-) TimerEvent: {}
[299.614434] (-) TimerEvent: {}
[299.718466] (-) TimerEvent: {}
[299.757822] (plain_slam_ros2) StdoutLine: {'line': b'[ 55%] Built target lio_3d_node\n'}
[299.818701] (-) TimerEvent: {}
[299.919039] (-) TimerEvent: {}
[299.945190] (plain_slam_ros2) StdoutLine: {'line': b'Scanning dependencies of target slam_3d_node\n'}
[300.001914] (plain_slam_ros2) StdoutLine: {'line': b'[ 58%] Building CXX object CMakeFiles/slam_3d_node.dir/src/slam_3d_node.cpp.o\n'}
[300.019192] (-) TimerEvent: {}
[300.119583] (-) TimerEvent: {}
[300.230478] (-) TimerEvent: {}
[300.334365] (-) TimerEvent: {}
[300.442392] (-) TimerEvent: {}
[300.546348] (-) TimerEvent: {}
[300.646865] (-) TimerEvent: {}
[300.747202] (-) TimerEvent: {}
[300.847559] (-) TimerEvent: {}
[300.947913] (-) TimerEvent: {}
[301.062367] (-) TimerEvent: {}
[301.164447] (-) TimerEvent: {}
[301.265485] (-) TimerEvent: {}
[301.368924] (-) TimerEvent: {}
[301.469478] (-) TimerEvent: {}
[301.570002] (-) TimerEvent: {}
[301.670359] (-) TimerEvent: {}
[301.770740] (-) TimerEvent: {}
[301.871112] (-) TimerEvent: {}
[301.971525] (-) TimerEvent: {}
[302.072097] (-) TimerEvent: {}
[302.172637] (-) TimerEvent: {}
[302.273103] (-) TimerEvent: {}
[302.373568] (-) TimerEvent: {}
[302.474106] (-) TimerEvent: {}
[302.574565] (-) TimerEvent: {}
[302.674993] (-) TimerEvent: {}
[302.786368] (-) TimerEvent: {}
[302.887019] (-) TimerEvent: {}
[302.987604] (-) TimerEvent: {}
[303.090085] (-) TimerEvent: {}
[303.190487] (-) TimerEvent: {}
[303.294564] (-) TimerEvent: {}
[303.397673] (-) TimerEvent: {}
[303.498389] (-) TimerEvent: {}
[303.599515] (-) TimerEvent: {}
[303.700142] (-) TimerEvent: {}
[303.806902] (-) TimerEvent: {}
[303.907478] (-) TimerEvent: {}
[304.008969] (-) TimerEvent: {}
[304.109359] (-) TimerEvent: {}
[304.209936] (-) TimerEvent: {}
[304.311396] (-) TimerEvent: {}
[304.411786] (-) TimerEvent: {}
[304.513089] (-) TimerEvent: {}
[304.613651] (-) TimerEvent: {}
[304.714144] (-) TimerEvent: {}
[304.815730] (-) TimerEvent: {}
[304.930512] (-) TimerEvent: {}
[305.033969] (-) TimerEvent: {}
[305.134453] (-) TimerEvent: {}
[305.235209] (-) TimerEvent: {}
[305.335734] (-) TimerEvent: {}
[305.436218] (-) TimerEvent: {}
[305.537475] (-) TimerEvent: {}
[305.639801] (-) TimerEvent: {}
[305.740155] (-) TimerEvent: {}
[305.840514] (-) TimerEvent: {}
[305.940888] (-) TimerEvent: {}
[306.041258] (-) TimerEvent: {}
[306.141610] (-) TimerEvent: {}
[306.242093] (-) TimerEvent: {}
[306.342523] (-) TimerEvent: {}
[306.443126] (-) TimerEvent: {}
[306.543555] (-) TimerEvent: {}
[306.643954] (-) TimerEvent: {}
[306.745300] (-) TimerEvent: {}
[306.845718] (-) TimerEvent: {}
[306.946148] (-) TimerEvent: {}
[307.046566] (-) TimerEvent: {}
[307.147580] (-) TimerEvent: {}
[307.252771] (-) TimerEvent: {}
[307.357181] (-) TimerEvent: {}
[307.457548] (-) TimerEvent: {}
[307.557927] (-) TimerEvent: {}
[307.658299] (-) TimerEvent: {}
[307.758677] (-) TimerEvent: {}
[307.859049] (-) TimerEvent: {}
[307.959438] (-) TimerEvent: {}
[308.059797] (-) TimerEvent: {}
[308.160161] (-) TimerEvent: {}
[308.260603] (-) TimerEvent: {}
[308.360959] (-) TimerEvent: {}
[308.461314] (-) TimerEvent: {}
[308.561686] (-) TimerEvent: {}
[308.662062] (-) TimerEvent: {}
[308.762478] (-) TimerEvent: {}
[308.862848] (-) TimerEvent: {}
[308.963245] (-) TimerEvent: {}
[309.063597] (-) TimerEvent: {}
[309.163943] (-) TimerEvent: {}
[309.264311] (-) TimerEvent: {}
[309.364717] (-) TimerEvent: {}
[309.465114] (-) TimerEvent: {}
[309.565539] (-) TimerEvent: {}
[309.668889] (-) TimerEvent: {}
[309.769300] (-) TimerEvent: {}
[309.870384] (-) TimerEvent: {}
[309.970813] (-) TimerEvent: {}
[310.071372] (-) TimerEvent: {}
[310.171813] (-) TimerEvent: {}
[310.272947] (-) TimerEvent: {}
[310.373322] (-) TimerEvent: {}
[310.473657] (-) TimerEvent: {}
[310.574008] (-) TimerEvent: {}
[310.674356] (-) TimerEvent: {}
[310.774901] (-) TimerEvent: {}
[310.878479] (-) TimerEvent: {}
[310.978860] (-) TimerEvent: {}
[311.079215] (-) TimerEvent: {}
[311.179665] (-) TimerEvent: {}
[311.280061] (-) TimerEvent: {}
[311.380446] (-) TimerEvent: {}
[311.480889] (-) TimerEvent: {}
[311.581256] (-) TimerEvent: {}
[311.681609] (-) TimerEvent: {}
[311.781951] (-) TimerEvent: {}
[311.882418] (-) TimerEvent: {}
[311.982800] (-) TimerEvent: {}
[312.083215] (-) TimerEvent: {}
[312.186955] (-) TimerEvent: {}
[312.287482] (-) TimerEvent: {}
[312.387962] (-) TimerEvent: {}
[312.488354] (-) TimerEvent: {}
[312.588711] (-) TimerEvent: {}
[312.689157] (-) TimerEvent: {}
[312.789632] (-) TimerEvent: {}
[312.894613] (-) TimerEvent: {}
[312.999878] (-) TimerEvent: {}
[313.100289] (-) TimerEvent: {}
[313.200658] (-) TimerEvent: {}
[313.301080] (-) TimerEvent: {}
[313.401447] (-) TimerEvent: {}
[313.501808] (-) TimerEvent: {}
[313.604308] (-) TimerEvent: {}
[313.705002] (-) TimerEvent: {}
[313.805376] (-) TimerEvent: {}
[313.905905] (-) TimerEvent: {}
[314.006551] (-) TimerEvent: {}
[314.107022] (-) TimerEvent: {}
[314.207388] (-) TimerEvent: {}
[314.309122] (-) TimerEvent: {}
[314.409519] (-) TimerEvent: {}
[314.509961] (-) TimerEvent: {}
[314.610450] (-) TimerEvent: {}
[314.711529] (-) TimerEvent: {}
[314.811879] (-) TimerEvent: {}
[314.912701] (-) TimerEvent: {}
[315.015955] (-) TimerEvent: {}
[315.116327] (-) TimerEvent: {}
[315.216714] (-) TimerEvent: {}
[315.317101] (-) TimerEvent: {}
[315.417510] (-) TimerEvent: {}
[315.517889] (-) TimerEvent: {}
[315.618300] (-) TimerEvent: {}
[315.718682] (-) TimerEvent: {}
[315.819072] (-) TimerEvent: {}
[315.919495] (-) TimerEvent: {}
[316.019865] (-) TimerEvent: {}
[316.120577] (-) TimerEvent: {}
[316.221032] (-) TimerEvent: {}
[316.321557] (-) TimerEvent: {}
[316.421903] (-) TimerEvent: {}
[316.530397] (-) TimerEvent: {}
[316.630768] (-) TimerEvent: {}
[316.731116] (-) TimerEvent: {}
[316.831745] (-) TimerEvent: {}
[316.932111] (-) TimerEvent: {}
[317.032519] (-) TimerEvent: {}
[317.132876] (-) TimerEvent: {}
[317.233332] (-) TimerEvent: {}
[317.333721] (-) TimerEvent: {}
[317.434068] (-) TimerEvent: {}
[317.535165] (-) TimerEvent: {}
[317.635623] (-) TimerEvent: {}
[317.735978] (-) TimerEvent: {}
[317.836342] (-) TimerEvent: {}
[317.936725] (-) TimerEvent: {}
[318.037370] (-) TimerEvent: {}
[318.137748] (-) TimerEvent: {}
[318.239715] (-) TimerEvent: {}
[318.340442] (-) TimerEvent: {}
[318.441466] (-) TimerEvent: {}
[318.541855] (-) TimerEvent: {}
[318.642360] (-) TimerEvent: {}
[318.743283] (-) TimerEvent: {}
[318.843661] (-) TimerEvent: {}
[318.944050] (-) TimerEvent: {}
[319.044451] (-) TimerEvent: {}
[319.144835] (-) TimerEvent: {}
[319.245215] (-) TimerEvent: {}
[319.345606] (-) TimerEvent: {}
[319.449706] (-) TimerEvent: {}
[319.550181] (-) TimerEvent: {}
[319.652979] (-) TimerEvent: {}
[319.753745] (-) TimerEvent: {}
[319.854103] (-) TimerEvent: {}
[319.954532] (-) TimerEvent: {}
[320.054878] (-) TimerEvent: {}
[320.158385] (-) TimerEvent: {}
[320.259342] (-) TimerEvent: {}
[320.359685] (-) TimerEvent: {}
[320.460033] (-) TimerEvent: {}
[320.562611] (-) TimerEvent: {}
[320.662947] (-) TimerEvent: {}
[320.764557] (-) TimerEvent: {}
[320.866000] (-) TimerEvent: {}
[320.978344] (-) TimerEvent: {}
[321.078689] (-) TimerEvent: {}
[321.181877] (-) TimerEvent: {}
[321.282344] (-) TimerEvent: {}
[321.386422] (-) TimerEvent: {}
[321.488632] (-) TimerEvent: {}
[321.589030] (-) TimerEvent: {}
[321.694422] (-) TimerEvent: {}
[321.794867] (-) TimerEvent: {}
[321.895282] (-) TimerEvent: {}
[321.995690] (-) TimerEvent: {}
[322.096110] (-) TimerEvent: {}
[322.196558] (-) TimerEvent: {}
[322.297537] (-) TimerEvent: {}
[322.397897] (-) TimerEvent: {}
[322.498383] (-) TimerEvent: {}
[322.598794] (-) TimerEvent: {}
[322.699490] (-) TimerEvent: {}
[322.799851] (-) TimerEvent: {}
[322.900255] (-) TimerEvent: {}
[323.003434] (-) TimerEvent: {}
[323.103823] (-) TimerEvent: {}
[323.204167] (-) TimerEvent: {}
[323.304523] (-) TimerEvent: {}
[323.404908] (-) TimerEvent: {}
[323.505311] (-) TimerEvent: {}
[323.605673] (-) TimerEvent: {}
[323.706026] (-) TimerEvent: {}
[323.806349] (-) TimerEvent: {}
[323.907057] (-) TimerEvent: {}
[324.007406] (-) TimerEvent: {}
[324.113973] (-) TimerEvent: {}
[324.222415] (-) TimerEvent: {}
[324.323271] (-) TimerEvent: {}
[324.423637] (-) TimerEvent: {}
[324.523992] (-) TimerEvent: {}
[324.624393] (-) TimerEvent: {}
[324.724821] (-) TimerEvent: {}
[324.825223] (-) TimerEvent: {}
[324.925570] (-) TimerEvent: {}
[325.025954] (-) TimerEvent: {}
[325.126341] (-) TimerEvent: {}
[325.229003] (-) TimerEvent: {}
[325.329337] (-) TimerEvent: {}
[325.429695] (-) TimerEvent: {}
[325.530398] (-) TimerEvent: {}
[325.634357] (-) TimerEvent: {}
[325.746407] (-) TimerEvent: {}
[325.846875] (-) TimerEvent: {}
[325.948144] (-) TimerEvent: {}
[326.052539] (-) TimerEvent: {}
[326.157840] (-) TimerEvent: {}
[326.258297] (-) TimerEvent: {}
[326.359074] (-) TimerEvent: {}
[326.459542] (-) TimerEvent: {}
[326.560510] (-) TimerEvent: {}
[326.661183] (-) TimerEvent: {}
[326.762168] (-) TimerEvent: {}
[326.862606] (-) TimerEvent: {}
[326.963002] (-) TimerEvent: {}
[327.063509] (-) TimerEvent: {}
[327.163899] (-) TimerEvent: {}
[327.265096] (-) TimerEvent: {}
[327.365527] (-) TimerEvent: {}
[327.465892] (-) TimerEvent: {}
[327.566361] (-) TimerEvent: {}
[327.666776] (-) TimerEvent: {}
[327.767201] (-) TimerEvent: {}
[327.867595] (-) TimerEvent: {}
[327.968169] (-) TimerEvent: {}
[328.076330] (-) TimerEvent: {}
[328.178414] (-) TimerEvent: {}
[328.278845] (-) TimerEvent: {}
[328.380207] (-) TimerEvent: {}
[328.480665] (-) TimerEvent: {}
[328.581049] (-) TimerEvent: {}
[328.681459] (-) TimerEvent: {}
[328.781898] (-) TimerEvent: {}
[328.882352] (-) TimerEvent: {}
[328.982754] (-) TimerEvent: {}
[329.083879] (-) TimerEvent: {}
[329.184300] (-) TimerEvent: {}
[329.284685] (-) TimerEvent: {}
[329.390361] (-) TimerEvent: {}
[329.490753] (-) TimerEvent: {}
[329.591168] (-) TimerEvent: {}
[329.691526] (-) TimerEvent: {}
[329.791899] (-) TimerEvent: {}
[329.892262] (-) TimerEvent: {}
[329.992633] (-) TimerEvent: {}
[330.092980] (-) TimerEvent: {}
[330.194134] (-) TimerEvent: {}
[330.294518] (-) TimerEvent: {}
[330.394937] (-) TimerEvent: {}
[330.495361] (-) TimerEvent: {}
[330.595936] (-) TimerEvent: {}
[330.696654] (-) TimerEvent: {}
[330.797047] (-) TimerEvent: {}
[330.910174] (-) TimerEvent: {}
[331.011110] (-) TimerEvent: {}
[331.111490] (-) TimerEvent: {}
[331.211925] (-) TimerEvent: {}
[331.312355] (-) TimerEvent: {}
[331.412707] (-) TimerEvent: {}
[331.513095] (-) TimerEvent: {}
[331.613466] (-) TimerEvent: {}
[331.713866] (-) TimerEvent: {}
[331.814280] (-) TimerEvent: {}
[331.917926] (-) TimerEvent: {}
[332.018616] (-) TimerEvent: {}
[332.119062] (-) TimerEvent: {}
[332.219519] (-) TimerEvent: {}
[332.320059] (-) TimerEvent: {}
[332.420742] (-) TimerEvent: {}
[332.521643] (-) TimerEvent: {}
[332.622177] (-) TimerEvent: {}
[332.737034] (-) TimerEvent: {}
[332.837449] (-) TimerEvent: {}
[332.937865] (-) TimerEvent: {}
[333.038329] (-) TimerEvent: {}
[333.138740] (-) TimerEvent: {}
[333.239381] (-) TimerEvent: {}
[333.339838] (-) TimerEvent: {}
[333.440251] (-) TimerEvent: {}
[333.542632] (-) TimerEvent: {}
[333.642961] (-) TimerEvent: {}
[333.744435] (-) TimerEvent: {}
[333.844804] (-) TimerEvent: {}
[333.945276] (-) TimerEvent: {}
[334.045799] (-) TimerEvent: {}
[334.146170] (-) TimerEvent: {}
[334.248565] (-) TimerEvent: {}
[334.353913] (-) TimerEvent: {}
[334.454348] (-) TimerEvent: {}
[334.557322] (-) TimerEvent: {}
[334.657766] (-) TimerEvent: {}
[334.759584] (-) TimerEvent: {}
[334.870675] (-) TimerEvent: {}
[334.971032] (-) TimerEvent: {}
[335.071414] (-) TimerEvent: {}
[335.171782] (-) TimerEvent: {}
[335.272348] (-) TimerEvent: {}
[335.372801] (-) TimerEvent: {}
[335.473169] (-) TimerEvent: {}
[335.574869] (-) TimerEvent: {}
[335.675222] (-) TimerEvent: {}
[335.775578] (-) TimerEvent: {}
[335.876492] (-) TimerEvent: {}
[335.977277] (-) TimerEvent: {}
[336.077721] (-) TimerEvent: {}
[336.178096] (-) TimerEvent: {}
[336.278580] (-) TimerEvent: {}
[336.378957] (-) TimerEvent: {}
[336.479355] (-) TimerEvent: {}
[336.579705] (-) TimerEvent: {}
[336.680621] (-) TimerEvent: {}
[336.781000] (-) TimerEvent: {}
[336.881445] (-) TimerEvent: {}
[336.981811] (-) TimerEvent: {}
[337.082202] (-) TimerEvent: {}
[337.182574] (-) TimerEvent: {}
[337.286387] (-) TimerEvent: {}
[337.386785] (-) TimerEvent: {}
[337.487181] (-) TimerEvent: {}
[337.587738] (-) TimerEvent: {}
[337.688741] (-) TimerEvent: {}
[337.789393] (-) TimerEvent: {}
[337.889784] (-) TimerEvent: {}
[337.990196] (-) TimerEvent: {}
[338.090704] (-) TimerEvent: {}
[338.191081] (-) TimerEvent: {}
[338.291430] (-) TimerEvent: {}
[338.393633] (-) TimerEvent: {}
[338.494012] (-) TimerEvent: {}
[338.594461] (-) TimerEvent: {}
[338.694845] (-) TimerEvent: {}
[338.795421] (-) TimerEvent: {}
[338.896050] (-) TimerEvent: {}
[338.996433] (-) TimerEvent: {}
[339.096796] (-) TimerEvent: {}
[339.197195] (-) TimerEvent: {}
[339.297582] (-) TimerEvent: {}
[339.397968] (-) TimerEvent: {}
[339.498365] (-) TimerEvent: {}
[339.602475] (-) TimerEvent: {}
[339.702838] (-) TimerEvent: {}
[339.803231] (-) TimerEvent: {}
[339.903577] (-) TimerEvent: {}
[340.010397] (-) TimerEvent: {}
[340.110801] (-) TimerEvent: {}
[340.213611] (-) TimerEvent: {}
[340.313968] (-) TimerEvent: {}
[340.414748] (-) TimerEvent: {}
[340.515081] (-) TimerEvent: {}
[340.616115] (-) TimerEvent: {}
[340.718495] (-) TimerEvent: {}
[340.818816] (-) TimerEvent: {}
[340.919177] (-) TimerEvent: {}
[341.024146] (-) TimerEvent: {}
[341.126671] (-) TimerEvent: {}
[341.227392] (-) TimerEvent: {}
[341.327855] (-) TimerEvent: {}
[341.428229] (-) TimerEvent: {}
[341.528631] (-) TimerEvent: {}
[341.630757] (-) TimerEvent: {}
[341.731134] (-) TimerEvent: {}
[341.831544] (-) TimerEvent: {}
[341.931948] (-) TimerEvent: {}
[342.032427] (-) TimerEvent: {}
[342.132786] (-) TimerEvent: {}
[342.233181] (-) TimerEvent: {}
[342.334359] (-) TimerEvent: {}
[342.437168] (-) TimerEvent: {}
[342.537557] (-) TimerEvent: {}
[342.638165] (-) TimerEvent: {}
[342.738718] (-) TimerEvent: {}
[342.840378] (-) TimerEvent: {}
[342.940771] (-) TimerEvent: {}
[343.041122] (-) TimerEvent: {}
[343.141503] (-) TimerEvent: {}
[343.241882] (-) TimerEvent: {}
[343.342261] (-) TimerEvent: {}
[343.442667] (-) TimerEvent: {}
[343.543016] (-) TimerEvent: {}
[343.643476] (-) TimerEvent: {}
[343.743868] (-) TimerEvent: {}
[343.844269] (-) TimerEvent: {}
[343.950678] (-) TimerEvent: {}
[344.051108] (-) TimerEvent: {}
[344.151491] (-) TimerEvent: {}
[344.251869] (-) TimerEvent: {}
[344.352267] (-) TimerEvent: {}
[344.452669] (-) TimerEvent: {}
[344.553313] (-) TimerEvent: {}
[344.653947] (-) TimerEvent: {}
[344.754319] (-) TimerEvent: {}
[344.862373] (-) TimerEvent: {}
[344.962734] (-) TimerEvent: {}
[345.070348] (-) TimerEvent: {}
[345.178360] (-) TimerEvent: {}
[345.278732] (-) TimerEvent: {}
[345.379077] (-) TimerEvent: {}
[345.479494] (-) TimerEvent: {}
[345.579904] (-) TimerEvent: {}
[345.680499] (-) TimerEvent: {}
[345.780896] (-) TimerEvent: {}
[345.881271] (-) TimerEvent: {}
[345.981586] (-) TimerEvent: {}
[346.082003] (-) TimerEvent: {}
[346.182424] (-) TimerEvent: {}
[346.282782] (-) TimerEvent: {}
[346.383141] (-) TimerEvent: {}
[346.483510] (-) TimerEvent: {}
[346.583873] (-) TimerEvent: {}
[346.684254] (-) TimerEvent: {}
[346.784770] (-) TimerEvent: {}
[346.885197] (-) TimerEvent: {}
[346.985571] (-) TimerEvent: {}
[347.086076] (-) TimerEvent: {}
[347.186451] (-) TimerEvent: {}
[347.288539] (-) TimerEvent: {}
[347.388909] (-) TimerEvent: {}
[347.489276] (-) TimerEvent: {}
[347.589655] (-) TimerEvent: {}
[347.695159] (-) TimerEvent: {}
[347.797027] (-) TimerEvent: {}
[347.897528] (-) TimerEvent: {}
[347.999989] (-) TimerEvent: {}
[348.100994] (-) TimerEvent: {}
[348.201408] (-) TimerEvent: {}
[348.301832] (-) TimerEvent: {}
[348.402211] (-) TimerEvent: {}
[348.502897] (-) TimerEvent: {}
[348.603289] (-) TimerEvent: {}
[348.703705] (-) TimerEvent: {}
[348.804132] (-) TimerEvent: {}
[348.904726] (-) TimerEvent: {}
[349.005291] (-) TimerEvent: {}
[349.105671] (-) TimerEvent: {}
[349.206089] (-) TimerEvent: {}
[349.306484] (-) TimerEvent: {}
[349.406883] (-) TimerEvent: {}
[349.507316] (-) TimerEvent: {}
[349.607703] (-) TimerEvent: {}
[349.708313] (-) TimerEvent: {}
[349.808715] (-) TimerEvent: {}
[349.909904] (-) TimerEvent: {}
[350.010494] (-) TimerEvent: {}
[350.112484] (-) TimerEvent: {}
[350.213565] (-) TimerEvent: {}
[350.327588] (-) TimerEvent: {}
[350.429844] (-) TimerEvent: {}
[350.531486] (-) TimerEvent: {}
[350.631999] (-) TimerEvent: {}
[350.733096] (-) TimerEvent: {}
[350.833599] (-) TimerEvent: {}
[350.934472] (-) TimerEvent: {}
[351.036332] (-) TimerEvent: {}
[351.137975] (-) TimerEvent: {}
[351.238485] (-) TimerEvent: {}
[351.339037] (-) TimerEvent: {}
[351.440057] (-) TimerEvent: {}
[351.540597] (-) TimerEvent: {}
[351.641011] (-) TimerEvent: {}
[351.741753] (-) TimerEvent: {}
[351.842408] (-) TimerEvent: {}
[351.942959] (-) TimerEvent: {}
[352.043601] (-) TimerEvent: {}
[352.144003] (-) TimerEvent: {}
[352.244510] (-) TimerEvent: {}
[352.344970] (-) TimerEvent: {}
[352.445516] (-) TimerEvent: {}
[352.547774] (-) TimerEvent: {}
[352.648160] (-) TimerEvent: {}
[352.748624] (-) TimerEvent: {}
[352.848978] (-) TimerEvent: {}
[352.949394] (-) TimerEvent: {}
[353.049748] (-) TimerEvent: {}
[353.150104] (-) TimerEvent: {}
[353.250528] (-) TimerEvent: {}
[353.350998] (-) TimerEvent: {}
[353.451409] (-) TimerEvent: {}
[353.551737] (-) TimerEvent: {}
[353.652076] (-) TimerEvent: {}
[353.752426] (-) TimerEvent: {}
[353.852893] (-) TimerEvent: {}
[353.953309] (-) TimerEvent: {}
[354.053843] (-) TimerEvent: {}
[354.154184] (-) TimerEvent: {}
[354.254651] (-) TimerEvent: {}
[354.355102] (-) TimerEvent: {}
[354.455508] (-) TimerEvent: {}
[354.555836] (-) TimerEvent: {}
[354.656237] (-) TimerEvent: {}
[354.757424] (-) TimerEvent: {}
[354.857787] (-) TimerEvent: {}
[354.958205] (-) TimerEvent: {}
[355.058581] (-) TimerEvent: {}
[355.158962] (-) TimerEvent: {}
[355.259327] (-) TimerEvent: {}
[355.359799] (-) TimerEvent: {}
[355.460279] (-) TimerEvent: {}
[355.560676] (-) TimerEvent: {}
[355.661679] (-) TimerEvent: {}
[355.762301] (-) TimerEvent: {}
[355.862765] (-) TimerEvent: {}
[355.964118] (-) TimerEvent: {}
[356.069687] (-) TimerEvent: {}
[356.174434] (-) TimerEvent: {}
[356.274831] (-) TimerEvent: {}
[356.375385] (-) TimerEvent: {}
[356.475877] (-) TimerEvent: {}
[356.576467] (-) TimerEvent: {}
[356.676963] (-) TimerEvent: {}
[356.777401] (-) TimerEvent: {}
[356.878346] (-) TimerEvent: {}
[356.987000] (-) TimerEvent: {}
[357.090363] (-) TimerEvent: {}
[357.190719] (-) TimerEvent: {}
[357.291120] (-) TimerEvent: {}
[357.391695] (-) TimerEvent: {}
[357.494002] (-) TimerEvent: {}
[357.594432] (-) TimerEvent: {}
[357.696531] (-) TimerEvent: {}
[357.796913] (-) TimerEvent: {}
[357.897303] (-) TimerEvent: {}
[357.997659] (-) TimerEvent: {}
[358.098028] (-) TimerEvent: {}
[358.198360] (-) TimerEvent: {}
[358.300224] (-) TimerEvent: {}
[358.400674] (-) TimerEvent: {}
[358.512214] (-) TimerEvent: {}
[358.612629] (-) TimerEvent: {}
[358.713888] (-) TimerEvent: {}
[358.814504] (-) TimerEvent: {}
[358.914948] (-) TimerEvent: {}
[359.015423] (-) TimerEvent: {}
[359.115993] (-) TimerEvent: {}
[359.216527] (-) TimerEvent: {}
[359.316946] (-) TimerEvent: {}
[359.418830] (-) TimerEvent: {}
[359.519421] (-) TimerEvent: {}
[359.622467] (-) TimerEvent: {}
[359.723195] (-) TimerEvent: {}
[359.823588] (-) TimerEvent: {}
[359.923917] (-) TimerEvent: {}
[360.024250] (-) TimerEvent: {}
[360.124597] (-) TimerEvent: {}
[360.224954] (-) TimerEvent: {}
[360.325313] (-) TimerEvent: {}
[360.425690] (-) TimerEvent: {}
[360.526075] (-) TimerEvent: {}
[360.634358] (-) TimerEvent: {}
[360.737744] (-) TimerEvent: {}
[360.838207] (-) TimerEvent: {}
[360.938707] (-) TimerEvent: {}
[361.039086] (-) TimerEvent: {}
[361.139439] (-) TimerEvent: {}
[361.243414] (-) TimerEvent: {}
[361.343784] (-) TimerEvent: {}
[361.444179] (-) TimerEvent: {}
[361.544583] (-) TimerEvent: {}
[361.646963] (-) TimerEvent: {}
[361.747431] (-) TimerEvent: {}
[361.847850] (-) TimerEvent: {}
[361.948298] (-) TimerEvent: {}
[362.048723] (-) TimerEvent: {}
[362.149188] (-) TimerEvent: {}
[362.249728] (-) TimerEvent: {}
[362.350116] (-) TimerEvent: {}
[362.451614] (-) TimerEvent: {}
[362.552012] (-) TimerEvent: {}
[362.652379] (-) TimerEvent: {}
[362.752808] (-) TimerEvent: {}
[362.853168] (-) TimerEvent: {}
[362.955944] (-) TimerEvent: {}
[363.056343] (-) TimerEvent: {}
[363.156880] (-) TimerEvent: {}
[363.234453] (plain_slam_ros2) StdoutLine: {'line': b'[ 61%] Building CXX object CMakeFiles/slam_3d_node.dir/src/lie_algebra.cpp.o\n'}
[363.257026] (-) TimerEvent: {}
[363.358102] (-) TimerEvent: {}
[363.462382] (-) TimerEvent: {}
[363.566369] (-) TimerEvent: {}
[363.666734] (-) TimerEvent: {}
[363.767087] (-) TimerEvent: {}
[363.867436] (-) TimerEvent: {}
[363.967785] (-) TimerEvent: {}
[364.068164] (-) TimerEvent: {}
[364.168541] (-) TimerEvent: {}
[364.268913] (-) TimerEvent: {}
[364.369278] (-) TimerEvent: {}
[364.469662] (-) TimerEvent: {}
[364.570066] (-) TimerEvent: {}
[364.670513] (-) TimerEvent: {}
[364.770876] (-) TimerEvent: {}
[364.878415] (-) TimerEvent: {}
[364.978815] (-) TimerEvent: {}
[365.079175] (-) TimerEvent: {}
[365.179611] (-) TimerEvent: {}
[365.280015] (-) TimerEvent: {}
[365.380601] (-) TimerEvent: {}
[365.481244] (-) TimerEvent: {}
[365.581615] (-) TimerEvent: {}
[365.681980] (-) TimerEvent: {}
[365.782397] (-) TimerEvent: {}
[365.883029] (-) TimerEvent: {}
[365.983460] (-) TimerEvent: {}
[366.084328] (-) TimerEvent: {}
[366.184705] (-) TimerEvent: {}
[366.285442] (-) TimerEvent: {}
[366.386361] (-) TimerEvent: {}
[366.495312] (-) TimerEvent: {}
[366.595653] (-) TimerEvent: {}
[366.702358] (-) TimerEvent: {}
[366.802706] (-) TimerEvent: {}
[366.903070] (-) TimerEvent: {}
[367.003448] (-) TimerEvent: {}
[367.103818] (-) TimerEvent: {}
[367.204212] (-) TimerEvent: {}
[367.304798] (-) TimerEvent: {}
[367.405122] (-) TimerEvent: {}
[367.505593] (-) TimerEvent: {}
[367.610983] (-) TimerEvent: {}
[367.713220] (-) TimerEvent: {}
[367.813672] (-) TimerEvent: {}
[367.914456] (-) TimerEvent: {}
[368.014945] (-) TimerEvent: {}
[368.115322] (-) TimerEvent: {}
[368.215976] (-) TimerEvent: {}
[368.316492] (-) TimerEvent: {}
[368.416968] (-) TimerEvent: {}
[368.517443] (-) TimerEvent: {}
[368.617935] (-) TimerEvent: {}
[368.718309] (-) TimerEvent: {}
[368.819840] (-) TimerEvent: {}
[368.920167] (-) TimerEvent: {}
[369.020546] (-) TimerEvent: {}
[369.120930] (-) TimerEvent: {}
[369.223045] (-) TimerEvent: {}
[369.323442] (-) TimerEvent: {}
[369.423817] (-) TimerEvent: {}
[369.524154] (-) TimerEvent: {}
[369.624556] (-) TimerEvent: {}
[369.724983] (-) TimerEvent: {}
[369.825392] (-) TimerEvent: {}
[369.925768] (-) TimerEvent: {}
[370.026180] (-) TimerEvent: {}
[370.126579] (-) TimerEvent: {}
[370.227028] (-) TimerEvent: {}
[370.327439] (-) TimerEvent: {}
[370.427925] (-) TimerEvent: {}
[370.528302] (-) TimerEvent: {}
[370.628656] (-) TimerEvent: {}
[370.729524] (-) TimerEvent: {}
[370.829878] (-) TimerEvent: {}
[370.930344] (-) TimerEvent: {}
[371.030700] (-) TimerEvent: {}
[371.131179] (-) TimerEvent: {}
[371.231551] (-) TimerEvent: {}
[371.331894] (-) TimerEvent: {}
[371.432413] (-) TimerEvent: {}
[371.532760] (-) TimerEvent: {}
[371.584181] (plain_slam_ros2) StdoutLine: {'line': b'[ 64%] Building CXX object CMakeFiles/slam_3d_node.dir/src/slam_3d_interface.cpp.o\n'}
[371.632898] (-) TimerEvent: {}
[371.733232] (-) TimerEvent: {}
[371.833571] (-) TimerEvent: {}
[371.933940] (-) TimerEvent: {}
[372.034304] (-) TimerEvent: {}
[372.134655] (-) TimerEvent: {}
[372.238202] (-) TimerEvent: {}
[372.338610] (-) TimerEvent: {}
[372.438955] (-) TimerEvent: {}
[372.540234] (-) TimerEvent: {}
[372.640781] (-) TimerEvent: {}
[372.741158] (-) TimerEvent: {}
[372.841526] (-) TimerEvent: {}
[372.941990] (-) TimerEvent: {}
[373.043702] (-) TimerEvent: {}
[373.146747] (-) TimerEvent: {}
[373.247764] (-) TimerEvent: {}
[373.348625] (-) TimerEvent: {}
[373.451173] (-) TimerEvent: {}
[373.551678] (-) TimerEvent: {}
[373.652834] (-) TimerEvent: {}
[373.758638] (-) TimerEvent: {}
[373.859900] (-) TimerEvent: {}
[373.960475] (-) TimerEvent: {}
[374.066994] (-) TimerEvent: {}
[374.167570] (-) TimerEvent: {}
[374.268002] (-) TimerEvent: {}
[374.368570] (-) TimerEvent: {}
[374.468975] (-) TimerEvent: {}
[374.569645] (-) TimerEvent: {}
[374.670399] (-) TimerEvent: {}
[374.770900] (-) TimerEvent: {}
[374.871237] (-) TimerEvent: {}
[374.971673] (-) TimerEvent: {}
[375.072065] (-) TimerEvent: {}
[375.178217] (-) TimerEvent: {}
[375.278600] (-) TimerEvent: {}
[375.379896] (-) TimerEvent: {}
[375.480456] (-) TimerEvent: {}
[375.581241] (-) TimerEvent: {}
[375.681715] (-) TimerEvent: {}
[375.782397] (-) TimerEvent: {}
[375.882773] (-) TimerEvent: {}
[375.983166] (-) TimerEvent: {}
[376.083561] (-) TimerEvent: {}
[376.184033] (-) TimerEvent: {}
[376.284457] (-) TimerEvent: {}
[376.385061] (-) TimerEvent: {}
[376.485428] (-) TimerEvent: {}
[376.587127] (-) TimerEvent: {}
[376.688427] (-) TimerEvent: {}
[376.788782] (-) TimerEvent: {}
[376.889206] (-) TimerEvent: {}
[376.989607] (-) TimerEvent: {}
[377.090008] (-) TimerEvent: {}
[377.190494] (-) TimerEvent: {}
[377.294347] (-) TimerEvent: {}
[377.394904] (-) TimerEvent: {}
[377.495292] (-) TimerEvent: {}
[377.597832] (-) TimerEvent: {}
[377.698196] (-) TimerEvent: {}
[377.798592] (-) TimerEvent: {}
[377.899493] (-) TimerEvent: {}
[377.999929] (-) TimerEvent: {}
[378.102724] (-) TimerEvent: {}
[378.203088] (-) TimerEvent: {}
[378.303820] (-) TimerEvent: {}
[378.404170] (-) TimerEvent: {}
[378.504593] (-) TimerEvent: {}
[378.604946] (-) TimerEvent: {}
[378.705309] (-) TimerEvent: {}
[378.805673] (-) TimerEvent: {}
[378.906055] (-) TimerEvent: {}
[379.006443] (-) TimerEvent: {}
[379.106800] (-) TimerEvent: {}
[379.207129] (-) TimerEvent: {}
[379.307561] (-) TimerEvent: {}
[379.407959] (-) TimerEvent: {}
[379.511670] (-) TimerEvent: {}
[379.612039] (-) TimerEvent: {}
[379.712389] (-) TimerEvent: {}
[379.812764] (-) TimerEvent: {}
[379.913127] (-) TimerEvent: {}
[380.013478] (-) TimerEvent: {}
[380.113856] (-) TimerEvent: {}
[380.215764] (-) TimerEvent: {}
[380.316130] (-) TimerEvent: {}
[380.416509] (-) TimerEvent: {}
[380.517664] (-) TimerEvent: {}
[380.618367] (-) TimerEvent: {}
[380.723453] (-) TimerEvent: {}
[380.826567] (-) TimerEvent: {}
[380.928059] (-) TimerEvent: {}
[381.028465] (-) TimerEvent: {}
[381.133520] (-) TimerEvent: {}
[381.237597] (-) TimerEvent: {}
[381.338612] (-) TimerEvent: {}
[381.438984] (-) TimerEvent: {}
[381.539382] (-) TimerEvent: {}
[381.640087] (-) TimerEvent: {}
[381.740444] (-) TimerEvent: {}
[381.840797] (-) TimerEvent: {}
[381.941158] (-) TimerEvent: {}
[382.042517] (-) TimerEvent: {}
[382.142887] (-) TimerEvent: {}
[382.243392] (-) TimerEvent: {}
[382.343949] (-) TimerEvent: {}
[382.444310] (-) TimerEvent: {}
[382.544703] (-) TimerEvent: {}
[382.645061] (-) TimerEvent: {}
[382.745516] (-) TimerEvent: {}
[382.845998] (-) TimerEvent: {}
[382.946391] (-) TimerEvent: {}
[383.046757] (-) TimerEvent: {}
[383.147100] (-) TimerEvent: {}
[383.247483] (-) TimerEvent: {}
[383.347874] (-) TimerEvent: {}
[383.448255] (-) TimerEvent: {}
[383.548812] (-) TimerEvent: {}
[383.654353] (-) TimerEvent: {}
[383.754761] (-) TimerEvent: {}
[383.855132] (-) TimerEvent: {}
[383.957657] (-) TimerEvent: {}
[384.058101] (-) TimerEvent: {}
[384.158832] (-) TimerEvent: {}
[384.259239] (-) TimerEvent: {}
[384.362376] (-) TimerEvent: {}
[384.462806] (-) TimerEvent: {}
[384.564078] (-) TimerEvent: {}
[384.664564] (-) TimerEvent: {}
[384.765032] (-) TimerEvent: {}
[384.865367] (-) TimerEvent: {}
[384.970357] (-) TimerEvent: {}
[385.070709] (-) TimerEvent: {}
[385.171052] (-) TimerEvent: {}
[385.282353] (-) TimerEvent: {}
[385.386359] (-) TimerEvent: {}
[385.486745] (-) TimerEvent: {}
[385.591158] (-) TimerEvent: {}
[385.695174] (-) TimerEvent: {}
[385.795572] (-) TimerEvent: {}
[385.896017] (-) TimerEvent: {}
[385.996456] (-) TimerEvent: {}
[386.097935] (-) TimerEvent: {}
[386.198358] (-) TimerEvent: {}
[386.298766] (-) TimerEvent: {}
[386.399245] (-) TimerEvent: {}
[386.499773] (-) TimerEvent: {}
[386.600342] (-) TimerEvent: {}
[386.701073] (-) TimerEvent: {}
[386.801634] (-) TimerEvent: {}
[386.902266] (-) TimerEvent: {}
[387.002640] (-) TimerEvent: {}
[387.103192] (-) TimerEvent: {}
[387.203558] (-) TimerEvent: {}
[387.303884] (-) TimerEvent: {}
[387.404263] (-) TimerEvent: {}
[387.504640] (-) TimerEvent: {}
[387.605028] (-) TimerEvent: {}
[387.705390] (-) TimerEvent: {}
[387.805772] (-) TimerEvent: {}
[387.906202] (-) TimerEvent: {}
[388.006599] (-) TimerEvent: {}
[388.106944] (-) TimerEvent: {}
[388.207289] (-) TimerEvent: {}
[388.307654] (-) TimerEvent: {}
[388.408321] (-) TimerEvent: {}
[388.508665] (-) TimerEvent: {}
[388.616109] (-) TimerEvent: {}
[388.716479] (-) TimerEvent: {}
[388.816887] (-) TimerEvent: {}
[388.917439] (-) TimerEvent: {}
[389.017795] (-) TimerEvent: {}
[389.118197] (-) TimerEvent: {}
[389.218850] (-) TimerEvent: {}
[389.319191] (-) TimerEvent: {}
[389.422470] (-) TimerEvent: {}
[389.523132] (-) TimerEvent: {}
[389.624248] (-) TimerEvent: {}
[389.732365] (-) TimerEvent: {}
[389.832992] (-) TimerEvent: {}
[389.933370] (-) TimerEvent: {}
[390.033867] (-) TimerEvent: {}
[390.134427] (-) TimerEvent: {}
[390.234994] (-) TimerEvent: {}
[390.335458] (-) TimerEvent: {}
[390.435986] (-) TimerEvent: {}
[390.536413] (-) TimerEvent: {}
[390.636980] (-) TimerEvent: {}
[390.737356] (-) TimerEvent: {}
[390.837893] (-) TimerEvent: {}
[390.942740] (-) TimerEvent: {}
[391.043140] (-) TimerEvent: {}
[391.143494] (-) TimerEvent: {}
[391.244000] (-) TimerEvent: {}
[391.344612] (-) TimerEvent: {}
[391.445004] (-) TimerEvent: {}
[391.546386] (-) TimerEvent: {}
[391.646761] (-) TimerEvent: {}
[391.747168] (-) TimerEvent: {}
[391.847519] (-) TimerEvent: {}
[391.947896] (-) TimerEvent: {}
[392.048318] (-) TimerEvent: {}
[392.148759] (-) TimerEvent: {}
[392.249347] (-) TimerEvent: {}
[392.349733] (-) TimerEvent: {}
[392.444794] (plain_slam_ros2) StdoutLine: {'line': b'[ 67%] Building CXX object CMakeFiles/slam_3d_node.dir/src/io.cpp.o\n'}
[392.449866] (-) TimerEvent: {}
[392.550252] (-) TimerEvent: {}
[392.654105] (-) TimerEvent: {}
[392.754498] (-) TimerEvent: {}
[392.854856] (-) TimerEvent: {}
[392.955231] (-) TimerEvent: {}
[393.055599] (-) TimerEvent: {}
[393.155979] (-) TimerEvent: {}
[393.259020] (-) TimerEvent: {}
[393.359617] (-) TimerEvent: {}
[393.466382] (-) TimerEvent: {}
[393.566833] (-) TimerEvent: {}
[393.668118] (-) TimerEvent: {}
[393.768521] (-) TimerEvent: {}
[393.873880] (-) TimerEvent: {}
[393.975650] (-) TimerEvent: {}
[394.076239] (-) TimerEvent: {}
[394.176833] (-) TimerEvent: {}
[394.277185] (-) TimerEvent: {}
[394.377695] (-) TimerEvent: {}
[394.478425] (-) TimerEvent: {}
[394.578789] (-) TimerEvent: {}
[394.679371] (-) TimerEvent: {}
[394.779896] (-) TimerEvent: {}
[394.880422] (-) TimerEvent: {}
[394.982786] (-) TimerEvent: {}
[395.083135] (-) TimerEvent: {}
[395.185840] (-) TimerEvent: {}
[395.286189] (-) TimerEvent: {}
[395.386603] (-) TimerEvent: {}
[395.487067] (-) TimerEvent: {}
[395.587820] (-) TimerEvent: {}
[395.690158] (-) TimerEvent: {}
[395.790529] (-) TimerEvent: {}
[395.894583] (-) TimerEvent: {}
[396.006469] (-) TimerEvent: {}
[396.109038] (-) TimerEvent: {}
[396.209405] (-) TimerEvent: {}
[396.312202] (-) TimerEvent: {}
[396.412786] (-) TimerEvent: {}
[396.513152] (-) TimerEvent: {}
[396.613658] (-) TimerEvent: {}
[396.714013] (-) TimerEvent: {}
[396.814422] (-) TimerEvent: {}
[396.922517] (-) TimerEvent: {}
[397.022883] (-) TimerEvent: {}
[397.123377] (-) TimerEvent: {}
[397.223765] (-) TimerEvent: {}
[397.324176] (-) TimerEvent: {}
[397.424881] (-) TimerEvent: {}
[397.525338] (-) TimerEvent: {}
[397.625807] (-) TimerEvent: {}
[397.726171] (-) TimerEvent: {}
[397.826670] (-) TimerEvent: {}
[397.931397] (-) TimerEvent: {}
[398.032187] (-) TimerEvent: {}
[398.135215] (-) TimerEvent: {}
[398.235798] (-) TimerEvent: {}
[398.336378] (-) TimerEvent: {}
[398.438546] (-) TimerEvent: {}
[398.538966] (-) TimerEvent: {}
[398.639334] (-) TimerEvent: {}
[398.739863] (-) TimerEvent: {}
[398.840259] (-) TimerEvent: {}
[398.940720] (-) TimerEvent: {}
[399.041194] (-) TimerEvent: {}
[399.141589] (-) TimerEvent: {}
[399.241988] (-) TimerEvent: {}
[399.370407] (-) TimerEvent: {}
[399.470831] (-) TimerEvent: {}
[399.574400] (-) TimerEvent: {}
[399.674892] (-) TimerEvent: {}
[399.781574] (-) TimerEvent: {}
[399.881971] (-) TimerEvent: {}
[399.982396] (-) TimerEvent: {}
[400.082729] (-) TimerEvent: {}
[400.183067] (-) TimerEvent: {}
[400.283476] (-) TimerEvent: {}
[400.383837] (-) TimerEvent: {}
[400.484270] (-) TimerEvent: {}
[400.584582] (-) TimerEvent: {}
[400.684965] (-) TimerEvent: {}
[400.785282] (-) TimerEvent: {}
[400.885644] (-) TimerEvent: {}
[400.985989] (-) TimerEvent: {}
[401.086437] (-) TimerEvent: {}
[401.186927] (-) TimerEvent: {}
[401.213709] (plain_slam_ros2) StdoutLine: {'line': b'[ 70%] Building CXX object CMakeFiles/slam_3d_node.dir/src/keyframe_detector.cpp.o\n'}
[401.287223] (-) TimerEvent: {}
[401.387737] (-) TimerEvent: {}
[401.489325] (-) TimerEvent: {}
[401.589685] (-) TimerEvent: {}
[401.690078] (-) TimerEvent: {}
[401.790467] (-) TimerEvent: {}
[401.890910] (-) TimerEvent: {}
[401.991271] (-) TimerEvent: {}
[402.091746] (-) TimerEvent: {}
[402.192133] (-) TimerEvent: {}
[402.292467] (-) TimerEvent: {}
[402.392858] (-) TimerEvent: {}
[402.493212] (-) TimerEvent: {}
[402.593840] (-) TimerEvent: {}
[402.694295] (-) TimerEvent: {}
[402.794702] (-) TimerEvent: {}
[402.895512] (-) TimerEvent: {}
[402.995975] (-) TimerEvent: {}
[403.096410] (-) TimerEvent: {}
[403.198471] (-) TimerEvent: {}
[403.298962] (-) TimerEvent: {}
[403.399493] (-) TimerEvent: {}
[403.503278] (-) TimerEvent: {}
[403.609378] (-) TimerEvent: {}
[403.709739] (-) TimerEvent: {}
[403.810103] (-) TimerEvent: {}
[403.910612] (-) TimerEvent: {}
[404.011010] (-) TimerEvent: {}
[404.111498] (-) TimerEvent: {}
[404.211874] (-) TimerEvent: {}
[404.312231] (-) TimerEvent: {}
[404.413345] (-) TimerEvent: {}
[404.513701] (-) TimerEvent: {}
[404.614084] (-) TimerEvent: {}
[404.715704] (-) TimerEvent: {}
[404.816105] (-) TimerEvent: {}
[404.918393] (-) TimerEvent: {}
[405.018773] (-) TimerEvent: {}
[405.119122] (-) TimerEvent: {}
[405.219497] (-) TimerEvent: {}
[405.319853] (-) TimerEvent: {}
[405.420232] (-) TimerEvent: {}
[405.520998] (-) TimerEvent: {}
[405.627408] (-) TimerEvent: {}
[405.728029] (-) TimerEvent: {}
[405.828391] (-) TimerEvent: {}
[405.928744] (-) TimerEvent: {}
[406.029096] (-) TimerEvent: {}
[406.129513] (-) TimerEvent: {}
[406.229887] (-) TimerEvent: {}
[406.330275] (-) TimerEvent: {}
[406.430661] (-) TimerEvent: {}
[406.531041] (-) TimerEvent: {}
[406.631426] (-) TimerEvent: {}
[406.731866] (-) TimerEvent: {}
[406.832271] (-) TimerEvent: {}
[406.932633] (-) TimerEvent: {}
[407.032994] (-) TimerEvent: {}
[407.133363] (-) TimerEvent: {}
[407.233697] (-) TimerEvent: {}
[407.334077] (-) TimerEvent: {}
[407.434540] (-) TimerEvent: {}
[407.534927] (-) TimerEvent: {}
[407.635306] (-) TimerEvent: {}
[407.735750] (-) TimerEvent: {}
[407.836141] (-) TimerEvent: {}
[407.936563] (-) TimerEvent: {}
[408.042377] (-) TimerEvent: {}
[408.142743] (-) TimerEvent: {}
[408.243595] (-) TimerEvent: {}
[408.343997] (-) TimerEvent: {}
[408.444680] (-) TimerEvent: {}
[408.450091] (plain_slam_ros2) StdoutLine: {'line': b'[ 73%] Building CXX object CMakeFiles/slam_3d_node.dir/src/voxel_grid_filter.cpp.o\n'}
[408.544869] (-) TimerEvent: {}
[408.646045] (-) TimerEvent: {}
[408.746451] (-) TimerEvent: {}
[408.846809] (-) TimerEvent: {}
[408.947225] (-) TimerEvent: {}
[409.047716] (-) TimerEvent: {}
[409.148083] (-) TimerEvent: {}
[409.248442] (-) TimerEvent: {}
[409.348824] (-) TimerEvent: {}
[409.449225] (-) TimerEvent: {}
[409.549606] (-) TimerEvent: {}
[409.649978] (-) TimerEvent: {}
[409.750393] (-) TimerEvent: {}
[409.850800] (-) TimerEvent: {}
[409.951338] (-) TimerEvent: {}
[410.051745] (-) TimerEvent: {}
[410.152151] (-) TimerEvent: {}
[410.252601] (-) TimerEvent: {}
[410.353056] (-) TimerEvent: {}
[410.453448] (-) TimerEvent: {}
[410.553841] (-) TimerEvent: {}
[410.654255] (-) TimerEvent: {}
[410.754635] (-) TimerEvent: {}
[410.855160] (-) TimerEvent: {}
[410.955847] (-) TimerEvent: {}
[411.056194] (-) TimerEvent: {}
[411.156653] (-) TimerEvent: {}
[411.258125] (-) TimerEvent: {}
[411.362658] (-) TimerEvent: {}
[411.463240] (-) TimerEvent: {}
[411.563608] (-) TimerEvent: {}
[411.663949] (-) TimerEvent: {}
[411.765214] (-) TimerEvent: {}
[411.865662] (-) TimerEvent: {}
[411.966329] (-) TimerEvent: {}
[412.068149] (-) TimerEvent: {}
[412.168536] (-) TimerEvent: {}
[412.268906] (-) TimerEvent: {}
[412.370475] (-) TimerEvent: {}
[412.470808] (-) TimerEvent: {}
[412.571205] (-) TimerEvent: {}
[412.673097] (-) TimerEvent: {}
[412.773476] (-) TimerEvent: {}
[412.876307] (-) TimerEvent: {}
[412.976686] (-) TimerEvent: {}
[413.077050] (-) TimerEvent: {}
[413.177463] (-) TimerEvent: {}
[413.277844] (-) TimerEvent: {}
[413.378329] (-) TimerEvent: {}
[413.478682] (-) TimerEvent: {}
[413.579047] (-) TimerEvent: {}
[413.679455] (-) TimerEvent: {}
[413.779840] (-) TimerEvent: {}
[413.880240] (-) TimerEvent: {}
[413.980658] (-) TimerEvent: {}
[414.081099] (-) TimerEvent: {}
[414.181439] (-) TimerEvent: {}
[414.281829] (-) TimerEvent: {}
[414.383346] (-) TimerEvent: {}
[414.485111] (-) TimerEvent: {}
[414.585463] (-) TimerEvent: {}
[414.685855] (-) TimerEvent: {}
[414.786212] (-) TimerEvent: {}
[414.890077] (-) TimerEvent: {}
[414.990460] (-) TimerEvent: {}
[415.090853] (-) TimerEvent: {}
[415.191199] (-) TimerEvent: {}
[415.291553] (-) TimerEvent: {}
[415.391916] (-) TimerEvent: {}
[415.492630] (-) TimerEvent: {}
[415.593002] (-) TimerEvent: {}
[415.693317] (-) TimerEvent: {}
[415.793704] (-) TimerEvent: {}
[415.894081] (-) TimerEvent: {}
[415.994658] (-) TimerEvent: {}
[416.095139] (-) TimerEvent: {}
[416.195568] (-) TimerEvent: {}
[416.296885] (-) TimerEvent: {}
[416.397234] (-) TimerEvent: {}
[416.497623] (-) TimerEvent: {}
[416.597984] (-) TimerEvent: {}
[416.603465] (plain_slam_ros2) StdoutLine: {'line': b'[ 76%] Building CXX object CMakeFiles/slam_3d_node.dir/src/gicp.cpp.o\n'}
[416.699385] (-) TimerEvent: {}
[416.799738] (-) TimerEvent: {}
[416.900157] (-) TimerEvent: {}
[417.000580] (-) TimerEvent: {}
[417.101017] (-) TimerEvent: {}
[417.201563] (-) TimerEvent: {}
[417.301931] (-) TimerEvent: {}
[417.402444] (-) TimerEvent: {}
[417.502892] (-) TimerEvent: {}
[417.603251] (-) TimerEvent: {}
[417.703720] (-) TimerEvent: {}
[417.804095] (-) TimerEvent: {}
[417.904439] (-) TimerEvent: {}
[418.004805] (-) TimerEvent: {}
[418.106414] (-) TimerEvent: {}
[418.206767] (-) TimerEvent: {}
[418.307111] (-) TimerEvent: {}
[418.407486] (-) TimerEvent: {}
[418.507856] (-) TimerEvent: {}
[418.611742] (-) TimerEvent: {}
[418.712133] (-) TimerEvent: {}
[418.812882] (-) TimerEvent: {}
[418.913441] (-) TimerEvent: {}
[419.017894] (-) TimerEvent: {}
[419.118427] (-) TimerEvent: {}
[419.218862] (-) TimerEvent: {}
[419.319206] (-) TimerEvent: {}
[419.419635] (-) TimerEvent: {}
[419.520017] (-) TimerEvent: {}
[419.620394] (-) TimerEvent: {}
[419.720787] (-) TimerEvent: {}
[419.821194] (-) TimerEvent: {}
[419.921564] (-) TimerEvent: {}
[420.021911] (-) TimerEvent: {}
[420.122304] (-) TimerEvent: {}
[420.222670] (-) TimerEvent: {}
[420.323045] (-) TimerEvent: {}
[420.423443] (-) TimerEvent: {}
[420.523824] (-) TimerEvent: {}
[420.625109] (-) TimerEvent: {}
[420.725500] (-) TimerEvent: {}
[420.826279] (-) TimerEvent: {}
[420.926663] (-) TimerEvent: {}
[421.042354] (-) TimerEvent: {}
[421.145359] (-) TimerEvent: {}
[421.245777] (-) TimerEvent: {}
[421.346205] (-) TimerEvent: {}
[421.446637] (-) TimerEvent: {}
[421.547090] (-) TimerEvent: {}
[421.648190] (-) TimerEvent: {}
[421.755686] (-) TimerEvent: {}
[421.856230] (-) TimerEvent: {}
[421.956834] (-) TimerEvent: {}
[422.057367] (-) TimerEvent: {}
[422.162077] (-) TimerEvent: {}
[422.270492] (-) TimerEvent: {}
[422.378362] (-) TimerEvent: {}
[422.479360] (-) TimerEvent: {}
[422.579749] (-) TimerEvent: {}
[422.680153] (-) TimerEvent: {}
[422.780630] (-) TimerEvent: {}
[422.881029] (-) TimerEvent: {}
[422.981618] (-) TimerEvent: {}
[423.087691] (-) TimerEvent: {}
[423.188062] (-) TimerEvent: {}
[423.289474] (-) TimerEvent: {}
[423.389802] (-) TimerEvent: {}
[423.490176] (-) TimerEvent: {}
[423.593018] (-) TimerEvent: {}
[423.693391] (-) TimerEvent: {}
[423.793872] (-) TimerEvent: {}
[423.894346] (-) TimerEvent: {}
[424.014367] (-) TimerEvent: {}
[424.114726] (-) TimerEvent: {}
[424.215114] (-) TimerEvent: {}
[424.315809] (-) TimerEvent: {}
[424.416156] (-) TimerEvent: {}
[424.517818] (-) TimerEvent: {}
[424.618275] (-) TimerEvent: {}
[424.718696] (-) TimerEvent: {}
[424.819044] (-) TimerEvent: {}
[424.919365] (-) TimerEvent: {}
[425.020159] (-) TimerEvent: {}
[425.120887] (-) TimerEvent: {}
[425.221248] (-) TimerEvent: {}
[425.321661] (-) TimerEvent: {}
[425.422075] (-) TimerEvent: {}
[425.522472] (-) TimerEvent: {}
[425.623049] (-) TimerEvent: {}
[425.723521] (-) TimerEvent: {}
[425.824180] (-) TimerEvent: {}
[425.924785] (-) TimerEvent: {}
[426.025244] (-) TimerEvent: {}
[426.125778] (-) TimerEvent: {}
[426.226561] (-) TimerEvent: {}
[426.327062] (-) TimerEvent: {}
[426.427838] (-) TimerEvent: {}
[426.528267] (-) TimerEvent: {}
[426.628921] (-) TimerEvent: {}
[426.729821] (-) TimerEvent: {}
[426.830352] (-) TimerEvent: {}
[426.930891] (-) TimerEvent: {}
[427.031309] (-) TimerEvent: {}
[427.132011] (-) TimerEvent: {}
[427.232401] (-) TimerEvent: {}
[427.332776] (-) TimerEvent: {}
[427.435742] (-) TimerEvent: {}
[427.539685] (-) TimerEvent: {}
[427.641598] (-) TimerEvent: {}
[427.742024] (-) TimerEvent: {}
[427.842478] (-) TimerEvent: {}
[427.942864] (-) TimerEvent: {}
[428.043215] (-) TimerEvent: {}
[428.143623] (-) TimerEvent: {}
[428.246057] (-) TimerEvent: {}
[428.354383] (-) TimerEvent: {}
[428.454902] (-) TimerEvent: {}
[428.555400] (-) TimerEvent: {}
[428.655791] (-) TimerEvent: {}
[428.756211] (-) TimerEvent: {}
[428.856582] (-) TimerEvent: {}
[428.956983] (-) TimerEvent: {}
[429.062390] (-) TimerEvent: {}
[429.163041] (-) TimerEvent: {}
[429.264141] (-) TimerEvent: {}
[429.364850] (-) TimerEvent: {}
[429.465532] (-) TimerEvent: {}
[429.568259] (-) TimerEvent: {}
[429.668635] (-) TimerEvent: {}
[429.769099] (-) TimerEvent: {}
[429.869492] (-) TimerEvent: {}
[429.969985] (-) TimerEvent: {}
[430.070413] (-) TimerEvent: {}
[430.170885] (-) TimerEvent: {}
[430.271224] (-) TimerEvent: {}
[430.371665] (-) TimerEvent: {}
[430.472247] (-) TimerEvent: {}
[430.572661] (-) TimerEvent: {}
[430.673079] (-) TimerEvent: {}
[430.773536] (-) TimerEvent: {}
[430.874011] (-) TimerEvent: {}
[430.974452] (-) TimerEvent: {}
[431.074795] (-) TimerEvent: {}
[431.178411] (-) TimerEvent: {}
[431.282402] (-) TimerEvent: {}
[431.388867] (-) TimerEvent: {}
[431.489424] (-) TimerEvent: {}
[431.589916] (-) TimerEvent: {}
[431.690500] (-) TimerEvent: {}
[431.790886] (-) TimerEvent: {}
[431.891277] (-) TimerEvent: {}
[431.991697] (-) TimerEvent: {}
[432.092136] (-) TimerEvent: {}
[432.198351] (-) TimerEvent: {}
[432.298735] (-) TimerEvent: {}
[432.399215] (-) TimerEvent: {}
[432.499602] (-) TimerEvent: {}
[432.599986] (-) TimerEvent: {}
[432.701109] (-) TimerEvent: {}
[432.801501] (-) TimerEvent: {}
[432.905062] (-) TimerEvent: {}
[433.005441] (-) TimerEvent: {}
[433.106369] (-) TimerEvent: {}
[433.206735] (-) TimerEvent: {}
[433.307107] (-) TimerEvent: {}
[433.408217] (-) TimerEvent: {}
[433.510453] (-) TimerEvent: {}
[433.613859] (-) TimerEvent: {}
[433.714261] (-) TimerEvent: {}
[433.814653] (-) TimerEvent: {}
[433.915143] (-) TimerEvent: {}
[434.015522] (-) TimerEvent: {}
[434.115872] (-) TimerEvent: {}
[434.216247] (-) TimerEvent: {}
[434.318373] (-) TimerEvent: {}
[434.422394] (-) TimerEvent: {}
[434.522862] (-) TimerEvent: {}
[434.623251] (-) TimerEvent: {}
[434.730350] (-) TimerEvent: {}
[434.830697] (-) TimerEvent: {}
[434.931255] (-) TimerEvent: {}
[435.032428] (-) TimerEvent: {}
[435.133109] (-) TimerEvent: {}
[435.233569] (-) TimerEvent: {}
[435.333915] (-) TimerEvent: {}
[435.436369] (-) TimerEvent: {}
[435.536822] (-) TimerEvent: {}
[435.637193] (-) TimerEvent: {}
[435.737601] (-) TimerEvent: {}
[435.839154] (-) TimerEvent: {}
[435.939513] (-) TimerEvent: {}
[436.040522] (-) TimerEvent: {}
[436.140875] (-) TimerEvent: {}
[436.246818] (-) TimerEvent: {}
[436.347314] (-) TimerEvent: {}
[436.447737] (-) TimerEvent: {}
[436.548602] (-) TimerEvent: {}
[436.649058] (-) TimerEvent: {}
[436.749509] (-) TimerEvent: {}
[436.849858] (-) TimerEvent: {}
[436.950383] (-) TimerEvent: {}
[437.050981] (-) TimerEvent: {}
[437.151337] (-) TimerEvent: {}
[437.251752] (-) TimerEvent: {}
[437.352097] (-) TimerEvent: {}
[437.452451] (-) TimerEvent: {}
[437.553888] (-) TimerEvent: {}
[437.654278] (-) TimerEvent: {}
[437.754683] (-) TimerEvent: {}
[437.859652] (-) TimerEvent: {}
[437.964425] (-) TimerEvent: {}
[438.065043] (-) TimerEvent: {}
[438.167828] (-) TimerEvent: {}
[438.268314] (-) TimerEvent: {}
[438.368936] (-) TimerEvent: {}
[438.469473] (-) TimerEvent: {}
[438.569897] (-) TimerEvent: {}
[438.670391] (-) TimerEvent: {}
[438.770794] (-) TimerEvent: {}
[438.871804] (-) TimerEvent: {}
[438.973601] (-) TimerEvent: {}
[439.073975] (-) TimerEvent: {}
[439.174466] (-) TimerEvent: {}
[439.278363] (-) TimerEvent: {}
[439.379019] (-) TimerEvent: {}
[439.479343] (-) TimerEvent: {}
[439.579679] (-) TimerEvent: {}
[439.681650] (-) TimerEvent: {}
[439.782071] (-) TimerEvent: {}
[439.882617] (-) TimerEvent: {}
[439.983148] (-) TimerEvent: {}
[440.083606] (-) TimerEvent: {}
[440.183971] (-) TimerEvent: {}
[440.284450] (-) TimerEvent: {}
[440.384835] (-) TimerEvent: {}
[440.485203] (-) TimerEvent: {}
[440.585578] (-) TimerEvent: {}
[440.685934] (-) TimerEvent: {}
[440.786331] (-) TimerEvent: {}
[440.890738] (-) TimerEvent: {}
[440.999338] (-) TimerEvent: {}
[441.099861] (-) TimerEvent: {}
[441.200236] (-) TimerEvent: {}
[441.300678] (-) TimerEvent: {}
[441.401224] (-) TimerEvent: {}
[441.506152] (-) TimerEvent: {}
[441.606806] (-) TimerEvent: {}
[441.707391] (-) TimerEvent: {}
[441.808985] (-) TimerEvent: {}
[441.909338] (-) TimerEvent: {}
[442.009762] (-) TimerEvent: {}
[442.111577] (-) TimerEvent: {}
[442.212366] (-) TimerEvent: {}
[442.312725] (-) TimerEvent: {}
[442.413338] (-) TimerEvent: {}
[442.513794] (-) TimerEvent: {}
[442.629618] (-) TimerEvent: {}
[442.730167] (-) TimerEvent: {}
[442.832307] (-) TimerEvent: {}
[442.932983] (-) TimerEvent: {}
[443.033574] (-) TimerEvent: {}
[443.134151] (-) TimerEvent: {}
[443.238392] (-) TimerEvent: {}
[443.338870] (-) TimerEvent: {}
[443.439423] (-) TimerEvent: {}
[443.540938] (-) TimerEvent: {}
[443.654407] (-) TimerEvent: {}
[443.757433] (-) TimerEvent: {}
[443.858020] (-) TimerEvent: {}
[443.958366] (-) TimerEvent: {}
[444.058776] (-) TimerEvent: {}
[444.159147] (-) TimerEvent: {}
[444.259551] (-) TimerEvent: {}
[444.363002] (-) TimerEvent: {}
[444.463388] (-) TimerEvent: {}
[444.563773] (-) TimerEvent: {}
[444.664155] (-) TimerEvent: {}
[444.764511] (-) TimerEvent: {}
[444.865024] (-) TimerEvent: {}
[444.967910] (-) TimerEvent: {}
[445.068569] (-) TimerEvent: {}
[445.172721] (-) TimerEvent: {}
[445.273189] (-) TimerEvent: {}
[445.373662] (-) TimerEvent: {}
[445.475045] (-) TimerEvent: {}
[445.575386] (-) TimerEvent: {}
[445.682383] (-) TimerEvent: {}
[445.782741] (-) TimerEvent: {}
[445.883116] (-) TimerEvent: {}
[445.983480] (-) TimerEvent: {}
[446.084032] (-) TimerEvent: {}
[446.184415] (-) TimerEvent: {}
[446.284773] (-) TimerEvent: {}
[446.385155] (-) TimerEvent: {}
[446.486370] (-) TimerEvent: {}
[446.586719] (-) TimerEvent: {}
[446.687405] (-) TimerEvent: {}
[446.798761] (-) TimerEvent: {}
[446.905950] (-) TimerEvent: {}
[447.006355] (-) TimerEvent: {}
[447.106937] (-) TimerEvent: {}
[447.210362] (-) TimerEvent: {}
[447.310688] (-) TimerEvent: {}
[447.418441] (-) TimerEvent: {}
[447.518770] (-) TimerEvent: {}
[447.619126] (-) TimerEvent: {}
[447.719466] (-) TimerEvent: {}
[447.822094] (-) TimerEvent: {}
[447.922804] (-) TimerEvent: {}
[448.023455] (-) TimerEvent: {}
[448.123780] (-) TimerEvent: {}
[448.224202] (-) TimerEvent: {}
[448.324541] (-) TimerEvent: {}
[448.424899] (-) TimerEvent: {}
[448.525248] (-) TimerEvent: {}
[448.626151] (-) TimerEvent: {}
[448.726542] (-) TimerEvent: {}
[448.826920] (-) TimerEvent: {}
[448.927287] (-) TimerEvent: {}
[449.027922] (-) TimerEvent: {}
[449.128339] (-) TimerEvent: {}
[449.228689] (-) TimerEvent: {}
[449.329093] (-) TimerEvent: {}
[449.429454] (-) TimerEvent: {}
[449.529829] (-) TimerEvent: {}
[449.630190] (-) TimerEvent: {}
[449.731646] (-) TimerEvent: {}
[449.832029] (-) TimerEvent: {}
[449.933122] (-) TimerEvent: {}
[450.033512] (-) TimerEvent: {}
[450.134167] (-) TimerEvent: {}
[450.234627] (-) TimerEvent: {}
[450.338792] (-) TimerEvent: {}
[450.439314] (-) TimerEvent: {}
[450.539766] (-) TimerEvent: {}
[450.636053] (plain_slam_ros2) StdoutLine: {'line': b'[ 79%] Building CXX object CMakeFiles/slam_3d_node.dir/src/graph_optimizer.cpp.o\n'}
[450.639884] (-) TimerEvent: {}
[450.741785] (-) TimerEvent: {}
[450.842488] (-) TimerEvent: {}
[450.943092] (-) TimerEvent: {}
[451.043561] (-) TimerEvent: {}
[451.144027] (-) TimerEvent: {}
[451.244577] (-) TimerEvent: {}
[451.345015] (-) TimerEvent: {}
[451.454385] (-) TimerEvent: {}
[451.555144] (-) TimerEvent: {}
[451.655986] (-) TimerEvent: {}
[451.757157] (-) TimerEvent: {}
[451.857531] (-) TimerEvent: {}
[451.958108] (-) TimerEvent: {}
[452.059148] (-) TimerEvent: {}
[452.159476] (-) TimerEvent: {}
[452.259855] (-) TimerEvent: {}
[452.360362] (-) TimerEvent: {}
[452.460780] (-) TimerEvent: {}
[452.561202] (-) TimerEvent: {}
[452.661605] (-) TimerEvent: {}
[452.762006] (-) TimerEvent: {}
[452.862416] (-) TimerEvent: {}
[452.962825] (-) TimerEvent: {}
[453.063338] (-) TimerEvent: {}
[453.163729] (-) TimerEvent: {}
[453.264207] (-) TimerEvent: {}
[453.364643] (-) TimerEvent: {}
[453.469504] (-) TimerEvent: {}
[453.571318] (-) TimerEvent: {}
[453.674888] (-) TimerEvent: {}
[453.775363] (-) TimerEvent: {}
[453.875946] (-) TimerEvent: {}
[453.979021] (-) TimerEvent: {}
[454.079528] (-) TimerEvent: {}
[454.180029] (-) TimerEvent: {}
[454.280480] (-) TimerEvent: {}
[454.380953] (-) TimerEvent: {}
[454.481384] (-) TimerEvent: {}
[454.581737] (-) TimerEvent: {}
[454.682122] (-) TimerEvent: {}
[454.782595] (-) TimerEvent: {}
[454.885151] (-) TimerEvent: {}
[454.985488] (-) TimerEvent: {}
[455.085866] (-) TimerEvent: {}
[455.188562] (-) TimerEvent: {}
[455.299432] (-) TimerEvent: {}
[455.399845] (-) TimerEvent: {}
[455.503977] (-) TimerEvent: {}
[455.604504] (-) TimerEvent: {}
[455.705180] (-) TimerEvent: {}
[455.805559] (-) TimerEvent: {}
[455.905916] (-) TimerEvent: {}
[456.011309] (-) TimerEvent: {}
[456.125950] (-) TimerEvent: {}
[456.226352] (-) TimerEvent: {}
[456.326692] (-) TimerEvent: {}
[456.427053] (-) TimerEvent: {}
[456.527704] (-) TimerEvent: {}
[456.628050] (-) TimerEvent: {}
[456.728426] (-) TimerEvent: {}
[456.828796] (-) TimerEvent: {}
[456.929158] (-) TimerEvent: {}
[457.029516] (-) TimerEvent: {}
[457.129889] (-) TimerEvent: {}
[457.230308] (-) TimerEvent: {}
[457.330709] (-) TimerEvent: {}
[457.431079] (-) TimerEvent: {}
[457.531517] (-) TimerEvent: {}
[457.631865] (-) TimerEvent: {}
[457.732218] (-) TimerEvent: {}
[457.833149] (-) TimerEvent: {}
[457.933997] (-) TimerEvent: {}
[458.034371] (-) TimerEvent: {}
[458.134728] (-) TimerEvent: {}
[458.235068] (-) TimerEvent: {}
[458.335427] (-) TimerEvent: {}
[458.435773] (-) TimerEvent: {}
[458.542340] (-) TimerEvent: {}
[458.646479] (-) TimerEvent: {}
[458.749368] (-) TimerEvent: {}
[458.850381] (-) TimerEvent: {}
[458.950890] (-) TimerEvent: {}
[459.051385] (-) TimerEvent: {}
[459.151867] (-) TimerEvent: {}
[459.252259] (-) TimerEvent: {}
[459.352700] (-) TimerEvent: {}
[459.453226] (-) TimerEvent: {}
[459.554682] (-) TimerEvent: {}
[459.655197] (-) TimerEvent: {}
[459.764702] (-) TimerEvent: {}
[459.865168] (-) TimerEvent: {}
[459.965496] (-) TimerEvent: {}
[460.066565] (-) TimerEvent: {}
[460.167024] (-) TimerEvent: {}
[460.267397] (-) TimerEvent: {}
[460.367749] (-) TimerEvent: {}
[460.470151] (-) TimerEvent: {}
[460.577730] (-) TimerEvent: {}
[460.678104] (-) TimerEvent: {}
[460.778582] (-) TimerEvent: {}
[460.878992] (-) TimerEvent: {}
[460.979359] (-) TimerEvent: {}
[461.082361] (-) TimerEvent: {}
[461.182715] (-) TimerEvent: {}
[461.283095] (-) TimerEvent: {}
[461.383503] (-) TimerEvent: {}
[461.483870] (-) TimerEvent: {}
[461.584258] (-) TimerEvent: {}
[461.684717] (-) TimerEvent: {}
[461.785930] (-) TimerEvent: {}
[461.890405] (-) TimerEvent: {}
[461.990769] (-) TimerEvent: {}
[462.099435] (-) TimerEvent: {}
[462.199769] (-) TimerEvent: {}
[462.300156] (-) TimerEvent: {}
[462.400503] (-) TimerEvent: {}
[462.500883] (-) TimerEvent: {}
[462.601301] (-) TimerEvent: {}
[462.701683] (-) TimerEvent: {}
[462.802046] (-) TimerEvent: {}
[462.902477] (-) TimerEvent: {}
[463.002826] (-) TimerEvent: {}
[463.103184] (-) TimerEvent: {}
[463.203534] (-) TimerEvent: {}
[463.303887] (-) TimerEvent: {}
[463.405461] (-) TimerEvent: {}
[463.505821] (-) TimerEvent: {}
[463.606330] (-) TimerEvent: {}
[463.710390] (-) TimerEvent: {}
[463.810752] (-) TimerEvent: {}
[463.911128] (-) TimerEvent: {}
[464.011527] (-) TimerEvent: {}
[464.112101] (-) TimerEvent: {}
[464.217579] (-) TimerEvent: {}
[464.318117] (-) TimerEvent: {}
[464.418506] (-) TimerEvent: {}
[464.518864] (-) TimerEvent: {}
[464.619228] (-) TimerEvent: {}
[464.719647] (-) TimerEvent: {}
[464.820189] (-) TimerEvent: {}
[464.922181] (-) TimerEvent: {}
[465.023070] (-) TimerEvent: {}
[465.123411] (-) TimerEvent: {}
[465.223788] (-) TimerEvent: {}
[465.324299] (-) TimerEvent: {}
[465.424684] (-) TimerEvent: {}
[465.525063] (-) TimerEvent: {}
[465.625432] (-) TimerEvent: {}
[465.725829] (-) TimerEvent: {}
[465.827464] (-) TimerEvent: {}
[465.928382] (-) TimerEvent: {}
[466.028726] (-) TimerEvent: {}
[466.129102] (-) TimerEvent: {}
[466.229436] (-) TimerEvent: {}
[466.329768] (-) TimerEvent: {}
[466.430168] (-) TimerEvent: {}
[466.530591] (-) TimerEvent: {}
[466.630939] (-) TimerEvent: {}
[466.731332] (-) TimerEvent: {}
[466.831701] (-) TimerEvent: {}
[466.932063] (-) TimerEvent: {}
[467.032431] (-) TimerEvent: {}
[467.132820] (-) TimerEvent: {}
[467.233194] (-) TimerEvent: {}
[467.337128] (-) TimerEvent: {}
[467.442404] (-) TimerEvent: {}
[467.542783] (-) TimerEvent: {}
[467.643181] (-) TimerEvent: {}
[467.743565] (-) TimerEvent: {}
[467.843965] (-) TimerEvent: {}
[467.944642] (-) TimerEvent: {}
[468.045076] (-) TimerEvent: {}
[468.145486] (-) TimerEvent: {}
[468.245868] (-) TimerEvent: {}
[468.346335] (-) TimerEvent: {}
[468.446730] (-) TimerEvent: {}
[468.547141] (-) TimerEvent: {}
[468.648730] (-) TimerEvent: {}
[468.753133] (-) TimerEvent: {}
[468.853553] (-) TimerEvent: {}
[468.953943] (-) TimerEvent: {}
[469.054362] (-) TimerEvent: {}
[469.154754] (-) TimerEvent: {}
[469.255702] (-) TimerEvent: {}
[469.356068] (-) TimerEvent: {}
[469.459551] (-) TimerEvent: {}
[469.559898] (-) TimerEvent: {}
[469.660255] (-) TimerEvent: {}
[469.762313] (-) TimerEvent: {}
[469.862716] (-) TimerEvent: {}
[469.963060] (-) TimerEvent: {}
[470.064690] (-) TimerEvent: {}
[470.165076] (-) TimerEvent: {}
[470.278357] (-) TimerEvent: {}
[470.389602] (-) TimerEvent: {}
[470.490513] (-) TimerEvent: {}
[470.590892] (-) TimerEvent: {}
[470.691271] (-) TimerEvent: {}
[470.791799] (-) TimerEvent: {}
[470.893873] (-) TimerEvent: {}
[470.994342] (-) TimerEvent: {}
[471.094748] (-) TimerEvent: {}
[471.195149] (-) TimerEvent: {}
[471.295585] (-) TimerEvent: {}
[471.396017] (-) TimerEvent: {}
[471.496397] (-) TimerEvent: {}
[471.596951] (-) TimerEvent: {}
[471.697319] (-) TimerEvent: {}
[471.799601] (-) TimerEvent: {}
[471.900024] (-) TimerEvent: {}
[472.000377] (-) TimerEvent: {}
[472.100795] (-) TimerEvent: {}
[472.201142] (-) TimerEvent: {}
[472.301593] (-) TimerEvent: {}
[472.401981] (-) TimerEvent: {}
[472.502349] (-) TimerEvent: {}
[472.603998] (-) TimerEvent: {}
[472.712534] (-) TimerEvent: {}
[472.813085] (-) TimerEvent: {}
[472.913491] (-) TimerEvent: {}
[473.013884] (-) TimerEvent: {}
[473.114284] (-) TimerEvent: {}
[473.215926] (-) TimerEvent: {}
[473.316442] (-) TimerEvent: {}
[473.416861] (-) TimerEvent: {}
[473.517271] (-) TimerEvent: {}
[473.619171] (-) TimerEvent: {}
[473.720507] (-) TimerEvent: {}
[473.822564] (-) TimerEvent: {}
[473.922955] (-) TimerEvent: {}
[474.023327] (-) TimerEvent: {}
[474.123733] (-) TimerEvent: {}
[474.225202] (-) TimerEvent: {}
[474.325949] (-) TimerEvent: {}
[474.426400] (-) TimerEvent: {}
[474.526833] (-) TimerEvent: {}
[474.627283] (-) TimerEvent: {}
[474.727756] (-) TimerEvent: {}
[474.828216] (-) TimerEvent: {}
[474.930038] (-) TimerEvent: {}
[475.034520] (-) TimerEvent: {}
[475.135003] (-) TimerEvent: {}
[475.235371] (-) TimerEvent: {}
[475.335748] (-) TimerEvent: {}
[475.436091] (-) TimerEvent: {}
[475.536962] (-) TimerEvent: {}
[475.637352] (-) TimerEvent: {}
[475.737761] (-) TimerEvent: {}
[475.838114] (-) TimerEvent: {}
[475.938949] (-) TimerEvent: {}
[476.045537] (-) TimerEvent: {}
[476.145920] (-) TimerEvent: {}
[476.246316] (-) TimerEvent: {}
[476.346906] (-) TimerEvent: {}
[476.447331] (-) TimerEvent: {}
[476.547675] (-) TimerEvent: {}
[476.648051] (-) TimerEvent: {}
[476.748776] (-) TimerEvent: {}
[476.854661] (-) TimerEvent: {}
[476.955056] (-) TimerEvent: {}
[477.055487] (-) TimerEvent: {}
[477.155873] (-) TimerEvent: {}
[477.258380] (-) TimerEvent: {}
[477.360993] (-) TimerEvent: {}
[477.461367] (-) TimerEvent: {}
[477.561753] (-) TimerEvent: {}
[477.662199] (-) TimerEvent: {}
[477.762795] (-) TimerEvent: {}
[477.863692] (-) TimerEvent: {}
[477.964063] (-) TimerEvent: {}
[478.065923] (-) TimerEvent: {}
[478.174196] (-) TimerEvent: {}
[478.250971] (plain_slam_ros2) StdoutLine: {'line': b'[ 82%] Building CXX object CMakeFiles/slam_3d_node.dir/src/ros_utils.cpp.o\n'}
[478.274353] (-) TimerEvent: {}
[478.374719] (-) TimerEvent: {}
[478.475080] (-) TimerEvent: {}
[478.575461] (-) TimerEvent: {}
[478.675889] (-) TimerEvent: {}
[478.776280] (-) TimerEvent: {}
[478.882975] (-) TimerEvent: {}
[478.983351] (-) TimerEvent: {}
[479.083799] (-) TimerEvent: {}
[479.184203] (-) TimerEvent: {}
[479.286391] (-) TimerEvent: {}
[479.386818] (-) TimerEvent: {}
[479.487216] (-) TimerEvent: {}
[479.587723] (-) TimerEvent: {}
[479.694511] (-) TimerEvent: {}
[479.795079] (-) TimerEvent: {}
[479.895551] (-) TimerEvent: {}
[479.995939] (-) TimerEvent: {}
[480.096376] (-) TimerEvent: {}
[480.196738] (-) TimerEvent: {}
[480.302424] (-) TimerEvent: {}
[480.404394] (-) TimerEvent: {}
[480.505067] (-) TimerEvent: {}
[480.605472] (-) TimerEvent: {}
[480.706281] (-) TimerEvent: {}
[480.806728] (-) TimerEvent: {}
[480.907132] (-) TimerEvent: {}
[481.008316] (-) TimerEvent: {}
[481.109306] (-) TimerEvent: {}
[481.209934] (-) TimerEvent: {}
[481.310309] (-) TimerEvent: {}
[481.410673] (-) TimerEvent: {}
[481.511038] (-) TimerEvent: {}
[481.611499] (-) TimerEvent: {}
[481.711896] (-) TimerEvent: {}
[481.812249] (-) TimerEvent: {}
[481.912608] (-) TimerEvent: {}
[482.013263] (-) TimerEvent: {}
[482.113771] (-) TimerEvent: {}
[482.214157] (-) TimerEvent: {}
[482.314698] (-) TimerEvent: {}
[482.415050] (-) TimerEvent: {}
[482.515434] (-) TimerEvent: {}
[482.615783] (-) TimerEvent: {}
[482.716171] (-) TimerEvent: {}
[482.816517] (-) TimerEvent: {}
[482.917002] (-) TimerEvent: {}
[483.017471] (-) TimerEvent: {}
[483.117812] (-) TimerEvent: {}
[483.218801] (-) TimerEvent: {}
[483.323947] (-) TimerEvent: {}
[483.424432] (-) TimerEvent: {}
[483.526397] (-) TimerEvent: {}
[483.627076] (-) TimerEvent: {}
[483.727573] (-) TimerEvent: {}
[483.828810] (-) TimerEvent: {}
[483.929274] (-) TimerEvent: {}
[484.030520] (-) TimerEvent: {}
[484.131089] (-) TimerEvent: {}
[484.231608] (-) TimerEvent: {}
[484.334077] (-) TimerEvent: {}
[484.434655] (-) TimerEvent: {}
[484.535161] (-) TimerEvent: {}
[484.635701] (-) TimerEvent: {}
[484.736250] (-) TimerEvent: {}
[484.837026] (-) TimerEvent: {}
[484.939832] (-) TimerEvent: {}
[485.040891] (-) TimerEvent: {}
[485.141246] (-) TimerEvent: {}
[485.241612] (-) TimerEvent: {}
[485.342380] (-) TimerEvent: {}
[485.442874] (-) TimerEvent: {}
[485.543280] (-) TimerEvent: {}
[485.643636] (-) TimerEvent: {}
[485.744026] (-) TimerEvent: {}
[485.858474] (-) TimerEvent: {}
[485.959313] (-) TimerEvent: {}
[486.063831] (-) TimerEvent: {}
[486.164556] (-) TimerEvent: {}
[486.265022] (-) TimerEvent: {}
[486.365930] (-) TimerEvent: {}
[486.470404] (-) TimerEvent: {}
[486.570820] (-) TimerEvent: {}
[486.671285] (-) TimerEvent: {}
[486.771697] (-) TimerEvent: {}
[486.872355] (-) TimerEvent: {}
[486.974193] (-) TimerEvent: {}
[487.074963] (-) TimerEvent: {}
[487.175320] (-) TimerEvent: {}
[487.275678] (-) TimerEvent: {}
[487.376056] (-) TimerEvent: {}
[487.476426] (-) TimerEvent: {}
[487.577074] (-) TimerEvent: {}
[487.677489] (-) TimerEvent: {}
[487.777956] (-) TimerEvent: {}
[487.878345] (-) TimerEvent: {}
[487.978707] (-) TimerEvent: {}
[488.079145] (-) TimerEvent: {}
[488.179523] (-) TimerEvent: {}
[488.286342] (-) TimerEvent: {}
[488.388302] (-) TimerEvent: {}
[488.488937] (-) TimerEvent: {}
[488.589719] (-) TimerEvent: {}
[488.692773] (-) TimerEvent: {}
[488.793176] (-) TimerEvent: {}
[488.893890] (-) TimerEvent: {}
[488.995045] (-) TimerEvent: {}
[489.096962] (-) TimerEvent: {}
[489.197368] (-) TimerEvent: {}
[489.297744] (-) TimerEvent: {}
[489.398179] (-) TimerEvent: {}
[489.498707] (-) TimerEvent: {}
[489.599245] (-) TimerEvent: {}
[489.699782] (-) TimerEvent: {}
[489.800252] (-) TimerEvent: {}
[489.900785] (-) TimerEvent: {}
[490.001208] (-) TimerEvent: {}
[490.101959] (-) TimerEvent: {}
[490.208949] (-) TimerEvent: {}
[490.310965] (-) TimerEvent: {}
[490.411305] (-) TimerEvent: {}
[490.511670] (-) TimerEvent: {}
[490.612032] (-) TimerEvent: {}
[490.712412] (-) TimerEvent: {}
[490.812761] (-) TimerEvent: {}
[490.913114] (-) TimerEvent: {}
[491.013475] (-) TimerEvent: {}
[491.113933] (-) TimerEvent: {}
[491.215374] (-) TimerEvent: {}
[491.315697] (-) TimerEvent: {}
[491.416045] (-) TimerEvent: {}
[491.516407] (-) TimerEvent: {}
[491.616748] (-) TimerEvent: {}
[491.717282] (-) TimerEvent: {}
[491.817737] (-) TimerEvent: {}
[491.918090] (-) TimerEvent: {}
[492.018629] (-) TimerEvent: {}
[492.119005] (-) TimerEvent: {}
[492.222796] (-) TimerEvent: {}
[492.330635] (-) TimerEvent: {}
[492.431132] (-) TimerEvent: {}
[492.533204] (-) TimerEvent: {}
[492.633815] (-) TimerEvent: {}
[492.734377] (-) TimerEvent: {}
[492.834886] (-) TimerEvent: {}
[492.935293] (-) TimerEvent: {}
[493.035812] (-) TimerEvent: {}
[493.136194] (-) TimerEvent: {}
[493.237273] (-) TimerEvent: {}
[493.337762] (-) TimerEvent: {}
[493.438182] (-) TimerEvent: {}
[493.538719] (-) TimerEvent: {}
[493.639119] (-) TimerEvent: {}
[493.741310] (-) TimerEvent: {}
[493.841699] (-) TimerEvent: {}
[493.942077] (-) TimerEvent: {}
[494.043039] (-) TimerEvent: {}
[494.143749] (-) TimerEvent: {}
[494.244392] (-) TimerEvent: {}
[494.344924] (-) TimerEvent: {}
[494.451273] (-) TimerEvent: {}
[494.551711] (-) TimerEvent: {}
[494.652064] (-) TimerEvent: {}
[494.752412] (-) TimerEvent: {}
[494.853071] (-) TimerEvent: {}
[494.953438] (-) TimerEvent: {}
[495.053976] (-) TimerEvent: {}
[495.154339] (-) TimerEvent: {}
[495.255389] (-) TimerEvent: {}
[495.355922] (-) TimerEvent: {}
[495.461144] (-) TimerEvent: {}
[495.561514] (-) TimerEvent: {}
[495.661950] (-) TimerEvent: {}
[495.762473] (-) TimerEvent: {}
[495.862901] (-) TimerEvent: {}
[495.964898] (-) TimerEvent: {}
[496.065303] (-) TimerEvent: {}
[496.168788] (-) TimerEvent: {}
[496.269168] (-) TimerEvent: {}
[496.369545] (-) TimerEvent: {}
[496.469919] (-) TimerEvent: {}
[496.570318] (-) TimerEvent: {}
[496.670692] (-) TimerEvent: {}
[496.771054] (-) TimerEvent: {}
[496.871497] (-) TimerEvent: {}
[496.971899] (-) TimerEvent: {}
[497.072256] (-) TimerEvent: {}
[497.174384] (-) TimerEvent: {}
[497.274807] (-) TimerEvent: {}
[497.375255] (-) TimerEvent: {}
[497.475643] (-) TimerEvent: {}
[497.576051] (-) TimerEvent: {}
[497.676456] (-) TimerEvent: {}
[497.776843] (-) TimerEvent: {}
[497.877279] (-) TimerEvent: {}
[497.977661] (-) TimerEvent: {}
[498.078143] (-) TimerEvent: {}
[498.178642] (-) TimerEvent: {}
[498.279049] (-) TimerEvent: {}
[498.379556] (-) TimerEvent: {}
[498.482386] (-) TimerEvent: {}
[498.582877] (-) TimerEvent: {}
[498.683216] (-) TimerEvent: {}
[498.783602] (-) TimerEvent: {}
[498.884454] (-) TimerEvent: {}
[498.984837] (-) TimerEvent: {}
[499.085208] (-) TimerEvent: {}
[499.185556] (-) TimerEvent: {}
[499.285908] (-) TimerEvent: {}
[499.317510] (plain_slam_ros2) StdoutLine: {'line': b'[ 85%] Linking CXX executable slam_3d_node\n'}
[499.386070] (-) TimerEvent: {}
[499.486482] (-) TimerEvent: {}
[499.586851] (-) TimerEvent: {}
[499.687207] (-) TimerEvent: {}
[499.787556] (-) TimerEvent: {}
[499.836409] (plain_slam_ros2) StdoutLine: {'line': b'[ 85%] Built target slam_3d_node\n'}
[499.887769] (-) TimerEvent: {}
[499.988152] (-) TimerEvent: {}
[500.042677] (plain_slam_ros2) StdoutLine: {'line': b'Scanning dependencies of target pc2_to_pcd_node\n'}
[500.089585] (-) TimerEvent: {}
[500.118400] (plain_slam_ros2) StdoutLine: {'line': b'[ 88%] Building CXX object CMakeFiles/pc2_to_pcd_node.dir/src/pc2_to_pcd_node.cpp.o\n'}
[500.189783] (-) TimerEvent: {}
[500.290486] (-) TimerEvent: {}
[500.390839] (-) TimerEvent: {}
[500.491195] (-) TimerEvent: {}
[500.591759] (-) TimerEvent: {}
[500.692262] (-) TimerEvent: {}
[500.792627] (-) TimerEvent: {}
[500.893102] (-) TimerEvent: {}
[500.993465] (-) TimerEvent: {}
[501.093851] (-) TimerEvent: {}
[501.194189] (-) TimerEvent: {}
[501.294583] (-) TimerEvent: {}
[501.394907] (-) TimerEvent: {}
[501.495304] (-) TimerEvent: {}
[501.595709] (-) TimerEvent: {}
[501.696083] (-) TimerEvent: {}
[501.796463] (-) TimerEvent: {}
[501.896884] (-) TimerEvent: {}
[501.997226] (-) TimerEvent: {}
[502.097589] (-) TimerEvent: {}
[502.197940] (-) TimerEvent: {}
[502.298304] (-) TimerEvent: {}
[502.398686] (-) TimerEvent: {}
[502.499038] (-) TimerEvent: {}
[502.599395] (-) TimerEvent: {}
[502.699746] (-) TimerEvent: {}
[502.800108] (-) TimerEvent: {}
[502.900995] (-) TimerEvent: {}
[503.003341] (-) TimerEvent: {}
[503.103742] (-) TimerEvent: {}
[503.205671] (-) TimerEvent: {}
[503.306896] (-) TimerEvent: {}
[503.411431] (-) TimerEvent: {}
[503.511816] (-) TimerEvent: {}
[503.612186] (-) TimerEvent: {}
[503.712571] (-) TimerEvent: {}
[503.812959] (-) TimerEvent: {}
[503.913361] (-) TimerEvent: {}
[504.013722] (-) TimerEvent: {}
[504.114389] (-) TimerEvent: {}
[504.218370] (-) TimerEvent: {}
[504.318759] (-) TimerEvent: {}
[504.419133] (-) TimerEvent: {}
[504.519509] (-) TimerEvent: {}
[504.619910] (-) TimerEvent: {}
[504.720427] (-) TimerEvent: {}
[504.820903] (-) TimerEvent: {}
[504.921307] (-) TimerEvent: {}
[505.021736] (-) TimerEvent: {}
[505.125544] (-) TimerEvent: {}
[505.226436] (-) TimerEvent: {}
[505.333534] (-) TimerEvent: {}
[505.433949] (-) TimerEvent: {}
[505.534352] (-) TimerEvent: {}
[505.634695] (-) TimerEvent: {}
[505.735167] (-) TimerEvent: {}
[505.835760] (-) TimerEvent: {}
[505.936162] (-) TimerEvent: {}
[506.036601] (-) TimerEvent: {}
[506.137543] (-) TimerEvent: {}
[506.240242] (-) TimerEvent: {}
[506.341906] (-) TimerEvent: {}
[506.442426] (-) TimerEvent: {}
[506.542924] (-) TimerEvent: {}
[506.643381] (-) TimerEvent: {}
[506.744870] (-) TimerEvent: {}
[506.845397] (-) TimerEvent: {}
[506.945995] (-) TimerEvent: {}
[507.046488] (-) TimerEvent: {}
[507.154373] (-) TimerEvent: {}
[507.254809] (-) TimerEvent: {}
[507.355283] (-) TimerEvent: {}
[507.458382] (-) TimerEvent: {}
[507.561190] (-) TimerEvent: {}
[507.661546] (-) TimerEvent: {}
[507.761914] (-) TimerEvent: {}
[507.862298] (-) TimerEvent: {}
[507.962661] (-) TimerEvent: {}
[508.063051] (-) TimerEvent: {}
[508.163445] (-) TimerEvent: {}
[508.263839] (-) TimerEvent: {}
[508.364294] (-) TimerEvent: {}
[508.470429] (-) TimerEvent: {}
[508.571090] (-) TimerEvent: {}
[508.671522] (-) TimerEvent: {}
[508.771899] (-) TimerEvent: {}
[508.872317] (-) TimerEvent: {}
[508.972769] (-) TimerEvent: {}
[509.073291] (-) TimerEvent: {}
[509.173675] (-) TimerEvent: {}
[509.274090] (-) TimerEvent: {}
[509.374488] (-) TimerEvent: {}
[509.474860] (-) TimerEvent: {}
[509.575216] (-) TimerEvent: {}
[509.676793] (-) TimerEvent: {}
[509.777197] (-) TimerEvent: {}
[509.877584] (-) TimerEvent: {}
[509.977955] (-) TimerEvent: {}
[510.078458] (-) TimerEvent: {}
[510.178821] (-) TimerEvent: {}
[510.279194] (-) TimerEvent: {}
[510.379647] (-) TimerEvent: {}
[510.480797] (-) TimerEvent: {}
[510.581541] (-) TimerEvent: {}
[510.682039] (-) TimerEvent: {}
[510.782733] (-) TimerEvent: {}
[510.883280] (-) TimerEvent: {}
[510.983699] (-) TimerEvent: {}
[511.085277] (-) TimerEvent: {}
[511.185700] (-) TimerEvent: {}
[511.286113] (-) TimerEvent: {}
[511.386697] (-) TimerEvent: {}
[511.489481] (-) TimerEvent: {}
[511.589844] (-) TimerEvent: {}
[511.690338] (-) TimerEvent: {}
[511.802409] (-) TimerEvent: {}
[511.902814] (-) TimerEvent: {}
[512.003211] (-) TimerEvent: {}
[512.105570] (-) TimerEvent: {}
[512.205987] (-) TimerEvent: {}
[512.306353] (-) TimerEvent: {}
[512.406718] (-) TimerEvent: {}
[512.510873] (-) TimerEvent: {}
[512.611239] (-) TimerEvent: {}
[512.716087] (-) TimerEvent: {}
[512.816556] (-) TimerEvent: {}
[512.917400] (-) TimerEvent: {}
[513.018532] (-) TimerEvent: {}
[513.118954] (-) TimerEvent: {}
[513.223378] (-) TimerEvent: {}
[513.323776] (-) TimerEvent: {}
[513.425581] (-) TimerEvent: {}
[513.526017] (-) TimerEvent: {}
[513.626345] (-) TimerEvent: {}
[513.726746] (-) TimerEvent: {}
[513.830358] (-) TimerEvent: {}
[513.930847] (-) TimerEvent: {}
[514.032095] (-) TimerEvent: {}
[514.132527] (-) TimerEvent: {}
[514.232921] (-) TimerEvent: {}
[514.334397] (-) TimerEvent: {}
[514.434800] (-) TimerEvent: {}
[514.535195] (-) TimerEvent: {}
[514.635571] (-) TimerEvent: {}
[514.735909] (-) TimerEvent: {}
[514.836615] (-) TimerEvent: {}
[514.937300] (-) TimerEvent: {}
[515.037731] (-) TimerEvent: {}
[515.138149] (-) TimerEvent: {}
[515.238548] (-) TimerEvent: {}
[515.338980] (-) TimerEvent: {}
[515.439609] (-) TimerEvent: {}
[515.540086] (-) TimerEvent: {}
[515.640500] (-) TimerEvent: {}
[515.740912] (-) TimerEvent: {}
[515.841277] (-) TimerEvent: {}
[515.941688] (-) TimerEvent: {}
[516.042156] (-) TimerEvent: {}
[516.147366] (-) TimerEvent: {}
[516.249140] (-) TimerEvent: {}
[516.359232] (-) TimerEvent: {}
[516.459728] (-) TimerEvent: {}
[516.560269] (-) TimerEvent: {}
[516.661040] (-) TimerEvent: {}
[516.761413] (-) TimerEvent: {}
[516.861763] (-) TimerEvent: {}
[516.962125] (-) TimerEvent: {}
[517.062993] (-) TimerEvent: {}
[517.169367] (-) TimerEvent: {}
[517.270074] (-) TimerEvent: {}
[517.370448] (-) TimerEvent: {}
[517.470852] (-) TimerEvent: {}
[517.571198] (-) TimerEvent: {}
[517.671552] (-) TimerEvent: {}
[517.771919] (-) TimerEvent: {}
[517.872301] (-) TimerEvent: {}
[517.972656] (-) TimerEvent: {}
[518.082992] (-) TimerEvent: {}
[518.183384] (-) TimerEvent: {}
[518.283809] (-) TimerEvent: {}
[518.384221] (-) TimerEvent: {}
[518.484629] (-) TimerEvent: {}
[518.585037] (-) TimerEvent: {}
[518.685496] (-) TimerEvent: {}
[518.785873] (-) TimerEvent: {}
[518.888142] (-) TimerEvent: {}
[518.988516] (-) TimerEvent: {}
[519.094363] (-) TimerEvent: {}
[519.202362] (-) TimerEvent: {}
[519.310347] (-) TimerEvent: {}
[519.410680] (-) TimerEvent: {}
[519.511021] (-) TimerEvent: {}
[519.611423] (-) TimerEvent: {}
[519.713116] (-) TimerEvent: {}
[519.813787] (-) TimerEvent: {}
[519.914341] (-) TimerEvent: {}
[520.018330] (-) TimerEvent: {}
[520.118743] (-) TimerEvent: {}
[520.219098] (-) TimerEvent: {}
[520.319454] (-) TimerEvent: {}
[520.420607] (-) TimerEvent: {}
[520.521021] (-) TimerEvent: {}
[520.621436] (-) TimerEvent: {}
[520.721850] (-) TimerEvent: {}
[520.822413] (-) TimerEvent: {}
[520.922811] (-) TimerEvent: {}
[521.023170] (-) TimerEvent: {}
[521.123544] (-) TimerEvent: {}
[521.225011] (-) TimerEvent: {}
[521.325407] (-) TimerEvent: {}
[521.425899] (-) TimerEvent: {}
[521.526358] (-) TimerEvent: {}
[521.626765] (-) TimerEvent: {}
[521.727208] (-) TimerEvent: {}
[521.827646] (-) TimerEvent: {}
[521.928034] (-) TimerEvent: {}
[522.029694] (-) TimerEvent: {}
[522.133494] (-) TimerEvent: {}
[522.234509] (-) TimerEvent: {}
[522.339626] (-) TimerEvent: {}
[522.439973] (-) TimerEvent: {}
[522.540365] (-) TimerEvent: {}
[522.640802] (-) TimerEvent: {}
[522.741178] (-) TimerEvent: {}
[522.841530] (-) TimerEvent: {}
[522.942008] (-) TimerEvent: {}
[523.042379] (-) TimerEvent: {}
[523.142799] (-) TimerEvent: {}
[523.244596] (-) TimerEvent: {}
[523.345071] (-) TimerEvent: {}
[523.445510] (-) TimerEvent: {}
[523.545852] (-) TimerEvent: {}
[523.646357] (-) TimerEvent: {}
[523.746769] (-) TimerEvent: {}
[523.847584] (-) TimerEvent: {}
[523.947952] (-) TimerEvent: {}
[524.053703] (-) TimerEvent: {}
[524.156066] (-) TimerEvent: {}
[524.256541] (-) TimerEvent: {}
[524.356938] (-) TimerEvent: {}
[524.457480] (-) TimerEvent: {}
[524.557962] (-) TimerEvent: {}
[524.664522] (-) TimerEvent: {}
[524.778479] (-) TimerEvent: {}
[524.886840] (-) TimerEvent: {}
[524.987740] (-) TimerEvent: {}
[525.088442] (-) TimerEvent: {}
[525.189350] (-) TimerEvent: {}
[525.291367] (-) TimerEvent: {}
[525.294503] (plain_slam_ros2) StdoutLine: {'line': b'[ 91%] Building CXX object CMakeFiles/pc2_to_pcd_node.dir/src/voxel_grid_filter.cpp.o\n'}
[525.391522] (-) TimerEvent: {}
[525.491870] (-) TimerEvent: {}
[525.592215] (-) TimerEvent: {}
[525.693841] (-) TimerEvent: {}
[525.794218] (-) TimerEvent: {}
[525.894808] (-) TimerEvent: {}
[526.004778] (-) TimerEvent: {}
[526.107868] (-) TimerEvent: {}
[526.210737] (-) TimerEvent: {}
[526.311124] (-) TimerEvent: {}
[526.411467] (-) TimerEvent: {}
[526.512075] (-) TimerEvent: {}
[526.612441] (-) TimerEvent: {}
[526.714210] (-) TimerEvent: {}
[526.814603] (-) TimerEvent: {}
[526.914977] (-) TimerEvent: {}
[527.015348] (-) TimerEvent: {}
[527.115698] (-) TimerEvent: {}
[527.221148] (-) TimerEvent: {}
[527.335300] (-) TimerEvent: {}
[527.435693] (-) TimerEvent: {}
[527.536055] (-) TimerEvent: {}
[527.636395] (-) TimerEvent: {}
[527.736756] (-) TimerEvent: {}
[527.837180] (-) TimerEvent: {}
[527.939752] (-) TimerEvent: {}
[528.040193] (-) TimerEvent: {}
[528.140559] (-) TimerEvent: {}
[528.241032] (-) TimerEvent: {}
[528.341380] (-) TimerEvent: {}
[528.444227] (-) TimerEvent: {}
[528.544596] (-) TimerEvent: {}
[528.644976] (-) TimerEvent: {}
[528.745378] (-) TimerEvent: {}
[528.845747] (-) TimerEvent: {}
[528.946105] (-) TimerEvent: {}
[529.048070] (-) TimerEvent: {}
[529.149682] (-) TimerEvent: {}
[529.250361] (-) TimerEvent: {}
[529.350899] (-) TimerEvent: {}
[529.451276] (-) TimerEvent: {}
[529.551831] (-) TimerEvent: {}
[529.655916] (-) TimerEvent: {}
[529.766488] (-) TimerEvent: {}
[529.866913] (-) TimerEvent: {}
[529.967745] (-) TimerEvent: {}
[530.068108] (-) TimerEvent: {}
[530.168691] (-) TimerEvent: {}
[530.269221] (-) TimerEvent: {}
[530.371493] (-) TimerEvent: {}
[530.471837] (-) TimerEvent: {}
[530.572172] (-) TimerEvent: {}
[530.672579] (-) TimerEvent: {}
[530.772937] (-) TimerEvent: {}
[530.873316] (-) TimerEvent: {}
[530.973686] (-) TimerEvent: {}
[531.074163] (-) TimerEvent: {}
[531.174591] (-) TimerEvent: {}
[531.278357] (-) TimerEvent: {}
[531.378718] (-) TimerEvent: {}
[531.486536] (-) TimerEvent: {}
[531.586932] (-) TimerEvent: {}
[531.687301] (-) TimerEvent: {}
[531.787685] (-) TimerEvent: {}
[531.888085] (-) TimerEvent: {}
[531.988471] (-) TimerEvent: {}
[532.088880] (-) TimerEvent: {}
[532.189615] (-) TimerEvent: {}
[532.290044] (-) TimerEvent: {}
[532.390539] (-) TimerEvent: {}
[532.490971] (-) TimerEvent: {}
[532.591345] (-) TimerEvent: {}
[532.694431] (-) TimerEvent: {}
[532.802365] (-) TimerEvent: {}
[532.874771] (plain_slam_ros2) StdoutLine: {'line': b'[ 94%] Building CXX object CMakeFiles/pc2_to_pcd_node.dir/src/io.cpp.o\n'}
[532.902557] (-) TimerEvent: {}
[533.002913] (-) TimerEvent: {}
[533.103297] (-) TimerEvent: {}
[533.203665] (-) TimerEvent: {}
[533.305305] (-) TimerEvent: {}
[533.405950] (-) TimerEvent: {}
[533.506587] (-) TimerEvent: {}
[533.611270] (-) TimerEvent: {}
[533.711987] (-) TimerEvent: {}
[533.812351] (-) TimerEvent: {}
[533.912713] (-) TimerEvent: {}
[534.013856] (-) TimerEvent: {}
[534.115856] (-) TimerEvent: {}
[534.216242] (-) TimerEvent: {}
[534.316607] (-) TimerEvent: {}
[534.417031] (-) TimerEvent: {}
[534.517415] (-) TimerEvent: {}
[534.617816] (-) TimerEvent: {}
[534.718186] (-) TimerEvent: {}
[534.818612] (-) TimerEvent: {}
[534.919006] (-) TimerEvent: {}
[535.019391] (-) TimerEvent: {}
[535.119774] (-) TimerEvent: {}
[535.220130] (-) TimerEvent: {}
[535.320522] (-) TimerEvent: {}
[535.420919] (-) TimerEvent: {}
[535.521290] (-) TimerEvent: {}
[535.622391] (-) TimerEvent: {}
[535.722785] (-) TimerEvent: {}
[535.828005] (-) TimerEvent: {}
[535.929936] (-) TimerEvent: {}
[536.042456] (-) TimerEvent: {}
[536.142943] (-) TimerEvent: {}
[536.243301] (-) TimerEvent: {}
[536.343708] (-) TimerEvent: {}
[536.444079] (-) TimerEvent: {}
[536.550353] (-) TimerEvent: {}
[536.650740] (-) TimerEvent: {}
[536.751086] (-) TimerEvent: {}
[536.851507] (-) TimerEvent: {}
[536.952025] (-) TimerEvent: {}
[537.052373] (-) TimerEvent: {}
[537.152809] (-) TimerEvent: {}
[537.253170] (-) TimerEvent: {}
[537.353703] (-) TimerEvent: {}
[537.454182] (-) TimerEvent: {}
[537.554819] (-) TimerEvent: {}
[537.662380] (-) TimerEvent: {}
[537.768476] (-) TimerEvent: {}
[537.869029] (-) TimerEvent: {}
[537.969615] (-) TimerEvent: {}
[538.070053] (-) TimerEvent: {}
[538.170457] (-) TimerEvent: {}
[538.270883] (-) TimerEvent: {}
[538.371239] (-) TimerEvent: {}
[538.471629] (-) TimerEvent: {}
[538.572066] (-) TimerEvent: {}
[538.672494] (-) TimerEvent: {}
[538.772971] (-) TimerEvent: {}
[538.874365] (-) TimerEvent: {}
[538.982362] (-) TimerEvent: {}
[539.082711] (-) TimerEvent: {}
[539.183043] (-) TimerEvent: {}
[539.283377] (-) TimerEvent: {}
[539.383719] (-) TimerEvent: {}
[539.484538] (-) TimerEvent: {}
[539.584873] (-) TimerEvent: {}
[539.685201] (-) TimerEvent: {}
[539.786902] (-) TimerEvent: {}
[539.887397] (-) TimerEvent: {}
[539.987771] (-) TimerEvent: {}
[540.088242] (-) TimerEvent: {}
[540.188564] (-) TimerEvent: {}
[540.290050] (-) TimerEvent: {}
[540.390507] (-) TimerEvent: {}
[540.490998] (-) TimerEvent: {}
[540.591430] (-) TimerEvent: {}
[540.697080] (-) TimerEvent: {}
[540.797465] (-) TimerEvent: {}
[540.899466] (-) TimerEvent: {}
[540.999881] (-) TimerEvent: {}
[541.035265] (plain_slam_ros2) StdoutLine: {'line': b'[ 97%] Building CXX object CMakeFiles/pc2_to_pcd_node.dir/src/ros_utils.cpp.o\n'}
[541.100043] (-) TimerEvent: {}
[541.200395] (-) TimerEvent: {}
[541.300785] (-) TimerEvent: {}
[541.401270] (-) TimerEvent: {}
[541.501627] (-) TimerEvent: {}
[541.602007] (-) TimerEvent: {}
[541.702529] (-) TimerEvent: {}
[541.803032] (-) TimerEvent: {}
[541.906490] (-) TimerEvent: {}
[542.006842] (-) TimerEvent: {}
[542.107215] (-) TimerEvent: {}
[542.218449] (-) TimerEvent: {}
[542.322513] (-) TimerEvent: {}
[542.422856] (-) TimerEvent: {}
[542.525008] (-) TimerEvent: {}
[542.625529] (-) TimerEvent: {}
[542.730439] (-) TimerEvent: {}
[542.831060] (-) TimerEvent: {}
[542.932193] (-) TimerEvent: {}
[543.033368] (-) TimerEvent: {}
[543.134294] (-) TimerEvent: {}
[543.236133] (-) TimerEvent: {}
[543.336837] (-) TimerEvent: {}
[543.437244] (-) TimerEvent: {}
[543.539596] (-) TimerEvent: {}
[543.641770] (-) TimerEvent: {}
[543.742123] (-) TimerEvent: {}
[543.842569] (-) TimerEvent: {}
[543.943161] (-) TimerEvent: {}
[544.044216] (-) TimerEvent: {}
[544.144610] (-) TimerEvent: {}
[544.244973] (-) TimerEvent: {}
[544.345331] (-) TimerEvent: {}
[544.445720] (-) TimerEvent: {}
[544.546119] (-) TimerEvent: {}
[544.650452] (-) TimerEvent: {}
[544.750837] (-) TimerEvent: {}
[544.852898] (-) TimerEvent: {}
[544.953284] (-) TimerEvent: {}
[545.053682] (-) TimerEvent: {}
[545.154035] (-) TimerEvent: {}
[545.255678] (-) TimerEvent: {}
[545.356060] (-) TimerEvent: {}
[545.458197] (-) TimerEvent: {}
[545.562378] (-) TimerEvent: {}
[545.666437] (-) TimerEvent: {}
[545.766887] (-) TimerEvent: {}
[545.867545] (-) TimerEvent: {}
[545.968509] (-) TimerEvent: {}
[546.070660] (-) TimerEvent: {}
[546.171126] (-) TimerEvent: {}
[546.272564] (-) TimerEvent: {}
[546.373059] (-) TimerEvent: {}
[546.473610] (-) TimerEvent: {}
[546.574076] (-) TimerEvent: {}
[546.674898] (-) TimerEvent: {}
[546.782420] (-) TimerEvent: {}
[546.890346] (-) TimerEvent: {}
[546.990867] (-) TimerEvent: {}
[547.097796] (-) TimerEvent: {}
[547.198417] (-) TimerEvent: {}
[547.298810] (-) TimerEvent: {}
[547.399269] (-) TimerEvent: {}
[547.499690] (-) TimerEvent: {}
[547.600068] (-) TimerEvent: {}
[547.701135] (-) TimerEvent: {}
[547.801541] (-) TimerEvent: {}
[547.901958] (-) TimerEvent: {}
[548.002415] (-) TimerEvent: {}
[548.102807] (-) TimerEvent: {}
[548.203200] (-) TimerEvent: {}
[548.310358] (-) TimerEvent: {}
[548.410743] (-) TimerEvent: {}
[548.511272] (-) TimerEvent: {}
[548.611650] (-) TimerEvent: {}
[548.712050] (-) TimerEvent: {}
[548.812448] (-) TimerEvent: {}
[548.912849] (-) TimerEvent: {}
[549.014149] (-) TimerEvent: {}
[549.116661] (-) TimerEvent: {}
[549.217039] (-) TimerEvent: {}
[549.317471] (-) TimerEvent: {}
[549.417825] (-) TimerEvent: {}
[549.518250] (-) TimerEvent: {}
[549.618602] (-) TimerEvent: {}
[549.719112] (-) TimerEvent: {}
[549.819568] (-) TimerEvent: {}
[549.919905] (-) TimerEvent: {}
[550.020947] (-) TimerEvent: {}
[550.121312] (-) TimerEvent: {}
[550.222318] (-) TimerEvent: {}
[550.322622] (-) TimerEvent: {}
[550.422995] (-) TimerEvent: {}
[550.523432] (-) TimerEvent: {}
[550.623801] (-) TimerEvent: {}
[550.724147] (-) TimerEvent: {}
[550.824493] (-) TimerEvent: {}
[550.924847] (-) TimerEvent: {}
[551.025390] (-) TimerEvent: {}
[551.125740] (-) TimerEvent: {}
[551.226492] (-) TimerEvent: {}
[551.326893] (-) TimerEvent: {}
[551.427290] (-) TimerEvent: {}
[551.527820] (-) TimerEvent: {}
[551.628296] (-) TimerEvent: {}
[551.728689] (-) TimerEvent: {}
[551.829414] (-) TimerEvent: {}
[551.929818] (-) TimerEvent: {}
[552.030176] (-) TimerEvent: {}
[552.130599] (-) TimerEvent: {}
[552.234430] (-) TimerEvent: {}
[552.334787] (-) TimerEvent: {}
[552.435154] (-) TimerEvent: {}
[552.536930] (-) TimerEvent: {}
[552.638069] (-) TimerEvent: {}
[552.738638] (-) TimerEvent: {}
[552.839086] (-) TimerEvent: {}
[552.940003] (-) TimerEvent: {}
[553.040387] (-) TimerEvent: {}
[553.140768] (-) TimerEvent: {}
[553.245453] (-) TimerEvent: {}
[553.345819] (-) TimerEvent: {}
[553.446368] (-) TimerEvent: {}
[553.546917] (-) TimerEvent: {}
[553.647358] (-) TimerEvent: {}
[553.747782] (-) TimerEvent: {}
[553.848599] (-) TimerEvent: {}
[553.949387] (-) TimerEvent: {}
[554.049779] (-) TimerEvent: {}
[554.150299] (-) TimerEvent: {}
[554.251648] (-) TimerEvent: {}
[554.352081] (-) TimerEvent: {}
[554.452459] (-) TimerEvent: {}
[554.552874] (-) TimerEvent: {}
[554.654570] (-) TimerEvent: {}
[554.754938] (-) TimerEvent: {}
[554.855296] (-) TimerEvent: {}
[554.961817] (-) TimerEvent: {}
[555.062191] (-) TimerEvent: {}
[555.162559] (-) TimerEvent: {}
[555.262904] (-) TimerEvent: {}
[555.363273] (-) TimerEvent: {}
[555.463635] (-) TimerEvent: {}
[555.564004] (-) TimerEvent: {}
[555.664387] (-) TimerEvent: {}
[555.764760] (-) TimerEvent: {}
[555.865121] (-) TimerEvent: {}
[555.965474] (-) TimerEvent: {}
[556.065865] (-) TimerEvent: {}
[556.166260] (-) TimerEvent: {}
[556.266654] (-) TimerEvent: {}
[556.368446] (-) TimerEvent: {}
[556.468812] (-) TimerEvent: {}
[556.569210] (-) TimerEvent: {}
[556.669577] (-) TimerEvent: {}
[556.769963] (-) TimerEvent: {}
[556.870363] (-) TimerEvent: {}
[556.978160] (-) TimerEvent: {}
[557.080078] (-) TimerEvent: {}
[557.180586] (-) TimerEvent: {}
[557.281223] (-) TimerEvent: {}
[557.381576] (-) TimerEvent: {}
[557.482174] (-) TimerEvent: {}
[557.582924] (-) TimerEvent: {}
[557.683279] (-) TimerEvent: {}
[557.783641] (-) TimerEvent: {}
[557.884255] (-) TimerEvent: {}
[557.984854] (-) TimerEvent: {}
[558.085241] (-) TimerEvent: {}
[558.185602] (-) TimerEvent: {}
[558.285987] (-) TimerEvent: {}
[558.386684] (-) TimerEvent: {}
[558.489926] (-) TimerEvent: {}
[558.590359] (-) TimerEvent: {}
[558.693098] (-) TimerEvent: {}
[558.793462] (-) TimerEvent: {}
[558.893849] (-) TimerEvent: {}
[558.994203] (-) TimerEvent: {}
[559.094618] (-) TimerEvent: {}
[559.194974] (-) TimerEvent: {}
[559.302338] (-) TimerEvent: {}
[559.402761] (-) TimerEvent: {}
[559.503277] (-) TimerEvent: {}
[559.603833] (-) TimerEvent: {}
[559.704713] (-) TimerEvent: {}
[559.811602] (-) TimerEvent: {}
[559.912210] (-) TimerEvent: {}
[560.014459] (-) TimerEvent: {}
[560.114854] (-) TimerEvent: {}
[560.215247] (-) TimerEvent: {}
[560.326407] (-) TimerEvent: {}
[560.426756] (-) TimerEvent: {}
[560.527122] (-) TimerEvent: {}
[560.627479] (-) TimerEvent: {}
[560.728043] (-) TimerEvent: {}
[560.828434] (-) TimerEvent: {}
[560.928861] (-) TimerEvent: {}
[561.013984] (plain_slam_ros2) StdoutLine: {'line': b'[100%] Linking CXX executable pc2_to_pcd_node\n'}
[561.028972] (-) TimerEvent: {}
[561.129341] (-) TimerEvent: {}
[561.229713] (-) TimerEvent: {}
[561.330069] (-) TimerEvent: {}
[561.430484] (-) TimerEvent: {}
[561.465840] (plain_slam_ros2) StdoutLine: {'line': b'[100%] Built target pc2_to_pcd_node\n'}
[561.504388] (plain_slam_ros2) CommandEnded: {'returncode': 0}
[561.530712] (-) TimerEvent: {}
[561.631177] (-) TimerEvent: {}
[561.731956] (-) TimerEvent: {}
[561.803163] (plain_slam_ros2) JobProgress: {'identifier': 'plain_slam_ros2', 'progress': 'install'}
[561.837376] (plain_slam_ros2) Command: {'cmd': ['/usr/bin/cmake', '--install', '/home/unitree/robotscene/ros2_ws/build/plain_slam_ros2'], 'cwd': '/home/unitree/robotscene/ros2_ws/build/plain_slam_ros2', 'env': OrderedDict([('HTTPS_PROXY', 'http://127.0.0.1:17891'), ('no_proxy', 'localhost,127.0.0.1,::1,192.168.123.0/24'), ('USER', 'unitree'), ('SSH_CLIENT', '192.168.123.99 55382 22'), ('LC_TIME', 'zh_CN.UTF-8'), ('all_proxy', 'socks5h://127.0.0.1:17891'), ('XDG_SESSION_TYPE', 'tty'), ('SHLVL', '0'), ('LD_LIBRARY_PATH', '/opt/ros/foxy/opt/yaml_cpp_vendor/lib:/opt/ros/foxy/opt/rviz_ogre_vendor/lib:/opt/ros/foxy/lib/aarch64-linux-gnu:/opt/ros/foxy/lib'), ('MOTD_SHOWN', 'pam'), ('HOME', '/home/unitree'), ('OLDPWD', '/home/unitree'), ('NO_PROXY', 'localhost,127.0.0.1,::1,192.168.123.0/24'), ('ROS_PYTHON_VERSION', '3'), ('LC_MONETARY', 'zh_CN.UTF-8'), ('DBUS_SESSION_BUS_ADDRESS', 'unix:path=/run/user/1000/bus'), ('https_proxy', 'http://127.0.0.1:17891'), ('ROS_DISTRO', 'foxy'), ('LOGNAME', 'unitree'), ('ALL_PROXY', 'socks5h://127.0.0.1:17891'), ('http_proxy', 'http://127.0.0.1:17891'), ('_', '/usr/bin/colcon'), ('ROS_VERSION', '2'), ('XDG_SESSION_CLASS', 'user'), ('XDG_SESSION_ID', '26'), ('ROS_LOCALHOST_ONLY', '0'), ('PATH', '/opt/ros/foxy/bin:/usr/local/sbin:/usr/local/bin:/usr/sbin:/usr/bin:/sbin:/bin:/usr/games:/usr/local/games:/snap/bin'), ('LC_ADDRESS', 'zh_CN.UTF-8'), ('XDG_RUNTIME_DIR', '/run/user/1000'), ('LANG', 'en_US.UTF-8'), ('LC_TELEPHONE', 'zh_CN.UTF-8'), ('AMENT_PREFIX_PATH', '/opt/ros/foxy'), ('SHELL', '/bin/bash'), ('LC_NAME', 'zh_CN.UTF-8'), ('LC_MEASUREMENT', 'zh_CN.UTF-8'), ('LC_IDENTIFICATION', 'zh_CN.UTF-8'), ('PWD', '/home/unitree/robotscene/ros2_ws/build/plain_slam_ros2'), ('SSH_CONNECTION', '192.168.123.99 55382 192.168.123.18 22'), ('PYTHONPATH', '/opt/ros/foxy/lib/python3.8/site-packages'), ('HTTP_PROXY', 'http://127.0.0.1:17891'), ('LC_NUMERIC', 'zh_CN.UTF-8'), ('LC_PAPER', 'zh_CN.UTF-8'), ('COLCON', '1'), ('CMAKE_PREFIX_PATH', '/opt/ros/foxy')]), 'shell': False}
[561.840286] (-) TimerEvent: {}
[561.867980] (plain_slam_ros2) StdoutLine: {'line': b'-- Install configuration: ""\n'}
[561.869196] (plain_slam_ros2) StdoutLine: {'line': b'-- Execute custom install script\n'}
[561.870031] (plain_slam_ros2) StdoutLine: {'line': b'-- Symlinking: /home/unitree/robotscene/ros2_ws/install/plain_slam_ros2/lib/plain_slam_ros2/lio_3d_node\n'}
[561.903171] (plain_slam_ros2) StdoutLine: {'line': b'-- Symlinking: /home/unitree/robotscene/ros2_ws/install/plain_slam_ros2/lib/plain_slam_ros2/slam_3d_node\n'}
[561.940452] (-) TimerEvent: {}
[561.967625] (plain_slam_ros2) StdoutLine: {'line': b'-- Symlinking: /home/unitree/robotscene/ros2_ws/install/plain_slam_ros2/lib/plain_slam_ros2/pc2_to_pcd_node\n'}
[562.008487] (plain_slam_ros2) StdoutLine: {'line': b'-- Symlinking: /home/unitree/robotscene/ros2_ws/install/plain_slam_ros2/lib/plain_slam_ros2/lidar_lidar_calibration_node\n'}
[562.040611] (-) TimerEvent: {}
[562.060537] (plain_slam_ros2) StdoutLine: {'line': b'-- Symlinking: /home/unitree/robotscene/ros2_ws/install/plain_slam_ros2/share/ament_index/resource_index/package_run_dependencies/plain_slam_ros2\n'}
[562.135961] (plain_slam_ros2) StdoutLine: {'line': b'-- Symlinking: /home/unitree/robotscene/ros2_ws/install/plain_slam_ros2/share/ament_index/resource_index/parent_prefix_path/plain_slam_ros2\n'}
[562.140759] (-) TimerEvent: {}
[562.188167] (plain_slam_ros2) StdoutLine: {'line': b'-- Symlinking: /home/unitree/robotscene/ros2_ws/install/plain_slam_ros2/share/plain_slam_ros2/environment/ament_prefix_path.sh\n'}
[562.218751] (plain_slam_ros2) StdoutLine: {'line': b'-- Symlinking: /home/unitree/robotscene/ros2_ws/install/plain_slam_ros2/share/plain_slam_ros2/environment/ament_prefix_path.dsv\n'}
[562.244601] (-) TimerEvent: {}
[562.245221] (plain_slam_ros2) StdoutLine: {'line': b'-- Symlinking: /home/unitree/robotscene/ros2_ws/install/plain_slam_ros2/share/plain_slam_ros2/environment/path.sh\n'}
[562.264436] (plain_slam_ros2) StdoutLine: {'line': b'-- Symlinking: /home/unitree/robotscene/ros2_ws/install/plain_slam_ros2/share/plain_slam_ros2/environment/path.dsv\n'}
[562.305172] (plain_slam_ros2) StdoutLine: {'line': b'-- Symlinking: /home/unitree/robotscene/ros2_ws/install/plain_slam_ros2/share/plain_slam_ros2/local_setup.bash\n'}
[562.345728] (-) TimerEvent: {}
[562.386788] (plain_slam_ros2) StdoutLine: {'line': b'-- Symlinking: /home/unitree/robotscene/ros2_ws/install/plain_slam_ros2/share/plain_slam_ros2/local_setup.sh\n'}
[562.439120] (plain_slam_ros2) StdoutLine: {'line': b'-- Symlinking: /home/unitree/robotscene/ros2_ws/install/plain_slam_ros2/share/plain_slam_ros2/local_setup.zsh\n'}
[562.446098] (-) TimerEvent: {}
[562.471264] (plain_slam_ros2) StdoutLine: {'line': b'-- Symlinking: /home/unitree/robotscene/ros2_ws/install/plain_slam_ros2/share/plain_slam_ros2/local_setup.dsv\n'}
[562.529080] (plain_slam_ros2) StdoutLine: {'line': b'-- Symlinking: /home/unitree/robotscene/ros2_ws/install/plain_slam_ros2/share/plain_slam_ros2/package.dsv\n'}
[562.546354] (-) TimerEvent: {}
[562.570207] (plain_slam_ros2) StdoutLine: {'line': b'-- Symlinking: /home/unitree/robotscene/ros2_ws/install/plain_slam_ros2/share/ament_index/resource_index/packages/plain_slam_ros2\n'}
[562.595326] (plain_slam_ros2) StdoutLine: {'line': b'-- Symlinking: /home/unitree/robotscene/ros2_ws/install/plain_slam_ros2/share/plain_slam_ros2/cmake/plain_slam_ros2Config.cmake\n'}
[562.640055] (plain_slam_ros2) StdoutLine: {'line': b'-- Symlinking: /home/unitree/robotscene/ros2_ws/install/plain_slam_ros2/share/plain_slam_ros2/cmake/plain_slam_ros2Config-version.cmake\n'}
[562.646486] (-) TimerEvent: {}
[562.667794] (plain_slam_ros2) StdoutLine: {'line': b'-- Symlinking: /home/unitree/robotscene/ros2_ws/install/plain_slam_ros2/share/plain_slam_ros2/package.xml\n'}
[562.706929] (plain_slam_ros2) StdoutLine: {'line': b'-- Symlinking: /home/unitree/robotscene/ros2_ws/install/plain_slam_ros2/share/plain_slam_ros2//launch/lio_3d.launch.py\n'}
[562.737159] (plain_slam_ros2) StdoutLine: {'line': b'-- Symlinking: /home/unitree/robotscene/ros2_ws/install/plain_slam_ros2/share/plain_slam_ros2//launch/slam_3d.launch.py\n'}
[562.747168] (-) TimerEvent: {}
[562.763278] (plain_slam_ros2) StdoutLine: {'line': b'-- Symlinking: /home/unitree/robotscene/ros2_ws/install/plain_slam_ros2/share/plain_slam_ros2//config/lio_3d.rviz\n'}
[562.816721] (plain_slam_ros2) StdoutLine: {'line': b'-- Symlinking: /home/unitree/robotscene/ros2_ws/install/plain_slam_ros2/share/plain_slam_ros2//config/lio_3d_config.yaml\n'}
[562.842774] (plain_slam_ros2) StdoutLine: {'line': b'-- Symlinking: /home/unitree/robotscene/ros2_ws/install/plain_slam_ros2/share/plain_slam_ros2//config/lio_3d_params.yaml\n'}
[562.847321] (-) TimerEvent: {}
[562.894291] (plain_slam_ros2) StdoutLine: {'line': b'-- Symlinking: /home/unitree/robotscene/ros2_ws/install/plain_slam_ros2/share/plain_slam_ros2//config/slam_3d.rviz\n'}
[562.937508] (plain_slam_ros2) StdoutLine: {'line': b'-- Symlinking: /home/unitree/robotscene/ros2_ws/install/plain_slam_ros2/share/plain_slam_ros2//config/slam_3d_config.yaml\n'}
[562.947489] (-) TimerEvent: {}
[562.978153] (plain_slam_ros2) StdoutLine: {'line': b'-- Symlinking: /home/unitree/robotscene/ros2_ws/install/plain_slam_ros2/share/plain_slam_ros2//config/slam_3d_params.yaml\n'}
[563.021351] (plain_slam_ros2) CommandEnded: {'returncode': 0}
[563.053597] (-) TimerEvent: {}
[563.171733] (-) TimerEvent: {}
[563.274525] (-) TimerEvent: {}
[563.375107] (-) TimerEvent: {}
[563.475841] (-) TimerEvent: {}
[563.577329] (-) TimerEvent: {}
[563.680680] (-) TimerEvent: {}
[563.783256] (-) TimerEvent: {}
[563.890357] (-) TimerEvent: {}
[563.994708] (-) TimerEvent: {}
[564.095134] (-) TimerEvent: {}
[564.196754] (-) TimerEvent: {}
[564.298163] (-) TimerEvent: {}
[564.402788] (-) TimerEvent: {}
[564.503247] (-) TimerEvent: {}
[564.520676] (plain_slam_ros2) JobEnded: {'identifier': 'plain_slam_ros2', 'rc': 0}
[564.522736] (-) EventReactorShutdown: {}
