[manual-web-demo-worker] init failure: ModuleNotFoundError: No module named 'rclpy'
[manual-web-demo-worker] init failure: ModuleNotFoundError: No module named 'rclpy'
[manual-web-demo-worker] init failure: ModuleNotFoundError: No module named 'rclpy'
[manual-web-demo-worker] init failure: ModuleNotFoundError: No module named 'rclpy'
[manual-web-demo-worker] init failure: ModuleNotFoundError: No module named 'rclpy'
[manual-web-demo-worker] init failure: ModuleNotFoundError: No module named 'rclpy'
[manual-web-demo-worker] init failure: ModuleNotFoundError: No module named 'rclpy'
1787548850.164674 [0]    python3: config: //CycloneDDS/Domain/General: Interfaces: unknown element (file:///home/unitree/robotscene/runtime/go2w/cyclonedds_eth0.xml line 5)
1787548850.164921 [0]    python3: config: //CycloneDDS/Domain/Internal: SocketReceiveBufferSize: unknown element (line 17)
1787548850.165011 [0]    python3: config: //CycloneDDS/Domain/Internal: SocketSendBufferSize: unknown element (line 18)
[ERROR] [1787548850.165192128] [rmw_cyclonedds_cpp]: rmw_create_node: failed to create domain, error Error

>>> [rcutils|error_handling.c:108] rcutils_set_error_state()
This error state is being overwritten:

  'error not set, at /tmp/binarydeb/ros-foxy-rcl-1.1.14/src/rcl/node.c:276'

with this new error message:

  'rcl node's rmw handle is invalid, at /tmp/binarydeb/ros-foxy-rcl-1.1.14/src/rcl/node.c:428'

rcutils_reset_error() should be called after error handling to avoid this.
<<<
[ERROR] [1787548850.165407200] [rcl]: Failed to fini publisher for node: 1
[manual-web-demo-worker] init failure: RCLError: Unknown error creating node: rcl node's rmw handle is invalid, at /tmp/binarydeb/ros-foxy-rcl-1.1.14/src/rcl/node.c:428
1787548851.243584 [0]    python3: config: //CycloneDDS/Domain/General: Interfaces: unknown element (file:///home/unitree/robotscene/runtime/go2w/cyclonedds_eth0.xml line 5)
1787548851.243728 [0]    python3: config: //CycloneDDS/Domain/Internal: SocketReceiveBufferSize: unknown element (line 17)
1787548851.243748 [0]    python3: config: //CycloneDDS/Domain/Internal: SocketSendBufferSize: unknown element (line 18)
[ERROR] [1787548851.243859264] [rmw_cyclonedds_cpp]: rmw_create_node: failed to create domain, error Error

>>> [rcutils|error_handling.c:108] rcutils_set_error_state()
This error state is being overwritten:

  'error not set, at /tmp/binarydeb/ros-foxy-rcl-1.1.14/src/rcl/node.c:276'

with this new error message:

  'rcl node's rmw handle is invalid, at /tmp/binarydeb/ros-foxy-rcl-1.1.14/src/rcl/node.c:428'

rcutils_reset_error() should be called after error handling to avoid this.
<<<
[ERROR] [1787548851.243960832] [rcl]: Failed to fini publisher for node: 1
[manual-web-demo-worker] init failure: RCLError: Unknown error creating node: rcl node's rmw handle is invalid, at /tmp/binarydeb/ros-foxy-rcl-1.1.14/src/rcl/node.c:428
1787548853.338334 [0]    python3: config: //CycloneDDS/Domain/General: Interfaces: unknown element (file:///home/unitree/robotscene/runtime/go2w/cyclonedds_eth0.xml line 5)
1787548853.338473 [0]    python3: config: //CycloneDDS/Domain/Internal: SocketReceiveBufferSize: unknown element (line 17)
1787548853.338500 [0]    python3: config: //CycloneDDS/Domain/Internal: SocketSendBufferSize: unknown element (line 18)
[ERROR] [1787548853.338606080] [rmw_cyclonedds_cpp]: rmw_create_node: failed to create domain, error Error

>>> [rcutils|error_handling.c:108] rcutils_set_error_state()
This error state is being overwritten:

  'error not set, at /tmp/binarydeb/ros-foxy-rcl-1.1.14/src/rcl/node.c:276'

with this new error message:

  'rcl node's rmw handle is invalid, at /tmp/binarydeb/ros-foxy-rcl-1.1.14/src/rcl/node.c:428'

rcutils_reset_error() should be called after error handling to avoid this.
<<<
[ERROR] [1787548853.338701472] [rcl]: Failed to fini publisher for node: 1
[manual-web-demo-worker] init failure: RCLError: Unknown error creating node: rcl node's rmw handle is invalid, at /tmp/binarydeb/ros-foxy-rcl-1.1.14/src/rcl/node.c:428
1787548855.339270 [0]    python3: config: //CycloneDDS/Domain/General: Interfaces: unknown element (file:///home/unitree/robotscene/runtime/go2w/cyclonedds_eth0.xml line 5)
1787548855.339595 [0]    python3: config: //CycloneDDS/Domain/Internal: SocketReceiveBufferSize: unknown element (line 17)
1787548855.339692 [0]    python3: config: //CycloneDDS/Domain/Internal: SocketSendBufferSize: unknown element (line 18)
[ERROR] [1787548855.339876480] [rmw_cyclonedds_cpp]: rmw_create_node: failed to create domain, error Error

>>> [rcutils|error_handling.c:108] rcutils_set_error_state()
This error state is being overwritten:

  'error not set, at /tmp/binarydeb/ros-foxy-rcl-1.1.14/src/rcl/node.c:276'

with this new error message:

  'rcl node's rmw handle is invalid, at /tmp/binarydeb/ros-foxy-rcl-1.1.14/src/rcl/node.c:428'

rcutils_reset_error() should be called after error handling to avoid this.
<<<
[ERROR] [1787548855.340104672] [rcl]: Failed to fini publisher for node: 1
[manual-web-demo-worker] init failure: RCLError: Unknown error creating node: rcl node's rmw handle is invalid, at /tmp/binarydeb/ros-foxy-rcl-1.1.14/src/rcl/node.c:428
1787548857.494114 [0]    python3: config: //CycloneDDS/Domain/General: Interfaces: unknown element (file:///home/unitree/robotscene/runtime/go2w/cyclonedds_eth0.xml line 5)
1787548857.495461 [0]    python3: config: //CycloneDDS/Domain/Internal: SocketReceiveBufferSize: unknown element (line 17)
1787548857.495658 [0]    python3: config: //CycloneDDS/Domain/Internal: SocketSendBufferSize: unknown element (line 18)
[ERROR] [1787548857.495877280] [rmw_cyclonedds_cpp]: rmw_create_node: failed to create domain, error Error

>>> [rcutils|error_handling.c:108] rcutils_set_error_state()
This error state is being overwritten:

  'error not set, at /tmp/binarydeb/ros-foxy-rcl-1.1.14/src/rcl/node.c:276'

with this new error message:

  'rcl node's rmw handle is invalid, at /tmp/binarydeb/ros-foxy-rcl-1.1.14/src/rcl/node.c:428'

rcutils_reset_error() should be called after error handling to avoid this.
<<<
[ERROR] [1787548857.496313952] [rcl]: Failed to fini publisher for node: 1
[manual-web-demo-worker] init failure: RCLError: Unknown error creating node: rcl node's rmw handle is invalid, at /tmp/binarydeb/ros-foxy-rcl-1.1.14/src/rcl/node.c:428
1787548859.832608 [0]    python3: config: //CycloneDDS/Domain/General: Interfaces: unknown element (file:///home/unitree/robotscene/runtime/go2w/cyclonedds_eth0.xml line 5)
1787548859.832947 [0]    python3: config: //CycloneDDS/Domain/Internal: SocketReceiveBufferSize: unknown element (line 17)
1787548859.833059 [0]    python3: config: //CycloneDDS/Domain/Internal: SocketSendBufferSize: unknown element (line 18)
[ERROR] [1787548859.833253024] [rmw_cyclonedds_cpp]: rmw_create_node: failed to create domain, error Error

>>> [rcutils|error_handling.c:108] rcutils_set_error_state()
This error state is being overwritten:

  'error not set, at /tmp/binarydeb/ros-foxy-rcl-1.1.14/src/rcl/node.c:276'

with this new error message:

  'rcl node's rmw handle is invalid, at /tmp/binarydeb/ros-foxy-rcl-1.1.14/src/rcl/node.c:428'

rcutils_reset_error() should be called after error handling to avoid this.
<<<
[ERROR] [1787548859.833513280] [rcl]: Failed to fini publisher for node: 1
[manual-web-demo-worker] init failure: RCLError: Unknown error creating node: rcl node's rmw handle is invalid, at /tmp/binarydeb/ros-foxy-rcl-1.1.14/src/rcl/node.c:428
1787548861.713112 [0]    python3: config: //CycloneDDS/Domain/General: Interfaces: unknown element (file:///home/unitree/robotscene/runtime/go2w/cyclonedds_eth0.xml line 5)
1787548861.717781 [0]    python3: config: //CycloneDDS/Domain/Internal: SocketReceiveBufferSize: unknown element (line 17)
1787548861.719231 [0]    python3: config: //CycloneDDS/Domain/Internal: SocketSendBufferSize: unknown element (line 18)
[ERROR] [1787548861.719605568] [rmw_cyclonedds_cpp]: rmw_create_node: failed to create domain, error Error

>>> [rcutils|error_handling.c:108] rcutils_set_error_state()
This error state is being overwritten:

  'error not set, at /tmp/binarydeb/ros-foxy-rcl-1.1.14/src/rcl/node.c:276'

with this new error message:

  'rcl node's rmw handle is invalid, at /tmp/binarydeb/ros-foxy-rcl-1.1.14/src/rcl/node.c:428'

rcutils_reset_error() should be called after error handling to avoid this.
<<<
[ERROR] [1787548861.720250816] [rcl]: Failed to fini publisher for node: 1
[manual-web-demo-worker] init failure: RCLError: Unknown error creating node: rcl node's rmw handle is invalid, at /tmp/binarydeb/ros-foxy-rcl-1.1.14/src/rcl/node.c:428
1787548863.604703 [0]    python3: config: //CycloneDDS/Domain/General: Interfaces: unknown element (file:///home/unitree/robotscene/runtime/go2w/cyclonedds_eth0.xml line 5)
1787548863.609343 [0]    python3: config: //CycloneDDS/Domain/Internal: SocketReceiveBufferSize: unknown element (line 17)
1787548863.609629 [0]    python3: config: //CycloneDDS/Domain/Internal: SocketSendBufferSize: unknown element (line 18)
[ERROR] [1787548863.609872768] [rmw_cyclonedds_cpp]: rmw_create_node: failed to create domain, error Error

>>> [rcutils|error_handling.c:108] rcutils_set_error_state()
This error state is being overwritten:

  'error not set, at /tmp/binarydeb/ros-foxy-rcl-1.1.14/src/rcl/node.c:276'

with this new error message:

  'rcl node's rmw handle is invalid, at /tmp/binarydeb/ros-foxy-rcl-1.1.14/src/rcl/node.c:428'

rcutils_reset_error() should be called after error handling to avoid this.
<<<
[ERROR] [1787548863.610372352] [rcl]: Failed to fini publisher for node: 1
[manual-web-demo-worker] init failure: RCLError: Unknown error creating node: rcl node's rmw handle is invalid, at /tmp/binarydeb/ros-foxy-rcl-1.1.14/src/rcl/node.c:428
1787548865.833542 [0]    python3: config: //CycloneDDS/Domain/General: Interfaces: unknown element (file:///home/unitree/robotscene/runtime/go2w/cyclonedds_eth0.xml line 5)
1787548865.833853 [0]    python3: config: //CycloneDDS/Domain/Internal: SocketReceiveBufferSize: unknown element (line 17)
1787548865.833956 [0]    python3: config: //CycloneDDS/Domain/Internal: SocketSendBufferSize: unknown element (line 18)
[ERROR] [1787548865.834173440] [rmw_cyclonedds_cpp]: rmw_create_node: failed to create domain, error Error

>>> [rcutils|error_handling.c:108] rcutils_set_error_state()
This error state is being overwritten:

  'error not set, at /tmp/binarydeb/ros-foxy-rcl-1.1.14/src/rcl/node.c:276'

with this new error message:

  'rcl node's rmw handle is invalid, at /tmp/binarydeb/ros-foxy-rcl-1.1.14/src/rcl/node.c:428'

rcutils_reset_error() should be called after error handling to avoid this.
<<<
[ERROR] [1787548865.834422912] [rcl]: Failed to fini publisher for node: 1
[manual-web-demo-worker] init failure: RCLError: Unknown error creating node: rcl node's rmw handle is invalid, at /tmp/binarydeb/ros-foxy-rcl-1.1.14/src/rcl/node.c:428
1787548867.567113 [0]    python3: config: //CycloneDDS/Domain/General: Interfaces: unknown element (file:///home/unitree/robotscene/runtime/go2w/cyclonedds_eth0.xml line 5)
1787548867.568469 [0]    python3: config: //CycloneDDS/Domain/Internal: SocketReceiveBufferSize: unknown element (line 17)
1787548867.568671 [0]    python3: config: //CycloneDDS/Domain/Internal: SocketSendBufferSize: unknown element (line 18)
[ERROR] [1787548867.568900256] [rmw_cyclonedds_cpp]: rmw_create_node: failed to create domain, error Error

>>> [rcutils|error_handling.c:108] rcutils_set_error_state()
This error state is being overwritten:

  'error not set, at /tmp/binarydeb/ros-foxy-rcl-1.1.14/src/rcl/node.c:276'

with this new error message:

  'rcl node's rmw handle is invalid, at /tmp/binarydeb/ros-foxy-rcl-1.1.14/src/rcl/node.c:428'

rcutils_reset_error() should be called after error handling to avoid this.
<<<
[ERROR] [1787548867.569347040] [rcl]: Failed to fini publisher for node: 1
[manual-web-demo-worker] init failure: RCLError: Unknown error creating node: rcl node's rmw handle is invalid, at /tmp/binarydeb/ros-foxy-rcl-1.1.14/src/rcl/node.c:428
1787548869.515344 [0]    python3: config: //CycloneDDS/Domain/General: Interfaces: unknown element (file:///home/unitree/robotscene/runtime/go2w/cyclonedds_eth0.xml line 5)
1787548869.515926 [0]    python3: config: //CycloneDDS/Domain/Internal: SocketReceiveBufferSize: unknown element (line 17)
1787548869.515986 [0]    python3: config: //CycloneDDS/Domain/Internal: SocketSendBufferSize: unknown element (line 18)
[ERROR] [1787548869.516127008] [rmw_cyclonedds_cpp]: rmw_create_node: failed to create domain, error Error

>>> [rcutils|error_handling.c:108] rcutils_set_error_state()
This error state is being overwritten:

  'error not set, at /tmp/binarydeb/ros-foxy-rcl-1.1.14/src/rcl/node.c:276'

with this new error message:

  'rcl node's rmw handle is invalid, at /tmp/binarydeb/ros-foxy-rcl-1.1.14/src/rcl/node.c:428'

rcutils_reset_error() should be called after error handling to avoid this.
<<<
[ERROR] [1787548869.516210176] [rcl]: Failed to fini publisher for node: 1
[manual-web-demo-worker] init failure: RCLError: Unknown error creating node: rcl node's rmw handle is invalid, at /tmp/binarydeb/ros-foxy-rcl-1.1.14/src/rcl/node.c:428
1787548871.762306 [0]    python3: config: //CycloneDDS/Domain/General: Interfaces: unknown element (file:///home/unitree/robotscene/runtime/go2w/cyclonedds_eth0.xml line 5)
1787548871.762452 [0]    python3: config: //CycloneDDS/Domain/Internal: SocketReceiveBufferSize: unknown element (line 17)
1787548871.762473 [0]    python3: config: //CycloneDDS/Domain/Internal: SocketSendBufferSize: unknown element (line 18)
[ERROR] [1787548871.762579808] [rmw_cyclonedds_cpp]: rmw_create_node: failed to create domain, error Error

>>> [rcutils|error_handling.c:108] rcutils_set_error_state()
This error state is being overwritten:

  'error not set, at /tmp/binarydeb/ros-foxy-rcl-1.1.14/src/rcl/node.c:276'

with this new error message:

  'rcl node's rmw handle is invalid, at /tmp/binarydeb/ros-foxy-rcl-1.1.14/src/rcl/node.c:428'

rcutils_reset_error() should be called after error handling to avoid this.
<<<
[ERROR] [1787548871.762681568] [rcl]: Failed to fini publisher for node: 1
[manual-web-demo-worker] init failure: RCLError: Unknown error creating node: rcl node's rmw handle is invalid, at /tmp/binarydeb/ros-foxy-rcl-1.1.14/src/rcl/node.c:428
1787548873.994879 [0]    python3: config: //CycloneDDS/Domain/General: Interfaces: unknown element (file:///home/unitree/robotscene/runtime/go2w/cyclonedds_eth0.xml line 5)
1787548874.001516 [0]    python3: config: //CycloneDDS/Domain/Internal: SocketReceiveBufferSize: unknown element (line 17)
1787548874.001926 [0]    python3: config: //CycloneDDS/Domain/Internal: SocketSendBufferSize: unknown element (line 18)
[ERROR] [1787548874.002210272] [rmw_cyclonedds_cpp]: rmw_create_node: failed to create domain, error Error

>>> [rcutils|error_handling.c:108] rcutils_set_error_state()
This error state is being overwritten:

  'error not set, at /tmp/binarydeb/ros-foxy-rcl-1.1.14/src/rcl/node.c:276'

with this new error message:

  'rcl node's rmw handle is invalid, at /tmp/binarydeb/ros-foxy-rcl-1.1.14/src/rcl/node.c:428'

rcutils_reset_error() should be called after error handling to avoid this.
<<<
[ERROR] [1787548874.002748768] [rcl]: Failed to fini publisher for node: 1
[manual-web-demo-worker] init failure: RCLError: Unknown error creating node: rcl node's rmw handle is invalid, at /tmp/binarydeb/ros-foxy-rcl-1.1.14/src/rcl/node.c:428
1787548875.896224 [0]    python3: config: //CycloneDDS/Domain/General: Interfaces: unknown element (file:///home/unitree/robotscene/runtime/go2w/cyclonedds_eth0.xml line 5)
1787548875.897455 [0]    python3: config: //CycloneDDS/Domain/Internal: SocketReceiveBufferSize: unknown element (line 17)
1787548875.897663 [0]    python3: config: //CycloneDDS/Domain/Internal: SocketSendBufferSize: unknown element (line 18)
[ERROR] [1787548875.897893920] [rmw_cyclonedds_cpp]: rmw_create_node: failed to create domain, error Error

>>> [rcutils|error_handling.c:108] rcutils_set_error_state()
This error state is being overwritten:

  'error not set, at /tmp/binarydeb/ros-foxy-rcl-1.1.14/src/rcl/node.c:276'

with this new error message:

  'rcl node's rmw handle is invalid, at /tmp/binarydeb/ros-foxy-rcl-1.1.14/src/rcl/node.c:428'

rcutils_reset_error() should be called after error handling to avoid this.
<<<
[ERROR] [1787548875.898406400] [rcl]: Failed to fini publisher for node: 1
[manual-web-demo-worker] init failure: RCLError: Unknown error creating node: rcl node's rmw handle is invalid, at /tmp/binarydeb/ros-foxy-rcl-1.1.14/src/rcl/node.c:428
1787548878.120200 [0]    python3: config: //CycloneDDS/Domain/General: Interfaces: unknown element (file:///home/unitree/robotscene/runtime/go2w/cyclonedds_eth0.xml line 5)
1787548878.120660 [0]    python3: config: //CycloneDDS/Domain/Internal: SocketReceiveBufferSize: unknown element (line 17)
1787548878.120830 [0]    python3: config: //CycloneDDS/Domain/Internal: SocketSendBufferSize: unknown element (line 18)
[ERROR] [1787548878.121070464] [rmw_cyclonedds_cpp]: rmw_create_node: failed to create domain, error Error

>>> [rcutils|error_handling.c:108] rcutils_set_error_state()
This error state is being overwritten:

  'error not set, at /tmp/binarydeb/ros-foxy-rcl-1.1.14/src/rcl/node.c:276'

with this new error message:

  'rcl node's rmw handle is invalid, at /tmp/binarydeb/ros-foxy-rcl-1.1.14/src/rcl/node.c:428'

rcutils_reset_error() should be called after error handling to avoid this.
<<<
[ERROR] [1787548878.121306048] [rcl]: Failed to fini publisher for node: 1
[manual-web-demo-worker] init failure: RCLError: Unknown error creating node: rcl node's rmw handle is invalid, at /tmp/binarydeb/ros-foxy-rcl-1.1.14/src/rcl/node.c:428
1787548880.087503 [0]    python3: config: //CycloneDDS/Domain/General: Interfaces: unknown element (file:///home/unitree/robotscene/runtime/go2w/cyclonedds_eth0.xml line 5)
1787548880.087778 [0]    python3: config: //CycloneDDS/Domain/Internal: SocketReceiveBufferSize: unknown element (line 17)
1787548880.087892 [0]    python3: config: //CycloneDDS/Domain/Internal: SocketSendBufferSize: unknown element (line 18)
[ERROR] [1787548880.088102048] [rmw_cyclonedds_cpp]: rmw_create_node: failed to create domain, error Error

>>> [rcutils|error_handling.c:108] rcutils_set_error_state()
This error state is being overwritten:

  'error not set, at /tmp/binarydeb/ros-foxy-rcl-1.1.14/src/rcl/node.c:276'

with this new error message:

  'rcl node's rmw handle is invalid, at /tmp/binarydeb/ros-foxy-rcl-1.1.14/src/rcl/node.c:428'

rcutils_reset_error() should be called after error handling to avoid this.
<<<
[ERROR] [1787548880.088407936] [rcl]: Failed to fini publisher for node: 1
[manual-web-demo-worker] init failure: RCLError: Unknown error creating node: rcl node's rmw handle is invalid, at /tmp/binarydeb/ros-foxy-rcl-1.1.14/src/rcl/node.c:428
1787548882.047365 [0]    python3: config: //CycloneDDS/Domain/General: Interfaces: unknown element (file:///home/unitree/robotscene/runtime/go2w/cyclonedds_eth0.xml line 5)
1787548882.047551 [0]    python3: config: //CycloneDDS/Domain/Internal: SocketReceiveBufferSize: unknown element (line 17)
1787548882.047573 [0]    python3: config: //CycloneDDS/Domain/Internal: SocketSendBufferSize: unknown element (line 18)
[ERROR] [1787548882.047692032] [rmw_cyclonedds_cpp]: rmw_create_node: failed to create domain, error Error

>>> [rcutils|error_handling.c:108] rcutils_set_error_state()
This error state is being overwritten:

  'error not set, at /tmp/binarydeb/ros-foxy-rcl-1.1.14/src/rcl/node.c:276'

with this new error message:

  'rcl node's rmw handle is invalid, at /tmp/binarydeb/ros-foxy-rcl-1.1.14/src/rcl/node.c:428'

rcutils_reset_error() should be called after error handling to avoid this.
<<<
[ERROR] [1787548882.047842080] [rcl]: Failed to fini publisher for node: 1
[manual-web-demo-worker] init failure: RCLError: Unknown error creating node: rcl node's rmw handle is invalid, at /tmp/binarydeb/ros-foxy-rcl-1.1.14/src/rcl/node.c:428
1787548884.140564 [0]    python3: config: //CycloneDDS/Domain/General: Interfaces: unknown element (file:///home/unitree/robotscene/runtime/go2w/cyclonedds_eth0.xml line 5)
1787548884.140858 [0]    python3: config: //CycloneDDS/Domain/Internal: SocketReceiveBufferSize: unknown element (line 17)
1787548884.140968 [0]    python3: config: //CycloneDDS/Domain/Internal: SocketSendBufferSize: unknown element (line 18)
[ERROR] [1787548884.141191072] [rmw_cyclonedds_cpp]: rmw_create_node: failed to create domain, error Error

>>> [rcutils|error_handling.c:108] rcutils_set_error_state()
This error state is being overwritten:

  'error not set, at /tmp/binarydeb/ros-foxy-rcl-1.1.14/src/rcl/node.c:276'

with this new error message:

  'rcl node's rmw handle is invalid, at /tmp/binarydeb/ros-foxy-rcl-1.1.14/src/rcl/node.c:428'

rcutils_reset_error() should be called after error handling to avoid this.
<<<
[ERROR] [1787548884.141444448] [rcl]: Failed to fini publisher for node: 1
[manual-web-demo-worker] init failure: RCLError: Unknown error creating node: rcl node's rmw handle is invalid, at /tmp/binarydeb/ros-foxy-rcl-1.1.14/src/rcl/node.c:428
1787548886.193509 [0]    python3: config: //CycloneDDS/Domain/General: Interfaces: unknown element (file:///home/unitree/robotscene/runtime/go2w/cyclonedds_eth0.xml line 5)
1787548886.193657 [0]    python3: config: //CycloneDDS/Domain/Internal: SocketReceiveBufferSize: unknown element (line 17)
1787548886.193676 [0]    python3: config: //CycloneDDS/Domain/Internal: SocketSendBufferSize: unknown element (line 18)
[ERROR] [1787548886.193782528] [rmw_cyclonedds_cpp]: rmw_create_node: failed to create domain, error Error

>>> [rcutils|error_handling.c:108] rcutils_set_error_state()
This error state is being overwritten:

  'error not set, at /tmp/binarydeb/ros-foxy-rcl-1.1.14/src/rcl/node.c:276'

with this new error message:

  'rcl node's rmw handle is invalid, at /tmp/binarydeb/ros-foxy-rcl-1.1.14/src/rcl/node.c:428'

rcutils_reset_error() should be called after error handling to avoid this.
<<<
[ERROR] [1787548886.193902176] [rcl]: Failed to fini publisher for node: 1
[manual-web-demo-worker] init failure: RCLError: Unknown error creating node: rcl node's rmw handle is invalid, at /tmp/binarydeb/ros-foxy-rcl-1.1.14/src/rcl/node.c:428
1787548888.283372 [0]    python3: config: //CycloneDDS/Domain/General: Interfaces: unknown element (file:///home/unitree/robotscene/runtime/go2w/cyclonedds_eth0.xml line 5)
1787548888.284416 [0]    python3: config: //CycloneDDS/Domain/Internal: SocketReceiveBufferSize: unknown element (line 17)
1787548888.284912 [0]    python3: config: //CycloneDDS/Domain/Internal: SocketSendBufferSize: unknown element (line 18)
[ERROR] [1787548888.285234848] [rmw_cyclonedds_cpp]: rmw_create_node: failed to create domain, error Error

>>> [rcutils|error_handling.c:108] rcutils_set_error_state()
This error state is being overwritten:

  'error not set, at /tmp/binarydeb/ros-foxy-rcl-1.1.14/src/rcl/node.c:276'

with this new error message:

  'rcl node's rmw handle is invalid, at /tmp/binarydeb/ros-foxy-rcl-1.1.14/src/rcl/node.c:428'

rcutils_reset_error() should be called after error handling to avoid this.
<<<
[ERROR] [1787548888.286060384] [rcl]: Failed to fini publisher for node: 1
[manual-web-demo-worker] init failure: RCLError: Unknown error creating node: rcl node's rmw handle is invalid, at /tmp/binarydeb/ros-foxy-rcl-1.1.14/src/rcl/node.c:428
1787548889.947627 [0]    python3: config: //CycloneDDS/Domain/General: Interfaces: unknown element (file:///home/unitree/robotscene/runtime/go2w/cyclonedds_eth0.xml line 5)
1787548889.953338 [0]    python3: config: //CycloneDDS/Domain/Internal: SocketReceiveBufferSize: unknown element (line 17)
1787548889.953682 [0]    python3: config: //CycloneDDS/Domain/Internal: SocketSendBufferSize: unknown element (line 18)
[ERROR] [1787548889.953957952] [rmw_cyclonedds_cpp]: rmw_create_node: failed to create domain, error Error

>>> [rcutils|error_handling.c:108] rcutils_set_error_state()
This error state is being overwritten:

  'error not set, at /tmp/binarydeb/ros-foxy-rcl-1.1.14/src/rcl/node.c:276'

with this new error message:

  'rcl node's rmw handle is invalid, at /tmp/binarydeb/ros-foxy-rcl-1.1.14/src/rcl/node.c:428'

rcutils_reset_error() should be called after error handling to avoid this.
<<<
[ERROR] [1787548889.954485568] [rcl]: Failed to fini publisher for node: 1
[manual-web-demo-worker] init failure: RCLError: Unknown error creating node: rcl node's rmw handle is invalid, at /tmp/binarydeb/ros-foxy-rcl-1.1.14/src/rcl/node.c:428
1787548891.999753 [0]    python3: config: //CycloneDDS/Domain/General: Interfaces: unknown element (file:///home/unitree/robotscene/runtime/go2w/cyclonedds_eth0.xml line 5)
1787548891.999896 [0]    python3: config: //CycloneDDS/Domain/Internal: SocketReceiveBufferSize: unknown element (line 17)
1787548891.999917 [0]    python3: config: //CycloneDDS/Domain/Internal: SocketSendBufferSize: unknown element (line 18)
[ERROR] [1787548892.000029664] [rmw_cyclonedds_cpp]: rmw_create_node: failed to create domain, error Error

>>> [rcutils|error_handling.c:108] rcutils_set_error_state()
This error state is being overwritten:

  'error not set, at /tmp/binarydeb/ros-foxy-rcl-1.1.14/src/rcl/node.c:276'

with this new error message:

  'rcl node's rmw handle is invalid, at /tmp/binarydeb/ros-foxy-rcl-1.1.14/src/rcl/node.c:428'

rcutils_reset_error() should be called after error handling to avoid this.
<<<
[ERROR] [1787548892.000117664] [rcl]: Failed to fini publisher for node: 1
[manual-web-demo-worker] init failure: RCLError: Unknown error creating node: rcl node's rmw handle is invalid, at /tmp/binarydeb/ros-foxy-rcl-1.1.14/src/rcl/node.c:428
1787548894.172288 [0]    python3: config: //CycloneDDS/Domain/General: Interfaces: unknown element (file:///home/unitree/robotscene/runtime/go2w/cyclonedds_eth0.xml line 5)
1787548894.188690 [0]    python3: config: //CycloneDDS/Domain/Internal: SocketReceiveBufferSize: unknown element (line 17)
1787548894.188798 [0]    python3: config: //CycloneDDS/Domain/Internal: SocketSendBufferSize: unknown element (line 18)
[ERROR] [1787548894.189022176] [rmw_cyclonedds_cpp]: rmw_create_node: failed to create domain, error Error

>>> [rcutils|error_handling.c:108] rcutils_set_error_state()
This error state is being overwritten:

  'error not set, at /tmp/binarydeb/ros-foxy-rcl-1.1.14/src/rcl/node.c:276'

with this new error message:

  'rcl node's rmw handle is invalid, at /tmp/binarydeb/ros-foxy-rcl-1.1.14/src/rcl/node.c:428'

rcutils_reset_error() should be called after error handling to avoid this.
<<<
[ERROR] [1787548894.189565184] [rcl]: Failed to fini publisher for node: 1
[manual-web-demo-worker] init failure: RCLError: Unknown error creating node: rcl node's rmw handle is invalid, at /tmp/binarydeb/ros-foxy-rcl-1.1.14/src/rcl/node.c:428
1787548895.922962 [0]    python3: config: //CycloneDDS/Domain/General: Interfaces: unknown element (file:///home/unitree/robotscene/runtime/go2w/cyclonedds_eth0.xml line 5)
1787548895.923267 [0]    python3: config: //CycloneDDS/Domain/Internal: SocketReceiveBufferSize: unknown element (line 17)
1787548895.923362 [0]    python3: config: //CycloneDDS/Domain/Internal: SocketSendBufferSize: unknown element (line 18)
[ERROR] [1787548895.923548256] [rmw_cyclonedds_cpp]: rmw_create_node: failed to create domain, error Error

>>> [rcutils|error_handling.c:108] rcutils_set_error_state()
This error state is being overwritten:

  'error not set, at /tmp/binarydeb/ros-foxy-rcl-1.1.14/src/rcl/node.c:276'

with this new error message:

  'rcl node's rmw handle is invalid, at /tmp/binarydeb/ros-foxy-rcl-1.1.14/src/rcl/node.c:428'

rcutils_reset_error() should be called after error handling to avoid this.
<<<
[ERROR] [1787548895.923791360] [rcl]: Failed to fini publisher for node: 1
[manual-web-demo-worker] init failure: RCLError: Unknown error creating node: rcl node's rmw handle is invalid, at /tmp/binarydeb/ros-foxy-rcl-1.1.14/src/rcl/node.c:428
1787548897.995343 [0]    python3: config: //CycloneDDS/Domain/General: Interfaces: unknown element (file:///home/unitree/robotscene/runtime/go2w/cyclonedds_eth0.xml line 5)
1787548897.995668 [0]    python3: config: //CycloneDDS/Domain/Internal: SocketReceiveBufferSize: unknown element (line 17)
1787548897.995793 [0]    python3: config: //CycloneDDS/Domain/Internal: SocketSendBufferSize: unknown element (line 18)
[ERROR] [1787548897.996018848] [rmw_cyclonedds_cpp]: rmw_create_node: failed to create domain, error Error

>>> [rcutils|error_handling.c:108] rcutils_set_error_state()
This error state is being overwritten:

  'error not set, at /tmp/binarydeb/ros-foxy-rcl-1.1.14/src/rcl/node.c:276'

with this new error message:

  'rcl node's rmw handle is invalid, at /tmp/binarydeb/ros-foxy-rcl-1.1.14/src/rcl/node.c:428'

rcutils_reset_error() should be called after error handling to avoid this.
<<<
[ERROR] [1787548897.996315904] [rcl]: Failed to fini publisher for node: 1
[manual-web-demo-worker] init failure: RCLError: Unknown error creating node: rcl node's rmw handle is invalid, at /tmp/binarydeb/ros-foxy-rcl-1.1.14/src/rcl/node.c:428
1787548899.986863 [0]    python3: config: //CycloneDDS/Domain/General: Interfaces: unknown element (file:///home/unitree/robotscene/runtime/go2w/cyclonedds_eth0.xml line 5)
1787548899.987158 [0]    python3: config: //CycloneDDS/Domain/Internal: SocketReceiveBufferSize: unknown element (line 17)
1787548899.987256 [0]    python3: config: //CycloneDDS/Domain/Internal: SocketSendBufferSize: unknown element (line 18)
[ERROR] [1787548899.987439776] [rmw_cyclonedds_cpp]: rmw_create_node: failed to create domain, error Error

>>> [rcutils|error_handling.c:108] rcutils_set_error_state()
This error state is being overwritten:

  'error not set, at /tmp/binarydeb/ros-foxy-rcl-1.1.14/src/rcl/node.c:276'

with this new error message:

  'rcl node's rmw handle is invalid, at /tmp/binarydeb/ros-foxy-rcl-1.1.14/src/rcl/node.c:428'

rcutils_reset_error() should be called after error handling to avoid this.
<<<
[ERROR] [1787548899.987659904] [rcl]: Failed to fini publisher for node: 1
[manual-web-demo-worker] init failure: RCLError: Unknown error creating node: rcl node's rmw handle is invalid, at /tmp/binarydeb/ros-foxy-rcl-1.1.14/src/rcl/node.c:428
1787548902.032739 [0]    python3: config: //CycloneDDS/Domain/General: Interfaces: unknown element (file:///home/unitree/robotscene/runtime/go2w/cyclonedds_eth0.xml line 5)
1787548902.032882 [0]    python3: config: //CycloneDDS/Domain/Internal: SocketReceiveBufferSize: unknown element (line 17)
1787548902.032901 [0]    python3: config: //CycloneDDS/Domain/Internal: SocketSendBufferSize: unknown element (line 18)
[ERROR] [1787548902.033043360] [rmw_cyclonedds_cpp]: rmw_create_node: failed to create domain, error Error

>>> [rcutils|error_handling.c:108] rcutils_set_error_state()
This error state is being overwritten:

  'error not set, at /tmp/binarydeb/ros-foxy-rcl-1.1.14/src/rcl/node.c:276'

with this new error message:

  'rcl node's rmw handle is invalid, at /tmp/binarydeb/ros-foxy-rcl-1.1.14/src/rcl/node.c:428'

rcutils_reset_error() should be called after error handling to avoid this.
<<<
[ERROR] [1787548902.033139968] [rcl]: Failed to fini publisher for node: 1
[manual-web-demo-worker] init failure: RCLError: Unknown error creating node: rcl node's rmw handle is invalid, at /tmp/binarydeb/ros-foxy-rcl-1.1.14/src/rcl/node.c:428
1787548904.290594 [0]    python3: config: //CycloneDDS/Domain/General: Interfaces: unknown element (file:///home/unitree/robotscene/runtime/go2w/cyclonedds_eth0.xml line 5)
1787548904.290888 [0]    python3: config: //CycloneDDS/Domain/Internal: SocketReceiveBufferSize: unknown element (line 17)
1787548904.290986 [0]    python3: config: //CycloneDDS/Domain/Internal: SocketSendBufferSize: unknown element (line 18)
[ERROR] [1787548904.291170624] [rmw_cyclonedds_cpp]: rmw_create_node: failed to create domain, error Error

>>> [rcutils|error_handling.c:108] rcutils_set_error_state()
This error state is being overwritten:

  'error not set, at /tmp/binarydeb/ros-foxy-rcl-1.1.14/src/rcl/node.c:276'

with this new error message:

  'rcl node's rmw handle is invalid, at /tmp/binarydeb/ros-foxy-rcl-1.1.14/src/rcl/node.c:428'

rcutils_reset_error() should be called after error handling to avoid this.
<<<
[ERROR] [1787548904.291404800] [rcl]: Failed to fini publisher for node: 1
[manual-web-demo-worker] init failure: RCLError: Unknown error creating node: rcl node's rmw handle is invalid, at /tmp/binarydeb/ros-foxy-rcl-1.1.14/src/rcl/node.c:428
1787548906.263451 [0]    python3: config: //CycloneDDS/Domain/General: Interfaces: unknown element (file:///home/unitree/robotscene/runtime/go2w/cyclonedds_eth0.xml line 5)
1787548906.263799 [0]    python3: config: //CycloneDDS/Domain/Internal: SocketReceiveBufferSize: unknown element (line 17)
1787548906.263914 [0]    python3: config: //CycloneDDS/Domain/Internal: SocketSendBufferSize: unknown element (line 18)
[ERROR] [1787548906.264160832] [rmw_cyclonedds_cpp]: rmw_create_node: failed to create domain, error Error

>>> [rcutils|error_handling.c:108] rcutils_set_error_state()
This error state is being overwritten:

  'error not set, at /tmp/binarydeb/ros-foxy-rcl-1.1.14/src/rcl/node.c:276'

with this new error message:

  'rcl node's rmw handle is invalid, at /tmp/binarydeb/ros-foxy-rcl-1.1.14/src/rcl/node.c:428'

rcutils_reset_error() should be called after error handling to avoid this.
<<<
[ERROR] [1787548906.264456064] [rcl]: Failed to fini publisher for node: 1
[manual-web-demo-worker] init failure: RCLError: Unknown error creating node: rcl node's rmw handle is invalid, at /tmp/binarydeb/ros-foxy-rcl-1.1.14/src/rcl/node.c:428
1787548908.586582 [0]    python3: config: //CycloneDDS/Domain/General: Interfaces: unknown element (file:///home/unitree/robotscene/runtime/go2w/cyclonedds_eth0.xml line 5)
1787548908.586880 [0]    python3: config: //CycloneDDS/Domain/Internal: SocketReceiveBufferSize: unknown element (line 17)
1787548908.586978 [0]    python3: config: //CycloneDDS/Domain/Internal: SocketSendBufferSize: unknown element (line 18)
[ERROR] [1787548908.587166912] [rmw_cyclonedds_cpp]: rmw_create_node: failed to create domain, error Error

>>> [rcutils|error_handling.c:108] rcutils_set_error_state()
This error state is being overwritten:

  'error not set, at /tmp/binarydeb/ros-foxy-rcl-1.1.14/src/rcl/node.c:276'

with this new error message:

  'rcl node's rmw handle is invalid, at /tmp/binarydeb/ros-foxy-rcl-1.1.14/src/rcl/node.c:428'

rcutils_reset_error() should be called after error handling to avoid this.
<<<
[ERROR] [1787548908.587391744] [rcl]: Failed to fini publisher for node: 1
[manual-web-demo-worker] init failure: RCLError: Unknown error creating node: rcl node's rmw handle is invalid, at /tmp/binarydeb/ros-foxy-rcl-1.1.14/src/rcl/node.c:428
1787548911.056761 [0]    python3: config: //CycloneDDS/Domain/General: Interfaces: unknown element (file:///home/unitree/robotscene/runtime/go2w/cyclonedds_eth0.xml line 5)
1787548911.057155 [0]    python3: config: //CycloneDDS/Domain/Internal: SocketReceiveBufferSize: unknown element (line 17)
1787548911.057276 [0]    python3: config: //CycloneDDS/Domain/Internal: SocketSendBufferSize: unknown element (line 18)
[ERROR] [1787548911.057507648] [rmw_cyclonedds_cpp]: rmw_create_node: failed to create domain, error Error

>>> [rcutils|error_handling.c:108] rcutils_set_error_state()
This error state is being overwritten:

  'error not set, at /tmp/binarydeb/ros-foxy-rcl-1.1.14/src/rcl/node.c:276'

with this new error message:

  'rcl node's rmw handle is invalid, at /tmp/binarydeb/ros-foxy-rcl-1.1.14/src/rcl/node.c:428'

rcutils_reset_error() should be called after error handling to avoid this.
<<<
[ERROR] [1787548911.057797088] [rcl]: Failed to fini publisher for node: 1
[manual-web-demo-worker] init failure: RCLError: Unknown error creating node: rcl node's rmw handle is invalid, at /tmp/binarydeb/ros-foxy-rcl-1.1.14/src/rcl/node.c:428
1787548912.220989 [0]    python3: config: //CycloneDDS/Domain/General: Interfaces: unknown element (file:///home/unitree/robotscene/runtime/go2w/cyclonedds_eth0.xml line 5)
1787548912.221271 [0]    python3: config: //CycloneDDS/Domain/Internal: SocketReceiveBufferSize: unknown element (line 17)
1787548912.221369 [0]    python3: config: //CycloneDDS/Domain/Internal: SocketSendBufferSize: unknown element (line 18)
[ERROR] [1787548912.221562080] [rmw_cyclonedds_cpp]: rmw_create_node: failed to create domain, error Error

>>> [rcutils|error_handling.c:108] rcutils_set_error_state()
This error state is being overwritten:

  'error not set, at /tmp/binarydeb/ros-foxy-rcl-1.1.14/src/rcl/node.c:276'

with this new error message:

  'rcl node's rmw handle is invalid, at /tmp/binarydeb/ros-foxy-rcl-1.1.14/src/rcl/node.c:428'

rcutils_reset_error() should be called after error handling to avoid this.
<<<
[ERROR] [1787548912.221818176] [rcl]: Failed to fini publisher for node: 1
[manual-web-demo-worker] init failure: RCLError: Unknown error creating node: rcl node's rmw handle is invalid, at /tmp/binarydeb/ros-foxy-rcl-1.1.14/src/rcl/node.c:428
1787548914.489445 [0]    python3: config: //CycloneDDS/Domain/General: Interfaces: unknown element (file:///home/unitree/robotscene/runtime/go2w/cyclonedds_eth0.xml line 5)
1787548914.489727 [0]    python3: config: //CycloneDDS/Domain/Internal: SocketReceiveBufferSize: unknown element (line 17)
1787548914.489823 [0]    python3: config: //CycloneDDS/Domain/Internal: SocketSendBufferSize: unknown element (line 18)
[ERROR] [1787548914.490003840] [rmw_cyclonedds_cpp]: rmw_create_node: failed to create domain, error Error

>>> [rcutils|error_handling.c:108] rcutils_set_error_state()
This error state is being overwritten:

  'error not set, at /tmp/binarydeb/ros-foxy-rcl-1.1.14/src/rcl/node.c:276'

with this new error message:

  'rcl node's rmw handle is invalid, at /tmp/binarydeb/ros-foxy-rcl-1.1.14/src/rcl/node.c:428'

rcutils_reset_error() should be called after error handling to avoid this.
<<<
[ERROR] [1787548914.490219296] [rcl]: Failed to fini publisher for node: 1
[manual-web-demo-worker] init failure: RCLError: Unknown error creating node: rcl node's rmw handle is invalid, at /tmp/binarydeb/ros-foxy-rcl-1.1.14/src/rcl/node.c:428
1787548916.566144 [0]    python3: config: //CycloneDDS/Domain/General: Interfaces: unknown element (file:///home/unitree/robotscene/runtime/go2w/cyclonedds_eth0.xml line 5)
1787548916.567047 [0]    python3: config: //CycloneDDS/Domain/Internal: SocketReceiveBufferSize: unknown element (line 17)
1787548916.567107 [0]    python3: config: //CycloneDDS/Domain/Internal: SocketSendBufferSize: unknown element (line 18)
[ERROR] [1787548916.567247360] [rmw_cyclonedds_cpp]: rmw_create_node: failed to create domain, error Error

>>> [rcutils|error_handling.c:108] rcutils_set_error_state()
This error state is being overwritten:

  'error not set, at /tmp/binarydeb/ros-foxy-rcl-1.1.14/src/rcl/node.c:276'

with this new error message:

  'rcl node's rmw handle is invalid, at /tmp/binarydeb/ros-foxy-rcl-1.1.14/src/rcl/node.c:428'

rcutils_reset_error() should be called after error handling to avoid this.
<<<
[ERROR] [1787548916.567377216] [rcl]: Failed to fini publisher for node: 1
[manual-web-demo-worker] init failure: RCLError: Unknown error creating node: rcl node's rmw handle is invalid, at /tmp/binarydeb/ros-foxy-rcl-1.1.14/src/rcl/node.c:428
1787548918.920790 [0]    python3: config: //CycloneDDS/Domain/General: Interfaces: unknown element (file:///home/unitree/robotscene/runtime/go2w/cyclonedds_eth0.xml line 5)
1787548918.934921 [0]    python3: config: //CycloneDDS/Domain/Internal: SocketReceiveBufferSize: unknown element (line 17)
1787548918.936019 [0]    python3: config: //CycloneDDS/Domain/Internal: SocketSendBufferSize: unknown element (line 18)
[ERROR] [1787548918.936523904] [rmw_cyclonedds_cpp]: rmw_create_node: failed to create domain, error Error

>>> [rcutils|error_handling.c:108] rcutils_set_error_state()
This error state is being overwritten:

  'error not set, at /tmp/binarydeb/ros-foxy-rcl-1.1.14/src/rcl/node.c:276'

with this new error message:

  'rcl node's rmw handle is invalid, at /tmp/binarydeb/ros-foxy-rcl-1.1.14/src/rcl/node.c:428'

rcutils_reset_error() should be called after error handling to avoid this.
<<<
[ERROR] [1787548918.937861056] [rcl]: Failed to fini publisher for node: 1
[manual-web-demo-worker] init failure: RCLError: Unknown error creating node: rcl node's rmw handle is invalid, at /tmp/binarydeb/ros-foxy-rcl-1.1.14/src/rcl/node.c:428
1787548921.043815 [0]    python3: config: //CycloneDDS/Domain/General: Interfaces: unknown element (file:///home/unitree/robotscene/runtime/go2w/cyclonedds_eth0.xml line 5)
1787548921.044159 [0]    python3: config: //CycloneDDS/Domain/Internal: SocketReceiveBufferSize: unknown element (line 17)
1787548921.044245 [0]    python3: config: //CycloneDDS/Domain/Internal: SocketSendBufferSize: unknown element (line 18)
[ERROR] [1787548921.044441152] [rmw_cyclonedds_cpp]: rmw_create_node: failed to create domain, error Error

>>> [rcutils|error_handling.c:108] rcutils_set_error_state()
This error state is being overwritten:

  'error not set, at /tmp/binarydeb/ros-foxy-rcl-1.1.14/src/rcl/node.c:276'

with this new error message:

  'rcl node's rmw handle is invalid, at /tmp/binarydeb/ros-foxy-rcl-1.1.14/src/rcl/node.c:428'

rcutils_reset_error() should be called after error handling to avoid this.
<<<
[ERROR] [1787548921.044705664] [rcl]: Failed to fini publisher for node: 1
[manual-web-demo-worker] init failure: RCLError: Unknown error creating node: rcl node's rmw handle is invalid, at /tmp/binarydeb/ros-foxy-rcl-1.1.14/src/rcl/node.c:428
1787548923.296306 [0]    python3: config: //CycloneDDS/Domain/General: Interfaces: unknown element (file:///home/unitree/robotscene/runtime/go2w/cyclonedds_eth0.xml line 5)
1787548923.298292 [0]    python3: config: //CycloneDDS/Domain/Internal: SocketReceiveBufferSize: unknown element (line 17)
1787548923.298551 [0]    python3: config: //CycloneDDS/Domain/Internal: SocketSendBufferSize: unknown element (line 18)
[ERROR] [1787548923.298808288] [rmw_cyclonedds_cpp]: rmw_create_node: failed to create domain, error Error

>>> [rcutils|error_handling.c:108] rcutils_set_error_state()
This error state is being overwritten:

  'error not set, at /tmp/binarydeb/ros-foxy-rcl-1.1.14/src/rcl/node.c:276'

with this new error message:

  'rcl node's rmw handle is invalid, at /tmp/binarydeb/ros-foxy-rcl-1.1.14/src/rcl/node.c:428'

rcutils_reset_error() should be called after error handling to avoid this.
<<<
[ERROR] [1787548923.299322496] [rcl]: Failed to fini publisher for node: 1
[manual-web-demo-worker] init failure: RCLError: Unknown error creating node: rcl node's rmw handle is invalid, at /tmp/binarydeb/ros-foxy-rcl-1.1.14/src/rcl/node.c:428
1787548925.827781 [0]    python3: config: //CycloneDDS/Domain/General: Interfaces: unknown element (file:///home/unitree/robotscene/runtime/go2w/cyclonedds_eth0.xml line 5)
1787548925.832151 [0]    python3: config: //CycloneDDS/Domain/Internal: SocketReceiveBufferSize: unknown element (line 17)
1787548925.833381 [0]    python3: config: //CycloneDDS/Domain/Internal: SocketSendBufferSize: unknown element (line 18)
[ERROR] [1787548925.834125024] [rmw_cyclonedds_cpp]: rmw_create_node: failed to create domain, error Error

>>> [rcutils|error_handling.c:108] rcutils_set_error_state()
This error state is being overwritten:

  'error not set, at /tmp/binarydeb/ros-foxy-rcl-1.1.14/src/rcl/node.c:276'

with this new error message:

  'rcl node's rmw handle is invalid, at /tmp/binarydeb/ros-foxy-rcl-1.1.14/src/rcl/node.c:428'

rcutils_reset_error() should be called after error handling to avoid this.
<<<
[ERROR] [1787548925.836751136] [rcl]: Failed to fini publisher for node: 1
[manual-web-demo-worker] init failure: RCLError: Unknown error creating node: rcl node's rmw handle is invalid, at /tmp/binarydeb/ros-foxy-rcl-1.1.14/src/rcl/node.c:428
1787548927.784113 [0]    python3: config: //CycloneDDS/Domain/General: Interfaces: unknown element (file:///home/unitree/robotscene/runtime/go2w/cyclonedds_eth0.xml line 5)
1787548927.784447 [0]    python3: config: //CycloneDDS/Domain/Internal: SocketReceiveBufferSize: unknown element (line 17)
1787548927.784555 [0]    python3: config: //CycloneDDS/Domain/Internal: SocketSendBufferSize: unknown element (line 18)
[ERROR] [1787548927.784750944] [rmw_cyclonedds_cpp]: rmw_create_node: failed to create domain, error Error

>>> [rcutils|error_handling.c:108] rcutils_set_error_state()
This error state is being overwritten:

  'error not set, at /tmp/binarydeb/ros-foxy-rcl-1.1.14/src/rcl/node.c:276'

with this new error message:

  'rcl node's rmw handle is invalid, at /tmp/binarydeb/ros-foxy-rcl-1.1.14/src/rcl/node.c:428'

rcutils_reset_error() should be called after error handling to avoid this.
<<<
[ERROR] [1787548927.785028640] [rcl]: Failed to fini publisher for node: 1
[manual-web-demo-worker] init failure: RCLError: Unknown error creating node: rcl node's rmw handle is invalid, at /tmp/binarydeb/ros-foxy-rcl-1.1.14/src/rcl/node.c:428
1787548930.200534 [0]    python3: config: //CycloneDDS/Domain/General: Interfaces: unknown element (file:///home/unitree/robotscene/runtime/go2w/cyclonedds_eth0.xml line 5)
1787548930.200713 [0]    python3: config: //CycloneDDS/Domain/Internal: SocketReceiveBufferSize: unknown element (line 17)
1787548930.200737 [0]    python3: config: //CycloneDDS/Domain/Internal: SocketSendBufferSize: unknown element (line 18)
[ERROR] [1787548930.200843136] [rmw_cyclonedds_cpp]: rmw_create_node: failed to create domain, error Error

>>> [rcutils|error_handling.c:108] rcutils_set_error_state()
This error state is being overwritten:

  'error not set, at /tmp/binarydeb/ros-foxy-rcl-1.1.14/src/rcl/node.c:276'

with this new error message:

  'rcl node's rmw handle is invalid, at /tmp/binarydeb/ros-foxy-rcl-1.1.14/src/rcl/node.c:428'

rcutils_reset_error() should be called after error handling to avoid this.
<<<
[ERROR] [1787548930.201006560] [rcl]: Failed to fini publisher for node: 1
[manual-web-demo-worker] init failure: RCLError: Unknown error creating node: rcl node's rmw handle is invalid, at /tmp/binarydeb/ros-foxy-rcl-1.1.14/src/rcl/node.c:428
1787548931.883611 [0]    python3: config: //CycloneDDS/Domain/General: Interfaces: unknown element (file:///home/unitree/robotscene/runtime/go2w/cyclonedds_eth0.xml line 5)
1787548931.883788 [0]    python3: config: //CycloneDDS/Domain/Internal: SocketReceiveBufferSize: unknown element (line 17)
1787548931.883810 [0]    python3: config: //CycloneDDS/Domain/Internal: SocketSendBufferSize: unknown element (line 18)
[ERROR] [1787548931.883918304] [rmw_cyclonedds_cpp]: rmw_create_node: failed to create domain, error Error

>>> [rcutils|error_handling.c:108] rcutils_set_error_state()
This error state is being overwritten:

  'error not set, at /tmp/binarydeb/ros-foxy-rcl-1.1.14/src/rcl/node.c:276'

with this new error message:

  'rcl node's rmw handle is invalid, at /tmp/binarydeb/ros-foxy-rcl-1.1.14/src/rcl/node.c:428'

rcutils_reset_error() should be called after error handling to avoid this.
<<<
[ERROR] [1787548931.884010880] [rcl]: Failed to fini publisher for node: 1
[manual-web-demo-worker] init failure: RCLError: Unknown error creating node: rcl node's rmw handle is invalid, at /tmp/binarydeb/ros-foxy-rcl-1.1.14/src/rcl/node.c:428
1787548933.601177 [0]    python3: config: //CycloneDDS/Domain/General: Interfaces: unknown element (file:///home/unitree/robotscene/runtime/go2w/cyclonedds_eth0.xml line 5)
1787548933.601385 [0]    python3: config: //CycloneDDS/Domain/Internal: SocketReceiveBufferSize: unknown element (line 17)
1787548933.601416 [0]    python3: config: //CycloneDDS/Domain/Internal: SocketSendBufferSize: unknown element (line 18)
[ERROR] [1787548933.601592416] [rmw_cyclonedds_cpp]: rmw_create_node: failed to create domain, error Error

>>> [rcutils|error_handling.c:108] rcutils_set_error_state()
This error state is being overwritten:

  'error not set, at /tmp/binarydeb/ros-foxy-rcl-1.1.14/src/rcl/node.c:276'

with this new error message:

  'rcl node's rmw handle is invalid, at /tmp/binarydeb/ros-foxy-rcl-1.1.14/src/rcl/node.c:428'

rcutils_reset_error() should be called after error handling to avoid this.
<<<
[ERROR] [1787548933.601701696] [rcl]: Failed to fini publisher for node: 1
[manual-web-demo-worker] init failure: RCLError: Unknown error creating node: rcl node's rmw handle is invalid, at /tmp/binarydeb/ros-foxy-rcl-1.1.14/src/rcl/node.c:428
1787548936.002431 [0]    python3: config: //CycloneDDS/Domain/General: Interfaces: unknown element (file:///home/unitree/robotscene/runtime/go2w/cyclonedds_eth0.xml line 5)
1787548936.002579 [0]    python3: config: //CycloneDDS/Domain/Internal: SocketReceiveBufferSize: unknown element (line 17)
1787548936.002627 [0]    python3: config: //CycloneDDS/Domain/Internal: SocketSendBufferSize: unknown element (line 18)
[ERROR] [1787548936.002735808] [rmw_cyclonedds_cpp]: rmw_create_node: failed to create domain, error Error

>>> [rcutils|error_handling.c:108] rcutils_set_error_state()
This error state is being overwritten:

  'error not set, at /tmp/binarydeb/ros-foxy-rcl-1.1.14/src/rcl/node.c:276'

with this new error message:

  'rcl node's rmw handle is invalid, at /tmp/binarydeb/ros-foxy-rcl-1.1.14/src/rcl/node.c:428'

rcutils_reset_error() should be called after error handling to avoid this.
<<<
[ERROR] [1787548936.002829920] [rcl]: Failed to fini publisher for node: 1
[manual-web-demo-worker] init failure: RCLError: Unknown error creating node: rcl node's rmw handle is invalid, at /tmp/binarydeb/ros-foxy-rcl-1.1.14/src/rcl/node.c:428
1787548938.754930 [0]    python3: config: //CycloneDDS/Domain/General: Interfaces: unknown element (file:///home/unitree/robotscene/runtime/go2w/cyclonedds_eth0.xml line 5)
1787548938.755229 [0]    python3: config: //CycloneDDS/Domain/Internal: SocketReceiveBufferSize: unknown element (line 17)
1787548938.755325 [0]    python3: config: //CycloneDDS/Domain/Internal: SocketSendBufferSize: unknown element (line 18)
[ERROR] [1787548938.755504576] [rmw_cyclonedds_cpp]: rmw_create_node: failed to create domain, error Error

>>> [rcutils|error_handling.c:108] rcutils_set_error_state()
This error state is being overwritten:

  'error not set, at /tmp/binarydeb/ros-foxy-rcl-1.1.14/src/rcl/node.c:276'

with this new error message:

  'rcl node's rmw handle is invalid, at /tmp/binarydeb/ros-foxy-rcl-1.1.14/src/rcl/node.c:428'

rcutils_reset_error() should be called after error handling to avoid this.
<<<
[ERROR] [1787548938.755727520] [rcl]: Failed to fini publisher for node: 1
[manual-web-demo-worker] init failure: RCLError: Unknown error creating node: rcl node's rmw handle is invalid, at /tmp/binarydeb/ros-foxy-rcl-1.1.14/src/rcl/node.c:428
1787548940.346189 [0]    python3: config: //CycloneDDS/Domain/General: Interfaces: unknown element (file:///home/unitree/robotscene/runtime/go2w/cyclonedds_eth0.xml line 5)
1787548940.346531 [0]    python3: config: //CycloneDDS/Domain/Internal: SocketReceiveBufferSize: unknown element (line 17)
1787548940.346631 [0]    python3: config: //CycloneDDS/Domain/Internal: SocketSendBufferSize: unknown element (line 18)
[ERROR] [1787548940.346851776] [rmw_cyclonedds_cpp]: rmw_create_node: failed to create domain, error Error

>>> [rcutils|error_handling.c:108] rcutils_set_error_state()
This error state is being overwritten:

  'error not set, at /tmp/binarydeb/ros-foxy-rcl-1.1.14/src/rcl/node.c:276'

with this new error message:

  'rcl node's rmw handle is invalid, at /tmp/binarydeb/ros-foxy-rcl-1.1.14/src/rcl/node.c:428'

rcutils_reset_error() should be called after error handling to avoid this.
<<<
[ERROR] [1787548940.347095840] [rcl]: Failed to fini publisher for node: 1
[manual-web-demo-worker] init failure: RCLError: Unknown error creating node: rcl node's rmw handle is invalid, at /tmp/binarydeb/ros-foxy-rcl-1.1.14/src/rcl/node.c:428
1787548943.226985 [0]    python3: config: //CycloneDDS/Domain/General: Interfaces: unknown element (file:///home/unitree/robotscene/runtime/go2w/cyclonedds_eth0.xml line 5)
1787548943.227123 [0]    python3: config: //CycloneDDS/Domain/Internal: SocketReceiveBufferSize: unknown element (line 17)
1787548943.227147 [0]    python3: config: //CycloneDDS/Domain/Internal: SocketSendBufferSize: unknown element (line 18)
[ERROR] [1787548943.227256352] [rmw_cyclonedds_cpp]: rmw_create_node: failed to create domain, error Error

>>> [rcutils|error_handling.c:108] rcutils_set_error_state()
This error state is being overwritten:

  'error not set, at /tmp/binarydeb/ros-foxy-rcl-1.1.14/src/rcl/node.c:276'

with this new error message:

  'rcl node's rmw handle is invalid, at /tmp/binarydeb/ros-foxy-rcl-1.1.14/src/rcl/node.c:428'

rcutils_reset_error() should be called after error handling to avoid this.
<<<
[ERROR] [1787548943.227387776] [rcl]: Failed to fini publisher for node: 1
[manual-web-demo-worker] init failure: RCLError: Unknown error creating node: rcl node's rmw handle is invalid, at /tmp/binarydeb/ros-foxy-rcl-1.1.14/src/rcl/node.c:428
1787548945.348166 [0]    python3: config: //CycloneDDS/Domain/General: Interfaces: unknown element (file:///home/unitree/robotscene/runtime/go2w/cyclonedds_eth0.xml line 5)
1787548945.356615 [0]    python3: config: //CycloneDDS/Domain/Internal: SocketReceiveBufferSize: unknown element (line 17)
1787548945.356695 [0]    python3: config: //CycloneDDS/Domain/Internal: SocketSendBufferSize: unknown element (line 18)
[ERROR] [1787548945.356879680] [rmw_cyclonedds_cpp]: rmw_create_node: failed to create domain, error Error

>>> [rcutils|error_handling.c:108] rcutils_set_error_state()
This error state is being overwritten:

  'error not set, at /tmp/binarydeb/ros-foxy-rcl-1.1.14/src/rcl/node.c:276'

with this new error message:

  'rcl node's rmw handle is invalid, at /tmp/binarydeb/ros-foxy-rcl-1.1.14/src/rcl/node.c:428'

rcutils_reset_error() should be called after error handling to avoid this.
<<<
[ERROR] [1787548945.356993056] [rcl]: Failed to fini publisher for node: 1
[manual-web-demo-worker] init failure: RCLError: Unknown error creating node: rcl node's rmw handle is invalid, at /tmp/binarydeb/ros-foxy-rcl-1.1.14/src/rcl/node.c:428
1787548946.851140 [0]    python3: config: //CycloneDDS/Domain/General: Interfaces: unknown element (file:///home/unitree/robotscene/runtime/go2w/cyclonedds_eth0.xml line 5)
1787548946.852024 [0]    python3: config: //CycloneDDS/Domain/Internal: SocketReceiveBufferSize: unknown element (line 17)
1787548946.852297 [0]    python3: config: //CycloneDDS/Domain/Internal: SocketSendBufferSize: unknown element (line 18)
[ERROR] [1787548946.852581952] [rmw_cyclonedds_cpp]: rmw_create_node: failed to create domain, error Error

>>> [rcutils|error_handling.c:108] rcutils_set_error_state()
This error state is being overwritten:

  'error not set, at /tmp/binarydeb/ros-foxy-rcl-1.1.14/src/rcl/node.c:276'

with this new error message:

  'rcl node's rmw handle is invalid, at /tmp/binarydeb/ros-foxy-rcl-1.1.14/src/rcl/node.c:428'

rcutils_reset_error() should be called after error handling to avoid this.
<<<
[ERROR] [1787548946.853137280] [rcl]: Failed to fini publisher for node: 1
[manual-web-demo-worker] init failure: RCLError: Unknown error creating node: rcl node's rmw handle is invalid, at /tmp/binarydeb/ros-foxy-rcl-1.1.14/src/rcl/node.c:428
1787548948.687573 [0]    python3: config: //CycloneDDS/Domain/General: Interfaces: unknown element (file:///home/unitree/robotscene/runtime/go2w/cyclonedds_eth0.xml line 5)
1787548948.690807 [0]    python3: config: //CycloneDDS/Domain/Internal: SocketReceiveBufferSize: unknown element (line 17)
1787548948.691095 [0]    python3: config: //CycloneDDS/Domain/Internal: SocketSendBufferSize: unknown element (line 18)
[ERROR] [1787548948.691342048] [rmw_cyclonedds_cpp]: rmw_create_node: failed to create domain, error Error

>>> [rcutils|error_handling.c:108] rcutils_set_error_state()
This error state is being overwritten:

  'error not set, at /tmp/binarydeb/ros-foxy-rcl-1.1.14/src/rcl/node.c:276'

with this new error message:

  'rcl node's rmw handle is invalid, at /tmp/binarydeb/ros-foxy-rcl-1.1.14/src/rcl/node.c:428'

rcutils_reset_error() should be called after error handling to avoid this.
<<<
[ERROR] [1787548948.691816640] [rcl]: Failed to fini publisher for node: 1
[manual-web-demo-worker] init failure: RCLError: Unknown error creating node: rcl node's rmw handle is invalid, at /tmp/binarydeb/ros-foxy-rcl-1.1.14/src/rcl/node.c:428
1787548950.817699 [0]    python3: config: //CycloneDDS/Domain/General: Interfaces: unknown element (file:///home/unitree/robotscene/runtime/go2w/cyclonedds_eth0.xml line 5)
1787548950.818896 [0]    python3: config: //CycloneDDS/Domain/Internal: SocketReceiveBufferSize: unknown element (line 17)
1787548950.819185 [0]    python3: config: //CycloneDDS/Domain/Internal: SocketSendBufferSize: unknown element (line 18)
[ERROR] [1787548950.819561728] [rmw_cyclonedds_cpp]: rmw_create_node: failed to create domain, error Error

>>> [rcutils|error_handling.c:108] rcutils_set_error_state()
This error state is being overwritten:

  'error not set, at /tmp/binarydeb/ros-foxy-rcl-1.1.14/src/rcl/node.c:276'

with this new error message:

  'rcl node's rmw handle is invalid, at /tmp/binarydeb/ros-foxy-rcl-1.1.14/src/rcl/node.c:428'

rcutils_reset_error() should be called after error handling to avoid this.
<<<
[ERROR] [1787548950.820146112] [rcl]: Failed to fini publisher for node: 1
[manual-web-demo-worker] init failure: RCLError: Unknown error creating node: rcl node's rmw handle is invalid, at /tmp/binarydeb/ros-foxy-rcl-1.1.14/src/rcl/node.c:428
1787548952.633353 [0]    python3: config: //CycloneDDS/Domain/General: Interfaces: unknown element (file:///home/unitree/robotscene/runtime/go2w/cyclonedds_eth0.xml line 5)
1787548952.633509 [0]    python3: config: //CycloneDDS/Domain/Internal: SocketReceiveBufferSize: unknown element (line 17)
1787548952.633530 [0]    python3: config: //CycloneDDS/Domain/Internal: SocketSendBufferSize: unknown element (line 18)
[ERROR] [1787548952.633639040] [rmw_cyclonedds_cpp]: rmw_create_node: failed to create domain, error Error

>>> [rcutils|error_handling.c:108] rcutils_set_error_state()
This error state is being overwritten:

  'error not set, at /tmp/binarydeb/ros-foxy-rcl-1.1.14/src/rcl/node.c:276'

with this new error message:

  'rcl node's rmw handle is invalid, at /tmp/binarydeb/ros-foxy-rcl-1.1.14/src/rcl/node.c:428'

rcutils_reset_error() should be called after error handling to avoid this.
<<<
[ERROR] [1787548952.633735104] [rcl]: Failed to fini publisher for node: 1
[manual-web-demo-worker] init failure: RCLError: Unknown error creating node: rcl node's rmw handle is invalid, at /tmp/binarydeb/ros-foxy-rcl-1.1.14/src/rcl/node.c:428
1787548954.758398 [0]    python3: config: //CycloneDDS/Domain/General: Interfaces: unknown element (file:///home/unitree/robotscene/runtime/go2w/cyclonedds_eth0.xml line 5)
1787548954.758574 [0]    python3: config: //CycloneDDS/Domain/Internal: SocketReceiveBufferSize: unknown element (line 17)
1787548954.758596 [0]    python3: config: //CycloneDDS/Domain/Internal: SocketSendBufferSize: unknown element (line 18)
[ERROR] [1787548954.758699680] [rmw_cyclonedds_cpp]: rmw_create_node: failed to create domain, error Error

>>> [rcutils|error_handling.c:108] rcutils_set_error_state()
This error state is being overwritten:

  'error not set, at /tmp/binarydeb/ros-foxy-rcl-1.1.14/src/rcl/node.c:276'

with this new error message:

  'rcl node's rmw handle is invalid, at /tmp/binarydeb/ros-foxy-rcl-1.1.14/src/rcl/node.c:428'

rcutils_reset_error() should be called after error handling to avoid this.
<<<
[ERROR] [1787548954.758863584] [rcl]: Failed to fini publisher for node: 1
[manual-web-demo-worker] init failure: RCLError: Unknown error creating node: rcl node's rmw handle is invalid, at /tmp/binarydeb/ros-foxy-rcl-1.1.14/src/rcl/node.c:428
1787548956.413470 [0]    python3: config: //CycloneDDS/Domain/General: Interfaces: unknown element (file:///home/unitree/robotscene/runtime/go2w/cyclonedds_eth0.xml line 5)
1787548956.415805 [0]    python3: config: //CycloneDDS/Domain/Internal: SocketReceiveBufferSize: unknown element (line 17)
1787548956.416129 [0]    python3: config: //CycloneDDS/Domain/Internal: SocketSendBufferSize: unknown element (line 18)
[ERROR] [1787548956.416513120] [rmw_cyclonedds_cpp]: rmw_create_node: failed to create domain, error Error

>>> [rcutils|error_handling.c:108] rcutils_set_error_state()
This error state is being overwritten:

  'error not set, at /tmp/binarydeb/ros-foxy-rcl-1.1.14/src/rcl/node.c:276'

with this new error message:

  'rcl node's rmw handle is invalid, at /tmp/binarydeb/ros-foxy-rcl-1.1.14/src/rcl/node.c:428'

rcutils_reset_error() should be called after error handling to avoid this.
<<<
[ERROR] [1787548956.416957376] [rcl]: Failed to fini publisher for node: 1
[manual-web-demo-worker] init failure: RCLError: Unknown error creating node: rcl node's rmw handle is invalid, at /tmp/binarydeb/ros-foxy-rcl-1.1.14/src/rcl/node.c:428
1787548958.629832 [0]    python3: config: //CycloneDDS/Domain/General: Interfaces: unknown element (file:///home/unitree/robotscene/runtime/go2w/cyclonedds_eth0.xml line 5)
1787548958.630245 [0]    python3: config: //CycloneDDS/Domain/Internal: SocketReceiveBufferSize: unknown element (line 17)
1787548958.630342 [0]    python3: config: //CycloneDDS/Domain/Internal: SocketSendBufferSize: unknown element (line 18)
[ERROR] [1787548958.630552832] [rmw_cyclonedds_cpp]: rmw_create_node: failed to create domain, error Error

>>> [rcutils|error_handling.c:108] rcutils_set_error_state()
This error state is being overwritten:

  'error not set, at /tmp/binarydeb/ros-foxy-rcl-1.1.14/src/rcl/node.c:276'

with this new error message:

  'rcl node's rmw handle is invalid, at /tmp/binarydeb/ros-foxy-rcl-1.1.14/src/rcl/node.c:428'

rcutils_reset_error() should be called after error handling to avoid this.
<<<
[ERROR] [1787548958.630775360] [rcl]: Failed to fini publisher for node: 1
[manual-web-demo-worker] init failure: RCLError: Unknown error creating node: rcl node's rmw handle is invalid, at /tmp/binarydeb/ros-foxy-rcl-1.1.14/src/rcl/node.c:428
1787548960.847318 [0]    python3: config: //CycloneDDS/Domain/General: Interfaces: unknown element (file:///home/unitree/robotscene/runtime/go2w/cyclonedds_eth0.xml line 5)
1787548960.847672 [0]    python3: config: //CycloneDDS/Domain/Internal: SocketReceiveBufferSize: unknown element (line 17)
1787548960.847786 [0]    python3: config: //CycloneDDS/Domain/Internal: SocketSendBufferSize: unknown element (line 18)
[ERROR] [1787548960.847992064] [rmw_cyclonedds_cpp]: rmw_create_node: failed to create domain, error Error

>>> [rcutils|error_handling.c:108] rcutils_set_error_state()
This error state is being overwritten:

  'error not set, at /tmp/binarydeb/ros-foxy-rcl-1.1.14/src/rcl/node.c:276'

with this new error message:

  'rcl node's rmw handle is invalid, at /tmp/binarydeb/ros-foxy-rcl-1.1.14/src/rcl/node.c:428'

rcutils_reset_error() should be called after error handling to avoid this.
<<<
[ERROR] [1787548960.848231648] [rcl]: Failed to fini publisher for node: 1
[manual-web-demo-worker] init failure: RCLError: Unknown error creating node: rcl node's rmw handle is invalid, at /tmp/binarydeb/ros-foxy-rcl-1.1.14/src/rcl/node.c:428
1787548963.092651 [0]    python3: config: //CycloneDDS/Domain/General: Interfaces: unknown element (file:///home/unitree/robotscene/runtime/go2w/cyclonedds_eth0.xml line 5)
1787548963.092764 [0]    python3: config: //CycloneDDS/Domain/Internal: SocketReceiveBufferSize: unknown element (line 17)
1787548963.092784 [0]    python3: config: //CycloneDDS/Domain/Internal: SocketSendBufferSize: unknown element (line 18)
[ERROR] [1787548963.092889728] [rmw_cyclonedds_cpp]: rmw_create_node: failed to create domain, error Error

>>> [rcutils|error_handling.c:108] rcutils_set_error_state()
This error state is being overwritten:

  'error not set, at /tmp/binarydeb/ros-foxy-rcl-1.1.14/src/rcl/node.c:276'

with this new error message:

  'rcl node's rmw handle is invalid, at /tmp/binarydeb/ros-foxy-rcl-1.1.14/src/rcl/node.c:428'

rcutils_reset_error() should be called after error handling to avoid this.
<<<
[ERROR] [1787548963.092978432] [rcl]: Failed to fini publisher for node: 1
[manual-web-demo-worker] init failure: RCLError: Unknown error creating node: rcl node's rmw handle is invalid, at /tmp/binarydeb/ros-foxy-rcl-1.1.14/src/rcl/node.c:428
1787548965.259387 [0]    python3: config: //CycloneDDS/Domain/General: Interfaces: unknown element (file:///home/unitree/robotscene/runtime/go2w/cyclonedds_eth0.xml line 5)
1787548965.259717 [0]    python3: config: //CycloneDDS/Domain/Internal: SocketReceiveBufferSize: unknown element (line 17)
1787548965.259809 [0]    python3: config: //CycloneDDS/Domain/Internal: SocketSendBufferSize: unknown element (line 18)
[ERROR] [1787548965.260035936] [rmw_cyclonedds_cpp]: rmw_create_node: failed to create domain, error Error

>>> [rcutils|error_handling.c:108] rcutils_set_error_state()
This error state is being overwritten:

  'error not set, at /tmp/binarydeb/ros-foxy-rcl-1.1.14/src/rcl/node.c:276'

with this new error message:

  'rcl node's rmw handle is invalid, at /tmp/binarydeb/ros-foxy-rcl-1.1.14/src/rcl/node.c:428'

rcutils_reset_error() should be called after error handling to avoid this.
<<<
[ERROR] [1787548965.260355072] [rcl]: Failed to fini publisher for node: 1
[manual-web-demo-worker] init failure: RCLError: Unknown error creating node: rcl node's rmw handle is invalid, at /tmp/binarydeb/ros-foxy-rcl-1.1.14/src/rcl/node.c:428
1787548967.171583 [0]    python3: config: //CycloneDDS/Domain/General: Interfaces: unknown element (file:///home/unitree/robotscene/runtime/go2w/cyclonedds_eth0.xml line 5)
1787548967.171867 [0]    python3: config: //CycloneDDS/Domain/Internal: SocketReceiveBufferSize: unknown element (line 17)
1787548967.171967 [0]    python3: config: //CycloneDDS/Domain/Internal: SocketSendBufferSize: unknown element (line 18)
[ERROR] [1787548967.172153824] [rmw_cyclonedds_cpp]: rmw_create_node: failed to create domain, error Error

>>> [rcutils|error_handling.c:108] rcutils_set_error_state()
This error state is being overwritten:

  'error not set, at /tmp/binarydeb/ros-foxy-rcl-1.1.14/src/rcl/node.c:276'

with this new error message:

  'rcl node's rmw handle is invalid, at /tmp/binarydeb/ros-foxy-rcl-1.1.14/src/rcl/node.c:428'

rcutils_reset_error() should be called after error handling to avoid this.
<<<
[ERROR] [1787548967.172386976] [rcl]: Failed to fini publisher for node: 1
[manual-web-demo-worker] init failure: RCLError: Unknown error creating node: rcl node's rmw handle is invalid, at /tmp/binarydeb/ros-foxy-rcl-1.1.14/src/rcl/node.c:428
1787548968.830827 [0]    python3: config: //CycloneDDS/Domain/General: Interfaces: unknown element (file:///home/unitree/robotscene/runtime/go2w/cyclonedds_eth0.xml line 5)
1787548968.831120 [0]    python3: config: //CycloneDDS/Domain/Internal: SocketReceiveBufferSize: unknown element (line 17)
1787548968.831209 [0]    python3: config: //CycloneDDS/Domain/Internal: SocketSendBufferSize: unknown element (line 18)
[ERROR] [1787548968.831384192] [rmw_cyclonedds_cpp]: rmw_create_node: failed to create domain, error Error

>>> [rcutils|error_handling.c:108] rcutils_set_error_state()
This error state is being overwritten:

  'error not set, at /tmp/binarydeb/ros-foxy-rcl-1.1.14/src/rcl/node.c:276'

with this new error message:

  'rcl node's rmw handle is invalid, at /tmp/binarydeb/ros-foxy-rcl-1.1.14/src/rcl/node.c:428'

rcutils_reset_error() should be called after error handling to avoid this.
<<<
[ERROR] [1787548968.831615648] [rcl]: Failed to fini publisher for node: 1
[manual-web-demo-worker] init failure: RCLError: Unknown error creating node: rcl node's rmw handle is invalid, at /tmp/binarydeb/ros-foxy-rcl-1.1.14/src/rcl/node.c:428
1787548971.949427 [0]    python3: config: //CycloneDDS/Domain/General: Interfaces: unknown element (file:///home/unitree/robotscene/runtime/go2w/cyclonedds_eth0.xml line 5)
1787548971.949587 [0]    python3: config: //CycloneDDS/Domain/Internal: SocketReceiveBufferSize: unknown element (line 17)
1787548971.949610 [0]    python3: config: //CycloneDDS/Domain/Internal: SocketSendBufferSize: unknown element (line 18)
[ERROR] [1787548971.949719392] [rmw_cyclonedds_cpp]: rmw_create_node: failed to create domain, error Error

>>> [rcutils|error_handling.c:108] rcutils_set_error_state()
This error state is being overwritten:

  'error not set, at /tmp/binarydeb/ros-foxy-rcl-1.1.14/src/rcl/node.c:276'

with this new error message:

  'rcl node's rmw handle is invalid, at /tmp/binarydeb/ros-foxy-rcl-1.1.14/src/rcl/node.c:428'

rcutils_reset_error() should be called after error handling to avoid this.
<<<
[ERROR] [1787548971.949818144] [rcl]: Failed to fini publisher for node: 1
[manual-web-demo-worker] init failure: RCLError: Unknown error creating node: rcl node's rmw handle is invalid, at /tmp/binarydeb/ros-foxy-rcl-1.1.14/src/rcl/node.c:428
1787548976.620083 [0]    python3: config: //CycloneDDS/Domain/General: Interfaces: unknown element (file:///home/unitree/robotscene/runtime/go2w/cyclonedds_eth0.xml line 5)
1787548976.620391 [0]    python3: config: //CycloneDDS/Domain/Internal: SocketReceiveBufferSize: unknown element (line 17)
1787548976.620497 [0]    python3: config: //CycloneDDS/Domain/Internal: SocketSendBufferSize: unknown element (line 18)
[ERROR] [1787548976.620702368] [rmw_cyclonedds_cpp]: rmw_create_node: failed to create domain, error Error

>>> [rcutils|error_handling.c:108] rcutils_set_error_state()
This error state is being overwritten:

  'error not set, at /tmp/binarydeb/ros-foxy-rcl-1.1.14/src/rcl/node.c:276'

with this new error message:

  'rcl node's rmw handle is invalid, at /tmp/binarydeb/ros-foxy-rcl-1.1.14/src/rcl/node.c:428'

rcutils_reset_error() should be called after error handling to avoid this.
<<<
[ERROR] [1787548976.620921024] [rcl]: Failed to fini publisher for node: 1
[manual-web-demo-worker] init failure: RCLError: Unknown error creating node: rcl node's rmw handle is invalid, at /tmp/binarydeb/ros-foxy-rcl-1.1.14/src/rcl/node.c:428
1787548978.528729 [0]    python3: config: //CycloneDDS/Domain/General: Interfaces: unknown element (file:///home/unitree/robotscene/runtime/go2w/cyclonedds_eth0.xml line 5)
1787548978.537879 [0]    python3: config: //CycloneDDS/Domain/Internal: SocketReceiveBufferSize: unknown element (line 17)
1787548978.538165 [0]    python3: config: //CycloneDDS/Domain/Internal: SocketSendBufferSize: unknown element (line 18)
[ERROR] [1787548978.538409760] [rmw_cyclonedds_cpp]: rmw_create_node: failed to create domain, error Error

>>> [rcutils|error_handling.c:108] rcutils_set_error_state()
This error state is being overwritten:

  'error not set, at /tmp/binarydeb/ros-foxy-rcl-1.1.14/src/rcl/node.c:276'

with this new error message:

  'rcl node's rmw handle is invalid, at /tmp/binarydeb/ros-foxy-rcl-1.1.14/src/rcl/node.c:428'

rcutils_reset_error() should be called after error handling to avoid this.
<<<
[ERROR] [1787548978.538668256] [rcl]: Failed to fini publisher for node: 1
[manual-web-demo-worker] init failure: RCLError: Unknown error creating node: rcl node's rmw handle is invalid, at /tmp/binarydeb/ros-foxy-rcl-1.1.14/src/rcl/node.c:428
1787548980.491056 [0]    python3: config: //CycloneDDS/Domain/General: Interfaces: unknown element (file:///home/unitree/robotscene/runtime/go2w/cyclonedds_eth0.xml line 5)
1787548980.493704 [0]    python3: config: //CycloneDDS/Domain/Internal: SocketReceiveBufferSize: unknown element (line 17)
1787548980.493924 [0]    python3: config: //CycloneDDS/Domain/Internal: SocketSendBufferSize: unknown element (line 18)
[ERROR] [1787548980.494154944] [rmw_cyclonedds_cpp]: rmw_create_node: failed to create domain, error Error

>>> [rcutils|error_handling.c:108] rcutils_set_error_state()
This error state is being overwritten:

  'error not set, at /tmp/binarydeb/ros-foxy-rcl-1.1.14/src/rcl/node.c:276'

with this new error message:

  'rcl node's rmw handle is invalid, at /tmp/binarydeb/ros-foxy-rcl-1.1.14/src/rcl/node.c:428'

rcutils_reset_error() should be called after error handling to avoid this.
<<<
[ERROR] [1787548980.494626560] [rcl]: Failed to fini publisher for node: 1
[manual-web-demo-worker] init failure: RCLError: Unknown error creating node: rcl node's rmw handle is invalid, at /tmp/binarydeb/ros-foxy-rcl-1.1.14/src/rcl/node.c:428
1787548982.235644 [0]    python3: config: //CycloneDDS/Domain/General: Interfaces: unknown element (file:///home/unitree/robotscene/runtime/go2w/cyclonedds_eth0.xml line 5)
1787548982.237110 [0]    python3: config: //CycloneDDS/Domain/Internal: SocketReceiveBufferSize: unknown element (line 17)
1787548982.237467 [0]    python3: config: //CycloneDDS/Domain/Internal: SocketSendBufferSize: unknown element (line 18)
[ERROR] [1787548982.237757600] [rmw_cyclonedds_cpp]: rmw_create_node: failed to create domain, error Error

>>> [rcutils|error_handling.c:108] rcutils_set_error_state()
This error state is being overwritten:

  'error not set, at /tmp/binarydeb/ros-foxy-rcl-1.1.14/src/rcl/node.c:276'

with this new error message:

  'rcl node's rmw handle is invalid, at /tmp/binarydeb/ros-foxy-rcl-1.1.14/src/rcl/node.c:428'

rcutils_reset_error() should be called after error handling to avoid this.
<<<
[ERROR] [1787548982.238437792] [rcl]: Failed to fini publisher for node: 1
[manual-web-demo-worker] init failure: RCLError: Unknown error creating node: rcl node's rmw handle is invalid, at /tmp/binarydeb/ros-foxy-rcl-1.1.14/src/rcl/node.c:428
1787548984.289433 [0]    python3: config: //CycloneDDS/Domain/General: Interfaces: unknown element (file:///home/unitree/robotscene/runtime/go2w/cyclonedds_eth0.xml line 5)
1787548984.289569 [0]    python3: config: //CycloneDDS/Domain/Internal: SocketReceiveBufferSize: unknown element (line 17)
1787548984.289590 [0]    python3: config: //CycloneDDS/Domain/Internal: SocketSendBufferSize: unknown element (line 18)
[ERROR] [1787548984.289694368] [rmw_cyclonedds_cpp]: rmw_create_node: failed to create domain, error Error

>>> [rcutils|error_handling.c:108] rcutils_set_error_state()
This error state is being overwritten:

  'error not set, at /tmp/binarydeb/ros-foxy-rcl-1.1.14/src/rcl/node.c:276'

with this new error message:

  'rcl node's rmw handle is invalid, at /tmp/binarydeb/ros-foxy-rcl-1.1.14/src/rcl/node.c:428'

rcutils_reset_error() should be called after error handling to avoid this.
<<<
[ERROR] [1787548984.289825024] [rcl]: Failed to fini publisher for node: 1
[manual-web-demo-worker] init failure: RCLError: Unknown error creating node: rcl node's rmw handle is invalid, at /tmp/binarydeb/ros-foxy-rcl-1.1.14/src/rcl/node.c:428
1787548986.185262 [0]    python3: config: //CycloneDDS/Domain/General: Interfaces: unknown element (file:///home/unitree/robotscene/runtime/go2w/cyclonedds_eth0.xml line 5)
1787548986.185406 [0]    python3: config: //CycloneDDS/Domain/Internal: SocketReceiveBufferSize: unknown element (line 17)
1787548986.185427 [0]    python3: config: //CycloneDDS/Domain/Internal: SocketSendBufferSize: unknown element (line 18)
[ERROR] [1787548986.185545760] [rmw_cyclonedds_cpp]: rmw_create_node: failed to create domain, error Error

>>> [rcutils|error_handling.c:108] rcutils_set_error_state()
This error state is being overwritten:

  'error not set, at /tmp/binarydeb/ros-foxy-rcl-1.1.14/src/rcl/node.c:276'

with this new error message:

  'rcl node's rmw handle is invalid, at /tmp/binarydeb/ros-foxy-rcl-1.1.14/src/rcl/node.c:428'

rcutils_reset_error() should be called after error handling to avoid this.
<<<
[ERROR] [1787548986.185649088] [rcl]: Failed to fini publisher for node: 1
[manual-web-demo-worker] init failure: RCLError: Unknown error creating node: rcl node's rmw handle is invalid, at /tmp/binarydeb/ros-foxy-rcl-1.1.14/src/rcl/node.c:428
1787548988.494087 [0]    python3: config: //CycloneDDS/Domain/General: Interfaces: unknown element (file:///home/unitree/robotscene/runtime/go2w/cyclonedds_eth0.xml line 5)
1787548988.494223 [0]    python3: config: //CycloneDDS/Domain/Internal: SocketReceiveBufferSize: unknown element (line 17)
1787548988.494242 [0]    python3: config: //CycloneDDS/Domain/Internal: SocketSendBufferSize: unknown element (line 18)
[ERROR] [1787548988.494344576] [rmw_cyclonedds_cpp]: rmw_create_node: failed to create domain, error Error

>>> [rcutils|error_handling.c:108] rcutils_set_error_state()
This error state is being overwritten:

  'error not set, at /tmp/binarydeb/ros-foxy-rcl-1.1.14/src/rcl/node.c:276'

with this new error message:

  'rcl node's rmw handle is invalid, at /tmp/binarydeb/ros-foxy-rcl-1.1.14/src/rcl/node.c:428'

rcutils_reset_error() should be called after error handling to avoid this.
<<<
[ERROR] [1787548988.494477472] [rcl]: Failed to fini publisher for node: 1
[manual-web-demo-worker] init failure: RCLError: Unknown error creating node: rcl node's rmw handle is invalid, at /tmp/binarydeb/ros-foxy-rcl-1.1.14/src/rcl/node.c:428
1787548990.272053 [0]    python3: config: //CycloneDDS/Domain/General: Interfaces: unknown element (file:///home/unitree/robotscene/runtime/go2w/cyclonedds_eth0.xml line 5)
1787548990.272257 [0]    python3: config: //CycloneDDS/Domain/Internal: SocketReceiveBufferSize: unknown element (line 17)
1787548990.272278 [0]    python3: config: //CycloneDDS/Domain/Internal: SocketSendBufferSize: unknown element (line 18)
[ERROR] [1787548990.272450336] [rmw_cyclonedds_cpp]: rmw_create_node: failed to create domain, error Error

>>> [rcutils|error_handling.c:108] rcutils_set_error_state()
This error state is being overwritten:

  'error not set, at /tmp/binarydeb/ros-foxy-rcl-1.1.14/src/rcl/node.c:276'

with this new error message:

  'rcl node's rmw handle is invalid, at /tmp/binarydeb/ros-foxy-rcl-1.1.14/src/rcl/node.c:428'

rcutils_reset_error() should be called after error handling to avoid this.
<<<
[ERROR] [1787548990.272721024] [rcl]: Failed to fini publisher for node: 1
[manual-web-demo-worker] init failure: RCLError: Unknown error creating node: rcl node's rmw handle is invalid, at /tmp/binarydeb/ros-foxy-rcl-1.1.14/src/rcl/node.c:428
1787548992.124602 [0]    python3: config: //CycloneDDS/Domain/General: Interfaces: unknown element (file:///home/unitree/robotscene/runtime/go2w/cyclonedds_eth0.xml line 5)
1787548992.124731 [0]    python3: config: //CycloneDDS/Domain/Internal: SocketReceiveBufferSize: unknown element (line 17)
1787548992.124750 [0]    python3: config: //CycloneDDS/Domain/Internal: SocketSendBufferSize: unknown element (line 18)
[ERROR] [1787548992.124849792] [rmw_cyclonedds_cpp]: rmw_create_node: failed to create domain, error Error

>>> [rcutils|error_handling.c:108] rcutils_set_error_state()
This error state is being overwritten:

  'error not set, at /tmp/binarydeb/ros-foxy-rcl-1.1.14/src/rcl/node.c:276'

with this new error message:

  'rcl node's rmw handle is invalid, at /tmp/binarydeb/ros-foxy-rcl-1.1.14/src/rcl/node.c:428'

rcutils_reset_error() should be called after error handling to avoid this.
<<<
[ERROR] [1787548992.124942272] [rcl]: Failed to fini publisher for node: 1
[manual-web-demo-worker] init failure: RCLError: Unknown error creating node: rcl node's rmw handle is invalid, at /tmp/binarydeb/ros-foxy-rcl-1.1.14/src/rcl/node.c:428
1787548994.791014 [0]    python3: config: //CycloneDDS/Domain/General: Interfaces: unknown element (file:///home/unitree/robotscene/runtime/go2w/cyclonedds_eth0.xml line 5)
1787548994.791155 [0]    python3: config: //CycloneDDS/Domain/Internal: SocketReceiveBufferSize: unknown element (line 17)
1787548994.791177 [0]    python3: config: //CycloneDDS/Domain/Internal: SocketSendBufferSize: unknown element (line 18)
[ERROR] [1787548994.791284160] [rmw_cyclonedds_cpp]: rmw_create_node: failed to create domain, error Error

>>> [rcutils|error_handling.c:108] rcutils_set_error_state()
This error state is being overwritten:

  'error not set, at /tmp/binarydeb/ros-foxy-rcl-1.1.14/src/rcl/node.c:276'

with this new error message:

  'rcl node's rmw handle is invalid, at /tmp/binarydeb/ros-foxy-rcl-1.1.14/src/rcl/node.c:428'

rcutils_reset_error() should be called after error handling to avoid this.
<<<
[ERROR] [1787548994.791401568] [rcl]: Failed to fini publisher for node: 1
[manual-web-demo-worker] init failure: RCLError: Unknown error creating node: rcl node's rmw handle is invalid, at /tmp/binarydeb/ros-foxy-rcl-1.1.14/src/rcl/node.c:428
1787548996.214724 [0]    python3: config: //CycloneDDS/Domain/General: Interfaces: unknown element (file:///home/unitree/robotscene/runtime/go2w/cyclonedds_eth0.xml line 5)
1787548996.218726 [0]    python3: config: //CycloneDDS/Domain/Internal: SocketReceiveBufferSize: unknown element (line 17)
1787548996.218781 [0]    python3: config: //CycloneDDS/Domain/Internal: SocketSendBufferSize: unknown element (line 18)
[ERROR] [1787548996.218911616] [rmw_cyclonedds_cpp]: rmw_create_node: failed to create domain, error Error

>>> [rcutils|error_handling.c:108] rcutils_set_error_state()
This error state is being overwritten:

  'error not set, at /tmp/binarydeb/ros-foxy-rcl-1.1.14/src/rcl/node.c:276'

with this new error message:

  'rcl node's rmw handle is invalid, at /tmp/binarydeb/ros-foxy-rcl-1.1.14/src/rcl/node.c:428'

rcutils_reset_error() should be called after error handling to avoid this.
<<<
[ERROR] [1787548996.219055424] [rcl]: Failed to fini publisher for node: 1
[manual-web-demo-worker] init failure: RCLError: Unknown error creating node: rcl node's rmw handle is invalid, at /tmp/binarydeb/ros-foxy-rcl-1.1.14/src/rcl/node.c:428
1787548998.330257 [0]    python3: config: //CycloneDDS/Domain/General: Interfaces: unknown element (file:///home/unitree/robotscene/runtime/go2w/cyclonedds_eth0.xml line 5)
1787548998.330537 [0]    python3: config: //CycloneDDS/Domain/Internal: SocketReceiveBufferSize: unknown element (line 17)
1787548998.330658 [0]    python3: config: //CycloneDDS/Domain/Internal: SocketSendBufferSize: unknown element (line 18)
[ERROR] [1787548998.331008448] [rmw_cyclonedds_cpp]: rmw_create_node: failed to create domain, error Error

>>> [rcutils|error_handling.c:108] rcutils_set_error_state()
This error state is being overwritten:

  'error not set, at /tmp/binarydeb/ros-foxy-rcl-1.1.14/src/rcl/node.c:276'

with this new error message:

  'rcl node's rmw handle is invalid, at /tmp/binarydeb/ros-foxy-rcl-1.1.14/src/rcl/node.c:428'

rcutils_reset_error() should be called after error handling to avoid this.
<<<
[ERROR] [1787548998.331236032] [rcl]: Failed to fini publisher for node: 1
[manual-web-demo-worker] init failure: RCLError: Unknown error creating node: rcl node's rmw handle is invalid, at /tmp/binarydeb/ros-foxy-rcl-1.1.14/src/rcl/node.c:428
1787549000.764863 [0]    python3: config: //CycloneDDS/Domain/General: Interfaces: unknown element (file:///home/unitree/robotscene/runtime/go2w/cyclonedds_eth0.xml line 5)
1787549000.765188 [0]    python3: config: //CycloneDDS/Domain/Internal: SocketReceiveBufferSize: unknown element (line 17)
1787549000.765281 [0]    python3: config: //CycloneDDS/Domain/Internal: SocketSendBufferSize: unknown element (line 18)
[ERROR] [1787549000.765459904] [rmw_cyclonedds_cpp]: rmw_create_node: failed to create domain, error Error

>>> [rcutils|error_handling.c:108] rcutils_set_error_state()
This error state is being overwritten:

  'error not set, at /tmp/binarydeb/ros-foxy-rcl-1.1.14/src/rcl/node.c:276'

with this new error message:

  'rcl node's rmw handle is invalid, at /tmp/binarydeb/ros-foxy-rcl-1.1.14/src/rcl/node.c:428'

rcutils_reset_error() should be called after error handling to avoid this.
<<<
[ERROR] [1787549000.765690624] [rcl]: Failed to fini publisher for node: 1
[manual-web-demo-worker] init failure: RCLError: Unknown error creating node: rcl node's rmw handle is invalid, at /tmp/binarydeb/ros-foxy-rcl-1.1.14/src/rcl/node.c:428
1787549002.717467 [0]    python3: config: //CycloneDDS/Domain/General: Interfaces: unknown element (file:///home/unitree/robotscene/runtime/go2w/cyclonedds_eth0.xml line 5)
1787549002.717612 [0]    python3: config: //CycloneDDS/Domain/Internal: SocketReceiveBufferSize: unknown element (line 17)
1787549002.717632 [0]    python3: config: //CycloneDDS/Domain/Internal: SocketSendBufferSize: unknown element (line 18)
[ERROR] [1787549002.717740000] [rmw_cyclonedds_cpp]: rmw_create_node: failed to create domain, error Error

>>> [rcutils|error_handling.c:108] rcutils_set_error_state()
This error state is being overwritten:

  'error not set, at /tmp/binarydeb/ros-foxy-rcl-1.1.14/src/rcl/node.c:276'

with this new error message:

  'rcl node's rmw handle is invalid, at /tmp/binarydeb/ros-foxy-rcl-1.1.14/src/rcl/node.c:428'

rcutils_reset_error() should be called after error handling to avoid this.
<<<
[ERROR] [1787549002.717828512] [rcl]: Failed to fini publisher for node: 1
[manual-web-demo-worker] init failure: RCLError: Unknown error creating node: rcl node's rmw handle is invalid, at /tmp/binarydeb/ros-foxy-rcl-1.1.14/src/rcl/node.c:428
1787549004.625751 [0]    python3: config: //CycloneDDS/Domain/General: Interfaces: unknown element (file:///home/unitree/robotscene/runtime/go2w/cyclonedds_eth0.xml line 5)
1787549004.627449 [0]    python3: config: //CycloneDDS/Domain/Internal: SocketReceiveBufferSize: unknown element (line 17)
1787549004.627814 [0]    python3: config: //CycloneDDS/Domain/Internal: SocketSendBufferSize: unknown element (line 18)
[ERROR] [1787549004.628135200] [rmw_cyclonedds_cpp]: rmw_create_node: failed to create domain, error Error

>>> [rcutils|error_handling.c:108] rcutils_set_error_state()
This error state is being overwritten:

  'error not set, at /tmp/binarydeb/ros-foxy-rcl-1.1.14/src/rcl/node.c:276'

with this new error message:

  'rcl node's rmw handle is invalid, at /tmp/binarydeb/ros-foxy-rcl-1.1.14/src/rcl/node.c:428'

rcutils_reset_error() should be called after error handling to avoid this.
<<<
[ERROR] [1787549004.630161760] [rcl]: Failed to fini publisher for node: 1
[manual-web-demo-worker] init failure: RCLError: Unknown error creating node: rcl node's rmw handle is invalid, at /tmp/binarydeb/ros-foxy-rcl-1.1.14/src/rcl/node.c:428
1787549006.380958 [0]    python3: config: //CycloneDDS/Domain/General: Interfaces: unknown element (file:///home/unitree/robotscene/runtime/go2w/cyclonedds_eth0.xml line 5)
1787549006.381266 [0]    python3: config: //CycloneDDS/Domain/Internal: SocketReceiveBufferSize: unknown element (line 17)
1787549006.381370 [0]    python3: config: //CycloneDDS/Domain/Internal: SocketSendBufferSize: unknown element (line 18)
[ERROR] [1787549006.381569920] [rmw_cyclonedds_cpp]: rmw_create_node: failed to create domain, error Error

>>> [rcutils|error_handling.c:108] rcutils_set_error_state()
This error state is being overwritten:

  'error not set, at /tmp/binarydeb/ros-foxy-rcl-1.1.14/src/rcl/node.c:276'

with this new error message:

  'rcl node's rmw handle is invalid, at /tmp/binarydeb/ros-foxy-rcl-1.1.14/src/rcl/node.c:428'

rcutils_reset_error() should be called after error handling to avoid this.
<<<
[ERROR] [1787549006.381805856] [rcl]: Failed to fini publisher for node: 1
[manual-web-demo-worker] init failure: RCLError: Unknown error creating node: rcl node's rmw handle is invalid, at /tmp/binarydeb/ros-foxy-rcl-1.1.14/src/rcl/node.c:428
1787549009.066423 [0]    python3: config: //CycloneDDS/Domain/General: Interfaces: unknown element (file:///home/unitree/robotscene/runtime/go2w/cyclonedds_eth0.xml line 5)
1787549009.068452 [0]    python3: config: //CycloneDDS/Domain/Internal: SocketReceiveBufferSize: unknown element (line 17)
1787549009.068563 [0]    python3: config: //CycloneDDS/Domain/Internal: SocketSendBufferSize: unknown element (line 18)
[ERROR] [1787549009.068701792] [rmw_cyclonedds_cpp]: rmw_create_node: failed to create domain, error Error

>>> [rcutils|error_handling.c:108] rcutils_set_error_state()
This error state is being overwritten:

  'error not set, at /tmp/binarydeb/ros-foxy-rcl-1.1.14/src/rcl/node.c:276'

with this new error message:

  'rcl node's rmw handle is invalid, at /tmp/binarydeb/ros-foxy-rcl-1.1.14/src/rcl/node.c:428'

rcutils_reset_error() should be called after error handling to avoid this.
<<<
[ERROR] [1787549009.068800480] [rcl]: Failed to fini publisher for node: 1
[manual-web-demo-worker] init failure: RCLError: Unknown error creating node: rcl node's rmw handle is invalid, at /tmp/binarydeb/ros-foxy-rcl-1.1.14/src/rcl/node.c:428
1787549010.526074 [0]    python3: config: //CycloneDDS/Domain/General: Interfaces: unknown element (file:///home/unitree/robotscene/runtime/go2w/cyclonedds_eth0.xml line 5)
1787549010.526410 [0]    python3: config: //CycloneDDS/Domain/Internal: SocketReceiveBufferSize: unknown element (line 17)
1787549010.526515 [0]    python3: config: //CycloneDDS/Domain/Internal: SocketSendBufferSize: unknown element (line 18)
[ERROR] [1787549010.526718272] [rmw_cyclonedds_cpp]: rmw_create_node: failed to create domain, error Error

>>> [rcutils|error_handling.c:108] rcutils_set_error_state()
This error state is being overwritten:

  'error not set, at /tmp/binarydeb/ros-foxy-rcl-1.1.14/src/rcl/node.c:276'

with this new error message:

  'rcl node's rmw handle is invalid, at /tmp/binarydeb/ros-foxy-rcl-1.1.14/src/rcl/node.c:428'

rcutils_reset_error() should be called after error handling to avoid this.
<<<
[ERROR] [1787549010.526980384] [rcl]: Failed to fini publisher for node: 1
[manual-web-demo-worker] init failure: RCLError: Unknown error creating node: rcl node's rmw handle is invalid, at /tmp/binarydeb/ros-foxy-rcl-1.1.14/src/rcl/node.c:428
1787549012.601393 [0]    python3: config: //CycloneDDS/Domain/General: Interfaces: unknown element (file:///home/unitree/robotscene/runtime/go2w/cyclonedds_eth0.xml line 5)
1787549012.601752 [0]    python3: config: //CycloneDDS/Domain/Internal: SocketReceiveBufferSize: unknown element (line 17)
1787549012.601848 [0]    python3: config: //CycloneDDS/Domain/Internal: SocketSendBufferSize: unknown element (line 18)
[ERROR] [1787549012.602032512] [rmw_cyclonedds_cpp]: rmw_create_node: failed to create domain, error Error

>>> [rcutils|error_handling.c:108] rcutils_set_error_state()
This error state is being overwritten:

  'error not set, at /tmp/binarydeb/ros-foxy-rcl-1.1.14/src/rcl/node.c:276'

with this new error message:

  'rcl node's rmw handle is invalid, at /tmp/binarydeb/ros-foxy-rcl-1.1.14/src/rcl/node.c:428'

rcutils_reset_error() should be called after error handling to avoid this.
<<<
[ERROR] [1787549012.602255776] [rcl]: Failed to fini publisher for node: 1
[manual-web-demo-worker] init failure: RCLError: Unknown error creating node: rcl node's rmw handle is invalid, at /tmp/binarydeb/ros-foxy-rcl-1.1.14/src/rcl/node.c:428
1787549015.016002 [0]    python3: config: //CycloneDDS/Domain/General: Interfaces: unknown element (file:///home/unitree/robotscene/runtime/go2w/cyclonedds_eth0.xml line 5)
1787549015.020356 [0]    python3: config: //CycloneDDS/Domain/Internal: SocketReceiveBufferSize: unknown element (line 17)
1787549015.020866 [0]    python3: config: //CycloneDDS/Domain/Internal: SocketSendBufferSize: unknown element (line 18)
[ERROR] [1787549015.021269344] [rmw_cyclonedds_cpp]: rmw_create_node: failed to create domain, error Error

>>> [rcutils|error_handling.c:108] rcutils_set_error_state()
This error state is being overwritten:

  'error not set, at /tmp/binarydeb/ros-foxy-rcl-1.1.14/src/rcl/node.c:276'

with this new error message:

  'rcl node's rmw handle is invalid, at /tmp/binarydeb/ros-foxy-rcl-1.1.14/src/rcl/node.c:428'

rcutils_reset_error() should be called after error handling to avoid this.
<<<
[ERROR] [1787549015.022180736] [rcl]: Failed to fini publisher for node: 1
[manual-web-demo-worker] init failure: RCLError: Unknown error creating node: rcl node's rmw handle is invalid, at /tmp/binarydeb/ros-foxy-rcl-1.1.14/src/rcl/node.c:428
1787549017.020364 [0]    python3: config: //CycloneDDS/Domain/General: Interfaces: unknown element (file:///home/unitree/robotscene/runtime/go2w/cyclonedds_eth0.xml line 5)
1787549017.021574 [0]    python3: config: //CycloneDDS/Domain/Internal: SocketReceiveBufferSize: unknown element (line 17)
1787549017.023365 [0]    python3: config: //CycloneDDS/Domain/Internal: SocketSendBufferSize: unknown element (line 18)
[ERROR] [1787549017.023789952] [rmw_cyclonedds_cpp]: rmw_create_node: failed to create domain, error Error

>>> [rcutils|error_handling.c:108] rcutils_set_error_state()
This error state is being overwritten:

  'error not set, at /tmp/binarydeb/ros-foxy-rcl-1.1.14/src/rcl/node.c:276'

with this new error message:

  'rcl node's rmw handle is invalid, at /tmp/binarydeb/ros-foxy-rcl-1.1.14/src/rcl/node.c:428'

rcutils_reset_error() should be called after error handling to avoid this.
<<<
[ERROR] [1787549017.024395680] [rcl]: Failed to fini publisher for node: 1
[manual-web-demo-worker] init failure: RCLError: Unknown error creating node: rcl node's rmw handle is invalid, at /tmp/binarydeb/ros-foxy-rcl-1.1.14/src/rcl/node.c:428
1787549018.749154 [0]    python3: config: //CycloneDDS/Domain/General: Interfaces: unknown element (file:///home/unitree/robotscene/runtime/go2w/cyclonedds_eth0.xml line 5)
1787549018.749479 [0]    python3: config: //CycloneDDS/Domain/Internal: SocketReceiveBufferSize: unknown element (line 17)
1787549018.749571 [0]    python3: config: //CycloneDDS/Domain/Internal: SocketSendBufferSize: unknown element (line 18)
[ERROR] [1787549018.749793984] [rmw_cyclonedds_cpp]: rmw_create_node: failed to create domain, error Error

>>> [rcutils|error_handling.c:108] rcutils_set_error_state()
This error state is being overwritten:

  'error not set, at /tmp/binarydeb/ros-foxy-rcl-1.1.14/src/rcl/node.c:276'

with this new error message:

  'rcl node's rmw handle is invalid, at /tmp/binarydeb/ros-foxy-rcl-1.1.14/src/rcl/node.c:428'

rcutils_reset_error() should be called after error handling to avoid this.
<<<
[ERROR] [1787549018.750052640] [rcl]: Failed to fini publisher for node: 1
[manual-web-demo-worker] init failure: RCLError: Unknown error creating node: rcl node's rmw handle is invalid, at /tmp/binarydeb/ros-foxy-rcl-1.1.14/src/rcl/node.c:428
1787549020.821512 [0]    python3: config: //CycloneDDS/Domain/General: Interfaces: unknown element (file:///home/unitree/robotscene/runtime/go2w/cyclonedds_eth0.xml line 5)
1787549020.822471 [0]    python3: config: //CycloneDDS/Domain/Internal: SocketReceiveBufferSize: unknown element (line 17)
1787549020.822625 [0]    python3: config: //CycloneDDS/Domain/Internal: SocketSendBufferSize: unknown element (line 18)
[ERROR] [1787549020.822884576] [rmw_cyclonedds_cpp]: rmw_create_node: failed to create domain, error Error

>>> [rcutils|error_handling.c:108] rcutils_set_error_state()
This error state is being overwritten:

  'error not set, at /tmp/binarydeb/ros-foxy-rcl-1.1.14/src/rcl/node.c:276'

with this new error message:

  'rcl node's rmw handle is invalid, at /tmp/binarydeb/ros-foxy-rcl-1.1.14/src/rcl/node.c:428'

rcutils_reset_error() should be called after error handling to avoid this.
<<<
[ERROR] [1787549020.824747648] [rcl]: Failed to fini publisher for node: 1
[manual-web-demo-worker] init failure: RCLError: Unknown error creating node: rcl node's rmw handle is invalid, at /tmp/binarydeb/ros-foxy-rcl-1.1.14/src/rcl/node.c:428
1787549022.853070 [0]    python3: config: //CycloneDDS/Domain/General: Interfaces: unknown element (file:///home/unitree/robotscene/runtime/go2w/cyclonedds_eth0.xml line 5)
1787549022.853196 [0]    python3: config: //CycloneDDS/Domain/Internal: SocketReceiveBufferSize: unknown element (line 17)
1787549022.853217 [0]    python3: config: //CycloneDDS/Domain/Internal: SocketSendBufferSize: unknown element (line 18)
[ERROR] [1787549022.853321472] [rmw_cyclonedds_cpp]: rmw_create_node: failed to create domain, error Error

>>> [rcutils|error_handling.c:108] rcutils_set_error_state()
This error state is being overwritten:

  'error not set, at /tmp/binarydeb/ros-foxy-rcl-1.1.14/src/rcl/node.c:276'

with this new error message:

  'rcl node's rmw handle is invalid, at /tmp/binarydeb/ros-foxy-rcl-1.1.14/src/rcl/node.c:428'

rcutils_reset_error() should be called after error handling to avoid this.
<<<
[ERROR] [1787549022.853427552] [rcl]: Failed to fini publisher for node: 1
[manual-web-demo-worker] init failure: RCLError: Unknown error creating node: rcl node's rmw handle is invalid, at /tmp/binarydeb/ros-foxy-rcl-1.1.14/src/rcl/node.c:428
1787549025.212125 [0]    python3: config: //CycloneDDS/Domain/General: Interfaces: unknown element (file:///home/unitree/robotscene/runtime/go2w/cyclonedds_eth0.xml line 5)
1787549025.212263 [0]    python3: config: //CycloneDDS/Domain/Internal: SocketReceiveBufferSize: unknown element (line 17)
1787549025.212285 [0]    python3: config: //CycloneDDS/Domain/Internal: SocketSendBufferSize: unknown element (line 18)
[ERROR] [1787549025.212433120] [rmw_cyclonedds_cpp]: rmw_create_node: failed to create domain, error Error

>>> [rcutils|error_handling.c:108] rcutils_set_error_state()
This error state is being overwritten:

  'error not set, at /tmp/binarydeb/ros-foxy-rcl-1.1.14/src/rcl/node.c:276'

with this new error message:

  'rcl node's rmw handle is invalid, at /tmp/binarydeb/ros-foxy-rcl-1.1.14/src/rcl/node.c:428'

rcutils_reset_error() should be called after error handling to avoid this.
<<<
[ERROR] [1787549025.212576064] [rcl]: Failed to fini publisher for node: 1
[manual-web-demo-worker] init failure: RCLError: Unknown error creating node: rcl node's rmw handle is invalid, at /tmp/binarydeb/ros-foxy-rcl-1.1.14/src/rcl/node.c:428
1787549026.868473 [0]    python3: config: //CycloneDDS/Domain/General: Interfaces: unknown element (file:///home/unitree/robotscene/runtime/go2w/cyclonedds_eth0.xml line 5)
1787549026.868641 [0]    python3: config: //CycloneDDS/Domain/Internal: SocketReceiveBufferSize: unknown element (line 17)
1787549026.868664 [0]    python3: config: //CycloneDDS/Domain/Internal: SocketSendBufferSize: unknown element (line 18)
[ERROR] [1787549026.868792800] [rmw_cyclonedds_cpp]: rmw_create_node: failed to create domain, error Error

>>> [rcutils|error_handling.c:108] rcutils_set_error_state()
This error state is being overwritten:

  'error not set, at /tmp/binarydeb/ros-foxy-rcl-1.1.14/src/rcl/node.c:276'

with this new error message:

  'rcl node's rmw handle is invalid, at /tmp/binarydeb/ros-foxy-rcl-1.1.14/src/rcl/node.c:428'

rcutils_reset_error() should be called after error handling to avoid this.
<<<
[ERROR] [1787549026.868911584] [rcl]: Failed to fini publisher for node: 1
[manual-web-demo-worker] init failure: RCLError: Unknown error creating node: rcl node's rmw handle is invalid, at /tmp/binarydeb/ros-foxy-rcl-1.1.14/src/rcl/node.c:428
1787549028.818787 [0]    python3: config: //CycloneDDS/Domain/General: Interfaces: unknown element (file:///home/unitree/robotscene/runtime/go2w/cyclonedds_eth0.xml line 5)
1787549028.819105 [0]    python3: config: //CycloneDDS/Domain/Internal: SocketReceiveBufferSize: unknown element (line 17)
1787549028.819205 [0]    python3: config: //CycloneDDS/Domain/Internal: SocketSendBufferSize: unknown element (line 18)
[ERROR] [1787549028.819387392] [rmw_cyclonedds_cpp]: rmw_create_node: failed to create domain, error Error

>>> [rcutils|error_handling.c:108] rcutils_set_error_state()
This error state is being overwritten:

  'error not set, at /tmp/binarydeb/ros-foxy-rcl-1.1.14/src/rcl/node.c:276'

with this new error message:

  'rcl node's rmw handle is invalid, at /tmp/binarydeb/ros-foxy-rcl-1.1.14/src/rcl/node.c:428'

rcutils_reset_error() should be called after error handling to avoid this.
<<<
[ERROR] [1787549028.819637760] [rcl]: Failed to fini publisher for node: 1
[manual-web-demo-worker] init failure: RCLError: Unknown error creating node: rcl node's rmw handle is invalid, at /tmp/binarydeb/ros-foxy-rcl-1.1.14/src/rcl/node.c:428
1787549031.018596 [0]    python3: config: //CycloneDDS/Domain/General: Interfaces: unknown element (file:///home/unitree/robotscene/runtime/go2w/cyclonedds_eth0.xml line 5)
1787549031.018937 [0]    python3: config: //CycloneDDS/Domain/Internal: SocketReceiveBufferSize: unknown element (line 17)
1787549031.019033 [0]    python3: config: //CycloneDDS/Domain/Internal: SocketSendBufferSize: unknown element (line 18)
[ERROR] [1787549031.019210880] [rmw_cyclonedds_cpp]: rmw_create_node: failed to create domain, error Error

>>> [rcutils|error_handling.c:108] rcutils_set_error_state()
This error state is being overwritten:

  'error not set, at /tmp/binarydeb/ros-foxy-rcl-1.1.14/src/rcl/node.c:276'

with this new error message:

  'rcl node's rmw handle is invalid, at /tmp/binarydeb/ros-foxy-rcl-1.1.14/src/rcl/node.c:428'

rcutils_reset_error() should be called after error handling to avoid this.
<<<
[ERROR] [1787549031.019430464] [rcl]: Failed to fini publisher for node: 1
[manual-web-demo-worker] init failure: RCLError: Unknown error creating node: rcl node's rmw handle is invalid, at /tmp/binarydeb/ros-foxy-rcl-1.1.14/src/rcl/node.c:428
1787549033.383628 [0]    python3: config: //CycloneDDS/Domain/General: Interfaces: unknown element (file:///home/unitree/robotscene/runtime/go2w/cyclonedds_eth0.xml line 5)
1787549033.388249 [0]    python3: config: //CycloneDDS/Domain/Internal: SocketReceiveBufferSize: unknown element (line 17)
1787549033.388470 [0]    python3: config: //CycloneDDS/Domain/Internal: SocketSendBufferSize: unknown element (line 18)
[ERROR] [1787549033.388702848] [rmw_cyclonedds_cpp]: rmw_create_node: failed to create domain, error Error

>>> [rcutils|error_handling.c:108] rcutils_set_error_state()
This error state is being overwritten:

  'error not set, at /tmp/binarydeb/ros-foxy-rcl-1.1.14/src/rcl/node.c:276'

with this new error message:

  'rcl node's rmw handle is invalid, at /tmp/binarydeb/ros-foxy-rcl-1.1.14/src/rcl/node.c:428'

rcutils_reset_error() should be called after error handling to avoid this.
<<<
[ERROR] [1787549033.389220672] [rcl]: Failed to fini publisher for node: 1
[manual-web-demo-worker] init failure: RCLError: Unknown error creating node: rcl node's rmw handle is invalid, at /tmp/binarydeb/ros-foxy-rcl-1.1.14/src/rcl/node.c:428
1787549035.380651 [0]    python3: config: //CycloneDDS/Domain/General: Interfaces: unknown element (file:///home/unitree/robotscene/runtime/go2w/cyclonedds_eth0.xml line 5)
1787549035.380973 [0]    python3: config: //CycloneDDS/Domain/Internal: SocketReceiveBufferSize: unknown element (line 17)
1787549035.381094 [0]    python3: config: //CycloneDDS/Domain/Internal: SocketSendBufferSize: unknown element (line 18)
[ERROR] [1787549035.381296416] [rmw_cyclonedds_cpp]: rmw_create_node: failed to create domain, error Error

>>> [rcutils|error_handling.c:108] rcutils_set_error_state()
This error state is being overwritten:

  'error not set, at /tmp/binarydeb/ros-foxy-rcl-1.1.14/src/rcl/node.c:276'

with this new error message:

  'rcl node's rmw handle is invalid, at /tmp/binarydeb/ros-foxy-rcl-1.1.14/src/rcl/node.c:428'

rcutils_reset_error() should be called after error handling to avoid this.
<<<
[ERROR] [1787549035.381548544] [rcl]: Failed to fini publisher for node: 1
[manual-web-demo-worker] init failure: RCLError: Unknown error creating node: rcl node's rmw handle is invalid, at /tmp/binarydeb/ros-foxy-rcl-1.1.14/src/rcl/node.c:428
1787549037.487226 [0]    python3: config: //CycloneDDS/Domain/General: Interfaces: unknown element (file:///home/unitree/robotscene/runtime/go2w/cyclonedds_eth0.xml line 5)
1787549037.488001 [0]    python3: config: //CycloneDDS/Domain/Internal: SocketReceiveBufferSize: unknown element (line 17)
1787549037.488288 [0]    python3: config: //CycloneDDS/Domain/Internal: SocketSendBufferSize: unknown element (line 18)
[ERROR] [1787549037.488583808] [rmw_cyclonedds_cpp]: rmw_create_node: failed to create domain, error Error

>>> [rcutils|error_handling.c:108] rcutils_set_error_state()
This error state is being overwritten:

  'error not set, at /tmp/binarydeb/ros-foxy-rcl-1.1.14/src/rcl/node.c:276'

with this new error message:

  'rcl node's rmw handle is invalid, at /tmp/binarydeb/ros-foxy-rcl-1.1.14/src/rcl/node.c:428'

rcutils_reset_error() should be called after error handling to avoid this.
<<<
[ERROR] [1787549037.489282208] [rcl]: Failed to fini publisher for node: 1
[manual-web-demo-worker] init failure: RCLError: Unknown error creating node: rcl node's rmw handle is invalid, at /tmp/binarydeb/ros-foxy-rcl-1.1.14/src/rcl/node.c:428
1787549038.948741 [0]    python3: config: //CycloneDDS/Domain/General: Interfaces: unknown element (file:///home/unitree/robotscene/runtime/go2w/cyclonedds_eth0.xml line 5)
1787549038.949578 [0]    python3: config: //CycloneDDS/Domain/Internal: SocketReceiveBufferSize: unknown element (line 17)
1787549038.949883 [0]    python3: config: //CycloneDDS/Domain/Internal: SocketSendBufferSize: unknown element (line 18)
[ERROR] [1787549038.950148992] [rmw_cyclonedds_cpp]: rmw_create_node: failed to create domain, error Error

>>> [rcutils|error_handling.c:108] rcutils_set_error_state()
This error state is being overwritten:

  'error not set, at /tmp/binarydeb/ros-foxy-rcl-1.1.14/src/rcl/node.c:276'

with this new error message:

  'rcl node's rmw handle is invalid, at /tmp/binarydeb/ros-foxy-rcl-1.1.14/src/rcl/node.c:428'

rcutils_reset_error() should be called after error handling to avoid this.
<<<
[ERROR] [1787549038.950860320] [rcl]: Failed to fini publisher for node: 1
[manual-web-demo-worker] init failure: RCLError: Unknown error creating node: rcl node's rmw handle is invalid, at /tmp/binarydeb/ros-foxy-rcl-1.1.14/src/rcl/node.c:428
1787549041.370852 [0]    python3: config: //CycloneDDS/Domain/General: Interfaces: unknown element (file:///home/unitree/robotscene/runtime/go2w/cyclonedds_eth0.xml line 5)
1787549041.375523 [0]    python3: config: //CycloneDDS/Domain/Internal: SocketReceiveBufferSize: unknown element (line 17)
1787549041.376270 [0]    python3: config: //CycloneDDS/Domain/Internal: SocketSendBufferSize: unknown element (line 18)
[ERROR] [1787549041.376700384] [rmw_cyclonedds_cpp]: rmw_create_node: failed to create domain, error Error

>>> [rcutils|error_handling.c:108] rcutils_set_error_state()
This error state is being overwritten:

  'error not set, at /tmp/binarydeb/ros-foxy-rcl-1.1.14/src/rcl/node.c:276'

with this new error message:

  'rcl node's rmw handle is invalid, at /tmp/binarydeb/ros-foxy-rcl-1.1.14/src/rcl/node.c:428'

rcutils_reset_error() should be called after error handling to avoid this.
<<<
[ERROR] [1787549041.378026528] [rcl]: Failed to fini publisher for node: 1
[manual-web-demo-worker] init failure: RCLError: Unknown error creating node: rcl node's rmw handle is invalid, at /tmp/binarydeb/ros-foxy-rcl-1.1.14/src/rcl/node.c:428
1787549043.191403 [0]    python3: config: //CycloneDDS/Domain/General: Interfaces: unknown element (file:///home/unitree/robotscene/runtime/go2w/cyclonedds_eth0.xml line 5)
1787549043.191543 [0]    python3: config: //CycloneDDS/Domain/Internal: SocketReceiveBufferSize: unknown element (line 17)
1787549043.191564 [0]    python3: config: //CycloneDDS/Domain/Internal: SocketSendBufferSize: unknown element (line 18)
[ERROR] [1787549043.191674336] [rmw_cyclonedds_cpp]: rmw_create_node: failed to create domain, error Error

>>> [rcutils|error_handling.c:108] rcutils_set_error_state()
This error state is being overwritten:

  'error not set, at /tmp/binarydeb/ros-foxy-rcl-1.1.14/src/rcl/node.c:276'

with this new error message:

  'rcl node's rmw handle is invalid, at /tmp/binarydeb/ros-foxy-rcl-1.1.14/src/rcl/node.c:428'

rcutils_reset_error() should be called after error handling to avoid this.
<<<
[ERROR] [1787549043.191766272] [rcl]: Failed to fini publisher for node: 1
[manual-web-demo-worker] init failure: RCLError: Unknown error creating node: rcl node's rmw handle is invalid, at /tmp/binarydeb/ros-foxy-rcl-1.1.14/src/rcl/node.c:428
1787549045.398513 [0]    python3: config: //CycloneDDS/Domain/General: NetworkInterface: unknown element (file:///home/unitree/robotscene/runtime/go2w/cyclonedds_eth0.xml line 5)
[ERROR] [1787549045.398908192] [rmw_cyclonedds_cpp]: rmw_create_node: failed to create domain, error Error

>>> [rcutils|error_handling.c:108] rcutils_set_error_state()
This error state is being overwritten:

  'error not set, at /tmp/binarydeb/ros-foxy-rcl-1.1.14/src/rcl/node.c:276'

with this new error message:

  'rcl node's rmw handle is invalid, at /tmp/binarydeb/ros-foxy-rcl-1.1.14/src/rcl/node.c:428'

rcutils_reset_error() should be called after error handling to avoid this.
<<<
[ERROR] [1787549045.399170368] [rcl]: Failed to fini publisher for node: 1
[manual-web-demo-worker] init failure: RCLError: Unknown error creating node: rcl node's rmw handle is invalid, at /tmp/binarydeb/ros-foxy-rcl-1.1.14/src/rcl/node.c:428
1787549047.036829 [0]    python3: config: //CycloneDDS/Domain/General: NetworkInterface: unknown element (file:///home/unitree/robotscene/runtime/go2w/cyclonedds_eth0.xml line 5)
[ERROR] [1787549047.037149472] [rmw_cyclonedds_cpp]: rmw_create_node: failed to create domain, error Error

>>> [rcutils|error_handling.c:108] rcutils_set_error_state()
This error state is being overwritten:

  'error not set, at /tmp/binarydeb/ros-foxy-rcl-1.1.14/src/rcl/node.c:276'

with this new error message:

  'rcl node's rmw handle is invalid, at /tmp/binarydeb/ros-foxy-rcl-1.1.14/src/rcl/node.c:428'

rcutils_reset_error() should be called after error handling to avoid this.
<<<
[ERROR] [1787549047.037251072] [rcl]: Failed to fini publisher for node: 1
[manual-web-demo-worker] init failure: RCLError: Unknown error creating node: rcl node's rmw handle is invalid, at /tmp/binarydeb/ros-foxy-rcl-1.1.14/src/rcl/node.c:428
1787549049.330113 [0]    python3: config: //CycloneDDS/Domain/General: NetworkInterface: unknown element (file:///home/unitree/robotscene/runtime/go2w/cyclonedds_eth0.xml line 5)
[ERROR] [1787549049.330615616] [rmw_cyclonedds_cpp]: rmw_create_node: failed to create domain, error Error

>>> [rcutils|error_handling.c:108] rcutils_set_error_state()
This error state is being overwritten:

  'error not set, at /tmp/binarydeb/ros-foxy-rcl-1.1.14/src/rcl/node.c:276'

with this new error message:

  'rcl node's rmw handle is invalid, at /tmp/binarydeb/ros-foxy-rcl-1.1.14/src/rcl/node.c:428'

rcutils_reset_error() should be called after error handling to avoid this.
<<<
[ERROR] [1787549049.330714528] [rcl]: Failed to fini publisher for node: 1
[manual-web-demo-worker] init failure: RCLError: Unknown error creating node: rcl node's rmw handle is invalid, at /tmp/binarydeb/ros-foxy-rcl-1.1.14/src/rcl/node.c:428
1787549051.323742 [0]    python3: config: //CycloneDDS/Domain/General: NetworkInterface: unknown element (file:///home/unitree/robotscene/runtime/go2w/cyclonedds_eth0.xml line 5)
[ERROR] [1787549051.325721600] [rmw_cyclonedds_cpp]: rmw_create_node: failed to create domain, error Error

>>> [rcutils|error_handling.c:108] rcutils_set_error_state()
This error state is being overwritten:

  'error not set, at /tmp/binarydeb/ros-foxy-rcl-1.1.14/src/rcl/node.c:276'

with this new error message:

  'rcl node's rmw handle is invalid, at /tmp/binarydeb/ros-foxy-rcl-1.1.14/src/rcl/node.c:428'

rcutils_reset_error() should be called after error handling to avoid this.
<<<
[ERROR] [1787549051.326300128] [rcl]: Failed to fini publisher for node: 1
[manual-web-demo-worker] init failure: RCLError: Unknown error creating node: rcl node's rmw handle is invalid, at /tmp/binarydeb/ros-foxy-rcl-1.1.14/src/rcl/node.c:428
1787549053.704123 [0]    python3: config: //CycloneDDS/Domain/General: NetworkInterface: unknown element (file:///home/unitree/robotscene/runtime/go2w/cyclonedds_eth0.xml line 5)
[ERROR] [1787549053.704544672] [rmw_cyclonedds_cpp]: rmw_create_node: failed to create domain, error Error

>>> [rcutils|error_handling.c:108] rcutils_set_error_state()
This error state is being overwritten:

  'error not set, at /tmp/binarydeb/ros-foxy-rcl-1.1.14/src/rcl/node.c:276'

with this new error message:

  'rcl node's rmw handle is invalid, at /tmp/binarydeb/ros-foxy-rcl-1.1.14/src/rcl/node.c:428'

rcutils_reset_error() should be called after error handling to avoid this.
<<<
[ERROR] [1787549053.704800960] [rcl]: Failed to fini publisher for node: 1
[manual-web-demo-worker] init failure: RCLError: Unknown error creating node: rcl node's rmw handle is invalid, at /tmp/binarydeb/ros-foxy-rcl-1.1.14/src/rcl/node.c:428
1787549055.109789 [0]    python3: config: //CycloneDDS/Domain/General: NetworkInterface: unknown element (file:///home/unitree/robotscene/runtime/go2w/cyclonedds_eth0.xml line 5)
[ERROR] [1787549055.110025152] [rmw_cyclonedds_cpp]: rmw_create_node: failed to create domain, error Error

>>> [rcutils|error_handling.c:108] rcutils_set_error_state()
This error state is being overwritten:

  'error not set, at /tmp/binarydeb/ros-foxy-rcl-1.1.14/src/rcl/node.c:276'

with this new error message:

  'rcl node's rmw handle is invalid, at /tmp/binarydeb/ros-foxy-rcl-1.1.14/src/rcl/node.c:428'

rcutils_reset_error() should be called after error handling to avoid this.
<<<
[ERROR] [1787549055.110111904] [rcl]: Failed to fini publisher for node: 1
[manual-web-demo-worker] init failure: RCLError: Unknown error creating node: rcl node's rmw handle is invalid, at /tmp/binarydeb/ros-foxy-rcl-1.1.14/src/rcl/node.c:428
1787549057.129537 [0]    python3: config: //CycloneDDS/Domain/General: NetworkInterface: unknown element (file:///home/unitree/robotscene/runtime/go2w/cyclonedds_eth0.xml line 5)
[ERROR] [1787549057.129937728] [rmw_cyclonedds_cpp]: rmw_create_node: failed to create domain, error Error

>>> [rcutils|error_handling.c:108] rcutils_set_error_state()
This error state is being overwritten:

  'error not set, at /tmp/binarydeb/ros-foxy-rcl-1.1.14/src/rcl/node.c:276'

with this new error message:

  'rcl node's rmw handle is invalid, at /tmp/binarydeb/ros-foxy-rcl-1.1.14/src/rcl/node.c:428'

rcutils_reset_error() should be called after error handling to avoid this.
<<<
[ERROR] [1787549057.130229376] [rcl]: Failed to fini publisher for node: 1
[manual-web-demo-worker] init failure: RCLError: Unknown error creating node: rcl node's rmw handle is invalid, at /tmp/binarydeb/ros-foxy-rcl-1.1.14/src/rcl/node.c:428
1787549059.306786 [0]    python3: config: //CycloneDDS/Domain/General: NetworkInterface: unknown element (file:///home/unitree/robotscene/runtime/go2w/cyclonedds_eth0.xml line 5)
[ERROR] [1787549059.307163808] [rmw_cyclonedds_cpp]: rmw_create_node: failed to create domain, error Error

>>> [rcutils|error_handling.c:108] rcutils_set_error_state()
This error state is being overwritten:

  'error not set, at /tmp/binarydeb/ros-foxy-rcl-1.1.14/src/rcl/node.c:276'

with this new error message:

  'rcl node's rmw handle is invalid, at /tmp/binarydeb/ros-foxy-rcl-1.1.14/src/rcl/node.c:428'

rcutils_reset_error() should be called after error handling to avoid this.
<<<
[ERROR] [1787549059.307379616] [rcl]: Failed to fini publisher for node: 1
[manual-web-demo-worker] init failure: RCLError: Unknown error creating node: rcl node's rmw handle is invalid, at /tmp/binarydeb/ros-foxy-rcl-1.1.14/src/rcl/node.c:428
1787549061.561670 [0]    python3: config: //CycloneDDS/Domain/General: NetworkInterface: unknown element (file:///home/unitree/robotscene/runtime/go2w/cyclonedds_eth0.xml line 5)
[ERROR] [1787549061.563226400] [rmw_cyclonedds_cpp]: rmw_create_node: failed to create domain, error Error

>>> [rcutils|error_handling.c:108] rcutils_set_error_state()
This error state is being overwritten:

  'error not set, at /tmp/binarydeb/ros-foxy-rcl-1.1.14/src/rcl/node.c:276'

with this new error message:

  'rcl node's rmw handle is invalid, at /tmp/binarydeb/ros-foxy-rcl-1.1.14/src/rcl/node.c:428'

rcutils_reset_error() should be called after error handling to avoid this.
<<<
[ERROR] [1787549061.563762336] [rcl]: Failed to fini publisher for node: 1
[manual-web-demo-worker] init failure: RCLError: Unknown error creating node: rcl node's rmw handle is invalid, at /tmp/binarydeb/ros-foxy-rcl-1.1.14/src/rcl/node.c:428
1787549063.353921 [0]    python3: config: //CycloneDDS/Domain/General: NetworkInterface: unknown element (file:///home/unitree/robotscene/runtime/go2w/cyclonedds_eth0.xml line 5)
[ERROR] [1787549063.354297472] [rmw_cyclonedds_cpp]: rmw_create_node: failed to create domain, error Error

>>> [rcutils|error_handling.c:108] rcutils_set_error_state()
This error state is being overwritten:

  'error not set, at /tmp/binarydeb/ros-foxy-rcl-1.1.14/src/rcl/node.c:276'

with this new error message:

  'rcl node's rmw handle is invalid, at /tmp/binarydeb/ros-foxy-rcl-1.1.14/src/rcl/node.c:428'

rcutils_reset_error() should be called after error handling to avoid this.
<<<
[ERROR] [1787549063.354397728] [rcl]: Failed to fini publisher for node: 1
[manual-web-demo-worker] init failure: RCLError: Unknown error creating node: rcl node's rmw handle is invalid, at /tmp/binarydeb/ros-foxy-rcl-1.1.14/src/rcl/node.c:428
1787549065.887084 [0]    python3: config: //CycloneDDS/Domain/General: NetworkInterface: unknown element (file:///home/unitree/robotscene/runtime/go2w/cyclonedds_eth0.xml line 5)
[ERROR] [1787549065.888242432] [rmw_cyclonedds_cpp]: rmw_create_node: failed to create domain, error Error

>>> [rcutils|error_handling.c:108] rcutils_set_error_state()
This error state is being overwritten:

  'error not set, at /tmp/binarydeb/ros-foxy-rcl-1.1.14/src/rcl/node.c:276'

with this new error message:

  'rcl node's rmw handle is invalid, at /tmp/binarydeb/ros-foxy-rcl-1.1.14/src/rcl/node.c:428'

rcutils_reset_error() should be called after error handling to avoid this.
<<<
[ERROR] [1787549065.888957888] [rcl]: Failed to fini publisher for node: 1
[manual-web-demo-worker] init failure: RCLError: Unknown error creating node: rcl node's rmw handle is invalid, at /tmp/binarydeb/ros-foxy-rcl-1.1.14/src/rcl/node.c:428
1787549067.511836 [0]    python3: config: //CycloneDDS/Domain/General: NetworkInterface: unknown element (file:///home/unitree/robotscene/runtime/go2w/cyclonedds_eth0.xml line 5)
[ERROR] [1787549067.512254624] [rmw_cyclonedds_cpp]: rmw_create_node: failed to create domain, error Error

>>> [rcutils|error_handling.c:108] rcutils_set_error_state()
This error state is being overwritten:

  'error not set, at /tmp/binarydeb/ros-foxy-rcl-1.1.14/src/rcl/node.c:276'

with this new error message:

  'rcl node's rmw handle is invalid, at /tmp/binarydeb/ros-foxy-rcl-1.1.14/src/rcl/node.c:428'

rcutils_reset_error() should be called after error handling to avoid this.
<<<
[ERROR] [1787549067.512542976] [rcl]: Failed to fini publisher for node: 1
[manual-web-demo-worker] init failure: RCLError: Unknown error creating node: rcl node's rmw handle is invalid, at /tmp/binarydeb/ros-foxy-rcl-1.1.14/src/rcl/node.c:428
1787549069.465496 [0]    python3: config: //CycloneDDS/Domain/General: NetworkInterface: unknown element (file:///home/unitree/robotscene/runtime/go2w/cyclonedds_eth0.xml line 5)
[ERROR] [1787549069.466024672] [rmw_cyclonedds_cpp]: rmw_create_node: failed to create domain, error Error

>>> [rcutils|error_handling.c:108] rcutils_set_error_state()
This error state is being overwritten:

  'error not set, at /tmp/binarydeb/ros-foxy-rcl-1.1.14/src/rcl/node.c:276'

with this new error message:

  'rcl node's rmw handle is invalid, at /tmp/binarydeb/ros-foxy-rcl-1.1.14/src/rcl/node.c:428'

rcutils_reset_error() should be called after error handling to avoid this.
<<<
[ERROR] [1787549069.466335904] [rcl]: Failed to fini publisher for node: 1
[manual-web-demo-worker] init failure: RCLError: Unknown error creating node: rcl node's rmw handle is invalid, at /tmp/binarydeb/ros-foxy-rcl-1.1.14/src/rcl/node.c:428
1787549072.079678 [0]    python3: config: //CycloneDDS/Domain/General: NetworkInterface: unknown element (file:///home/unitree/robotscene/runtime/go2w/cyclonedds_eth0.xml line 5)
[ERROR] [1787549072.080034208] [rmw_cyclonedds_cpp]: rmw_create_node: failed to create domain, error Error

>>> [rcutils|error_handling.c:108] rcutils_set_error_state()
This error state is being overwritten:

  'error not set, at /tmp/binarydeb/ros-foxy-rcl-1.1.14/src/rcl/node.c:276'

with this new error message:

  'rcl node's rmw handle is invalid, at /tmp/binarydeb/ros-foxy-rcl-1.1.14/src/rcl/node.c:428'

rcutils_reset_error() should be called after error handling to avoid this.
<<<
[ERROR] [1787549072.080264160] [rcl]: Failed to fini publisher for node: 1
[manual-web-demo-worker] init failure: RCLError: Unknown error creating node: rcl node's rmw handle is invalid, at /tmp/binarydeb/ros-foxy-rcl-1.1.14/src/rcl/node.c:428
1787549073.861017 [0]    python3: config: //CycloneDDS/Domain/General: NetworkInterface: unknown element (file:///home/unitree/robotscene/runtime/go2w/cyclonedds_eth0.xml line 5)
[ERROR] [1787549073.861459104] [rmw_cyclonedds_cpp]: rmw_create_node: failed to create domain, error Error

>>> [rcutils|error_handling.c:108] rcutils_set_error_state()
This error state is being overwritten:

  'error not set, at /tmp/binarydeb/ros-foxy-rcl-1.1.14/src/rcl/node.c:276'

with this new error message:

  'rcl node's rmw handle is invalid, at /tmp/binarydeb/ros-foxy-rcl-1.1.14/src/rcl/node.c:428'

rcutils_reset_error() should be called after error handling to avoid this.
<<<
[ERROR] [1787549073.861741984] [rcl]: Failed to fini publisher for node: 1
[manual-web-demo-worker] init failure: RCLError: Unknown error creating node: rcl node's rmw handle is invalid, at /tmp/binarydeb/ros-foxy-rcl-1.1.14/src/rcl/node.c:428
1787549076.236719 [0]    python3: config: //CycloneDDS/Domain/General: NetworkInterface: unknown element (file:///home/unitree/robotscene/runtime/go2w/cyclonedds_eth0.xml line 5)
[ERROR] [1787549076.237161536] [rmw_cyclonedds_cpp]: rmw_create_node: failed to create domain, error Error

>>> [rcutils|error_handling.c:108] rcutils_set_error_state()
This error state is being overwritten:

  'error not set, at /tmp/binarydeb/ros-foxy-rcl-1.1.14/src/rcl/node.c:276'

with this new error message:

  'rcl node's rmw handle is invalid, at /tmp/binarydeb/ros-foxy-rcl-1.1.14/src/rcl/node.c:428'

rcutils_reset_error() should be called after error handling to avoid this.
<<<
[ERROR] [1787549076.237456608] [rcl]: Failed to fini publisher for node: 1
[manual-web-demo-worker] init failure: RCLError: Unknown error creating node: rcl node's rmw handle is invalid, at /tmp/binarydeb/ros-foxy-rcl-1.1.14/src/rcl/node.c:428
1787549077.701709 [0]    python3: config: //CycloneDDS/Domain/General: NetworkInterface: unknown element (file:///home/unitree/robotscene/runtime/go2w/cyclonedds_eth0.xml line 5)
[ERROR] [1787549077.702087712] [rmw_cyclonedds_cpp]: rmw_create_node: failed to create domain, error Error

>>> [rcutils|error_handling.c:108] rcutils_set_error_state()
This error state is being overwritten:

  'error not set, at /tmp/binarydeb/ros-foxy-rcl-1.1.14/src/rcl/node.c:276'

with this new error message:

  'rcl node's rmw handle is invalid, at /tmp/binarydeb/ros-foxy-rcl-1.1.14/src/rcl/node.c:428'

rcutils_reset_error() should be called after error handling to avoid this.
<<<
[ERROR] [1787549077.702186400] [rcl]: Failed to fini publisher for node: 1
[manual-web-demo-worker] init failure: RCLError: Unknown error creating node: rcl node's rmw handle is invalid, at /tmp/binarydeb/ros-foxy-rcl-1.1.14/src/rcl/node.c:428
1787549079.921415 [0]    python3: config: //CycloneDDS/Domain/General: NetworkInterface: unknown element (file:///home/unitree/robotscene/runtime/go2w/cyclonedds_eth0.xml line 5)
[ERROR] [1787549079.921788224] [rmw_cyclonedds_cpp]: rmw_create_node: failed to create domain, error Error

>>> [rcutils|error_handling.c:108] rcutils_set_error_state()
This error state is being overwritten:

  'error not set, at /tmp/binarydeb/ros-foxy-rcl-1.1.14/src/rcl/node.c:276'

with this new error message:

  'rcl node's rmw handle is invalid, at /tmp/binarydeb/ros-foxy-rcl-1.1.14/src/rcl/node.c:428'

rcutils_reset_error() should be called after error handling to avoid this.
<<<
[ERROR] [1787549079.922045984] [rcl]: Failed to fini publisher for node: 1
[manual-web-demo-worker] init failure: RCLError: Unknown error creating node: rcl node's rmw handle is invalid, at /tmp/binarydeb/ros-foxy-rcl-1.1.14/src/rcl/node.c:428
1787549081.914814 [0]    python3: config: //CycloneDDS/Domain/General: NetworkInterface: unknown element (file:///home/unitree/robotscene/runtime/go2w/cyclonedds_eth0.xml line 5)
[ERROR] [1787549081.916127296] [rmw_cyclonedds_cpp]: rmw_create_node: failed to create domain, error Error

>>> [rcutils|error_handling.c:108] rcutils_set_error_state()
This error state is being overwritten:

  'error not set, at /tmp/binarydeb/ros-foxy-rcl-1.1.14/src/rcl/node.c:276'

with this new error message:

  'rcl node's rmw handle is invalid, at /tmp/binarydeb/ros-foxy-rcl-1.1.14/src/rcl/node.c:428'

rcutils_reset_error() should be called after error handling to avoid this.
<<<
[ERROR] [1787549081.916228416] [rcl]: Failed to fini publisher for node: 1
[manual-web-demo-worker] init failure: RCLError: Unknown error creating node: rcl node's rmw handle is invalid, at /tmp/binarydeb/ros-foxy-rcl-1.1.14/src/rcl/node.c:428
1787549084.165368 [0]    python3: config: //CycloneDDS/Domain/General: NetworkInterface: unknown element (file:///home/unitree/robotscene/runtime/go2w/cyclonedds_eth0.xml line 5)
[ERROR] [1787549084.165606304] [rmw_cyclonedds_cpp]: rmw_create_node: failed to create domain, error Error

>>> [rcutils|error_handling.c:108] rcutils_set_error_state()
This error state is being overwritten:

  'error not set, at /tmp/binarydeb/ros-foxy-rcl-1.1.14/src/rcl/node.c:276'

with this new error message:

  'rcl node's rmw handle is invalid, at /tmp/binarydeb/ros-foxy-rcl-1.1.14/src/rcl/node.c:428'

rcutils_reset_error() should be called after error handling to avoid this.
<<<
[ERROR] [1787549084.165706304] [rcl]: Failed to fini publisher for node: 1
[manual-web-demo-worker] init failure: RCLError: Unknown error creating node: rcl node's rmw handle is invalid, at /tmp/binarydeb/ros-foxy-rcl-1.1.14/src/rcl/node.c:428
1787549086.189013 [0]    python3: config: //CycloneDDS/Domain/General: NetworkInterface: unknown element (file:///home/unitree/robotscene/runtime/go2w/cyclonedds_eth0.xml line 5)
[ERROR] [1787549086.189237376] [rmw_cyclonedds_cpp]: rmw_create_node: failed to create domain, error Error

>>> [rcutils|error_handling.c:108] rcutils_set_error_state()
This error state is being overwritten:

  'error not set, at /tmp/binarydeb/ros-foxy-rcl-1.1.14/src/rcl/node.c:276'

with this new error message:

  'rcl node's rmw handle is invalid, at /tmp/binarydeb/ros-foxy-rcl-1.1.14/src/rcl/node.c:428'

rcutils_reset_error() should be called after error handling to avoid this.
<<<
[ERROR] [1787549086.189334304] [rcl]: Failed to fini publisher for node: 1
[manual-web-demo-worker] init failure: RCLError: Unknown error creating node: rcl node's rmw handle is invalid, at /tmp/binarydeb/ros-foxy-rcl-1.1.14/src/rcl/node.c:428
1787549088.003335 [0]    python3: config: //CycloneDDS/Domain/General: NetworkInterface: unknown element (file:///home/unitree/robotscene/runtime/go2w/cyclonedds_eth0.xml line 5)
[ERROR] [1787549088.004056064] [rmw_cyclonedds_cpp]: rmw_create_node: failed to create domain, error Error

>>> [rcutils|error_handling.c:108] rcutils_set_error_state()
This error state is being overwritten:

  'error not set, at /tmp/binarydeb/ros-foxy-rcl-1.1.14/src/rcl/node.c:276'

with this new error message:

  'rcl node's rmw handle is invalid, at /tmp/binarydeb/ros-foxy-rcl-1.1.14/src/rcl/node.c:428'

rcutils_reset_error() should be called after error handling to avoid this.
<<<
[ERROR] [1787549088.004634336] [rcl]: Failed to fini publisher for node: 1
[manual-web-demo-worker] init failure: RCLError: Unknown error creating node: rcl node's rmw handle is invalid, at /tmp/binarydeb/ros-foxy-rcl-1.1.14/src/rcl/node.c:428
1787549089.920676 [0]    python3: config: //CycloneDDS/Domain/General: NetworkInterface: unknown element (file:///home/unitree/robotscene/runtime/go2w/cyclonedds_eth0.xml line 5)
[ERROR] [1787549089.921854304] [rmw_cyclonedds_cpp]: rmw_create_node: failed to create domain, error Error

>>> [rcutils|error_handling.c:108] rcutils_set_error_state()
This error state is being overwritten:

  'error not set, at /tmp/binarydeb/ros-foxy-rcl-1.1.14/src/rcl/node.c:276'

with this new error message:

  'rcl node's rmw handle is invalid, at /tmp/binarydeb/ros-foxy-rcl-1.1.14/src/rcl/node.c:428'

rcutils_reset_error() should be called after error handling to avoid this.
<<<
[ERROR] [1787549089.922421312] [rcl]: Failed to fini publisher for node: 1
[manual-web-demo-worker] init failure: RCLError: Unknown error creating node: rcl node's rmw handle is invalid, at /tmp/binarydeb/ros-foxy-rcl-1.1.14/src/rcl/node.c:428
1787549092.413258 [0]    python3: config: //CycloneDDS/Domain/General: NetworkInterface: unknown element (file:///home/unitree/robotscene/runtime/go2w/cyclonedds_eth0.xml line 5)
[ERROR] [1787549092.413670592] [rmw_cyclonedds_cpp]: rmw_create_node: failed to create domain, error Error

>>> [rcutils|error_handling.c:108] rcutils_set_error_state()
This error state is being overwritten:

  'error not set, at /tmp/binarydeb/ros-foxy-rcl-1.1.14/src/rcl/node.c:276'

with this new error message:

  'rcl node's rmw handle is invalid, at /tmp/binarydeb/ros-foxy-rcl-1.1.14/src/rcl/node.c:428'

rcutils_reset_error() should be called after error handling to avoid this.
<<<
[ERROR] [1787549092.413901152] [rcl]: Failed to fini publisher for node: 1
[manual-web-demo-worker] init failure: RCLError: Unknown error creating node: rcl node's rmw handle is invalid, at /tmp/binarydeb/ros-foxy-rcl-1.1.14/src/rcl/node.c:428
1787549093.881294 [0]    python3: config: //CycloneDDS/Domain/General: NetworkInterface: unknown element (file:///home/unitree/robotscene/runtime/go2w/cyclonedds_eth0.xml line 5)
[ERROR] [1787549093.883062976] [rmw_cyclonedds_cpp]: rmw_create_node: failed to create domain, error Error

>>> [rcutils|error_handling.c:108] rcutils_set_error_state()
This error state is being overwritten:

  'error not set, at /tmp/binarydeb/ros-foxy-rcl-1.1.14/src/rcl/node.c:276'

with this new error message:

  'rcl node's rmw handle is invalid, at /tmp/binarydeb/ros-foxy-rcl-1.1.14/src/rcl/node.c:428'

rcutils_reset_error() should be called after error handling to avoid this.
<<<
[ERROR] [1787549093.884863968] [rcl]: Failed to fini publisher for node: 1
[manual-web-demo-worker] init failure: RCLError: Unknown error creating node: rcl node's rmw handle is invalid, at /tmp/binarydeb/ros-foxy-rcl-1.1.14/src/rcl/node.c:428
1787549096.291711 [0]    python3: config: //CycloneDDS/Domain/General: NetworkInterface: unknown element (file:///home/unitree/robotscene/runtime/go2w/cyclonedds_eth0.xml line 5)
[ERROR] [1787549096.292184032] [rmw_cyclonedds_cpp]: rmw_create_node: failed to create domain, error Error

>>> [rcutils|error_handling.c:108] rcutils_set_error_state()
This error state is being overwritten:

  'error not set, at /tmp/binarydeb/ros-foxy-rcl-1.1.14/src/rcl/node.c:276'

with this new error message:

  'rcl node's rmw handle is invalid, at /tmp/binarydeb/ros-foxy-rcl-1.1.14/src/rcl/node.c:428'

rcutils_reset_error() should be called after error handling to avoid this.
<<<
[ERROR] [1787549096.292460768] [rcl]: Failed to fini publisher for node: 1
[manual-web-demo-worker] init failure: RCLError: Unknown error creating node: rcl node's rmw handle is invalid, at /tmp/binarydeb/ros-foxy-rcl-1.1.14/src/rcl/node.c:428
1787549098.289843 [0]    python3: config: //CycloneDDS/Domain/General: NetworkInterface: unknown element (file:///home/unitree/robotscene/runtime/go2w/cyclonedds_eth0.xml line 5)
[ERROR] [1787549098.290666272] [rmw_cyclonedds_cpp]: rmw_create_node: failed to create domain, error Error

>>> [rcutils|error_handling.c:108] rcutils_set_error_state()
This error state is being overwritten:

  'error not set, at /tmp/binarydeb/ros-foxy-rcl-1.1.14/src/rcl/node.c:276'

with this new error message:

  'rcl node's rmw handle is invalid, at /tmp/binarydeb/ros-foxy-rcl-1.1.14/src/rcl/node.c:428'

rcutils_reset_error() should be called after error handling to avoid this.
<<<
[ERROR] [1787549098.291248704] [rcl]: Failed to fini publisher for node: 1
[manual-web-demo-worker] init failure: RCLError: Unknown error creating node: rcl node's rmw handle is invalid, at /tmp/binarydeb/ros-foxy-rcl-1.1.14/src/rcl/node.c:428
1787549100.055557 [0]    python3: config: //CycloneDDS/Domain/General: NetworkInterface: unknown element (file:///home/unitree/robotscene/runtime/go2w/cyclonedds_eth0.xml line 5)
[ERROR] [1787549100.056055520] [rmw_cyclonedds_cpp]: rmw_create_node: failed to create domain, error Error

>>> [rcutils|error_handling.c:108] rcutils_set_error_state()
This error state is being overwritten:

  'error not set, at /tmp/binarydeb/ros-foxy-rcl-1.1.14/src/rcl/node.c:276'

with this new error message:

  'rcl node's rmw handle is invalid, at /tmp/binarydeb/ros-foxy-rcl-1.1.14/src/rcl/node.c:428'

rcutils_reset_error() should be called after error handling to avoid this.
<<<
[ERROR] [1787549100.056300576] [rcl]: Failed to fini publisher for node: 1
[manual-web-demo-worker] init failure: RCLError: Unknown error creating node: rcl node's rmw handle is invalid, at /tmp/binarydeb/ros-foxy-rcl-1.1.14/src/rcl/node.c:428
1787549102.034840 [0]    python3: config: //CycloneDDS/Domain/General: NetworkInterface: unknown element (file:///home/unitree/robotscene/runtime/go2w/cyclonedds_eth0.xml line 5)
[ERROR] [1787549102.035096672] [rmw_cyclonedds_cpp]: rmw_create_node: failed to create domain, error Error

>>> [rcutils|error_handling.c:108] rcutils_set_error_state()
This error state is being overwritten:

  'error not set, at /tmp/binarydeb/ros-foxy-rcl-1.1.14/src/rcl/node.c:276'

with this new error message:

  'rcl node's rmw handle is invalid, at /tmp/binarydeb/ros-foxy-rcl-1.1.14/src/rcl/node.c:428'

rcutils_reset_error() should be called after error handling to avoid this.
<<<
[ERROR] [1787549102.036306400] [rcl]: Failed to fini publisher for node: 1
[manual-web-demo-worker] init failure: RCLError: Unknown error creating node: rcl node's rmw handle is invalid, at /tmp/binarydeb/ros-foxy-rcl-1.1.14/src/rcl/node.c:428
1787549104.198089 [0]    python3: config: //CycloneDDS/Domain/General: NetworkInterface: unknown element (file:///home/unitree/robotscene/runtime/go2w/cyclonedds_eth0.xml line 5)
[ERROR] [1787549104.198501312] [rmw_cyclonedds_cpp]: rmw_create_node: failed to create domain, error Error

>>> [rcutils|error_handling.c:108] rcutils_set_error_state()
This error state is being overwritten:

  'error not set, at /tmp/binarydeb/ros-foxy-rcl-1.1.14/src/rcl/node.c:276'

with this new error message:

  'rcl node's rmw handle is invalid, at /tmp/binarydeb/ros-foxy-rcl-1.1.14/src/rcl/node.c:428'

rcutils_reset_error() should be called after error handling to avoid this.
<<<
[ERROR] [1787549104.198765728] [rcl]: Failed to fini publisher for node: 1
[manual-web-demo-worker] init failure: RCLError: Unknown error creating node: rcl node's rmw handle is invalid, at /tmp/binarydeb/ros-foxy-rcl-1.1.14/src/rcl/node.c:428
1787549106.463627 [0]    python3: config: //CycloneDDS/Domain/General: NetworkInterface: unknown element (file:///home/unitree/robotscene/runtime/go2w/cyclonedds_eth0.xml line 5)
[ERROR] [1787549106.473141568] [rmw_cyclonedds_cpp]: rmw_create_node: failed to create domain, error Error

>>> [rcutils|error_handling.c:108] rcutils_set_error_state()
This error state is being overwritten:

  'error not set, at /tmp/binarydeb/ros-foxy-rcl-1.1.14/src/rcl/node.c:276'

with this new error message:

  'rcl node's rmw handle is invalid, at /tmp/binarydeb/ros-foxy-rcl-1.1.14/src/rcl/node.c:428'

rcutils_reset_error() should be called after error handling to avoid this.
<<<
[ERROR] [1787549106.474237280] [rcl]: Failed to fini publisher for node: 1
[manual-web-demo-worker] init failure: RCLError: Unknown error creating node: rcl node's rmw handle is invalid, at /tmp/binarydeb/ros-foxy-rcl-1.1.14/src/rcl/node.c:428
1787549108.531003 [0]    python3: config: //CycloneDDS/Domain/General: NetworkInterface: unknown element (file:///home/unitree/robotscene/runtime/go2w/cyclonedds_eth0.xml line 5)
[ERROR] [1787549108.531819520] [rmw_cyclonedds_cpp]: rmw_create_node: failed to create domain, error Error

>>> [rcutils|error_handling.c:108] rcutils_set_error_state()
This error state is being overwritten:

  'error not set, at /tmp/binarydeb/ros-foxy-rcl-1.1.14/src/rcl/node.c:276'

with this new error message:

  'rcl node's rmw handle is invalid, at /tmp/binarydeb/ros-foxy-rcl-1.1.14/src/rcl/node.c:428'

rcutils_reset_error() should be called after error handling to avoid this.
<<<
[ERROR] [1787549108.531952448] [rcl]: Failed to fini publisher for node: 1
[manual-web-demo-worker] init failure: RCLError: Unknown error creating node: rcl node's rmw handle is invalid, at /tmp/binarydeb/ros-foxy-rcl-1.1.14/src/rcl/node.c:428
1787549110.670037 [0]    python3: config: //CycloneDDS/Domain/General: NetworkInterface: unknown element (file:///home/unitree/robotscene/runtime/go2w/cyclonedds_eth0.xml line 5)
[ERROR] [1787549110.670859392] [rmw_cyclonedds_cpp]: rmw_create_node: failed to create domain, error Error

>>> [rcutils|error_handling.c:108] rcutils_set_error_state()
This error state is being overwritten:

  'error not set, at /tmp/binarydeb/ros-foxy-rcl-1.1.14/src/rcl/node.c:276'

with this new error message:

  'rcl node's rmw handle is invalid, at /tmp/binarydeb/ros-foxy-rcl-1.1.14/src/rcl/node.c:428'

rcutils_reset_error() should be called after error handling to avoid this.
<<<
[ERROR] [1787549110.671364576] [rcl]: Failed to fini publisher for node: 1
[manual-web-demo-worker] init failure: RCLError: Unknown error creating node: rcl node's rmw handle is invalid, at /tmp/binarydeb/ros-foxy-rcl-1.1.14/src/rcl/node.c:428
1787549112.063791 [0]    python3: config: //CycloneDDS/Domain/General: NetworkInterface: unknown element (file:///home/unitree/robotscene/runtime/go2w/cyclonedds_eth0.xml line 5)
[ERROR] [1787549112.064185472] [rmw_cyclonedds_cpp]: rmw_create_node: failed to create domain, error Error

>>> [rcutils|error_handling.c:108] rcutils_set_error_state()
This error state is being overwritten:

  'error not set, at /tmp/binarydeb/ros-foxy-rcl-1.1.14/src/rcl/node.c:276'

with this new error message:

  'rcl node's rmw handle is invalid, at /tmp/binarydeb/ros-foxy-rcl-1.1.14/src/rcl/node.c:428'

rcutils_reset_error() should be called after error handling to avoid this.
<<<
[ERROR] [1787549112.064474368] [rcl]: Failed to fini publisher for node: 1
[manual-web-demo-worker] init failure: RCLError: Unknown error creating node: rcl node's rmw handle is invalid, at /tmp/binarydeb/ros-foxy-rcl-1.1.14/src/rcl/node.c:428
1787549114.384002 [0]    python3: config: //CycloneDDS/Domain/General: NetworkInterface: unknown element (file:///home/unitree/robotscene/runtime/go2w/cyclonedds_eth0.xml line 5)
[ERROR] [1787549114.384423104] [rmw_cyclonedds_cpp]: rmw_create_node: failed to create domain, error Error

>>> [rcutils|error_handling.c:108] rcutils_set_error_state()
This error state is being overwritten:

  'error not set, at /tmp/binarydeb/ros-foxy-rcl-1.1.14/src/rcl/node.c:276'

with this new error message:

  'rcl node's rmw handle is invalid, at /tmp/binarydeb/ros-foxy-rcl-1.1.14/src/rcl/node.c:428'

rcutils_reset_error() should be called after error handling to avoid this.
<<<
[ERROR] [1787549114.384705504] [rcl]: Failed to fini publisher for node: 1
[manual-web-demo-worker] init failure: RCLError: Unknown error creating node: rcl node's rmw handle is invalid, at /tmp/binarydeb/ros-foxy-rcl-1.1.14/src/rcl/node.c:428
1787549116.469676 [0]    python3: config: //CycloneDDS/Domain/General: NetworkInterface: unknown element (file:///home/unitree/robotscene/runtime/go2w/cyclonedds_eth0.xml line 5)
[ERROR] [1787549116.469942432] [rmw_cyclonedds_cpp]: rmw_create_node: failed to create domain, error Error

>>> [rcutils|error_handling.c:108] rcutils_set_error_state()
This error state is being overwritten:

  'error not set, at /tmp/binarydeb/ros-foxy-rcl-1.1.14/src/rcl/node.c:276'

with this new error message:

  'rcl node's rmw handle is invalid, at /tmp/binarydeb/ros-foxy-rcl-1.1.14/src/rcl/node.c:428'

rcutils_reset_error() should be called after error handling to avoid this.
<<<
[ERROR] [1787549116.470061088] [rcl]: Failed to fini publisher for node: 1
[manual-web-demo-worker] init failure: RCLError: Unknown error creating node: rcl node's rmw handle is invalid, at /tmp/binarydeb/ros-foxy-rcl-1.1.14/src/rcl/node.c:428
1787549118.689010 [0]    python3: config: //CycloneDDS/Domain/General: NetworkInterface: unknown element (file:///home/unitree/robotscene/runtime/go2w/cyclonedds_eth0.xml line 5)
[ERROR] [1787549118.689389344] [rmw_cyclonedds_cpp]: rmw_create_node: failed to create domain, error Error

>>> [rcutils|error_handling.c:108] rcutils_set_error_state()
This error state is being overwritten:

  'error not set, at /tmp/binarydeb/ros-foxy-rcl-1.1.14/src/rcl/node.c:276'

with this new error message:

  'rcl node's rmw handle is invalid, at /tmp/binarydeb/ros-foxy-rcl-1.1.14/src/rcl/node.c:428'

rcutils_reset_error() should be called after error handling to avoid this.
<<<
[ERROR] [1787549118.689651744] [rcl]: Failed to fini publisher for node: 1
[manual-web-demo-worker] init failure: RCLError: Unknown error creating node: rcl node's rmw handle is invalid, at /tmp/binarydeb/ros-foxy-rcl-1.1.14/src/rcl/node.c:428
1787549120.336637 [0]    python3: config: //CycloneDDS/Domain/General: NetworkInterface: unknown element (file:///home/unitree/robotscene/runtime/go2w/cyclonedds_eth0.xml line 5)
[ERROR] [1787549120.337008928] [rmw_cyclonedds_cpp]: rmw_create_node: failed to create domain, error Error

>>> [rcutils|error_handling.c:108] rcutils_set_error_state()
This error state is being overwritten:

  'error not set, at /tmp/binarydeb/ros-foxy-rcl-1.1.14/src/rcl/node.c:276'

with this new error message:

  'rcl node's rmw handle is invalid, at /tmp/binarydeb/ros-foxy-rcl-1.1.14/src/rcl/node.c:428'

rcutils_reset_error() should be called after error handling to avoid this.
<<<
[ERROR] [1787549120.337240128] [rcl]: Failed to fini publisher for node: 1
[manual-web-demo-worker] init failure: RCLError: Unknown error creating node: rcl node's rmw handle is invalid, at /tmp/binarydeb/ros-foxy-rcl-1.1.14/src/rcl/node.c:428
1787549122.618806 [0]    python3: config: //CycloneDDS/Domain/General: NetworkInterface: unknown element (file:///home/unitree/robotscene/runtime/go2w/cyclonedds_eth0.xml line 5)
[ERROR] [1787549122.619183328] [rmw_cyclonedds_cpp]: rmw_create_node: failed to create domain, error Error

>>> [rcutils|error_handling.c:108] rcutils_set_error_state()
This error state is being overwritten:

  'error not set, at /tmp/binarydeb/ros-foxy-rcl-1.1.14/src/rcl/node.c:276'

with this new error message:

  'rcl node's rmw handle is invalid, at /tmp/binarydeb/ros-foxy-rcl-1.1.14/src/rcl/node.c:428'

rcutils_reset_error() should be called after error handling to avoid this.
<<<
[ERROR] [1787549122.619414592] [rcl]: Failed to fini publisher for node: 1
[manual-web-demo-worker] init failure: RCLError: Unknown error creating node: rcl node's rmw handle is invalid, at /tmp/binarydeb/ros-foxy-rcl-1.1.14/src/rcl/node.c:428
1787549124.479619 [0]    python3: config: //CycloneDDS/Domain/General: NetworkInterface: unknown element (file:///home/unitree/robotscene/runtime/go2w/cyclonedds_eth0.xml line 5)
[ERROR] [1787549124.480014592] [rmw_cyclonedds_cpp]: rmw_create_node: failed to create domain, error Error

>>> [rcutils|error_handling.c:108] rcutils_set_error_state()
This error state is being overwritten:

  'error not set, at /tmp/binarydeb/ros-foxy-rcl-1.1.14/src/rcl/node.c:276'

with this new error message:

  'rcl node's rmw handle is invalid, at /tmp/binarydeb/ros-foxy-rcl-1.1.14/src/rcl/node.c:428'

rcutils_reset_error() should be called after error handling to avoid this.
<<<
[ERROR] [1787549124.480245984] [rcl]: Failed to fini publisher for node: 1
[manual-web-demo-worker] init failure: RCLError: Unknown error creating node: rcl node's rmw handle is invalid, at /tmp/binarydeb/ros-foxy-rcl-1.1.14/src/rcl/node.c:428
1787549126.759544 [0]    python3: config: //CycloneDDS/Domain/General: NetworkInterface: unknown element (file:///home/unitree/robotscene/runtime/go2w/cyclonedds_eth0.xml line 5)
[ERROR] [1787549126.760520064] [rmw_cyclonedds_cpp]: rmw_create_node: failed to create domain, error Error

>>> [rcutils|error_handling.c:108] rcutils_set_error_state()
This error state is being overwritten:

  'error not set, at /tmp/binarydeb/ros-foxy-rcl-1.1.14/src/rcl/node.c:276'

with this new error message:

  'rcl node's rmw handle is invalid, at /tmp/binarydeb/ros-foxy-rcl-1.1.14/src/rcl/node.c:428'

rcutils_reset_error() should be called after error handling to avoid this.
<<<
[ERROR] [1787549126.761025568] [rcl]: Failed to fini publisher for node: 1
[manual-web-demo-worker] init failure: RCLError: Unknown error creating node: rcl node's rmw handle is invalid, at /tmp/binarydeb/ros-foxy-rcl-1.1.14/src/rcl/node.c:428
1787549128.824276 [0]    python3: config: //CycloneDDS/Domain/General: NetworkInterface: unknown element (file:///home/unitree/robotscene/runtime/go2w/cyclonedds_eth0.xml line 5)
[ERROR] [1787549128.824573984] [rmw_cyclonedds_cpp]: rmw_create_node: failed to create domain, error Error

>>> [rcutils|error_handling.c:108] rcutils_set_error_state()
This error state is being overwritten:

  'error not set, at /tmp/binarydeb/ros-foxy-rcl-1.1.14/src/rcl/node.c:276'

with this new error message:

  'rcl node's rmw handle is invalid, at /tmp/binarydeb/ros-foxy-rcl-1.1.14/src/rcl/node.c:428'

rcutils_reset_error() should be called after error handling to avoid this.
<<<
[ERROR] [1787549128.824676736] [rcl]: Failed to fini publisher for node: 1
[manual-web-demo-worker] init failure: RCLError: Unknown error creating node: rcl node's rmw handle is invalid, at /tmp/binarydeb/ros-foxy-rcl-1.1.14/src/rcl/node.c:428
1787549130.980303 [0]    python3: config: //CycloneDDS/Domain/General: NetworkInterface: unknown element (file:///home/unitree/robotscene/runtime/go2w/cyclonedds_eth0.xml line 5)
[ERROR] [1787549130.984660320] [rmw_cyclonedds_cpp]: rmw_create_node: failed to create domain, error Error

>>> [rcutils|error_handling.c:108] rcutils_set_error_state()
This error state is being overwritten:

  'error not set, at /tmp/binarydeb/ros-foxy-rcl-1.1.14/src/rcl/node.c:276'

with this new error message:

  'rcl node's rmw handle is invalid, at /tmp/binarydeb/ros-foxy-rcl-1.1.14/src/rcl/node.c:428'

rcutils_reset_error() should be called after error handling to avoid this.
<<<
[ERROR] [1787549130.984875168] [rcl]: Failed to fini publisher for node: 1
[manual-web-demo-worker] init failure: RCLError: Unknown error creating node: rcl node's rmw handle is invalid, at /tmp/binarydeb/ros-foxy-rcl-1.1.14/src/rcl/node.c:428
1787549132.943094 [0]    python3: config: //CycloneDDS/Domain/General: NetworkInterface: unknown element (file:///home/unitree/robotscene/runtime/go2w/cyclonedds_eth0.xml line 5)
[ERROR] [1787549132.943433088] [rmw_cyclonedds_cpp]: rmw_create_node: failed to create domain, error Error

>>> [rcutils|error_handling.c:108] rcutils_set_error_state()
This error state is being overwritten:

  'error not set, at /tmp/binarydeb/ros-foxy-rcl-1.1.14/src/rcl/node.c:276'

with this new error message:

  'rcl node's rmw handle is invalid, at /tmp/binarydeb/ros-foxy-rcl-1.1.14/src/rcl/node.c:428'

rcutils_reset_error() should be called after error handling to avoid this.
<<<
[ERROR] [1787549132.943536256] [rcl]: Failed to fini publisher for node: 1
[manual-web-demo-worker] init failure: RCLError: Unknown error creating node: rcl node's rmw handle is invalid, at /tmp/binarydeb/ros-foxy-rcl-1.1.14/src/rcl/node.c:428
1787549135.296196 [0]    python3: config: //CycloneDDS/Domain/General: NetworkInterface: unknown element (file:///home/unitree/robotscene/runtime/go2w/cyclonedds_eth0.xml line 5)
[ERROR] [1787549135.299057312] [rmw_cyclonedds_cpp]: rmw_create_node: failed to create domain, error Error

>>> [rcutils|error_handling.c:108] rcutils_set_error_state()
This error state is being overwritten:

  'error not set, at /tmp/binarydeb/ros-foxy-rcl-1.1.14/src/rcl/node.c:276'

with this new error message:

  'rcl node's rmw handle is invalid, at /tmp/binarydeb/ros-foxy-rcl-1.1.14/src/rcl/node.c:428'

rcutils_reset_error() should be called after error handling to avoid this.
<<<
[ERROR] [1787549135.299166272] [rcl]: Failed to fini publisher for node: 1
[manual-web-demo-worker] init failure: RCLError: Unknown error creating node: rcl node's rmw handle is invalid, at /tmp/binarydeb/ros-foxy-rcl-1.1.14/src/rcl/node.c:428
1787549136.685406 [0]    python3: config: //CycloneDDS/Domain/General: NetworkInterface: unknown element (file:///home/unitree/robotscene/runtime/go2w/cyclonedds_eth0.xml line 5)
[ERROR] [1787549136.685690048] [rmw_cyclonedds_cpp]: rmw_create_node: failed to create domain, error Error

>>> [rcutils|error_handling.c:108] rcutils_set_error_state()
This error state is being overwritten:

  'error not set, at /tmp/binarydeb/ros-foxy-rcl-1.1.14/src/rcl/node.c:276'

with this new error message:

  'rcl node's rmw handle is invalid, at /tmp/binarydeb/ros-foxy-rcl-1.1.14/src/rcl/node.c:428'

rcutils_reset_error() should be called after error handling to avoid this.
<<<
[ERROR] [1787549136.685792576] [rcl]: Failed to fini publisher for node: 1
[manual-web-demo-worker] init failure: RCLError: Unknown error creating node: rcl node's rmw handle is invalid, at /tmp/binarydeb/ros-foxy-rcl-1.1.14/src/rcl/node.c:428
1787549139.149849 [0]    python3: config: //CycloneDDS/Domain/General: NetworkInterface: unknown element (file:///home/unitree/robotscene/runtime/go2w/cyclonedds_eth0.xml line 5)
[ERROR] [1787549139.150074336] [rmw_cyclonedds_cpp]: rmw_create_node: failed to create domain, error Error

>>> [rcutils|error_handling.c:108] rcutils_set_error_state()
This error state is being overwritten:

  'error not set, at /tmp/binarydeb/ros-foxy-rcl-1.1.14/src/rcl/node.c:276'

with this new error message:

  'rcl node's rmw handle is invalid, at /tmp/binarydeb/ros-foxy-rcl-1.1.14/src/rcl/node.c:428'

rcutils_reset_error() should be called after error handling to avoid this.
<<<
[ERROR] [1787549139.150176192] [rcl]: Failed to fini publisher for node: 1
[manual-web-demo-worker] init failure: RCLError: Unknown error creating node: rcl node's rmw handle is invalid, at /tmp/binarydeb/ros-foxy-rcl-1.1.14/src/rcl/node.c:428
1787549141.346910 [0]    python3: config: //CycloneDDS/Domain/General: NetworkInterface: unknown element (file:///home/unitree/robotscene/runtime/go2w/cyclonedds_eth0.xml line 5)
[ERROR] [1787549141.347293856] [rmw_cyclonedds_cpp]: rmw_create_node: failed to create domain, error Error

>>> [rcutils|error_handling.c:108] rcutils_set_error_state()
This error state is being overwritten:

  'error not set, at /tmp/binarydeb/ros-foxy-rcl-1.1.14/src/rcl/node.c:276'

with this new error message:

  'rcl node's rmw handle is invalid, at /tmp/binarydeb/ros-foxy-rcl-1.1.14/src/rcl/node.c:428'

rcutils_reset_error() should be called after error handling to avoid this.
<<<
[ERROR] [1787549141.347525760] [rcl]: Failed to fini publisher for node: 1
[manual-web-demo-worker] init failure: RCLError: Unknown error creating node: rcl node's rmw handle is invalid, at /tmp/binarydeb/ros-foxy-rcl-1.1.14/src/rcl/node.c:428
1787549143.303561 [0]    python3: config: //CycloneDDS/Domain/General: NetworkInterface: unknown element (file:///home/unitree/robotscene/runtime/go2w/cyclonedds_eth0.xml line 5)
[ERROR] [1787549143.304832640] [rmw_cyclonedds_cpp]: rmw_create_node: failed to create domain, error Error

>>> [rcutils|error_handling.c:108] rcutils_set_error_state()
This error state is being overwritten:

  'error not set, at /tmp/binarydeb/ros-foxy-rcl-1.1.14/src/rcl/node.c:276'

with this new error message:

  'rcl node's rmw handle is invalid, at /tmp/binarydeb/ros-foxy-rcl-1.1.14/src/rcl/node.c:428'

rcutils_reset_error() should be called after error handling to avoid this.
<<<
[ERROR] [1787549143.305366304] [rcl]: Failed to fini publisher for node: 1
[manual-web-demo-worker] init failure: RCLError: Unknown error creating node: rcl node's rmw handle is invalid, at /tmp/binarydeb/ros-foxy-rcl-1.1.14/src/rcl/node.c:428
1787549144.790446 [0]    python3: config: //CycloneDDS/Domain/General: NetworkInterface: unknown element (file:///home/unitree/robotscene/runtime/go2w/cyclonedds_eth0.xml line 5)
[ERROR] [1787549144.796133856] [rmw_cyclonedds_cpp]: rmw_create_node: failed to create domain, error Error

>>> [rcutils|error_handling.c:108] rcutils_set_error_state()
This error state is being overwritten:

  'error not set, at /tmp/binarydeb/ros-foxy-rcl-1.1.14/src/rcl/node.c:276'

with this new error message:

  'rcl node's rmw handle is invalid, at /tmp/binarydeb/ros-foxy-rcl-1.1.14/src/rcl/node.c:428'

rcutils_reset_error() should be called after error handling to avoid this.
<<<
[ERROR] [1787549144.796566144] [rcl]: Failed to fini publisher for node: 1
[manual-web-demo-worker] init failure: RCLError: Unknown error creating node: rcl node's rmw handle is invalid, at /tmp/binarydeb/ros-foxy-rcl-1.1.14/src/rcl/node.c:428
1787549147.138389 [0]    python3: config: //CycloneDDS/Domain/General: NetworkInterface: unknown element (file:///home/unitree/robotscene/runtime/go2w/cyclonedds_eth0.xml line 5)
[ERROR] [1787549147.138748640] [rmw_cyclonedds_cpp]: rmw_create_node: failed to create domain, error Error

>>> [rcutils|error_handling.c:108] rcutils_set_error_state()
This error state is being overwritten:

  'error not set, at /tmp/binarydeb/ros-foxy-rcl-1.1.14/src/rcl/node.c:276'

with this new error message:

  'rcl node's rmw handle is invalid, at /tmp/binarydeb/ros-foxy-rcl-1.1.14/src/rcl/node.c:428'

rcutils_reset_error() should be called after error handling to avoid this.
<<<
[ERROR] [1787549147.139006592] [rcl]: Failed to fini publisher for node: 1
[manual-web-demo-worker] init failure: RCLError: Unknown error creating node: rcl node's rmw handle is invalid, at /tmp/binarydeb/ros-foxy-rcl-1.1.14/src/rcl/node.c:428
1787549149.145298 [0]    python3: config: //CycloneDDS/Domain/General: NetworkInterface: unknown element (file:///home/unitree/robotscene/runtime/go2w/cyclonedds_eth0.xml line 5)
[ERROR] [1787549149.145769216] [rmw_cyclonedds_cpp]: rmw_create_node: failed to create domain, error Error

>>> [rcutils|error_handling.c:108] rcutils_set_error_state()
This error state is being overwritten:

  'error not set, at /tmp/binarydeb/ros-foxy-rcl-1.1.14/src/rcl/node.c:276'

with this new error message:

  'rcl node's rmw handle is invalid, at /tmp/binarydeb/ros-foxy-rcl-1.1.14/src/rcl/node.c:428'

rcutils_reset_error() should be called after error handling to avoid this.
<<<
[ERROR] [1787549149.146058688] [rcl]: Failed to fini publisher for node: 1
[manual-web-demo-worker] init failure: RCLError: Unknown error creating node: rcl node's rmw handle is invalid, at /tmp/binarydeb/ros-foxy-rcl-1.1.14/src/rcl/node.c:428
1787549151.168055 [0]    python3: config: //CycloneDDS/Domain/General: NetworkInterface: unknown element (file:///home/unitree/robotscene/runtime/go2w/cyclonedds_eth0.xml line 5)
[ERROR] [1787549151.168468640] [rmw_cyclonedds_cpp]: rmw_create_node: failed to create domain, error Error

>>> [rcutils|error_handling.c:108] rcutils_set_error_state()
This error state is being overwritten:

  'error not set, at /tmp/binarydeb/ros-foxy-rcl-1.1.14/src/rcl/node.c:276'

with this new error message:

  'rcl node's rmw handle is invalid, at /tmp/binarydeb/ros-foxy-rcl-1.1.14/src/rcl/node.c:428'

rcutils_reset_error() should be called after error handling to avoid this.
<<<
[ERROR] [1787549151.168694976] [rcl]: Failed to fini publisher for node: 1
[manual-web-demo-worker] init failure: RCLError: Unknown error creating node: rcl node's rmw handle is invalid, at /tmp/binarydeb/ros-foxy-rcl-1.1.14/src/rcl/node.c:428
1787549153.158975 [0]    python3: config: //CycloneDDS/Domain/General: NetworkInterface: unknown element (file:///home/unitree/robotscene/runtime/go2w/cyclonedds_eth0.xml line 5)
[ERROR] [1787549153.159221504] [rmw_cyclonedds_cpp]: rmw_create_node: failed to create domain, error Error

>>> [rcutils|error_handling.c:108] rcutils_set_error_state()
This error state is being overwritten:

  'error not set, at /tmp/binarydeb/ros-foxy-rcl-1.1.14/src/rcl/node.c:276'

with this new error message:

  'rcl node's rmw handle is invalid, at /tmp/binarydeb/ros-foxy-rcl-1.1.14/src/rcl/node.c:428'

rcutils_reset_error() should be called after error handling to avoid this.
<<<
[ERROR] [1787549153.159320512] [rcl]: Failed to fini publisher for node: 1
[manual-web-demo-worker] init failure: RCLError: Unknown error creating node: rcl node's rmw handle is invalid, at /tmp/binarydeb/ros-foxy-rcl-1.1.14/src/rcl/node.c:428
1787549154.868729 [0]    python3: config: //CycloneDDS/Domain/General: NetworkInterface: unknown element (file:///home/unitree/robotscene/runtime/go2w/cyclonedds_eth0.xml line 5)
[ERROR] [1787549154.869134112] [rmw_cyclonedds_cpp]: rmw_create_node: failed to create domain, error Error

>>> [rcutils|error_handling.c:108] rcutils_set_error_state()
This error state is being overwritten:

  'error not set, at /tmp/binarydeb/ros-foxy-rcl-1.1.14/src/rcl/node.c:276'

with this new error message:

  'rcl node's rmw handle is invalid, at /tmp/binarydeb/ros-foxy-rcl-1.1.14/src/rcl/node.c:428'

rcutils_reset_error() should be called after error handling to avoid this.
<<<
[ERROR] [1787549154.869371168] [rcl]: Failed to fini publisher for node: 1
[manual-web-demo-worker] init failure: RCLError: Unknown error creating node: rcl node's rmw handle is invalid, at /tmp/binarydeb/ros-foxy-rcl-1.1.14/src/rcl/node.c:428
1787549157.048184 [0]    python3: config: //CycloneDDS/Domain/General: NetworkInterface: unknown element (file:///home/unitree/robotscene/runtime/go2w/cyclonedds_eth0.xml line 5)
[ERROR] [1787549157.048605120] [rmw_cyclonedds_cpp]: rmw_create_node: failed to create domain, error Error

>>> [rcutils|error_handling.c:108] rcutils_set_error_state()
This error state is being overwritten:

  'error not set, at /tmp/binarydeb/ros-foxy-rcl-1.1.14/src/rcl/node.c:276'

with this new error message:

  'rcl node's rmw handle is invalid, at /tmp/binarydeb/ros-foxy-rcl-1.1.14/src/rcl/node.c:428'

rcutils_reset_error() should be called after error handling to avoid this.
<<<
[ERROR] [1787549157.048839232] [rcl]: Failed to fini publisher for node: 1
[manual-web-demo-worker] init failure: RCLError: Unknown error creating node: rcl node's rmw handle is invalid, at /tmp/binarydeb/ros-foxy-rcl-1.1.14/src/rcl/node.c:428
1787549159.120139 [0]    python3: config: //CycloneDDS/Domain/General: NetworkInterface: unknown element (file:///home/unitree/robotscene/runtime/go2w/cyclonedds_eth0.xml line 5)
[ERROR] [1787549159.120486944] [rmw_cyclonedds_cpp]: rmw_create_node: failed to create domain, error Error

>>> [rcutils|error_handling.c:108] rcutils_set_error_state()
This error state is being overwritten:

  'error not set, at /tmp/binarydeb/ros-foxy-rcl-1.1.14/src/rcl/node.c:276'

with this new error message:

  'rcl node's rmw handle is invalid, at /tmp/binarydeb/ros-foxy-rcl-1.1.14/src/rcl/node.c:428'

rcutils_reset_error() should be called after error handling to avoid this.
<<<
[ERROR] [1787549159.120603616] [rcl]: Failed to fini publisher for node: 1
[manual-web-demo-worker] init failure: RCLError: Unknown error creating node: rcl node's rmw handle is invalid, at /tmp/binarydeb/ros-foxy-rcl-1.1.14/src/rcl/node.c:428
1787549161.459460 [0]    python3: config: //CycloneDDS/Domain/General: NetworkInterface: unknown element (file:///home/unitree/robotscene/runtime/go2w/cyclonedds_eth0.xml line 5)
[ERROR] [1787549161.471886400] [rmw_cyclonedds_cpp]: rmw_create_node: failed to create domain, error Error

>>> [rcutils|error_handling.c:108] rcutils_set_error_state()
This error state is being overwritten:

  'error not set, at /tmp/binarydeb/ros-foxy-rcl-1.1.14/src/rcl/node.c:276'

with this new error message:

  'rcl node's rmw handle is invalid, at /tmp/binarydeb/ros-foxy-rcl-1.1.14/src/rcl/node.c:428'

rcutils_reset_error() should be called after error handling to avoid this.
<<<
[ERROR] [1787549161.472036288] [rcl]: Failed to fini publisher for node: 1
[manual-web-demo-worker] init failure: RCLError: Unknown error creating node: rcl node's rmw handle is invalid, at /tmp/binarydeb/ros-foxy-rcl-1.1.14/src/rcl/node.c:428
1787549163.053513 [0]    python3: config: //CycloneDDS/Domain/General: NetworkInterface: unknown element (file:///home/unitree/robotscene/runtime/go2w/cyclonedds_eth0.xml line 5)
[ERROR] [1787549163.054713088] [rmw_cyclonedds_cpp]: rmw_create_node: failed to create domain, error Error

>>> [rcutils|error_handling.c:108] rcutils_set_error_state()
This error state is being overwritten:

  'error not set, at /tmp/binarydeb/ros-foxy-rcl-1.1.14/src/rcl/node.c:276'

with this new error message:

  'rcl node's rmw handle is invalid, at /tmp/binarydeb/ros-foxy-rcl-1.1.14/src/rcl/node.c:428'

rcutils_reset_error() should be called after error handling to avoid this.
<<<
[ERROR] [1787549163.055427104] [rcl]: Failed to fini publisher for node: 1
[manual-web-demo-worker] init failure: RCLError: Unknown error creating node: rcl node's rmw handle is invalid, at /tmp/binarydeb/ros-foxy-rcl-1.1.14/src/rcl/node.c:428
1787549165.131800 [0]    python3: config: //CycloneDDS/Domain/General: NetworkInterface: unknown element (file:///home/unitree/robotscene/runtime/go2w/cyclonedds_eth0.xml line 5)
[ERROR] [1787549165.132068096] [rmw_cyclonedds_cpp]: rmw_create_node: failed to create domain, error Error

>>> [rcutils|error_handling.c:108] rcutils_set_error_state()
This error state is being overwritten:

  'error not set, at /tmp/binarydeb/ros-foxy-rcl-1.1.14/src/rcl/node.c:276'

with this new error message:

  'rcl node's rmw handle is invalid, at /tmp/binarydeb/ros-foxy-rcl-1.1.14/src/rcl/node.c:428'

rcutils_reset_error() should be called after error handling to avoid this.
<<<
[ERROR] [1787549165.132172704] [rcl]: Failed to fini publisher for node: 1
[manual-web-demo-worker] init failure: RCLError: Unknown error creating node: rcl node's rmw handle is invalid, at /tmp/binarydeb/ros-foxy-rcl-1.1.14/src/rcl/node.c:428
1787549167.476609 [0]    python3: config: //CycloneDDS/Domain/General: NetworkInterface: unknown element (file:///home/unitree/robotscene/runtime/go2w/cyclonedds_eth0.xml line 5)
[ERROR] [1787549167.476863616] [rmw_cyclonedds_cpp]: rmw_create_node: failed to create domain, error Error

>>> [rcutils|error_handling.c:108] rcutils_set_error_state()
This error state is being overwritten:

  'error not set, at /tmp/binarydeb/ros-foxy-rcl-1.1.14/src/rcl/node.c:276'

with this new error message:

  'rcl node's rmw handle is invalid, at /tmp/binarydeb/ros-foxy-rcl-1.1.14/src/rcl/node.c:428'

rcutils_reset_error() should be called after error handling to avoid this.
<<<
[ERROR] [1787549167.477016992] [rcl]: Failed to fini publisher for node: 1
[manual-web-demo-worker] init failure: RCLError: Unknown error creating node: rcl node's rmw handle is invalid, at /tmp/binarydeb/ros-foxy-rcl-1.1.14/src/rcl/node.c:428
1787549169.329376 [0]    python3: config: //CycloneDDS/Domain/General: NetworkInterface: unknown element (file:///home/unitree/robotscene/runtime/go2w/cyclonedds_eth0.xml line 5)
[ERROR] [1787549169.329641856] [rmw_cyclonedds_cpp]: rmw_create_node: failed to create domain, error Error

>>> [rcutils|error_handling.c:108] rcutils_set_error_state()
This error state is being overwritten:

  'error not set, at /tmp/binarydeb/ros-foxy-rcl-1.1.14/src/rcl/node.c:276'

with this new error message:

  'rcl node's rmw handle is invalid, at /tmp/binarydeb/ros-foxy-rcl-1.1.14/src/rcl/node.c:428'

rcutils_reset_error() should be called after error handling to avoid this.
<<<
[ERROR] [1787549169.329762944] [rcl]: Failed to fini publisher for node: 1
[manual-web-demo-worker] init failure: RCLError: Unknown error creating node: rcl node's rmw handle is invalid, at /tmp/binarydeb/ros-foxy-rcl-1.1.14/src/rcl/node.c:428
1787549171.496661 [0]    python3: config: //CycloneDDS/Domain/General: NetworkInterface: unknown element (file:///home/unitree/robotscene/runtime/go2w/cyclonedds_eth0.xml line 5)
[ERROR] [1787549171.496915936] [rmw_cyclonedds_cpp]: rmw_create_node: failed to create domain, error Error

>>> [rcutils|error_handling.c:108] rcutils_set_error_state()
This error state is being overwritten:

  'error not set, at /tmp/binarydeb/ros-foxy-rcl-1.1.14/src/rcl/node.c:276'

with this new error message:

  'rcl node's rmw handle is invalid, at /tmp/binarydeb/ros-foxy-rcl-1.1.14/src/rcl/node.c:428'

rcutils_reset_error() should be called after error handling to avoid this.
<<<
[ERROR] [1787549171.497043488] [rcl]: Failed to fini publisher for node: 1
[manual-web-demo-worker] init failure: RCLError: Unknown error creating node: rcl node's rmw handle is invalid, at /tmp/binarydeb/ros-foxy-rcl-1.1.14/src/rcl/node.c:428
1787549173.638537 [0]    python3: config: //CycloneDDS/Domain/General: NetworkInterface: unknown element (file:///home/unitree/robotscene/runtime/go2w/cyclonedds_eth0.xml line 5)
[ERROR] [1787549173.639556896] [rmw_cyclonedds_cpp]: rmw_create_node: failed to create domain, error Error

>>> [rcutils|error_handling.c:108] rcutils_set_error_state()
This error state is being overwritten:

  'error not set, at /tmp/binarydeb/ros-foxy-rcl-1.1.14/src/rcl/node.c:276'

with this new error message:

  'rcl node's rmw handle is invalid, at /tmp/binarydeb/ros-foxy-rcl-1.1.14/src/rcl/node.c:428'

rcutils_reset_error() should be called after error handling to avoid this.
<<<
[ERROR] [1787549173.640076224] [rcl]: Failed to fini publisher for node: 1
[manual-web-demo-worker] init failure: RCLError: Unknown error creating node: rcl node's rmw handle is invalid, at /tmp/binarydeb/ros-foxy-rcl-1.1.14/src/rcl/node.c:428
1787549175.271714 [0]    python3: config: //CycloneDDS/Domain/General: NetworkInterface: unknown element (file:///home/unitree/robotscene/runtime/go2w/cyclonedds_eth0.xml line 5)
[ERROR] [1787549175.272069056] [rmw_cyclonedds_cpp]: rmw_create_node: failed to create domain, error Error

>>> [rcutils|error_handling.c:108] rcutils_set_error_state()
This error state is being overwritten:

  'error not set, at /tmp/binarydeb/ros-foxy-rcl-1.1.14/src/rcl/node.c:276'

with this new error message:

  'rcl node's rmw handle is invalid, at /tmp/binarydeb/ros-foxy-rcl-1.1.14/src/rcl/node.c:428'

rcutils_reset_error() should be called after error handling to avoid this.
<<<
[ERROR] [1787549175.272350464] [rcl]: Failed to fini publisher for node: 1
[manual-web-demo-worker] init failure: RCLError: Unknown error creating node: rcl node's rmw handle is invalid, at /tmp/binarydeb/ros-foxy-rcl-1.1.14/src/rcl/node.c:428
1787549177.164247 [0]    python3: config: //CycloneDDS/Domain/General: NetworkInterface: unknown element (file:///home/unitree/robotscene/runtime/go2w/cyclonedds_eth0.xml line 5)
[ERROR] [1787549177.164621408] [rmw_cyclonedds_cpp]: rmw_create_node: failed to create domain, error Error

>>> [rcutils|error_handling.c:108] rcutils_set_error_state()
This error state is being overwritten:

  'error not set, at /tmp/binarydeb/ros-foxy-rcl-1.1.14/src/rcl/node.c:276'

with this new error message:

  'rcl node's rmw handle is invalid, at /tmp/binarydeb/ros-foxy-rcl-1.1.14/src/rcl/node.c:428'

rcutils_reset_error() should be called after error handling to avoid this.
<<<
[ERROR] [1787549177.164898752] [rcl]: Failed to fini publisher for node: 1
[manual-web-demo-worker] init failure: RCLError: Unknown error creating node: rcl node's rmw handle is invalid, at /tmp/binarydeb/ros-foxy-rcl-1.1.14/src/rcl/node.c:428
1787549179.626740 [0]    python3: config: //CycloneDDS/Domain/General: NetworkInterface: unknown element (file:///home/unitree/robotscene/runtime/go2w/cyclonedds_eth0.xml line 5)
[ERROR] [1787549179.627165920] [rmw_cyclonedds_cpp]: rmw_create_node: failed to create domain, error Error

>>> [rcutils|error_handling.c:108] rcutils_set_error_state()
This error state is being overwritten:

  'error not set, at /tmp/binarydeb/ros-foxy-rcl-1.1.14/src/rcl/node.c:276'

with this new error message:

  'rcl node's rmw handle is invalid, at /tmp/binarydeb/ros-foxy-rcl-1.1.14/src/rcl/node.c:428'

rcutils_reset_error() should be called after error handling to avoid this.
<<<
[ERROR] [1787549179.627401568] [rcl]: Failed to fini publisher for node: 1
[manual-web-demo-worker] init failure: RCLError: Unknown error creating node: rcl node's rmw handle is invalid, at /tmp/binarydeb/ros-foxy-rcl-1.1.14/src/rcl/node.c:428
1787549181.655565 [0]    python3: config: //CycloneDDS/Domain/General: NetworkInterface: unknown element (file:///home/unitree/robotscene/runtime/go2w/cyclonedds_eth0.xml line 5)
[ERROR] [1787549181.655782432] [rmw_cyclonedds_cpp]: rmw_create_node: failed to create domain, error Error

>>> [rcutils|error_handling.c:108] rcutils_set_error_state()
This error state is being overwritten:

  'error not set, at /tmp/binarydeb/ros-foxy-rcl-1.1.14/src/rcl/node.c:276'

with this new error message:

  'rcl node's rmw handle is invalid, at /tmp/binarydeb/ros-foxy-rcl-1.1.14/src/rcl/node.c:428'

rcutils_reset_error() should be called after error handling to avoid this.
<<<
[ERROR] [1787549181.655876352] [rcl]: Failed to fini publisher for node: 1
[manual-web-demo-worker] init failure: RCLError: Unknown error creating node: rcl node's rmw handle is invalid, at /tmp/binarydeb/ros-foxy-rcl-1.1.14/src/rcl/node.c:428
1787549183.480779 [0]    python3: config: //CycloneDDS/Domain/General: NetworkInterface: unknown element (file:///home/unitree/robotscene/runtime/go2w/cyclonedds_eth0.xml line 5)
[ERROR] [1787549183.482436768] [rmw_cyclonedds_cpp]: rmw_create_node: failed to create domain, error Error

>>> [rcutils|error_handling.c:108] rcutils_set_error_state()
This error state is being overwritten:

  'error not set, at /tmp/binarydeb/ros-foxy-rcl-1.1.14/src/rcl/node.c:276'

with this new error message:

  'rcl node's rmw handle is invalid, at /tmp/binarydeb/ros-foxy-rcl-1.1.14/src/rcl/node.c:428'

rcutils_reset_error() should be called after error handling to avoid this.
<<<
[ERROR] [1787549183.484114336] [rcl]: Failed to fini publisher for node: 1
[manual-web-demo-worker] init failure: RCLError: Unknown error creating node: rcl node's rmw handle is invalid, at /tmp/binarydeb/ros-foxy-rcl-1.1.14/src/rcl/node.c:428
1787549185.374363 [0]    python3: config: //CycloneDDS/Domain/General: NetworkInterface: unknown element (file:///home/unitree/robotscene/runtime/go2w/cyclonedds_eth0.xml line 5)
[ERROR] [1787549185.384622080] [rmw_cyclonedds_cpp]: rmw_create_node: failed to create domain, error Error

>>> [rcutils|error_handling.c:108] rcutils_set_error_state()
This error state is being overwritten:

  'error not set, at /tmp/binarydeb/ros-foxy-rcl-1.1.14/src/rcl/node.c:276'

with this new error message:

  'rcl node's rmw handle is invalid, at /tmp/binarydeb/ros-foxy-rcl-1.1.14/src/rcl/node.c:428'

rcutils_reset_error() should be called after error handling to avoid this.
<<<
[ERROR] [1787549185.385025696] [rcl]: Failed to fini publisher for node: 1
[manual-web-demo-worker] init failure: RCLError: Unknown error creating node: rcl node's rmw handle is invalid, at /tmp/binarydeb/ros-foxy-rcl-1.1.14/src/rcl/node.c:428
1787549187.573817 [0]    python3: config: //CycloneDDS/Domain/General: NetworkInterface: unknown element (file:///home/unitree/robotscene/runtime/go2w/cyclonedds_eth0.xml line 5)
[ERROR] [1787549187.574206400] [rmw_cyclonedds_cpp]: rmw_create_node: failed to create domain, error Error

>>> [rcutils|error_handling.c:108] rcutils_set_error_state()
This error state is being overwritten:

  'error not set, at /tmp/binarydeb/ros-foxy-rcl-1.1.14/src/rcl/node.c:276'

with this new error message:

  'rcl node's rmw handle is invalid, at /tmp/binarydeb/ros-foxy-rcl-1.1.14/src/rcl/node.c:428'

rcutils_reset_error() should be called after error handling to avoid this.
<<<
[ERROR] [1787549187.574435072] [rcl]: Failed to fini publisher for node: 1
[manual-web-demo-worker] init failure: RCLError: Unknown error creating node: rcl node's rmw handle is invalid, at /tmp/binarydeb/ros-foxy-rcl-1.1.14/src/rcl/node.c:428
1787549189.469747 [0]    python3: config: //CycloneDDS/Domain/General: Interfaces: unknown element (file:///home/unitree/robotscene/runtime/go2w/cyclonedds_eth0.xml line 5)
1787549189.469901 [0]    python3: config: //CycloneDDS/Domain/Internal: SocketReceiveBufferSize: unknown element (line 17)
1787549189.469920 [0]    python3: config: //CycloneDDS/Domain/Internal: SocketSendBufferSize: unknown element (line 18)
[ERROR] [1787549189.470027520] [rmw_cyclonedds_cpp]: rmw_create_node: failed to create domain, error Error

>>> [rcutils|error_handling.c:108] rcutils_set_error_state()
This error state is being overwritten:

  'error not set, at /tmp/binarydeb/ros-foxy-rcl-1.1.14/src/rcl/node.c:276'

with this new error message:

  'rcl node's rmw handle is invalid, at /tmp/binarydeb/ros-foxy-rcl-1.1.14/src/rcl/node.c:428'

rcutils_reset_error() should be called after error handling to avoid this.
<<<
[ERROR] [1787549189.470203840] [rcl]: Failed to fini publisher for node: 1
[manual-web-demo-worker] init failure: RCLError: Unknown error creating node: rcl node's rmw handle is invalid, at /tmp/binarydeb/ros-foxy-rcl-1.1.14/src/rcl/node.c:428
1787549191.477366 [0]    python3: config: //CycloneDDS/Domain/General: Interfaces: unknown element (file:///home/unitree/robotscene/runtime/go2w/cyclonedds_eth0.xml line 5)
1787549191.477510 [0]    python3: config: //CycloneDDS/Domain/Internal: SocketReceiveBufferSize: unknown element (line 17)
1787549191.477529 [0]    python3: config: //CycloneDDS/Domain/Internal: SocketSendBufferSize: unknown element (line 18)
[ERROR] [1787549191.477645984] [rmw_cyclonedds_cpp]: rmw_create_node: failed to create domain, error Error

>>> [rcutils|error_handling.c:108] rcutils_set_error_state()
This error state is being overwritten:

  'error not set, at /tmp/binarydeb/ros-foxy-rcl-1.1.14/src/rcl/node.c:276'

with this new error message:

  'rcl node's rmw handle is invalid, at /tmp/binarydeb/ros-foxy-rcl-1.1.14/src/rcl/node.c:428'

rcutils_reset_error() should be called after error handling to avoid this.
<<<
[ERROR] [1787549191.477748352] [rcl]: Failed to fini publisher for node: 1
[manual-web-demo-worker] init failure: RCLError: Unknown error creating node: rcl node's rmw handle is invalid, at /tmp/binarydeb/ros-foxy-rcl-1.1.14/src/rcl/node.c:428
1787549193.678814 [0]    python3: config: //CycloneDDS/Domain/General: Interfaces: unknown element (file:///home/unitree/robotscene/runtime/go2w/cyclonedds_eth0.xml line 5)
1787549193.680425 [0]    python3: config: //CycloneDDS/Domain/Internal: SocketReceiveBufferSize: unknown element (line 17)
1787549193.680556 [0]    python3: config: //CycloneDDS/Domain/Internal: SocketSendBufferSize: unknown element (line 18)
[ERROR] [1787549193.680782368] [rmw_cyclonedds_cpp]: rmw_create_node: failed to create domain, error Error

>>> [rcutils|error_handling.c:108] rcutils_set_error_state()
This error state is being overwritten:

  'error not set, at /tmp/binarydeb/ros-foxy-rcl-1.1.14/src/rcl/node.c:276'

with this new error message:

  'rcl node's rmw handle is invalid, at /tmp/binarydeb/ros-foxy-rcl-1.1.14/src/rcl/node.c:428'

rcutils_reset_error() should be called after error handling to avoid this.
<<<
[ERROR] [1787549193.681025280] [rcl]: Failed to fini publisher for node: 1
[manual-web-demo-worker] init failure: RCLError: Unknown error creating node: rcl node's rmw handle is invalid, at /tmp/binarydeb/ros-foxy-rcl-1.1.14/src/rcl/node.c:428
1787549195.911249 [0]    python3: config: //CycloneDDS/Domain/General: Interfaces: unknown element (file:///home/unitree/robotscene/runtime/go2w/cyclonedds_eth0.xml line 5)
1787549195.912468 [0]    python3: config: //CycloneDDS/Domain/Internal: SocketReceiveBufferSize: unknown element (line 17)
1787549195.912787 [0]    python3: config: //CycloneDDS/Domain/Internal: SocketSendBufferSize: unknown element (line 18)
[ERROR] [1787549195.913027392] [rmw_cyclonedds_cpp]: rmw_create_node: failed to create domain, error Error

>>> [rcutils|error_handling.c:108] rcutils_set_error_state()
This error state is being overwritten:

  'error not set, at /tmp/binarydeb/ros-foxy-rcl-1.1.14/src/rcl/node.c:276'

with this new error message:

  'rcl node's rmw handle is invalid, at /tmp/binarydeb/ros-foxy-rcl-1.1.14/src/rcl/node.c:428'

rcutils_reset_error() should be called after error handling to avoid this.
<<<
[ERROR] [1787549195.913501920] [rcl]: Failed to fini publisher for node: 1
[manual-web-demo-worker] init failure: RCLError: Unknown error creating node: rcl node's rmw handle is invalid, at /tmp/binarydeb/ros-foxy-rcl-1.1.14/src/rcl/node.c:428
1787549197.769827 [0]    python3: config: //CycloneDDS/Domain/General: Interfaces: unknown element (file:///home/unitree/robotscene/runtime/go2w/cyclonedds_eth0.xml line 5)
1787549197.778292 [0]    python3: config: //CycloneDDS/Domain/Internal: SocketReceiveBufferSize: unknown element (line 17)
1787549197.778782 [0]    python3: config: //CycloneDDS/Domain/Internal: SocketSendBufferSize: unknown element (line 18)
[ERROR] [1787549197.779104448] [rmw_cyclonedds_cpp]: rmw_create_node: failed to create domain, error Error

>>> [rcutils|error_handling.c:108] rcutils_set_error_state()
This error state is being overwritten:

  'error not set, at /tmp/binarydeb/ros-foxy-rcl-1.1.14/src/rcl/node.c:276'

with this new error message:

  'rcl node's rmw handle is invalid, at /tmp/binarydeb/ros-foxy-rcl-1.1.14/src/rcl/node.c:428'

rcutils_reset_error() should be called after error handling to avoid this.
<<<
[ERROR] [1787549197.779753664] [rcl]: Failed to fini publisher for node: 1
[manual-web-demo-worker] init failure: RCLError: Unknown error creating node: rcl node's rmw handle is invalid, at /tmp/binarydeb/ros-foxy-rcl-1.1.14/src/rcl/node.c:428
1787549200.052539 [0]    python3: config: //CycloneDDS/Domain/General: Interfaces: unknown element (file:///home/unitree/robotscene/runtime/go2w/cyclonedds_eth0.xml line 5)
1787549200.052911 [0]    python3: config: //CycloneDDS/Domain/Internal: SocketReceiveBufferSize: unknown element (line 17)
1787549200.053003 [0]    python3: config: //CycloneDDS/Domain/Internal: SocketSendBufferSize: unknown element (line 18)
[ERROR] [1787549200.053212256] [rmw_cyclonedds_cpp]: rmw_create_node: failed to create domain, error Error

>>> [rcutils|error_handling.c:108] rcutils_set_error_state()
This error state is being overwritten:

  'error not set, at /tmp/binarydeb/ros-foxy-rcl-1.1.14/src/rcl/node.c:276'

with this new error message:

  'rcl node's rmw handle is invalid, at /tmp/binarydeb/ros-foxy-rcl-1.1.14/src/rcl/node.c:428'

rcutils_reset_error() should be called after error handling to avoid this.
<<<
[ERROR] [1787549200.053530560] [rcl]: Failed to fini publisher for node: 1
[manual-web-demo-worker] init failure: RCLError: Unknown error creating node: rcl node's rmw handle is invalid, at /tmp/binarydeb/ros-foxy-rcl-1.1.14/src/rcl/node.c:428
1787549201.696497 [0]    python3: config: //CycloneDDS/Domain/General: Interfaces: unknown element (file:///home/unitree/robotscene/runtime/go2w/cyclonedds_eth0.xml line 5)
1787549201.696655 [0]    python3: config: //CycloneDDS/Domain/Internal: SocketReceiveBufferSize: unknown element (line 17)
1787549201.696681 [0]    python3: config: //CycloneDDS/Domain/Internal: SocketSendBufferSize: unknown element (line 18)
[ERROR] [1787549201.696814048] [rmw_cyclonedds_cpp]: rmw_create_node: failed to create domain, error Error

>>> [rcutils|error_handling.c:108] rcutils_set_error_state()
This error state is being overwritten:

  'error not set, at /tmp/binarydeb/ros-foxy-rcl-1.1.14/src/rcl/node.c:276'

with this new error message:

  'rcl node's rmw handle is invalid, at /tmp/binarydeb/ros-foxy-rcl-1.1.14/src/rcl/node.c:428'

rcutils_reset_error() should be called after error handling to avoid this.
<<<
[ERROR] [1787549201.696910144] [rcl]: Failed to fini publisher for node: 1
[manual-web-demo-worker] init failure: RCLError: Unknown error creating node: rcl node's rmw handle is invalid, at /tmp/binarydeb/ros-foxy-rcl-1.1.14/src/rcl/node.c:428
1787549203.831694 [0]    python3: config: //CycloneDDS/Domain/General: Interfaces: unknown element (file:///home/unitree/robotscene/runtime/go2w/cyclonedds_eth0.xml line 5)
1787549203.838360 [0]    python3: config: //CycloneDDS/Domain/Internal: SocketReceiveBufferSize: unknown element (line 17)
1787549203.838717 [0]    python3: config: //CycloneDDS/Domain/Internal: SocketSendBufferSize: unknown element (line 18)
[ERROR] [1787549203.839025472] [rmw_cyclonedds_cpp]: rmw_create_node: failed to create domain, error Error

>>> [rcutils|error_handling.c:108] rcutils_set_error_state()
This error state is being overwritten:

  'error not set, at /tmp/binarydeb/ros-foxy-rcl-1.1.14/src/rcl/node.c:276'

with this new error message:

  'rcl node's rmw handle is invalid, at /tmp/binarydeb/ros-foxy-rcl-1.1.14/src/rcl/node.c:428'

rcutils_reset_error() should be called after error handling to avoid this.
<<<
[ERROR] [1787549203.839583168] [rcl]: Failed to fini publisher for node: 1
[manual-web-demo-worker] init failure: RCLError: Unknown error creating node: rcl node's rmw handle is invalid, at /tmp/binarydeb/ros-foxy-rcl-1.1.14/src/rcl/node.c:428
1787549206.323360 [0]    python3: config: //CycloneDDS/Domain/General: Interfaces: unknown element (file:///home/unitree/robotscene/runtime/go2w/cyclonedds_eth0.xml line 5)
1787549206.337698 [0]    python3: config: //CycloneDDS/Domain/Internal: SocketReceiveBufferSize: unknown element (line 17)
1787549206.338290 [0]    python3: config: //CycloneDDS/Domain/Internal: SocketSendBufferSize: unknown element (line 18)
[ERROR] [1787549206.338594976] [rmw_cyclonedds_cpp]: rmw_create_node: failed to create domain, error Error

>>> [rcutils|error_handling.c:108] rcutils_set_error_state()
This error state is being overwritten:

  'error not set, at /tmp/binarydeb/ros-foxy-rcl-1.1.14/src/rcl/node.c:276'

with this new error message:

  'rcl node's rmw handle is invalid, at /tmp/binarydeb/ros-foxy-rcl-1.1.14/src/rcl/node.c:428'

rcutils_reset_error() should be called after error handling to avoid this.
<<<
[ERROR] [1787549206.339378048] [rcl]: Failed to fini publisher for node: 1
[manual-web-demo-worker] init failure: RCLError: Unknown error creating node: rcl node's rmw handle is invalid, at /tmp/binarydeb/ros-foxy-rcl-1.1.14/src/rcl/node.c:428
1787549207.860509 [0]    python3: config: //CycloneDDS/Domain/General: Interfaces: unknown element (file:///home/unitree/robotscene/runtime/go2w/cyclonedds_eth0.xml line 5)
1787549207.860661 [0]    python3: config: //CycloneDDS/Domain/Internal: SocketReceiveBufferSize: unknown element (line 17)
1787549207.860715 [0]    python3: config: //CycloneDDS/Domain/Internal: SocketSendBufferSize: unknown element (line 18)
[ERROR] [1787549207.860841696] [rmw_cyclonedds_cpp]: rmw_create_node: failed to create domain, error Error

>>> [rcutils|error_handling.c:108] rcutils_set_error_state()
This error state is being overwritten:

  'error not set, at /tmp/binarydeb/ros-foxy-rcl-1.1.14/src/rcl/node.c:276'

with this new error message:

  'rcl node's rmw handle is invalid, at /tmp/binarydeb/ros-foxy-rcl-1.1.14/src/rcl/node.c:428'

rcutils_reset_error() should be called after error handling to avoid this.
<<<
[ERROR] [1787549207.860938112] [rcl]: Failed to fini publisher for node: 1
[manual-web-demo-worker] init failure: RCLError: Unknown error creating node: rcl node's rmw handle is invalid, at /tmp/binarydeb/ros-foxy-rcl-1.1.14/src/rcl/node.c:428
1787549209.884209 [0]    python3: config: //CycloneDDS/Domain/General: Interfaces: unknown element (file:///home/unitree/robotscene/runtime/go2w/cyclonedds_eth0.xml line 5)
1787549209.884531 [0]    python3: config: //CycloneDDS/Domain/Internal: SocketReceiveBufferSize: unknown element (line 17)
1787549209.884632 [0]    python3: config: //CycloneDDS/Domain/Internal: SocketSendBufferSize: unknown element (line 18)
[ERROR] [1787549209.884813152] [rmw_cyclonedds_cpp]: rmw_create_node: failed to create domain, error Error

>>> [rcutils|error_handling.c:108] rcutils_set_error_state()
This error state is being overwritten:

  'error not set, at /tmp/binarydeb/ros-foxy-rcl-1.1.14/src/rcl/node.c:276'

with this new error message:

  'rcl node's rmw handle is invalid, at /tmp/binarydeb/ros-foxy-rcl-1.1.14/src/rcl/node.c:428'

rcutils_reset_error() should be called after error handling to avoid this.
<<<
[ERROR] [1787549209.885047552] [rcl]: Failed to fini publisher for node: 1
[manual-web-demo-worker] init failure: RCLError: Unknown error creating node: rcl node's rmw handle is invalid, at /tmp/binarydeb/ros-foxy-rcl-1.1.14/src/rcl/node.c:428
1787549211.943578 [0]    python3: config: //CycloneDDS/Domain/General: Interfaces: unknown element (file:///home/unitree/robotscene/runtime/go2w/cyclonedds_eth0.xml line 5)
1787549211.943720 [0]    python3: config: //CycloneDDS/Domain/Internal: SocketReceiveBufferSize: unknown element (line 17)
1787549211.943743 [0]    python3: config: //CycloneDDS/Domain/Internal: SocketSendBufferSize: unknown element (line 18)
[ERROR] [1787549211.943885536] [rmw_cyclonedds_cpp]: rmw_create_node: failed to create domain, error Error

>>> [rcutils|error_handling.c:108] rcutils_set_error_state()
This error state is being overwritten:

  'error not set, at /tmp/binarydeb/ros-foxy-rcl-1.1.14/src/rcl/node.c:276'

with this new error message:

  'rcl node's rmw handle is invalid, at /tmp/binarydeb/ros-foxy-rcl-1.1.14/src/rcl/node.c:428'

rcutils_reset_error() should be called after error handling to avoid this.
<<<
[ERROR] [1787549211.943968608] [rcl]: Failed to fini publisher for node: 1
[manual-web-demo-worker] init failure: RCLError: Unknown error creating node: rcl node's rmw handle is invalid, at /tmp/binarydeb/ros-foxy-rcl-1.1.14/src/rcl/node.c:428
1787549216.910146 [0]    python3: config: //CycloneDDS/Domain/General: Interfaces: unknown element (file:///home/unitree/robotscene/runtime/go2w/cyclonedds_eth0.xml line 5)
1787549216.910298 [0]    python3: config: //CycloneDDS/Domain/Internal: SocketReceiveBufferSize: unknown element (line 17)
1787549216.910319 [0]    python3: config: //CycloneDDS/Domain/Internal: SocketSendBufferSize: unknown element (line 18)
[ERROR] [1787549216.910428352] [rmw_cyclonedds_cpp]: rmw_create_node: failed to create domain, error Error

>>> [rcutils|error_handling.c:108] rcutils_set_error_state()
This error state is being overwritten:

  'error not set, at /tmp/binarydeb/ros-foxy-rcl-1.1.14/src/rcl/node.c:276'

with this new error message:

  'rcl node's rmw handle is invalid, at /tmp/binarydeb/ros-foxy-rcl-1.1.14/src/rcl/node.c:428'

rcutils_reset_error() should be called after error handling to avoid this.
<<<
[ERROR] [1787549216.910541504] [rcl]: Failed to fini publisher for node: 1
[manual-web-demo-worker] init failure: RCLError: Unknown error creating node: rcl node's rmw handle is invalid, at /tmp/binarydeb/ros-foxy-rcl-1.1.14/src/rcl/node.c:428
1787549220.404162 [0]    python3: config: //CycloneDDS/Domain/General: Interfaces: unknown element (file:///home/unitree/robotscene/runtime/go2w/cyclonedds_eth0.xml line 5)
1787549220.404726 [0]    python3: config: //CycloneDDS/Domain/Internal: SocketReceiveBufferSize: unknown element (line 17)
1787549220.404940 [0]    python3: config: //CycloneDDS/Domain/Internal: SocketSendBufferSize: unknown element (line 18)
[ERROR] [1787549220.405255328] [rmw_cyclonedds_cpp]: rmw_create_node: failed to create domain, error Error

>>> [rcutils|error_handling.c:108] rcutils_set_error_state()
This error state is being overwritten:

  'error not set, at /tmp/binarydeb/ros-foxy-rcl-1.1.14/src/rcl/node.c:276'

with this new error message:

  'rcl node's rmw handle is invalid, at /tmp/binarydeb/ros-foxy-rcl-1.1.14/src/rcl/node.c:428'

rcutils_reset_error() should be called after error handling to avoid this.
<<<
[ERROR] [1787549220.405630592] [rcl]: Failed to fini publisher for node: 1
[manual-web-demo-worker] init failure: RCLError: Unknown error creating node: rcl node's rmw handle is invalid, at /tmp/binarydeb/ros-foxy-rcl-1.1.14/src/rcl/node.c:428
1787549224.963431 [0]    python3: config: //CycloneDDS/Domain/General: Interfaces: unknown element (file:///home/unitree/robotscene/runtime/go2w/cyclonedds_eth0.xml line 5)
1787549224.963577 [0]    python3: config: //CycloneDDS/Domain/Internal: SocketReceiveBufferSize: unknown element (line 17)
1787549224.963597 [0]    python3: config: //CycloneDDS/Domain/Internal: SocketSendBufferSize: unknown element (line 18)
[ERROR] [1787549224.963701504] [rmw_cyclonedds_cpp]: rmw_create_node: failed to create domain, error Error

>>> [rcutils|error_handling.c:108] rcutils_set_error_state()
This error state is being overwritten:

  'error not set, at /tmp/binarydeb/ros-foxy-rcl-1.1.14/src/rcl/node.c:276'

with this new error message:

  'rcl node's rmw handle is invalid, at /tmp/binarydeb/ros-foxy-rcl-1.1.14/src/rcl/node.c:428'

rcutils_reset_error() should be called after error handling to avoid this.
<<<
[ERROR] [1787549224.963794688] [rcl]: Failed to fini publisher for node: 1
[manual-web-demo-worker] init failure: RCLError: Unknown error creating node: rcl node's rmw handle is invalid, at /tmp/binarydeb/ros-foxy-rcl-1.1.14/src/rcl/node.c:428
1787549226.339463 [0]    python3: config: //CycloneDDS/Domain/General: Interfaces: unknown element (file:///home/unitree/robotscene/runtime/go2w/cyclonedds_eth0.xml line 5)
1787549226.339668 [0]    python3: config: //CycloneDDS/Domain/Internal: SocketReceiveBufferSize: unknown element (line 17)
1787549226.339692 [0]    python3: config: //CycloneDDS/Domain/Internal: SocketSendBufferSize: unknown element (line 18)
[ERROR] [1787549226.339846688] [rmw_cyclonedds_cpp]: rmw_create_node: failed to create domain, error Error

>>> [rcutils|error_handling.c:108] rcutils_set_error_state()
This error state is being overwritten:

  'error not set, at /tmp/binarydeb/ros-foxy-rcl-1.1.14/src/rcl/node.c:276'

with this new error message:

  'rcl node's rmw handle is invalid, at /tmp/binarydeb/ros-foxy-rcl-1.1.14/src/rcl/node.c:428'

rcutils_reset_error() should be called after error handling to avoid this.
<<<
[ERROR] [1787549226.339973920] [rcl]: Failed to fini publisher for node: 1
[manual-web-demo-worker] init failure: RCLError: Unknown error creating node: rcl node's rmw handle is invalid, at /tmp/binarydeb/ros-foxy-rcl-1.1.14/src/rcl/node.c:428
1787549228.624312 [0]    python3: config: //CycloneDDS/Domain/General: Interfaces: unknown element (file:///home/unitree/robotscene/runtime/go2w/cyclonedds_eth0.xml line 5)
1787549228.624745 [0]    python3: config: //CycloneDDS/Domain/Internal: SocketReceiveBufferSize: unknown element (line 17)
1787549228.624810 [0]    python3: config: //CycloneDDS/Domain/Internal: SocketSendBufferSize: unknown element (line 18)
[ERROR] [1787549228.624937248] [rmw_cyclonedds_cpp]: rmw_create_node: failed to create domain, error Error

>>> [rcutils|error_handling.c:108] rcutils_set_error_state()
This error state is being overwritten:

  'error not set, at /tmp/binarydeb/ros-foxy-rcl-1.1.14/src/rcl/node.c:276'

with this new error message:

  'rcl node's rmw handle is invalid, at /tmp/binarydeb/ros-foxy-rcl-1.1.14/src/rcl/node.c:428'

rcutils_reset_error() should be called after error handling to avoid this.
<<<
[ERROR] [1787549228.625115360] [rcl]: Failed to fini publisher for node: 1
[manual-web-demo-worker] init failure: RCLError: Unknown error creating node: rcl node's rmw handle is invalid, at /tmp/binarydeb/ros-foxy-rcl-1.1.14/src/rcl/node.c:428
1787549231.190105 [0]    python3: config: //CycloneDDS/Domain/General: Interfaces: unknown element (file:///home/unitree/robotscene/runtime/go2w/cyclonedds_eth0.xml line 5)
1787549231.190247 [0]    python3: config: //CycloneDDS/Domain/Internal: SocketReceiveBufferSize: unknown element (line 17)
1787549231.190268 [0]    python3: config: //CycloneDDS/Domain/Internal: SocketSendBufferSize: unknown element (line 18)
[ERROR] [1787549231.190374944] [rmw_cyclonedds_cpp]: rmw_create_node: failed to create domain, error Error

>>> [rcutils|error_handling.c:108] rcutils_set_error_state()
This error state is being overwritten:

  'error not set, at /tmp/binarydeb/ros-foxy-rcl-1.1.14/src/rcl/node.c:276'

with this new error message:

  'rcl node's rmw handle is invalid, at /tmp/binarydeb/ros-foxy-rcl-1.1.14/src/rcl/node.c:428'

rcutils_reset_error() should be called after error handling to avoid this.
<<<
[ERROR] [1787549231.190469024] [rcl]: Failed to fini publisher for node: 1
[manual-web-demo-worker] init failure: RCLError: Unknown error creating node: rcl node's rmw handle is invalid, at /tmp/binarydeb/ros-foxy-rcl-1.1.14/src/rcl/node.c:428
1787549233.224755 [0]    python3: config: //CycloneDDS/Domain/General: Interfaces: unknown element (file:///home/unitree/robotscene/runtime/go2w/cyclonedds_eth0.xml line 5)
1787549233.225841 [0]    python3: config: //CycloneDDS/Domain/Internal: SocketReceiveBufferSize: unknown element (line 17)
1787549233.226040 [0]    python3: config: //CycloneDDS/Domain/Internal: SocketSendBufferSize: unknown element (line 18)
[ERROR] [1787549233.226262624] [rmw_cyclonedds_cpp]: rmw_create_node: failed to create domain, error Error

>>> [rcutils|error_handling.c:108] rcutils_set_error_state()
This error state is being overwritten:

  'error not set, at /tmp/binarydeb/ros-foxy-rcl-1.1.14/src/rcl/node.c:276'

with this new error message:

  'rcl node's rmw handle is invalid, at /tmp/binarydeb/ros-foxy-rcl-1.1.14/src/rcl/node.c:428'

rcutils_reset_error() should be called after error handling to avoid this.
<<<
[ERROR] [1787549233.226717696] [rcl]: Failed to fini publisher for node: 1
[manual-web-demo-worker] init failure: RCLError: Unknown error creating node: rcl node's rmw handle is invalid, at /tmp/binarydeb/ros-foxy-rcl-1.1.14/src/rcl/node.c:428
1787549235.087315 [0]    python3: config: //CycloneDDS/Domain/General: Interfaces: unknown element (file:///home/unitree/robotscene/runtime/go2w/cyclonedds_eth0.xml line 5)
1787549235.087875 [0]    python3: config: //CycloneDDS/Domain/Internal: SocketReceiveBufferSize: unknown element (line 17)
1787549235.087986 [0]    python3: config: //CycloneDDS/Domain/Internal: SocketSendBufferSize: unknown element (line 18)
[ERROR] [1787549235.088181088] [rmw_cyclonedds_cpp]: rmw_create_node: failed to create domain, error Error

>>> [rcutils|error_handling.c:108] rcutils_set_error_state()
This error state is being overwritten:

  'error not set, at /tmp/binarydeb/ros-foxy-rcl-1.1.14/src/rcl/node.c:276'

with this new error message:

  'rcl node's rmw handle is invalid, at /tmp/binarydeb/ros-foxy-rcl-1.1.14/src/rcl/node.c:428'

rcutils_reset_error() should be called after error handling to avoid this.
<<<
[ERROR] [1787549235.088437664] [rcl]: Failed to fini publisher for node: 1
[manual-web-demo-worker] init failure: RCLError: Unknown error creating node: rcl node's rmw handle is invalid, at /tmp/binarydeb/ros-foxy-rcl-1.1.14/src/rcl/node.c:428
1787549236.520183 [0]    python3: config: //CycloneDDS/Domain/General: Interfaces: unknown element (file:///home/unitree/robotscene/runtime/go2w/cyclonedds_eth0.xml line 5)
1787549236.520604 [0]    python3: config: //CycloneDDS/Domain/Internal: SocketReceiveBufferSize: unknown element (line 17)
1787549236.520739 [0]    python3: config: //CycloneDDS/Domain/Internal: SocketSendBufferSize: unknown element (line 18)
[ERROR] [1787549236.520967264] [rmw_cyclonedds_cpp]: rmw_create_node: failed to create domain, error Error

>>> [rcutils|error_handling.c:108] rcutils_set_error_state()
This error state is being overwritten:

  'error not set, at /tmp/binarydeb/ros-foxy-rcl-1.1.14/src/rcl/node.c:276'

with this new error message:

  'rcl node's rmw handle is invalid, at /tmp/binarydeb/ros-foxy-rcl-1.1.14/src/rcl/node.c:428'

rcutils_reset_error() should be called after error handling to avoid this.
<<<
[ERROR] [1787549236.521249920] [rcl]: Failed to fini publisher for node: 1
[manual-web-demo-worker] init failure: RCLError: Unknown error creating node: rcl node's rmw handle is invalid, at /tmp/binarydeb/ros-foxy-rcl-1.1.14/src/rcl/node.c:428
1787549238.862691 [0]    python3: config: //CycloneDDS/Domain/General: Interfaces: unknown element (file:///home/unitree/robotscene/runtime/go2w/cyclonedds_eth0.xml line 5)
1787549238.863322 [0]    python3: config: //CycloneDDS/Domain/Internal: SocketReceiveBufferSize: unknown element (line 17)
1787549238.863530 [0]    python3: config: //CycloneDDS/Domain/Internal: SocketSendBufferSize: unknown element (line 18)
[ERROR] [1787549238.863794912] [rmw_cyclonedds_cpp]: rmw_create_node: failed to create domain, error Error

>>> [rcutils|error_handling.c:108] rcutils_set_error_state()
This error state is being overwritten:

  'error not set, at /tmp/binarydeb/ros-foxy-rcl-1.1.14/src/rcl/node.c:276'

with this new error message:

  'rcl node's rmw handle is invalid, at /tmp/binarydeb/ros-foxy-rcl-1.1.14/src/rcl/node.c:428'

rcutils_reset_error() should be called after error handling to avoid this.
<<<
[ERROR] [1787549238.864043488] [rcl]: Failed to fini publisher for node: 1
[manual-web-demo-worker] init failure: RCLError: Unknown error creating node: rcl node's rmw handle is invalid, at /tmp/binarydeb/ros-foxy-rcl-1.1.14/src/rcl/node.c:428
1787549240.986414 [0]    python3: config: //CycloneDDS/Domain/General: Interfaces: unknown element (file:///home/unitree/robotscene/runtime/go2w/cyclonedds_eth0.xml line 5)
1787549240.986714 [0]    python3: config: //CycloneDDS/Domain/Internal: SocketReceiveBufferSize: unknown element (line 17)
1787549240.986819 [0]    python3: config: //CycloneDDS/Domain/Internal: SocketSendBufferSize: unknown element (line 18)
[ERROR] [1787549240.987012768] [rmw_cyclonedds_cpp]: rmw_create_node: failed to create domain, error Error

>>> [rcutils|error_handling.c:108] rcutils_set_error_state()
This error state is being overwritten:

  'error not set, at /tmp/binarydeb/ros-foxy-rcl-1.1.14/src/rcl/node.c:276'

with this new error message:

  'rcl node's rmw handle is invalid, at /tmp/binarydeb/ros-foxy-rcl-1.1.14/src/rcl/node.c:428'

rcutils_reset_error() should be called after error handling to avoid this.
<<<
[ERROR] [1787549240.987247936] [rcl]: Failed to fini publisher for node: 1
[manual-web-demo-worker] init failure: RCLError: Unknown error creating node: rcl node's rmw handle is invalid, at /tmp/binarydeb/ros-foxy-rcl-1.1.14/src/rcl/node.c:428
1787549242.551588 [0]    python3: config: //CycloneDDS/Domain/General: Interfaces: unknown element (file:///home/unitree/robotscene/runtime/go2w/cyclonedds_eth0.xml line 5)
1787549242.551900 [0]    python3: config: //CycloneDDS/Domain/Internal: SocketReceiveBufferSize: unknown element (line 17)
1787549242.552008 [0]    python3: config: //CycloneDDS/Domain/Internal: SocketSendBufferSize: unknown element (line 18)
[ERROR] [1787549242.552232224] [rmw_cyclonedds_cpp]: rmw_create_node: failed to create domain, error Error

>>> [rcutils|error_handling.c:108] rcutils_set_error_state()
This error state is being overwritten:

  'error not set, at /tmp/binarydeb/ros-foxy-rcl-1.1.14/src/rcl/node.c:276'

with this new error message:

  'rcl node's rmw handle is invalid, at /tmp/binarydeb/ros-foxy-rcl-1.1.14/src/rcl/node.c:428'

rcutils_reset_error() should be called after error handling to avoid this.
<<<
[ERROR] [1787549242.552757600] [rcl]: Failed to fini publisher for node: 1
[manual-web-demo-worker] init failure: RCLError: Unknown error creating node: rcl node's rmw handle is invalid, at /tmp/binarydeb/ros-foxy-rcl-1.1.14/src/rcl/node.c:428
1787549245.063621 [0]    python3: config: //CycloneDDS/Domain/General: Interfaces: unknown element (file:///home/unitree/robotscene/runtime/go2w/cyclonedds_eth0.xml line 5)
1787549245.063773 [0]    python3: config: //CycloneDDS/Domain/Internal: SocketReceiveBufferSize: unknown element (line 17)
1787549245.063794 [0]    python3: config: //CycloneDDS/Domain/Internal: SocketSendBufferSize: unknown element (line 18)
[ERROR] [1787549245.063906112] [rmw_cyclonedds_cpp]: rmw_create_node: failed to create domain, error Error

>>> [rcutils|error_handling.c:108] rcutils_set_error_state()
This error state is being overwritten:

  'error not set, at /tmp/binarydeb/ros-foxy-rcl-1.1.14/src/rcl/node.c:276'

with this new error message:

  'rcl node's rmw handle is invalid, at /tmp/binarydeb/ros-foxy-rcl-1.1.14/src/rcl/node.c:428'

rcutils_reset_error() should be called after error handling to avoid this.
<<<
[ERROR] [1787549245.063999104] [rcl]: Failed to fini publisher for node: 1
[manual-web-demo-worker] init failure: RCLError: Unknown error creating node: rcl node's rmw handle is invalid, at /tmp/binarydeb/ros-foxy-rcl-1.1.14/src/rcl/node.c:428
1787549247.240665 [0]    python3: config: //CycloneDDS/Domain/General: Interfaces: unknown element (file:///home/unitree/robotscene/runtime/go2w/cyclonedds_eth0.xml line 5)
1787549247.241005 [0]    python3: config: //CycloneDDS/Domain/Internal: SocketReceiveBufferSize: unknown element (line 17)
1787549247.241127 [0]    python3: config: //CycloneDDS/Domain/Internal: SocketSendBufferSize: unknown element (line 18)
[ERROR] [1787549247.241380320] [rmw_cyclonedds_cpp]: rmw_create_node: failed to create domain, error Error

>>> [rcutils|error_handling.c:108] rcutils_set_error_state()
This error state is being overwritten:

  'error not set, at /tmp/binarydeb/ros-foxy-rcl-1.1.14/src/rcl/node.c:276'

with this new error message:

  'rcl node's rmw handle is invalid, at /tmp/binarydeb/ros-foxy-rcl-1.1.14/src/rcl/node.c:428'

rcutils_reset_error() should be called after error handling to avoid this.
<<<
[ERROR] [1787549247.241632512] [rcl]: Failed to fini publisher for node: 1
[manual-web-demo-worker] init failure: RCLError: Unknown error creating node: rcl node's rmw handle is invalid, at /tmp/binarydeb/ros-foxy-rcl-1.1.14/src/rcl/node.c:428
1787549249.371774 [0]    python3: config: //CycloneDDS/Domain/General: Interfaces: unknown element (file:///home/unitree/robotscene/runtime/go2w/cyclonedds_eth0.xml line 5)
1787549249.372109 [0]    python3: config: //CycloneDDS/Domain/Internal: SocketReceiveBufferSize: unknown element (line 17)
1787549249.372253 [0]    python3: config: //CycloneDDS/Domain/Internal: SocketSendBufferSize: unknown element (line 18)
[ERROR] [1787549249.372478048] [rmw_cyclonedds_cpp]: rmw_create_node: failed to create domain, error Error

>>> [rcutils|error_handling.c:108] rcutils_set_error_state()
This error state is being overwritten:

  'error not set, at /tmp/binarydeb/ros-foxy-rcl-1.1.14/src/rcl/node.c:276'

with this new error message:

  'rcl node's rmw handle is invalid, at /tmp/binarydeb/ros-foxy-rcl-1.1.14/src/rcl/node.c:428'

rcutils_reset_error() should be called after error handling to avoid this.
<<<
[ERROR] [1787549249.372724192] [rcl]: Failed to fini publisher for node: 1
[manual-web-demo-worker] init failure: RCLError: Unknown error creating node: rcl node's rmw handle is invalid, at /tmp/binarydeb/ros-foxy-rcl-1.1.14/src/rcl/node.c:428
1787549250.577119 [0]    python3: config: //CycloneDDS/Domain/General: Interfaces: unknown element (file:///home/unitree/robotscene/runtime/go2w/cyclonedds_eth0.xml line 5)
1787549250.577302 [0]    python3: config: //CycloneDDS/Domain/Internal: SocketReceiveBufferSize: unknown element (line 17)
1787549250.577322 [0]    python3: config: //CycloneDDS/Domain/Internal: SocketSendBufferSize: unknown element (line 18)
[ERROR] [1787549250.577430688] [rmw_cyclonedds_cpp]: rmw_create_node: failed to create domain, error Error

>>> [rcutils|error_handling.c:108] rcutils_set_error_state()
This error state is being overwritten:

  'error not set, at /tmp/binarydeb/ros-foxy-rcl-1.1.14/src/rcl/node.c:276'

with this new error message:

  'rcl node's rmw handle is invalid, at /tmp/binarydeb/ros-foxy-rcl-1.1.14/src/rcl/node.c:428'

rcutils_reset_error() should be called after error handling to avoid this.
<<<
[ERROR] [1787549250.577535168] [rcl]: Failed to fini publisher for node: 1
[manual-web-demo-worker] init failure: RCLError: Unknown error creating node: rcl node's rmw handle is invalid, at /tmp/binarydeb/ros-foxy-rcl-1.1.14/src/rcl/node.c:428
1787549253.083145 [0]    python3: config: //CycloneDDS/Domain/General: Interfaces: unknown element (file:///home/unitree/robotscene/runtime/go2w/cyclonedds_eth0.xml line 5)
1787549253.083315 [0]    python3: config: //CycloneDDS/Domain/Internal: SocketReceiveBufferSize: unknown element (line 17)
1787549253.083338 [0]    python3: config: //CycloneDDS/Domain/Internal: SocketSendBufferSize: unknown element (line 18)
[ERROR] [1787549253.083478368] [rmw_cyclonedds_cpp]: rmw_create_node: failed to create domain, error Error

>>> [rcutils|error_handling.c:108] rcutils_set_error_state()
This error state is being overwritten:

  'error not set, at /tmp/binarydeb/ros-foxy-rcl-1.1.14/src/rcl/node.c:276'

with this new error message:

  'rcl node's rmw handle is invalid, at /tmp/binarydeb/ros-foxy-rcl-1.1.14/src/rcl/node.c:428'

rcutils_reset_error() should be called after error handling to avoid this.
<<<
[ERROR] [1787549253.083569248] [rcl]: Failed to fini publisher for node: 1
[manual-web-demo-worker] init failure: RCLError: Unknown error creating node: rcl node's rmw handle is invalid, at /tmp/binarydeb/ros-foxy-rcl-1.1.14/src/rcl/node.c:428
1787549255.107245 [0]    python3: config: //CycloneDDS/Domain/General: Interfaces: unknown element (file:///home/unitree/robotscene/runtime/go2w/cyclonedds_eth0.xml line 5)
1787549255.107391 [0]    python3: config: //CycloneDDS/Domain/Internal: SocketReceiveBufferSize: unknown element (line 17)
1787549255.107412 [0]    python3: config: //CycloneDDS/Domain/Internal: SocketSendBufferSize: unknown element (line 18)
[ERROR] [1787549255.107514240] [rmw_cyclonedds_cpp]: rmw_create_node: failed to create domain, error Error

>>> [rcutils|error_handling.c:108] rcutils_set_error_state()
This error state is being overwritten:

  'error not set, at /tmp/binarydeb/ros-foxy-rcl-1.1.14/src/rcl/node.c:276'

with this new error message:

  'rcl node's rmw handle is invalid, at /tmp/binarydeb/ros-foxy-rcl-1.1.14/src/rcl/node.c:428'

rcutils_reset_error() should be called after error handling to avoid this.
<<<
[ERROR] [1787549255.107598016] [rcl]: Failed to fini publisher for node: 1
[manual-web-demo-worker] init failure: RCLError: Unknown error creating node: rcl node's rmw handle is invalid, at /tmp/binarydeb/ros-foxy-rcl-1.1.14/src/rcl/node.c:428
1787549256.522662 [0]    python3: config: //CycloneDDS/Domain/General: Interfaces: unknown element (file:///home/unitree/robotscene/runtime/go2w/cyclonedds_eth0.xml line 5)
1787549256.522955 [0]    python3: config: //CycloneDDS/Domain/Internal: SocketReceiveBufferSize: unknown element (line 17)
1787549256.523048 [0]    python3: config: //CycloneDDS/Domain/Internal: SocketSendBufferSize: unknown element (line 18)
[ERROR] [1787549256.523230688] [rmw_cyclonedds_cpp]: rmw_create_node: failed to create domain, error Error

>>> [rcutils|error_handling.c:108] rcutils_set_error_state()
This error state is being overwritten:

  'error not set, at /tmp/binarydeb/ros-foxy-rcl-1.1.14/src/rcl/node.c:276'

with this new error message:

  'rcl node's rmw handle is invalid, at /tmp/binarydeb/ros-foxy-rcl-1.1.14/src/rcl/node.c:428'

rcutils_reset_error() should be called after error handling to avoid this.
<<<
[ERROR] [1787549256.523490400] [rcl]: Failed to fini publisher for node: 1
[manual-web-demo-worker] init failure: RCLError: Unknown error creating node: rcl node's rmw handle is invalid, at /tmp/binarydeb/ros-foxy-rcl-1.1.14/src/rcl/node.c:428
1787549258.998093 [0]    python3: config: //CycloneDDS/Domain/General: Interfaces: unknown element (file:///home/unitree/robotscene/runtime/go2w/cyclonedds_eth0.xml line 5)
1787549258.998496 [0]    python3: config: //CycloneDDS/Domain/Internal: SocketReceiveBufferSize: unknown element (line 17)
1787549258.998835 [0]    python3: config: //CycloneDDS/Domain/Internal: SocketSendBufferSize: unknown element (line 18)
[ERROR] [1787549258.999300448] [rmw_cyclonedds_cpp]: rmw_create_node: failed to create domain, error Error

>>> [rcutils|error_handling.c:108] rcutils_set_error_state()
This error state is being overwritten:

  'error not set, at /tmp/binarydeb/ros-foxy-rcl-1.1.14/src/rcl/node.c:276'

with this new error message:

  'rcl node's rmw handle is invalid, at /tmp/binarydeb/ros-foxy-rcl-1.1.14/src/rcl/node.c:428'

rcutils_reset_error() should be called after error handling to avoid this.
<<<
[ERROR] [1787549258.999629920] [rcl]: Failed to fini publisher for node: 1
[manual-web-demo-worker] init failure: RCLError: Unknown error creating node: rcl node's rmw handle is invalid, at /tmp/binarydeb/ros-foxy-rcl-1.1.14/src/rcl/node.c:428
1787549261.846488 [0]    python3: config: //CycloneDDS/Domain/General: Interfaces: unknown element (file:///home/unitree/robotscene/runtime/go2w/cyclonedds_eth0.xml line 5)
1787549261.849003 [0]    python3: config: //CycloneDDS/Domain/Internal: SocketReceiveBufferSize: unknown element (line 17)
1787549261.849361 [0]    python3: config: //CycloneDDS/Domain/Internal: SocketSendBufferSize: unknown element (line 18)
[ERROR] [1787549261.849646080] [rmw_cyclonedds_cpp]: rmw_create_node: failed to create domain, error Error

>>> [rcutils|error_handling.c:108] rcutils_set_error_state()
This error state is being overwritten:

  'error not set, at /tmp/binarydeb/ros-foxy-rcl-1.1.14/src/rcl/node.c:276'

with this new error message:

  'rcl node's rmw handle is invalid, at /tmp/binarydeb/ros-foxy-rcl-1.1.14/src/rcl/node.c:428'

rcutils_reset_error() should be called after error handling to avoid this.
<<<
[ERROR] [1787549261.852402112] [rcl]: Failed to fini publisher for node: 1
[manual-web-demo-worker] init failure: RCLError: Unknown error creating node: rcl node's rmw handle is invalid, at /tmp/binarydeb/ros-foxy-rcl-1.1.14/src/rcl/node.c:428
1787549263.267643 [0]    python3: config: //CycloneDDS/Domain/General: Interfaces: unknown element (file:///home/unitree/robotscene/runtime/go2w/cyclonedds_eth0.xml line 5)
1787549263.267796 [0]    python3: config: //CycloneDDS/Domain/Internal: SocketReceiveBufferSize: unknown element (line 17)
1787549263.267833 [0]    python3: config: //CycloneDDS/Domain/Internal: SocketSendBufferSize: unknown element (line 18)
[ERROR] [1787549263.267946240] [rmw_cyclonedds_cpp]: rmw_create_node: failed to create domain, error Error

>>> [rcutils|error_handling.c:108] rcutils_set_error_state()
This error state is being overwritten:

  'error not set, at /tmp/binarydeb/ros-foxy-rcl-1.1.14/src/rcl/node.c:276'

with this new error message:

  'rcl node's rmw handle is invalid, at /tmp/binarydeb/ros-foxy-rcl-1.1.14/src/rcl/node.c:428'

rcutils_reset_error() should be called after error handling to avoid this.
<<<
[ERROR] [1787549263.268040800] [rcl]: Failed to fini publisher for node: 1
[manual-web-demo-worker] init failure: RCLError: Unknown error creating node: rcl node's rmw handle is invalid, at /tmp/binarydeb/ros-foxy-rcl-1.1.14/src/rcl/node.c:428
1787549265.674592 [0]    python3: config: //CycloneDDS/Domain/General: Interfaces: unknown element (file:///home/unitree/robotscene/runtime/go2w/cyclonedds_eth0.xml line 5)
1787549265.682452 [0]    python3: config: //CycloneDDS/Domain/Internal: SocketReceiveBufferSize: unknown element (line 17)
1787549265.682592 [0]    python3: config: //CycloneDDS/Domain/Internal: SocketSendBufferSize: unknown element (line 18)
[ERROR] [1787549265.682757984] [rmw_cyclonedds_cpp]: rmw_create_node: failed to create domain, error Error

>>> [rcutils|error_handling.c:108] rcutils_set_error_state()
This error state is being overwritten:

  'error not set, at /tmp/binarydeb/ros-foxy-rcl-1.1.14/src/rcl/node.c:276'

with this new error message:

  'rcl node's rmw handle is invalid, at /tmp/binarydeb/ros-foxy-rcl-1.1.14/src/rcl/node.c:428'

rcutils_reset_error() should be called after error handling to avoid this.
<<<
[ERROR] [1787549265.682880448] [rcl]: Failed to fini publisher for node: 1
[manual-web-demo-worker] init failure: RCLError: Unknown error creating node: rcl node's rmw handle is invalid, at /tmp/binarydeb/ros-foxy-rcl-1.1.14/src/rcl/node.c:428
1787549267.736963 [0]    python3: config: //CycloneDDS/Domain/General: Interfaces: unknown element (file:///home/unitree/robotscene/runtime/go2w/cyclonedds_eth0.xml line 5)
1787549267.737110 [0]    python3: config: //CycloneDDS/Domain/Internal: SocketReceiveBufferSize: unknown element (line 17)
1787549267.737130 [0]    python3: config: //CycloneDDS/Domain/Internal: SocketSendBufferSize: unknown element (line 18)
[ERROR] [1787549267.737240032] [rmw_cyclonedds_cpp]: rmw_create_node: failed to create domain, error Error

>>> [rcutils|error_handling.c:108] rcutils_set_error_state()
This error state is being overwritten:

  'error not set, at /tmp/binarydeb/ros-foxy-rcl-1.1.14/src/rcl/node.c:276'

with this new error message:

  'rcl node's rmw handle is invalid, at /tmp/binarydeb/ros-foxy-rcl-1.1.14/src/rcl/node.c:428'

rcutils_reset_error() should be called after error handling to avoid this.
<<<
[ERROR] [1787549267.737327200] [rcl]: Failed to fini publisher for node: 1
[manual-web-demo-worker] init failure: RCLError: Unknown error creating node: rcl node's rmw handle is invalid, at /tmp/binarydeb/ros-foxy-rcl-1.1.14/src/rcl/node.c:428
1787549269.670585 [0]    python3: config: //CycloneDDS/Domain/General: Interfaces: unknown element (file:///home/unitree/robotscene/runtime/go2w/cyclonedds_eth0.xml line 5)
1787549269.671164 [0]    python3: config: //CycloneDDS/Domain/Internal: SocketReceiveBufferSize: unknown element (line 17)
1787549269.672969 [0]    python3: config: //CycloneDDS/Domain/Internal: SocketSendBufferSize: unknown element (line 18)
[ERROR] [1787549269.673400768] [rmw_cyclonedds_cpp]: rmw_create_node: failed to create domain, error Error

>>> [rcutils|error_handling.c:108] rcutils_set_error_state()
This error state is being overwritten:

  'error not set, at /tmp/binarydeb/ros-foxy-rcl-1.1.14/src/rcl/node.c:276'

with this new error message:

  'rcl node's rmw handle is invalid, at /tmp/binarydeb/ros-foxy-rcl-1.1.14/src/rcl/node.c:428'

rcutils_reset_error() should be called after error handling to avoid this.
<<<
[ERROR] [1787549269.673727744] [rcl]: Failed to fini publisher for node: 1
[manual-web-demo-worker] init failure: RCLError: Unknown error creating node: rcl node's rmw handle is invalid, at /tmp/binarydeb/ros-foxy-rcl-1.1.14/src/rcl/node.c:428
1787549271.622541 [0]    python3: config: //CycloneDDS/Domain/General: Interfaces: unknown element (file:///home/unitree/robotscene/runtime/go2w/cyclonedds_eth0.xml line 5)
1787549271.622830 [0]    python3: config: //CycloneDDS/Domain/Internal: SocketReceiveBufferSize: unknown element (line 17)
1787549271.622928 [0]    python3: config: //CycloneDDS/Domain/Internal: SocketSendBufferSize: unknown element (line 18)
[ERROR] [1787549271.623118144] [rmw_cyclonedds_cpp]: rmw_create_node: failed to create domain, error Error

>>> [rcutils|error_handling.c:108] rcutils_set_error_state()
This error state is being overwritten:

  'error not set, at /tmp/binarydeb/ros-foxy-rcl-1.1.14/src/rcl/node.c:276'

with this new error message:

  'rcl node's rmw handle is invalid, at /tmp/binarydeb/ros-foxy-rcl-1.1.14/src/rcl/node.c:428'

rcutils_reset_error() should be called after error handling to avoid this.
<<<
[ERROR] [1787549271.623383264] [rcl]: Failed to fini publisher for node: 1
[manual-web-demo-worker] init failure: RCLError: Unknown error creating node: rcl node's rmw handle is invalid, at /tmp/binarydeb/ros-foxy-rcl-1.1.14/src/rcl/node.c:428
1787549273.878985 [0]    python3: config: //CycloneDDS/Domain/General: Interfaces: unknown element (file:///home/unitree/robotscene/runtime/go2w/cyclonedds_eth0.xml line 5)
1787549273.880532 [0]    python3: config: //CycloneDDS/Domain/Internal: SocketReceiveBufferSize: unknown element (line 17)
1787549273.884518 [0]    python3: config: //CycloneDDS/Domain/Internal: SocketSendBufferSize: unknown element (line 18)
[ERROR] [1787549273.884912576] [rmw_cyclonedds_cpp]: rmw_create_node: failed to create domain, error Error

>>> [rcutils|error_handling.c:108] rcutils_set_error_state()
This error state is being overwritten:

  'error not set, at /tmp/binarydeb/ros-foxy-rcl-1.1.14/src/rcl/node.c:276'

with this new error message:

  'rcl node's rmw handle is invalid, at /tmp/binarydeb/ros-foxy-rcl-1.1.14/src/rcl/node.c:428'

rcutils_reset_error() should be called after error handling to avoid this.
<<<
[ERROR] [1787549273.889737184] [rcl]: Failed to fini publisher for node: 1
[manual-web-demo-worker] init failure: RCLError: Unknown error creating node: rcl node's rmw handle is invalid, at /tmp/binarydeb/ros-foxy-rcl-1.1.14/src/rcl/node.c:428
1787549275.743115 [0]    python3: config: //CycloneDDS/Domain/General: Interfaces: unknown element (file:///home/unitree/robotscene/runtime/go2w/cyclonedds_eth0.xml line 5)
1787549275.743413 [0]    python3: config: //CycloneDDS/Domain/Internal: SocketReceiveBufferSize: unknown element (line 17)
1787549275.743511 [0]    python3: config: //CycloneDDS/Domain/Internal: SocketSendBufferSize: unknown element (line 18)
[ERROR] [1787549275.743698816] [rmw_cyclonedds_cpp]: rmw_create_node: failed to create domain, error Error

>>> [rcutils|error_handling.c:108] rcutils_set_error_state()
This error state is being overwritten:

  'error not set, at /tmp/binarydeb/ros-foxy-rcl-1.1.14/src/rcl/node.c:276'

with this new error message:

  'rcl node's rmw handle is invalid, at /tmp/binarydeb/ros-foxy-rcl-1.1.14/src/rcl/node.c:428'

rcutils_reset_error() should be called after error handling to avoid this.
<<<
[ERROR] [1787549275.743930464] [rcl]: Failed to fini publisher for node: 1
[manual-web-demo-worker] init failure: RCLError: Unknown error creating node: rcl node's rmw handle is invalid, at /tmp/binarydeb/ros-foxy-rcl-1.1.14/src/rcl/node.c:428
1787549277.296622 [0]    python3: config: //CycloneDDS/Domain/General: Interfaces: unknown element (file:///home/unitree/robotscene/runtime/go2w/cyclonedds_eth0.xml line 5)
1787549277.297354 [0]    python3: config: //CycloneDDS/Domain/Internal: SocketReceiveBufferSize: unknown element (line 17)
1787549277.297768 [0]    python3: config: //CycloneDDS/Domain/Internal: SocketSendBufferSize: unknown element (line 18)
[ERROR] [1787549277.298114240] [rmw_cyclonedds_cpp]: rmw_create_node: failed to create domain, error Error

>>> [rcutils|error_handling.c:108] rcutils_set_error_state()
This error state is being overwritten:

  'error not set, at /tmp/binarydeb/ros-foxy-rcl-1.1.14/src/rcl/node.c:276'

with this new error message:

  'rcl node's rmw handle is invalid, at /tmp/binarydeb/ros-foxy-rcl-1.1.14/src/rcl/node.c:428'

rcutils_reset_error() should be called after error handling to avoid this.
<<<
[ERROR] [1787549277.298983904] [rcl]: Failed to fini publisher for node: 1
[manual-web-demo-worker] init failure: RCLError: Unknown error creating node: rcl node's rmw handle is invalid, at /tmp/binarydeb/ros-foxy-rcl-1.1.14/src/rcl/node.c:428
1787549279.268903 [0]    python3: config: //CycloneDDS/Domain/General: Interfaces: unknown element (file:///home/unitree/robotscene/runtime/go2w/cyclonedds_eth0.xml line 5)
1787549279.270690 [0]    python3: config: //CycloneDDS/Domain/Internal: SocketReceiveBufferSize: unknown element (line 17)
1787549279.270836 [0]    python3: config: //CycloneDDS/Domain/Internal: SocketSendBufferSize: unknown element (line 18)
[ERROR] [1787549279.271063904] [rmw_cyclonedds_cpp]: rmw_create_node: failed to create domain, error Error

>>> [rcutils|error_handling.c:108] rcutils_set_error_state()
This error state is being overwritten:

  'error not set, at /tmp/binarydeb/ros-foxy-rcl-1.1.14/src/rcl/node.c:276'

with this new error message:

  'rcl node's rmw handle is invalid, at /tmp/binarydeb/ros-foxy-rcl-1.1.14/src/rcl/node.c:428'

rcutils_reset_error() should be called after error handling to avoid this.
<<<
[ERROR] [1787549279.271198240] [rcl]: Failed to fini publisher for node: 1
[manual-web-demo-worker] init failure: RCLError: Unknown error creating node: rcl node's rmw handle is invalid, at /tmp/binarydeb/ros-foxy-rcl-1.1.14/src/rcl/node.c:428
1787549281.652972 [0]    python3: config: //CycloneDDS/Domain/General: Interfaces: unknown element (file:///home/unitree/robotscene/runtime/go2w/cyclonedds_eth0.xml line 5)
1787549281.671657 [0]    python3: config: //CycloneDDS/Domain/Internal: SocketReceiveBufferSize: unknown element (line 17)
1787549281.673005 [0]    python3: config: //CycloneDDS/Domain/Internal: SocketSendBufferSize: unknown element (line 18)
[ERROR] [1787549281.673960192] [rmw_cyclonedds_cpp]: rmw_create_node: failed to create domain, error Error

>>> [rcutils|error_handling.c:108] rcutils_set_error_state()
This error state is being overwritten:

  'error not set, at /tmp/binarydeb/ros-foxy-rcl-1.1.14/src/rcl/node.c:276'

with this new error message:

  'rcl node's rmw handle is invalid, at /tmp/binarydeb/ros-foxy-rcl-1.1.14/src/rcl/node.c:428'

rcutils_reset_error() should be called after error handling to avoid this.
<<<
[ERROR] [1787549281.679447680] [rcl]: Failed to fini publisher for node: 1
[manual-web-demo-worker] init failure: RCLError: Unknown error creating node: rcl node's rmw handle is invalid, at /tmp/binarydeb/ros-foxy-rcl-1.1.14/src/rcl/node.c:428
1787549284.280199 [0]    python3: config: //CycloneDDS/Domain/General: Interfaces: unknown element (file:///home/unitree/robotscene/runtime/go2w/cyclonedds_eth0.xml line 5)
1787549284.287248 [0]    python3: config: //CycloneDDS/Domain/Internal: SocketReceiveBufferSize: unknown element (line 17)
1787549284.287783 [0]    python3: config: //CycloneDDS/Domain/Internal: SocketSendBufferSize: unknown element (line 18)
[ERROR] [1787549284.288136064] [rmw_cyclonedds_cpp]: rmw_create_node: failed to create domain, error Error

>>> [rcutils|error_handling.c:108] rcutils_set_error_state()
This error state is being overwritten:

  'error not set, at /tmp/binarydeb/ros-foxy-rcl-1.1.14/src/rcl/node.c:276'

with this new error message:

  'rcl node's rmw handle is invalid, at /tmp/binarydeb/ros-foxy-rcl-1.1.14/src/rcl/node.c:428'

rcutils_reset_error() should be called after error handling to avoid this.
<<<
[ERROR] [1787549284.289793792] [rcl]: Failed to fini publisher for node: 1
[manual-web-demo-worker] init failure: RCLError: Unknown error creating node: rcl node's rmw handle is invalid, at /tmp/binarydeb/ros-foxy-rcl-1.1.14/src/rcl/node.c:428
1787549285.831173 [0]    python3: config: //CycloneDDS/Domain/General: Interfaces: unknown element (file:///home/unitree/robotscene/runtime/go2w/cyclonedds_eth0.xml line 5)
1787549285.831310 [0]    python3: config: //CycloneDDS/Domain/Internal: SocketReceiveBufferSize: unknown element (line 17)
1787549285.831329 [0]    python3: config: //CycloneDDS/Domain/Internal: SocketSendBufferSize: unknown element (line 18)
[ERROR] [1787549285.831435232] [rmw_cyclonedds_cpp]: rmw_create_node: failed to create domain, error Error

>>> [rcutils|error_handling.c:108] rcutils_set_error_state()
This error state is being overwritten:

  'error not set, at /tmp/binarydeb/ros-foxy-rcl-1.1.14/src/rcl/node.c:276'

with this new error message:

  'rcl node's rmw handle is invalid, at /tmp/binarydeb/ros-foxy-rcl-1.1.14/src/rcl/node.c:428'

rcutils_reset_error() should be called after error handling to avoid this.
<<<
[ERROR] [1787549285.831613120] [rcl]: Failed to fini publisher for node: 1
[manual-web-demo-worker] init failure: RCLError: Unknown error creating node: rcl node's rmw handle is invalid, at /tmp/binarydeb/ros-foxy-rcl-1.1.14/src/rcl/node.c:428
1787549287.482878 [0]    python3: config: //CycloneDDS/Domain/General: Interfaces: unknown element (file:///home/unitree/robotscene/runtime/go2w/cyclonedds_eth0.xml line 5)
1787549287.483057 [0]    python3: config: //CycloneDDS/Domain/Internal: SocketReceiveBufferSize: unknown element (line 17)
1787549287.483079 [0]    python3: config: //CycloneDDS/Domain/Internal: SocketSendBufferSize: unknown element (line 18)
[ERROR] [1787549287.483219648] [rmw_cyclonedds_cpp]: rmw_create_node: failed to create domain, error Error

>>> [rcutils|error_handling.c:108] rcutils_set_error_state()
This error state is being overwritten:

  'error not set, at /tmp/binarydeb/ros-foxy-rcl-1.1.14/src/rcl/node.c:276'

with this new error message:

  'rcl node's rmw handle is invalid, at /tmp/binarydeb/ros-foxy-rcl-1.1.14/src/rcl/node.c:428'

rcutils_reset_error() should be called after error handling to avoid this.
<<<
[ERROR] [1787549287.483324576] [rcl]: Failed to fini publisher for node: 1
[manual-web-demo-worker] init failure: RCLError: Unknown error creating node: rcl node's rmw handle is invalid, at /tmp/binarydeb/ros-foxy-rcl-1.1.14/src/rcl/node.c:428
1787549290.234488 [0]    python3: config: //CycloneDDS/Domain/General: Interfaces: unknown element (file:///home/unitree/robotscene/runtime/go2w/cyclonedds_eth0.xml line 5)
1787549290.234779 [0]    python3: config: //CycloneDDS/Domain/Internal: SocketReceiveBufferSize: unknown element (line 17)
1787549290.234809 [0]    python3: config: //CycloneDDS/Domain/Internal: SocketSendBufferSize: unknown element (line 18)
[ERROR] [1787549290.234927264] [rmw_cyclonedds_cpp]: rmw_create_node: failed to create domain, error Error

>>> [rcutils|error_handling.c:108] rcutils_set_error_state()
This error state is being overwritten:

  'error not set, at /tmp/binarydeb/ros-foxy-rcl-1.1.14/src/rcl/node.c:276'

with this new error message:

  'rcl node's rmw handle is invalid, at /tmp/binarydeb/ros-foxy-rcl-1.1.14/src/rcl/node.c:428'

rcutils_reset_error() should be called after error handling to avoid this.
<<<
[ERROR] [1787549290.235018432] [rcl]: Failed to fini publisher for node: 1
[manual-web-demo-worker] init failure: RCLError: Unknown error creating node: rcl node's rmw handle is invalid, at /tmp/binarydeb/ros-foxy-rcl-1.1.14/src/rcl/node.c:428
1787549291.787686 [0]    python3: config: //CycloneDDS/Domain/General: Interfaces: unknown element (file:///home/unitree/robotscene/runtime/go2w/cyclonedds_eth0.xml line 5)
1787549291.797034 [0]    python3: config: //CycloneDDS/Domain/Internal: SocketReceiveBufferSize: unknown element (line 17)
1787549291.797395 [0]    python3: config: //CycloneDDS/Domain/Internal: SocketSendBufferSize: unknown element (line 18)
[ERROR] [1787549291.797656480] [rmw_cyclonedds_cpp]: rmw_create_node: failed to create domain, error Error

>>> [rcutils|error_handling.c:108] rcutils_set_error_state()
This error state is being overwritten:

  'error not set, at /tmp/binarydeb/ros-foxy-rcl-1.1.14/src/rcl/node.c:276'

with this new error message:

  'rcl node's rmw handle is invalid, at /tmp/binarydeb/ros-foxy-rcl-1.1.14/src/rcl/node.c:428'

rcutils_reset_error() should be called after error handling to avoid this.
<<<
[ERROR] [1787549291.798176480] [rcl]: Failed to fini publisher for node: 1
[manual-web-demo-worker] init failure: RCLError: Unknown error creating node: rcl node's rmw handle is invalid, at /tmp/binarydeb/ros-foxy-rcl-1.1.14/src/rcl/node.c:428
1787549293.921890 [0]    python3: config: //CycloneDDS/Domain/General: Interfaces: unknown element (file:///home/unitree/robotscene/runtime/go2w/cyclonedds_eth0.xml line 5)
1787549293.922041 [0]    python3: config: //CycloneDDS/Domain/Internal: SocketReceiveBufferSize: unknown element (line 17)
1787549293.922064 [0]    python3: config: //CycloneDDS/Domain/Internal: SocketSendBufferSize: unknown element (line 18)
[ERROR] [1787549293.922174720] [rmw_cyclonedds_cpp]: rmw_create_node: failed to create domain, error Error

>>> [rcutils|error_handling.c:108] rcutils_set_error_state()
This error state is being overwritten:

  'error not set, at /tmp/binarydeb/ros-foxy-rcl-1.1.14/src/rcl/node.c:276'

with this new error message:

  'rcl node's rmw handle is invalid, at /tmp/binarydeb/ros-foxy-rcl-1.1.14/src/rcl/node.c:428'

rcutils_reset_error() should be called after error handling to avoid this.
<<<
[ERROR] [1787549293.922303904] [rcl]: Failed to fini publisher for node: 1
[manual-web-demo-worker] init failure: RCLError: Unknown error creating node: rcl node's rmw handle is invalid, at /tmp/binarydeb/ros-foxy-rcl-1.1.14/src/rcl/node.c:428
1787549295.646363 [0]    python3: config: //CycloneDDS/Domain/General: Interfaces: unknown element (file:///home/unitree/robotscene/runtime/go2w/cyclonedds_eth0.xml line 5)
1787549295.646638 [0]    python3: config: //CycloneDDS/Domain/Internal: SocketReceiveBufferSize: unknown element (line 17)
1787549295.646742 [0]    python3: config: //CycloneDDS/Domain/Internal: SocketSendBufferSize: unknown element (line 18)
[ERROR] [1787549295.646944000] [rmw_cyclonedds_cpp]: rmw_create_node: failed to create domain, error Error

>>> [rcutils|error_handling.c:108] rcutils_set_error_state()
This error state is being overwritten:

  'error not set, at /tmp/binarydeb/ros-foxy-rcl-1.1.14/src/rcl/node.c:276'

with this new error message:

  'rcl node's rmw handle is invalid, at /tmp/binarydeb/ros-foxy-rcl-1.1.14/src/rcl/node.c:428'

rcutils_reset_error() should be called after error handling to avoid this.
<<<
[ERROR] [1787549295.647184800] [rcl]: Failed to fini publisher for node: 1
[manual-web-demo-worker] init failure: RCLError: Unknown error creating node: rcl node's rmw handle is invalid, at /tmp/binarydeb/ros-foxy-rcl-1.1.14/src/rcl/node.c:428
1787549297.830287 [0]    python3: config: //CycloneDDS/Domain/General: Interfaces: unknown element (file:///home/unitree/robotscene/runtime/go2w/cyclonedds_eth0.xml line 5)
1787549297.835599 [0]    python3: config: //CycloneDDS/Domain/Internal: SocketReceiveBufferSize: unknown element (line 17)
1787549297.835987 [0]    python3: config: //CycloneDDS/Domain/Internal: SocketSendBufferSize: unknown element (line 18)
[ERROR] [1787549297.836282720] [rmw_cyclonedds_cpp]: rmw_create_node: failed to create domain, error Error

>>> [rcutils|error_handling.c:108] rcutils_set_error_state()
This error state is being overwritten:

  'error not set, at /tmp/binarydeb/ros-foxy-rcl-1.1.14/src/rcl/node.c:276'

with this new error message:

  'rcl node's rmw handle is invalid, at /tmp/binarydeb/ros-foxy-rcl-1.1.14/src/rcl/node.c:428'

rcutils_reset_error() should be called after error handling to avoid this.
<<<
[ERROR] [1787549297.836862912] [rcl]: Failed to fini publisher for node: 1
[manual-web-demo-worker] init failure: RCLError: Unknown error creating node: rcl node's rmw handle is invalid, at /tmp/binarydeb/ros-foxy-rcl-1.1.14/src/rcl/node.c:428
1787549300.084095 [0]    python3: config: //CycloneDDS/Domain/General: Interfaces: unknown element (file:///home/unitree/robotscene/runtime/go2w/cyclonedds_eth0.xml line 5)
1787549300.084479 [0]    python3: config: //CycloneDDS/Domain/Internal: SocketReceiveBufferSize: unknown element (line 17)
1787549300.084654 [0]    python3: config: //CycloneDDS/Domain/Internal: SocketSendBufferSize: unknown element (line 18)
[ERROR] [1787549300.084966880] [rmw_cyclonedds_cpp]: rmw_create_node: failed to create domain, error Error

>>> [rcutils|error_handling.c:108] rcutils_set_error_state()
This error state is being overwritten:

  'error not set, at /tmp/binarydeb/ros-foxy-rcl-1.1.14/src/rcl/node.c:276'

with this new error message:

  'rcl node's rmw handle is invalid, at /tmp/binarydeb/ros-foxy-rcl-1.1.14/src/rcl/node.c:428'

rcutils_reset_error() should be called after error handling to avoid this.
<<<
[ERROR] [1787549300.085241920] [rcl]: Failed to fini publisher for node: 1
[manual-web-demo-worker] init failure: RCLError: Unknown error creating node: rcl node's rmw handle is invalid, at /tmp/binarydeb/ros-foxy-rcl-1.1.14/src/rcl/node.c:428
1787549301.981823 [0]    python3: config: //CycloneDDS/Domain/General: Interfaces: unknown element (file:///home/unitree/robotscene/runtime/go2w/cyclonedds_eth0.xml line 5)
1787549301.981966 [0]    python3: config: //CycloneDDS/Domain/Internal: SocketReceiveBufferSize: unknown element (line 17)
1787549301.981986 [0]    python3: config: //CycloneDDS/Domain/Internal: SocketSendBufferSize: unknown element (line 18)
[ERROR] [1787549301.982095136] [rmw_cyclonedds_cpp]: rmw_create_node: failed to create domain, error Error

>>> [rcutils|error_handling.c:108] rcutils_set_error_state()
This error state is being overwritten:

  'error not set, at /tmp/binarydeb/ros-foxy-rcl-1.1.14/src/rcl/node.c:276'

with this new error message:

  'rcl node's rmw handle is invalid, at /tmp/binarydeb/ros-foxy-rcl-1.1.14/src/rcl/node.c:428'

rcutils_reset_error() should be called after error handling to avoid this.
<<<
[ERROR] [1787549301.982285248] [rcl]: Failed to fini publisher for node: 1
[manual-web-demo-worker] init failure: RCLError: Unknown error creating node: rcl node's rmw handle is invalid, at /tmp/binarydeb/ros-foxy-rcl-1.1.14/src/rcl/node.c:428
1787549304.391067 [0]    python3: config: //CycloneDDS/Domain/General: Interfaces: unknown element (file:///home/unitree/robotscene/runtime/go2w/cyclonedds_eth0.xml line 5)
1787549304.391389 [0]    python3: config: //CycloneDDS/Domain/Internal: SocketReceiveBufferSize: unknown element (line 17)
1787549304.391485 [0]    python3: config: //CycloneDDS/Domain/Internal: SocketSendBufferSize: unknown element (line 18)
[ERROR] [1787549304.391678944] [rmw_cyclonedds_cpp]: rmw_create_node: failed to create domain, error Error

>>> [rcutils|error_handling.c:108] rcutils_set_error_state()
This error state is being overwritten:

  'error not set, at /tmp/binarydeb/ros-foxy-rcl-1.1.14/src/rcl/node.c:276'

with this new error message:

  'rcl node's rmw handle is invalid, at /tmp/binarydeb/ros-foxy-rcl-1.1.14/src/rcl/node.c:428'

rcutils_reset_error() should be called after error handling to avoid this.
<<<
[ERROR] [1787549304.398055136] [rcl]: Failed to fini publisher for node: 1
[manual-web-demo-worker] init failure: RCLError: Unknown error creating node: rcl node's rmw handle is invalid, at /tmp/binarydeb/ros-foxy-rcl-1.1.14/src/rcl/node.c:428
1787549306.115286 [0]    python3: config: //CycloneDDS/Domain/General: Interfaces: unknown element (file:///home/unitree/robotscene/runtime/go2w/cyclonedds_eth0.xml line 5)
1787549306.115461 [0]    python3: config: //CycloneDDS/Domain/Internal: SocketReceiveBufferSize: unknown element (line 17)
1787549306.115482 [0]    python3: config: //CycloneDDS/Domain/Internal: SocketSendBufferSize: unknown element (line 18)
[ERROR] [1787549306.115590560] [rmw_cyclonedds_cpp]: rmw_create_node: failed to create domain, error Error

>>> [rcutils|error_handling.c:108] rcutils_set_error_state()
This error state is being overwritten:

  'error not set, at /tmp/binarydeb/ros-foxy-rcl-1.1.14/src/rcl/node.c:276'

with this new error message:

  'rcl node's rmw handle is invalid, at /tmp/binarydeb/ros-foxy-rcl-1.1.14/src/rcl/node.c:428'

rcutils_reset_error() should be called after error handling to avoid this.
<<<
[ERROR] [1787549306.115683200] [rcl]: Failed to fini publisher for node: 1
[manual-web-demo-worker] init failure: RCLError: Unknown error creating node: rcl node's rmw handle is invalid, at /tmp/binarydeb/ros-foxy-rcl-1.1.14/src/rcl/node.c:428
1787549308.208228 [0]    python3: config: //CycloneDDS/Domain/General: Interfaces: unknown element (file:///home/unitree/robotscene/runtime/go2w/cyclonedds_eth0.xml line 5)
1787549308.209212 [0]    python3: config: //CycloneDDS/Domain/Internal: SocketReceiveBufferSize: unknown element (line 17)
1787549308.209382 [0]    python3: config: //CycloneDDS/Domain/Internal: SocketSendBufferSize: unknown element (line 18)
[ERROR] [1787549308.209638368] [rmw_cyclonedds_cpp]: rmw_create_node: failed to create domain, error Error

>>> [rcutils|error_handling.c:108] rcutils_set_error_state()
This error state is being overwritten:

  'error not set, at /tmp/binarydeb/ros-foxy-rcl-1.1.14/src/rcl/node.c:276'

with this new error message:

  'rcl node's rmw handle is invalid, at /tmp/binarydeb/ros-foxy-rcl-1.1.14/src/rcl/node.c:428'

rcutils_reset_error() should be called after error handling to avoid this.
<<<
[ERROR] [1787549308.210240800] [rcl]: Failed to fini publisher for node: 1
[manual-web-demo-worker] init failure: RCLError: Unknown error creating node: rcl node's rmw handle is invalid, at /tmp/binarydeb/ros-foxy-rcl-1.1.14/src/rcl/node.c:428
1787549311.319840 [0]    python3: config: //CycloneDDS/Domain/General: Interfaces: unknown element (file:///home/unitree/robotscene/runtime/go2w/cyclonedds_eth0.xml line 5)
1787549311.319991 [0]    python3: config: //CycloneDDS/Domain/Internal: SocketReceiveBufferSize: unknown element (line 17)
1787549311.320012 [0]    python3: config: //CycloneDDS/Domain/Internal: SocketSendBufferSize: unknown element (line 18)
[ERROR] [1787549311.320121664] [rmw_cyclonedds_cpp]: rmw_create_node: failed to create domain, error Error

>>> [rcutils|error_handling.c:108] rcutils_set_error_state()
This error state is being overwritten:

  'error not set, at /tmp/binarydeb/ros-foxy-rcl-1.1.14/src/rcl/node.c:276'

with this new error message:

  'rcl node's rmw handle is invalid, at /tmp/binarydeb/ros-foxy-rcl-1.1.14/src/rcl/node.c:428'

rcutils_reset_error() should be called after error handling to avoid this.
<<<
[ERROR] [1787549311.320214016] [rcl]: Failed to fini publisher for node: 1
[manual-web-demo-worker] init failure: RCLError: Unknown error creating node: rcl node's rmw handle is invalid, at /tmp/binarydeb/ros-foxy-rcl-1.1.14/src/rcl/node.c:428
1787549312.801184 [0]    python3: config: //CycloneDDS/Domain/General: Interfaces: unknown element (file:///home/unitree/robotscene/runtime/go2w/cyclonedds_eth0.xml line 5)
1787549312.801329 [0]    python3: config: //CycloneDDS/Domain/Internal: SocketReceiveBufferSize: unknown element (line 17)
1787549312.801349 [0]    python3: config: //CycloneDDS/Domain/Internal: SocketSendBufferSize: unknown element (line 18)
[ERROR] [1787549312.801458912] [rmw_cyclonedds_cpp]: rmw_create_node: failed to create domain, error Error

>>> [rcutils|error_handling.c:108] rcutils_set_error_state()
This error state is being overwritten:

  'error not set, at /tmp/binarydeb/ros-foxy-rcl-1.1.14/src/rcl/node.c:276'

with this new error message:

  'rcl node's rmw handle is invalid, at /tmp/binarydeb/ros-foxy-rcl-1.1.14/src/rcl/node.c:428'

rcutils_reset_error() should be called after error handling to avoid this.
<<<
[ERROR] [1787549312.801553312] [rcl]: Failed to fini publisher for node: 1
[manual-web-demo-worker] init failure: RCLError: Unknown error creating node: rcl node's rmw handle is invalid, at /tmp/binarydeb/ros-foxy-rcl-1.1.14/src/rcl/node.c:428
1787549314.588806 [0]    python3: config: //CycloneDDS/Domain/General: Interfaces: unknown element (file:///home/unitree/robotscene/runtime/go2w/cyclonedds_eth0.xml line 5)
1787549314.589194 [0]    python3: config: //CycloneDDS/Domain/Internal: SocketReceiveBufferSize: unknown element (line 17)
1787549314.589297 [0]    python3: config: //CycloneDDS/Domain/Internal: SocketSendBufferSize: unknown element (line 18)
[ERROR] [1787549314.589561248] [rmw_cyclonedds_cpp]: rmw_create_node: failed to create domain, error Error

>>> [rcutils|error_handling.c:108] rcutils_set_error_state()
This error state is being overwritten:

  'error not set, at /tmp/binarydeb/ros-foxy-rcl-1.1.14/src/rcl/node.c:276'

with this new error message:

  'rcl node's rmw handle is invalid, at /tmp/binarydeb/ros-foxy-rcl-1.1.14/src/rcl/node.c:428'

rcutils_reset_error() should be called after error handling to avoid this.
<<<
[ERROR] [1787549314.589799744] [rcl]: Failed to fini publisher for node: 1
[manual-web-demo-worker] init failure: RCLError: Unknown error creating node: rcl node's rmw handle is invalid, at /tmp/binarydeb/ros-foxy-rcl-1.1.14/src/rcl/node.c:428
1787549316.809141 [0]    python3: config: //CycloneDDS/Domain/General: Interfaces: unknown element (file:///home/unitree/robotscene/runtime/go2w/cyclonedds_eth0.xml line 5)
1787549316.809391 [0]    python3: config: //CycloneDDS/Domain/Internal: SocketReceiveBufferSize: unknown element (line 17)
1787549316.809418 [0]    python3: config: //CycloneDDS/Domain/Internal: SocketSendBufferSize: unknown element (line 18)
[ERROR] [1787549316.809603744] [rmw_cyclonedds_cpp]: rmw_create_node: failed to create domain, error Error

>>> [rcutils|error_handling.c:108] rcutils_set_error_state()
This error state is being overwritten:

  'error not set, at /tmp/binarydeb/ros-foxy-rcl-1.1.14/src/rcl/node.c:276'

with this new error message:

  'rcl node's rmw handle is invalid, at /tmp/binarydeb/ros-foxy-rcl-1.1.14/src/rcl/node.c:428'

rcutils_reset_error() should be called after error handling to avoid this.
<<<
[ERROR] [1787549316.809704896] [rcl]: Failed to fini publisher for node: 1
[manual-web-demo-worker] init failure: RCLError: Unknown error creating node: rcl node's rmw handle is invalid, at /tmp/binarydeb/ros-foxy-rcl-1.1.14/src/rcl/node.c:428
1787549318.919813 [0]    python3: config: //CycloneDDS/Domain/General: Interfaces: unknown element (file:///home/unitree/robotscene/runtime/go2w/cyclonedds_eth0.xml line 5)
1787549318.919979 [0]    python3: config: //CycloneDDS/Domain/Internal: SocketReceiveBufferSize: unknown element (line 17)
1787549318.919999 [0]    python3: config: //CycloneDDS/Domain/Internal: SocketSendBufferSize: unknown element (line 18)
[ERROR] [1787549318.920149056] [rmw_cyclonedds_cpp]: rmw_create_node: failed to create domain, error Error

>>> [rcutils|error_handling.c:108] rcutils_set_error_state()
This error state is being overwritten:

  'error not set, at /tmp/binarydeb/ros-foxy-rcl-1.1.14/src/rcl/node.c:276'

with this new error message:

  'rcl node's rmw handle is invalid, at /tmp/binarydeb/ros-foxy-rcl-1.1.14/src/rcl/node.c:428'

rcutils_reset_error() should be called after error handling to avoid this.
<<<
[ERROR] [1787549318.920263488] [rcl]: Failed to fini publisher for node: 1
[manual-web-demo-worker] init failure: RCLError: Unknown error creating node: rcl node's rmw handle is invalid, at /tmp/binarydeb/ros-foxy-rcl-1.1.14/src/rcl/node.c:428
1787549320.544937 [0]    python3: config: //CycloneDDS/Domain/General: Interfaces: unknown element (file:///home/unitree/robotscene/runtime/go2w/cyclonedds_eth0.xml line 5)
1787549320.545239 [0]    python3: config: //CycloneDDS/Domain/Internal: SocketReceiveBufferSize: unknown element (line 17)
1787549320.545333 [0]    python3: config: //CycloneDDS/Domain/Internal: SocketSendBufferSize: unknown element (line 18)
[ERROR] [1787549320.545518816] [rmw_cyclonedds_cpp]: rmw_create_node: failed to create domain, error Error

>>> [rcutils|error_handling.c:108] rcutils_set_error_state()
This error state is being overwritten:

  'error not set, at /tmp/binarydeb/ros-foxy-rcl-1.1.14/src/rcl/node.c:276'

with this new error message:

  'rcl node's rmw handle is invalid, at /tmp/binarydeb/ros-foxy-rcl-1.1.14/src/rcl/node.c:428'

rcutils_reset_error() should be called after error handling to avoid this.
<<<
[ERROR] [1787549320.545750880] [rcl]: Failed to fini publisher for node: 1
[manual-web-demo-worker] init failure: RCLError: Unknown error creating node: rcl node's rmw handle is invalid, at /tmp/binarydeb/ros-foxy-rcl-1.1.14/src/rcl/node.c:428
1787549322.927835 [0]    python3: config: //CycloneDDS/Domain/General: Interfaces: unknown element (file:///home/unitree/robotscene/runtime/go2w/cyclonedds_eth0.xml line 5)
1787549322.929738 [0]    python3: config: //CycloneDDS/Domain/Internal: SocketReceiveBufferSize: unknown element (line 17)
1787549322.929987 [0]    python3: config: //CycloneDDS/Domain/Internal: SocketSendBufferSize: unknown element (line 18)
[ERROR] [1787549322.930252416] [rmw_cyclonedds_cpp]: rmw_create_node: failed to create domain, error Error

>>> [rcutils|error_handling.c:108] rcutils_set_error_state()
This error state is being overwritten:

  'error not set, at /tmp/binarydeb/ros-foxy-rcl-1.1.14/src/rcl/node.c:276'

with this new error message:

  'rcl node's rmw handle is invalid, at /tmp/binarydeb/ros-foxy-rcl-1.1.14/src/rcl/node.c:428'

rcutils_reset_error() should be called after error handling to avoid this.
<<<
[ERROR] [1787549322.931682496] [rcl]: Failed to fini publisher for node: 1
[manual-web-demo-worker] init failure: RCLError: Unknown error creating node: rcl node's rmw handle is invalid, at /tmp/binarydeb/ros-foxy-rcl-1.1.14/src/rcl/node.c:428
1787549325.279661 [0]    python3: config: //CycloneDDS/Domain/General: Interfaces: unknown element (file:///home/unitree/robotscene/runtime/go2w/cyclonedds_eth0.xml line 5)
1787549325.279985 [0]    python3: config: //CycloneDDS/Domain/Internal: SocketReceiveBufferSize: unknown element (line 17)
1787549325.280194 [0]    python3: config: //CycloneDDS/Domain/Internal: SocketSendBufferSize: unknown element (line 18)
[ERROR] [1787549325.280425312] [rmw_cyclonedds_cpp]: rmw_create_node: failed to create domain, error Error

>>> [rcutils|error_handling.c:108] rcutils_set_error_state()
This error state is being overwritten:

  'error not set, at /tmp/binarydeb/ros-foxy-rcl-1.1.14/src/rcl/node.c:276'

with this new error message:

  'rcl node's rmw handle is invalid, at /tmp/binarydeb/ros-foxy-rcl-1.1.14/src/rcl/node.c:428'

rcutils_reset_error() should be called after error handling to avoid this.
<<<
[ERROR] [1787549325.280680096] [rcl]: Failed to fini publisher for node: 1
[manual-web-demo-worker] init failure: RCLError: Unknown error creating node: rcl node's rmw handle is invalid, at /tmp/binarydeb/ros-foxy-rcl-1.1.14/src/rcl/node.c:428
1787549326.986068 [0]    python3: config: //CycloneDDS/Domain/General: Interfaces: unknown element (file:///home/unitree/robotscene/runtime/go2w/cyclonedds_eth0.xml line 5)
1787549326.986216 [0]    python3: config: //CycloneDDS/Domain/Internal: SocketReceiveBufferSize: unknown element (line 17)
1787549326.986235 [0]    python3: config: //CycloneDDS/Domain/Internal: SocketSendBufferSize: unknown element (line 18)
[ERROR] [1787549326.986350592] [rmw_cyclonedds_cpp]: rmw_create_node: failed to create domain, error Error

>>> [rcutils|error_handling.c:108] rcutils_set_error_state()
This error state is being overwritten:

  'error not set, at /tmp/binarydeb/ros-foxy-rcl-1.1.14/src/rcl/node.c:276'

with this new error message:

  'rcl node's rmw handle is invalid, at /tmp/binarydeb/ros-foxy-rcl-1.1.14/src/rcl/node.c:428'

rcutils_reset_error() should be called after error handling to avoid this.
<<<
[ERROR] [1787549326.986451296] [rcl]: Failed to fini publisher for node: 1
[manual-web-demo-worker] init failure: RCLError: Unknown error creating node: rcl node's rmw handle is invalid, at /tmp/binarydeb/ros-foxy-rcl-1.1.14/src/rcl/node.c:428
1787549329.021806 [0]    python3: config: //CycloneDDS/Domain/General: Interfaces: unknown element (file:///home/unitree/robotscene/runtime/go2w/cyclonedds_eth0.xml line 5)
1787549329.022111 [0]    python3: config: //CycloneDDS/Domain/Internal: SocketReceiveBufferSize: unknown element (line 17)
1787549329.022206 [0]    python3: config: //CycloneDDS/Domain/Internal: SocketSendBufferSize: unknown element (line 18)
[ERROR] [1787549329.022386272] [rmw_cyclonedds_cpp]: rmw_create_node: failed to create domain, error Error

>>> [rcutils|error_handling.c:108] rcutils_set_error_state()
This error state is being overwritten:

  'error not set, at /tmp/binarydeb/ros-foxy-rcl-1.1.14/src/rcl/node.c:276'

with this new error message:

  'rcl node's rmw handle is invalid, at /tmp/binarydeb/ros-foxy-rcl-1.1.14/src/rcl/node.c:428'

rcutils_reset_error() should be called after error handling to avoid this.
<<<
[ERROR] [1787549329.022607424] [rcl]: Failed to fini publisher for node: 1
[manual-web-demo-worker] init failure: RCLError: Unknown error creating node: rcl node's rmw handle is invalid, at /tmp/binarydeb/ros-foxy-rcl-1.1.14/src/rcl/node.c:428
1787549330.856911 [0]    python3: config: //CycloneDDS/Domain/General: Interfaces: unknown element (file:///home/unitree/robotscene/runtime/go2w/cyclonedds_eth0.xml line 5)
1787549330.857058 [0]    python3: config: //CycloneDDS/Domain/Internal: SocketReceiveBufferSize: unknown element (line 17)
1787549330.857135 [0]    python3: config: //CycloneDDS/Domain/Internal: SocketSendBufferSize: unknown element (line 18)
[ERROR] [1787549330.857246048] [rmw_cyclonedds_cpp]: rmw_create_node: failed to create domain, error Error

>>> [rcutils|error_handling.c:108] rcutils_set_error_state()
This error state is being overwritten:

  'error not set, at /tmp/binarydeb/ros-foxy-rcl-1.1.14/src/rcl/node.c:276'

with this new error message:

  'rcl node's rmw handle is invalid, at /tmp/binarydeb/ros-foxy-rcl-1.1.14/src/rcl/node.c:428'

rcutils_reset_error() should be called after error handling to avoid this.
<<<
[ERROR] [1787549330.857341216] [rcl]: Failed to fini publisher for node: 1
[manual-web-demo-worker] init failure: RCLError: Unknown error creating node: rcl node's rmw handle is invalid, at /tmp/binarydeb/ros-foxy-rcl-1.1.14/src/rcl/node.c:428
1787549333.267278 [0]    python3: config: //CycloneDDS/Domain/General: Interfaces: unknown element (file:///home/unitree/robotscene/runtime/go2w/cyclonedds_eth0.xml line 5)
1787549333.267472 [0]    python3: config: //CycloneDDS/Domain/Internal: SocketReceiveBufferSize: unknown element (line 17)
1787549333.267496 [0]    python3: config: //CycloneDDS/Domain/Internal: SocketSendBufferSize: unknown element (line 18)
[ERROR] [1787549333.267605696] [rmw_cyclonedds_cpp]: rmw_create_node: failed to create domain, error Error

>>> [rcutils|error_handling.c:108] rcutils_set_error_state()
This error state is being overwritten:

  'error not set, at /tmp/binarydeb/ros-foxy-rcl-1.1.14/src/rcl/node.c:276'

with this new error message:

  'rcl node's rmw handle is invalid, at /tmp/binarydeb/ros-foxy-rcl-1.1.14/src/rcl/node.c:428'

rcutils_reset_error() should be called after error handling to avoid this.
<<<
[ERROR] [1787549333.267697344] [rcl]: Failed to fini publisher for node: 1
[manual-web-demo-worker] init failure: RCLError: Unknown error creating node: rcl node's rmw handle is invalid, at /tmp/binarydeb/ros-foxy-rcl-1.1.14/src/rcl/node.c:428
1787549334.788098 [0]    python3: config: //CycloneDDS/Domain/General: Interfaces: unknown element (file:///home/unitree/robotscene/runtime/go2w/cyclonedds_eth0.xml line 5)
1787549334.788447 [0]    python3: config: //CycloneDDS/Domain/Internal: SocketReceiveBufferSize: unknown element (line 17)
1787549334.788560 [0]    python3: config: //CycloneDDS/Domain/Internal: SocketSendBufferSize: unknown element (line 18)
[ERROR] [1787549334.788777696] [rmw_cyclonedds_cpp]: rmw_create_node: failed to create domain, error Error

>>> [rcutils|error_handling.c:108] rcutils_set_error_state()
This error state is being overwritten:

  'error not set, at /tmp/binarydeb/ros-foxy-rcl-1.1.14/src/rcl/node.c:276'

with this new error message:

  'rcl node's rmw handle is invalid, at /tmp/binarydeb/ros-foxy-rcl-1.1.14/src/rcl/node.c:428'

rcutils_reset_error() should be called after error handling to avoid this.
<<<
[ERROR] [1787549334.789008832] [rcl]: Failed to fini publisher for node: 1
[manual-web-demo-worker] init failure: RCLError: Unknown error creating node: rcl node's rmw handle is invalid, at /tmp/binarydeb/ros-foxy-rcl-1.1.14/src/rcl/node.c:428
1787549336.809068 [0]    python3: config: //CycloneDDS/Domain/General: Interfaces: unknown element (file:///home/unitree/robotscene/runtime/go2w/cyclonedds_eth0.xml line 5)
1787549336.810198 [0]    python3: config: //CycloneDDS/Domain/Internal: SocketReceiveBufferSize: unknown element (line 17)
1787549336.810360 [0]    python3: config: //CycloneDDS/Domain/Internal: SocketSendBufferSize: unknown element (line 18)
[ERROR] [1787549336.810575968] [rmw_cyclonedds_cpp]: rmw_create_node: failed to create domain, error Error

>>> [rcutils|error_handling.c:108] rcutils_set_error_state()
This error state is being overwritten:

  'error not set, at /tmp/binarydeb/ros-foxy-rcl-1.1.14/src/rcl/node.c:276'

with this new error message:

  'rcl node's rmw handle is invalid, at /tmp/binarydeb/ros-foxy-rcl-1.1.14/src/rcl/node.c:428'

rcutils_reset_error() should be called after error handling to avoid this.
<<<
[ERROR] [1787549336.810863104] [rcl]: Failed to fini publisher for node: 1
[manual-web-demo-worker] init failure: RCLError: Unknown error creating node: rcl node's rmw handle is invalid, at /tmp/binarydeb/ros-foxy-rcl-1.1.14/src/rcl/node.c:428
1787549339.066746 [0]    python3: config: //CycloneDDS/Domain/General: Interfaces: unknown element (file:///home/unitree/robotscene/runtime/go2w/cyclonedds_eth0.xml line 5)
1787549339.066937 [0]    python3: config: //CycloneDDS/Domain/Internal: SocketReceiveBufferSize: unknown element (line 17)
1787549339.066974 [0]    python3: config: //CycloneDDS/Domain/Internal: SocketSendBufferSize: unknown element (line 18)
[ERROR] [1787549339.067129728] [rmw_cyclonedds_cpp]: rmw_create_node: failed to create domain, error Error

>>> [rcutils|error_handling.c:108] rcutils_set_error_state()
This error state is being overwritten:

  'error not set, at /tmp/binarydeb/ros-foxy-rcl-1.1.14/src/rcl/node.c:276'

with this new error message:

  'rcl node's rmw handle is invalid, at /tmp/binarydeb/ros-foxy-rcl-1.1.14/src/rcl/node.c:428'

rcutils_reset_error() should be called after error handling to avoid this.
<<<
[ERROR] [1787549339.067254368] [rcl]: Failed to fini publisher for node: 1
[manual-web-demo-worker] init failure: RCLError: Unknown error creating node: rcl node's rmw handle is invalid, at /tmp/binarydeb/ros-foxy-rcl-1.1.14/src/rcl/node.c:428
1787549341.296896 [0]    python3: config: //CycloneDDS/Domain/General: Interfaces: unknown element (file:///home/unitree/robotscene/runtime/go2w/cyclonedds_eth0.xml line 5)
1787549341.297462 [0]    python3: config: //CycloneDDS/Domain/Internal: SocketReceiveBufferSize: unknown element (line 17)
1787549341.297572 [0]    python3: config: //CycloneDDS/Domain/Internal: SocketSendBufferSize: unknown element (line 18)
[ERROR] [1787549341.297791360] [rmw_cyclonedds_cpp]: rmw_create_node: failed to create domain, error Error

>>> [rcutils|error_handling.c:108] rcutils_set_error_state()
This error state is being overwritten:

  'error not set, at /tmp/binarydeb/ros-foxy-rcl-1.1.14/src/rcl/node.c:276'

with this new error message:

  'rcl node's rmw handle is invalid, at /tmp/binarydeb/ros-foxy-rcl-1.1.14/src/rcl/node.c:428'

rcutils_reset_error() should be called after error handling to avoid this.
<<<
[ERROR] [1787549341.298049792] [rcl]: Failed to fini publisher for node: 1
[manual-web-demo-worker] init failure: RCLError: Unknown error creating node: rcl node's rmw handle is invalid, at /tmp/binarydeb/ros-foxy-rcl-1.1.14/src/rcl/node.c:428
1787549342.848708 [0]    python3: config: //CycloneDDS/Domain/General: Interfaces: unknown element (file:///home/unitree/robotscene/runtime/go2w/cyclonedds_eth0.xml line 5)
1787549342.848878 [0]    python3: config: //CycloneDDS/Domain/Internal: SocketReceiveBufferSize: unknown element (line 17)
1787549342.848898 [0]    python3: config: //CycloneDDS/Domain/Internal: SocketSendBufferSize: unknown element (line 18)
[ERROR] [1787549342.849007968] [rmw_cyclonedds_cpp]: rmw_create_node: failed to create domain, error Error

>>> [rcutils|error_handling.c:108] rcutils_set_error_state()
This error state is being overwritten:

  'error not set, at /tmp/binarydeb/ros-foxy-rcl-1.1.14/src/rcl/node.c:276'

with this new error message:

  'rcl node's rmw handle is invalid, at /tmp/binarydeb/ros-foxy-rcl-1.1.14/src/rcl/node.c:428'

rcutils_reset_error() should be called after error handling to avoid this.
<<<
[ERROR] [1787549342.849106688] [rcl]: Failed to fini publisher for node: 1
[manual-web-demo-worker] init failure: RCLError: Unknown error creating node: rcl node's rmw handle is invalid, at /tmp/binarydeb/ros-foxy-rcl-1.1.14/src/rcl/node.c:428
1787549345.505461 [0]    python3: config: //CycloneDDS/Domain/General: Interfaces: unknown element (file:///home/unitree/robotscene/runtime/go2w/cyclonedds_eth0.xml line 5)
1787549345.505612 [0]    python3: config: //CycloneDDS/Domain/Internal: SocketReceiveBufferSize: unknown element (line 17)
1787549345.505631 [0]    python3: config: //CycloneDDS/Domain/Internal: SocketSendBufferSize: unknown element (line 18)
[ERROR] [1787549345.505767520] [rmw_cyclonedds_cpp]: rmw_create_node: failed to create domain, error Error

>>> [rcutils|error_handling.c:108] rcutils_set_error_state()
This error state is being overwritten:

  'error not set, at /tmp/binarydeb/ros-foxy-rcl-1.1.14/src/rcl/node.c:276'

with this new error message:

  'rcl node's rmw handle is invalid, at /tmp/binarydeb/ros-foxy-rcl-1.1.14/src/rcl/node.c:428'

rcutils_reset_error() should be called after error handling to avoid this.
<<<
[ERROR] [1787549345.517271488] [rcl]: Failed to fini publisher for node: 1
[manual-web-demo-worker] init failure: RCLError: Unknown error creating node: rcl node's rmw handle is invalid, at /tmp/binarydeb/ros-foxy-rcl-1.1.14/src/rcl/node.c:428
1787549347.572151 [0]    python3: config: //CycloneDDS/Domain/General: Interfaces: unknown element (file:///home/unitree/robotscene/runtime/go2w/cyclonedds_eth0.xml line 5)
1787549347.572478 [0]    python3: config: //CycloneDDS/Domain/Internal: SocketReceiveBufferSize: unknown element (line 17)
1787549347.572579 [0]    python3: config: //CycloneDDS/Domain/Internal: SocketSendBufferSize: unknown element (line 18)
[ERROR] [1787549347.572768800] [rmw_cyclonedds_cpp]: rmw_create_node: failed to create domain, error Error

>>> [rcutils|error_handling.c:108] rcutils_set_error_state()
This error state is being overwritten:

  'error not set, at /tmp/binarydeb/ros-foxy-rcl-1.1.14/src/rcl/node.c:276'

with this new error message:

  'rcl node's rmw handle is invalid, at /tmp/binarydeb/ros-foxy-rcl-1.1.14/src/rcl/node.c:428'

rcutils_reset_error() should be called after error handling to avoid this.
<<<
[ERROR] [1787549347.572991968] [rcl]: Failed to fini publisher for node: 1
[manual-web-demo-worker] init failure: RCLError: Unknown error creating node: rcl node's rmw handle is invalid, at /tmp/binarydeb/ros-foxy-rcl-1.1.14/src/rcl/node.c:428
1787549349.476569 [0]    python3: config: //CycloneDDS/Domain/General: Interfaces: unknown element (file:///home/unitree/robotscene/runtime/go2w/cyclonedds_eth0.xml line 5)
1787549349.476713 [0]    python3: config: //CycloneDDS/Domain/Internal: SocketReceiveBufferSize: unknown element (line 17)
1787549349.476736 [0]    python3: config: //CycloneDDS/Domain/Internal: SocketSendBufferSize: unknown element (line 18)
[ERROR] [1787549349.476888640] [rmw_cyclonedds_cpp]: rmw_create_node: failed to create domain, error Error

>>> [rcutils|error_handling.c:108] rcutils_set_error_state()
This error state is being overwritten:

  'error not set, at /tmp/binarydeb/ros-foxy-rcl-1.1.14/src/rcl/node.c:276'

with this new error message:

  'rcl node's rmw handle is invalid, at /tmp/binarydeb/ros-foxy-rcl-1.1.14/src/rcl/node.c:428'

rcutils_reset_error() should be called after error handling to avoid this.
<<<
[ERROR] [1787549349.477024320] [rcl]: Failed to fini publisher for node: 1
[manual-web-demo-worker] init failure: RCLError: Unknown error creating node: rcl node's rmw handle is invalid, at /tmp/binarydeb/ros-foxy-rcl-1.1.14/src/rcl/node.c:428
1787549351.215021 [0]    python3: config: //CycloneDDS/Domain/General: Interfaces: unknown element (file:///home/unitree/robotscene/runtime/go2w/cyclonedds_eth0.xml line 5)
1787549351.215317 [0]    python3: config: //CycloneDDS/Domain/Internal: SocketReceiveBufferSize: unknown element (line 17)
1787549351.215411 [0]    python3: config: //CycloneDDS/Domain/Internal: SocketSendBufferSize: unknown element (line 18)
[ERROR] [1787549351.215593824] [rmw_cyclonedds_cpp]: rmw_create_node: failed to create domain, error Error

>>> [rcutils|error_handling.c:108] rcutils_set_error_state()
This error state is being overwritten:

  'error not set, at /tmp/binarydeb/ros-foxy-rcl-1.1.14/src/rcl/node.c:276'

with this new error message:

  'rcl node's rmw handle is invalid, at /tmp/binarydeb/ros-foxy-rcl-1.1.14/src/rcl/node.c:428'

rcutils_reset_error() should be called after error handling to avoid this.
<<<
[ERROR] [1787549351.215821440] [rcl]: Failed to fini publisher for node: 1
[manual-web-demo-worker] init failure: RCLError: Unknown error creating node: rcl node's rmw handle is invalid, at /tmp/binarydeb/ros-foxy-rcl-1.1.14/src/rcl/node.c:428
1787549352.846449 [0]    python3: config: //CycloneDDS/Domain/General: Interfaces: unknown element (file:///home/unitree/robotscene/runtime/go2w/cyclonedds_eth0.xml line 5)
1787549352.846615 [0]    python3: config: //CycloneDDS/Domain/Internal: SocketReceiveBufferSize: unknown element (line 17)
1787549352.846634 [0]    python3: config: //CycloneDDS/Domain/Internal: SocketSendBufferSize: unknown element (line 18)
[ERROR] [1787549352.846767968] [rmw_cyclonedds_cpp]: rmw_create_node: failed to create domain, error Error

>>> [rcutils|error_handling.c:108] rcutils_set_error_state()
This error state is being overwritten:

  'error not set, at /tmp/binarydeb/ros-foxy-rcl-1.1.14/src/rcl/node.c:276'

with this new error message:

  'rcl node's rmw handle is invalid, at /tmp/binarydeb/ros-foxy-rcl-1.1.14/src/rcl/node.c:428'

rcutils_reset_error() should be called after error handling to avoid this.
<<<
[ERROR] [1787549352.846948640] [rcl]: Failed to fini publisher for node: 1
[manual-web-demo-worker] init failure: RCLError: Unknown error creating node: rcl node's rmw handle is invalid, at /tmp/binarydeb/ros-foxy-rcl-1.1.14/src/rcl/node.c:428
1787549355.515030 [0]    python3: config: //CycloneDDS/Domain/General: Interfaces: unknown element (file:///home/unitree/robotscene/runtime/go2w/cyclonedds_eth0.xml line 5)
1787549355.522709 [0]    python3: config: //CycloneDDS/Domain/Internal: SocketReceiveBufferSize: unknown element (line 17)
1787549355.523284 [0]    python3: config: //CycloneDDS/Domain/Internal: SocketSendBufferSize: unknown element (line 18)
[ERROR] [1787549355.523644416] [rmw_cyclonedds_cpp]: rmw_create_node: failed to create domain, error Error

>>> [rcutils|error_handling.c:108] rcutils_set_error_state()
This error state is being overwritten:

  'error not set, at /tmp/binarydeb/ros-foxy-rcl-1.1.14/src/rcl/node.c:276'

with this new error message:

  'rcl node's rmw handle is invalid, at /tmp/binarydeb/ros-foxy-rcl-1.1.14/src/rcl/node.c:428'

rcutils_reset_error() should be called after error handling to avoid this.
<<<
[ERROR] [1787549355.524274016] [rcl]: Failed to fini publisher for node: 1
[manual-web-demo-worker] init failure: RCLError: Unknown error creating node: rcl node's rmw handle is invalid, at /tmp/binarydeb/ros-foxy-rcl-1.1.14/src/rcl/node.c:428
1787549357.542831 [0]    python3: config: //CycloneDDS/Domain/General: Interfaces: unknown element (file:///home/unitree/robotscene/runtime/go2w/cyclonedds_eth0.xml line 5)
1787549357.543014 [0]    python3: config: //CycloneDDS/Domain/Internal: SocketReceiveBufferSize: unknown element (line 17)
1787549357.543033 [0]    python3: config: //CycloneDDS/Domain/Internal: SocketSendBufferSize: unknown element (line 18)
[ERROR] [1787549357.543176192] [rmw_cyclonedds_cpp]: rmw_create_node: failed to create domain, error Error

>>> [rcutils|error_handling.c:108] rcutils_set_error_state()
This error state is being overwritten:

  'error not set, at /tmp/binarydeb/ros-foxy-rcl-1.1.14/src/rcl/node.c:276'

with this new error message:

  'rcl node's rmw handle is invalid, at /tmp/binarydeb/ros-foxy-rcl-1.1.14/src/rcl/node.c:428'

rcutils_reset_error() should be called after error handling to avoid this.
<<<
[ERROR] [1787549357.543277248] [rcl]: Failed to fini publisher for node: 1
[manual-web-demo-worker] init failure: RCLError: Unknown error creating node: rcl node's rmw handle is invalid, at /tmp/binarydeb/ros-foxy-rcl-1.1.14/src/rcl/node.c:428
1787549359.070883 [0]    python3: config: //CycloneDDS/Domain/General: Interfaces: unknown element (file:///home/unitree/robotscene/runtime/go2w/cyclonedds_eth0.xml line 5)
1787549359.071221 [0]    python3: config: //CycloneDDS/Domain/Internal: SocketReceiveBufferSize: unknown element (line 17)
1787549359.071319 [0]    python3: config: //CycloneDDS/Domain/Internal: SocketSendBufferSize: unknown element (line 18)
[ERROR] [1787549359.071510464] [rmw_cyclonedds_cpp]: rmw_create_node: failed to create domain, error Error

>>> [rcutils|error_handling.c:108] rcutils_set_error_state()
This error state is being overwritten:

  'error not set, at /tmp/binarydeb/ros-foxy-rcl-1.1.14/src/rcl/node.c:276'

with this new error message:

  'rcl node's rmw handle is invalid, at /tmp/binarydeb/ros-foxy-rcl-1.1.14/src/rcl/node.c:428'

rcutils_reset_error() should be called after error handling to avoid this.
<<<
[ERROR] [1787549359.071782432] [rcl]: Failed to fini publisher for node: 1
[manual-web-demo-worker] init failure: RCLError: Unknown error creating node: rcl node's rmw handle is invalid, at /tmp/binarydeb/ros-foxy-rcl-1.1.14/src/rcl/node.c:428
1787549361.364165 [0]    python3: config: //CycloneDDS/Domain/General: Interfaces: unknown element (file:///home/unitree/robotscene/runtime/go2w/cyclonedds_eth0.xml line 5)
1787549361.364539 [0]    python3: config: //CycloneDDS/Domain/Internal: SocketReceiveBufferSize: unknown element (line 17)
1787549361.364640 [0]    python3: config: //CycloneDDS/Domain/Internal: SocketSendBufferSize: unknown element (line 18)
[ERROR] [1787549361.364843680] [rmw_cyclonedds_cpp]: rmw_create_node: failed to create domain, error Error

>>> [rcutils|error_handling.c:108] rcutils_set_error_state()
This error state is being overwritten:

  'error not set, at /tmp/binarydeb/ros-foxy-rcl-1.1.14/src/rcl/node.c:276'

with this new error message:

  'rcl node's rmw handle is invalid, at /tmp/binarydeb/ros-foxy-rcl-1.1.14/src/rcl/node.c:428'

rcutils_reset_error() should be called after error handling to avoid this.
<<<
[ERROR] [1787549361.365070592] [rcl]: Failed to fini publisher for node: 1
[manual-web-demo-worker] init failure: RCLError: Unknown error creating node: rcl node's rmw handle is invalid, at /tmp/binarydeb/ros-foxy-rcl-1.1.14/src/rcl/node.c:428
1787549363.908474 [0]    python3: config: //CycloneDDS/Domain/General: Interfaces: unknown element (file:///home/unitree/robotscene/runtime/go2w/cyclonedds_eth0.xml line 5)
1787549363.927009 [0]    python3: config: //CycloneDDS/Domain/Internal: SocketReceiveBufferSize: unknown element (line 17)
1787549363.927254 [0]    python3: config: //CycloneDDS/Domain/Internal: SocketSendBufferSize: unknown element (line 18)
[ERROR] [1787549363.927501920] [rmw_cyclonedds_cpp]: rmw_create_node: failed to create domain, error Error

>>> [rcutils|error_handling.c:108] rcutils_set_error_state()
This error state is being overwritten:

  'error not set, at /tmp/binarydeb/ros-foxy-rcl-1.1.14/src/rcl/node.c:276'

with this new error message:

  'rcl node's rmw handle is invalid, at /tmp/binarydeb/ros-foxy-rcl-1.1.14/src/rcl/node.c:428'

rcutils_reset_error() should be called after error handling to avoid this.
<<<
[ERROR] [1787549363.927741984] [rcl]: Failed to fini publisher for node: 1
[manual-web-demo-worker] init failure: RCLError: Unknown error creating node: rcl node's rmw handle is invalid, at /tmp/binarydeb/ros-foxy-rcl-1.1.14/src/rcl/node.c:428
1787549365.655155 [0]    python3: config: //CycloneDDS/Domain/General: Interfaces: unknown element (file:///home/unitree/robotscene/runtime/go2w/cyclonedds_eth0.xml line 5)
1787549365.655454 [0]    python3: config: //CycloneDDS/Domain/Internal: SocketReceiveBufferSize: unknown element (line 17)
1787549365.655554 [0]    python3: config: //CycloneDDS/Domain/Internal: SocketSendBufferSize: unknown element (line 18)
[ERROR] [1787549365.655741312] [rmw_cyclonedds_cpp]: rmw_create_node: failed to create domain, error Error

>>> [rcutils|error_handling.c:108] rcutils_set_error_state()
This error state is being overwritten:

  'error not set, at /tmp/binarydeb/ros-foxy-rcl-1.1.14/src/rcl/node.c:276'

with this new error message:

  'rcl node's rmw handle is invalid, at /tmp/binarydeb/ros-foxy-rcl-1.1.14/src/rcl/node.c:428'

rcutils_reset_error() should be called after error handling to avoid this.
<<<
[ERROR] [1787549365.655962464] [rcl]: Failed to fini publisher for node: 1
[manual-web-demo-worker] init failure: RCLError: Unknown error creating node: rcl node's rmw handle is invalid, at /tmp/binarydeb/ros-foxy-rcl-1.1.14/src/rcl/node.c:428
1787549367.747705 [0]    python3: config: //CycloneDDS/Domain/General: Interfaces: unknown element (file:///home/unitree/robotscene/runtime/go2w/cyclonedds_eth0.xml line 5)
1787549367.749356 [0]    python3: config: //CycloneDDS/Domain/Internal: SocketReceiveBufferSize: unknown element (line 17)
1787549367.749531 [0]    python3: config: //CycloneDDS/Domain/Internal: SocketSendBufferSize: unknown element (line 18)
[ERROR] [1787549367.749948736] [rmw_cyclonedds_cpp]: rmw_create_node: failed to create domain, error Error

>>> [rcutils|error_handling.c:108] rcutils_set_error_state()
This error state is being overwritten:

  'error not set, at /tmp/binarydeb/ros-foxy-rcl-1.1.14/src/rcl/node.c:276'

with this new error message:

  'rcl node's rmw handle is invalid, at /tmp/binarydeb/ros-foxy-rcl-1.1.14/src/rcl/node.c:428'

rcutils_reset_error() should be called after error handling to avoid this.
<<<
[ERROR] [1787549367.750208512] [rcl]: Failed to fini publisher for node: 1
[manual-web-demo-worker] init failure: RCLError: Unknown error creating node: rcl node's rmw handle is invalid, at /tmp/binarydeb/ros-foxy-rcl-1.1.14/src/rcl/node.c:428
1787549369.472584 [0]    python3: config: //CycloneDDS/Domain/General: Interfaces: unknown element (file:///home/unitree/robotscene/runtime/go2w/cyclonedds_eth0.xml line 5)
1787549369.472754 [0]    python3: config: //CycloneDDS/Domain/Internal: SocketReceiveBufferSize: unknown element (line 17)
1787549369.472774 [0]    python3: config: //CycloneDDS/Domain/Internal: SocketSendBufferSize: unknown element (line 18)
[ERROR] [1787549369.473003968] [rmw_cyclonedds_cpp]: rmw_create_node: failed to create domain, error Error

>>> [rcutils|error_handling.c:108] rcutils_set_error_state()
This error state is being overwritten:

  'error not set, at /tmp/binarydeb/ros-foxy-rcl-1.1.14/src/rcl/node.c:276'

with this new error message:

  'rcl node's rmw handle is invalid, at /tmp/binarydeb/ros-foxy-rcl-1.1.14/src/rcl/node.c:428'

rcutils_reset_error() should be called after error handling to avoid this.
<<<
[ERROR] [1787549369.473246752] [rcl]: Failed to fini publisher for node: 1
[manual-web-demo-worker] init failure: RCLError: Unknown error creating node: rcl node's rmw handle is invalid, at /tmp/binarydeb/ros-foxy-rcl-1.1.14/src/rcl/node.c:428
1787549372.327653 [0]    python3: config: //CycloneDDS/Domain/General: Interfaces: unknown element (file:///home/unitree/robotscene/runtime/go2w/cyclonedds_eth0.xml line 5)
1787549372.328423 [0]    python3: config: //CycloneDDS/Domain/Internal: SocketReceiveBufferSize: unknown element (line 17)
1787549372.328645 [0]    python3: config: //CycloneDDS/Domain/Internal: SocketSendBufferSize: unknown element (line 18)
[ERROR] [1787549372.328873248] [rmw_cyclonedds_cpp]: rmw_create_node: failed to create domain, error Error

>>> [rcutils|error_handling.c:108] rcutils_set_error_state()
This error state is being overwritten:

  'error not set, at /tmp/binarydeb/ros-foxy-rcl-1.1.14/src/rcl/node.c:276'

with this new error message:

  'rcl node's rmw handle is invalid, at /tmp/binarydeb/ros-foxy-rcl-1.1.14/src/rcl/node.c:428'

rcutils_reset_error() should be called after error handling to avoid this.
<<<
[ERROR] [1787549372.329334688] [rcl]: Failed to fini publisher for node: 1
[manual-web-demo-worker] init failure: RCLError: Unknown error creating node: rcl node's rmw handle is invalid, at /tmp/binarydeb/ros-foxy-rcl-1.1.14/src/rcl/node.c:428
1787549374.275131 [0]    python3: config: //CycloneDDS/Domain/General: Interfaces: unknown element (file:///home/unitree/robotscene/runtime/go2w/cyclonedds_eth0.xml line 5)
1787549374.275331 [0]    python3: config: //CycloneDDS/Domain/Internal: SocketReceiveBufferSize: unknown element (line 17)
1787549374.275355 [0]    python3: config: //CycloneDDS/Domain/Internal: SocketSendBufferSize: unknown element (line 18)
[ERROR] [1787549374.275458848] [rmw_cyclonedds_cpp]: rmw_create_node: failed to create domain, error Error

>>> [rcutils|error_handling.c:108] rcutils_set_error_state()
This error state is being overwritten:

  'error not set, at /tmp/binarydeb/ros-foxy-rcl-1.1.14/src/rcl/node.c:276'

with this new error message:

  'rcl node's rmw handle is invalid, at /tmp/binarydeb/ros-foxy-rcl-1.1.14/src/rcl/node.c:428'

rcutils_reset_error() should be called after error handling to avoid this.
<<<
[ERROR] [1787549374.277760832] [rcl]: Failed to fini publisher for node: 1
[manual-web-demo-worker] init failure: RCLError: Unknown error creating node: rcl node's rmw handle is invalid, at /tmp/binarydeb/ros-foxy-rcl-1.1.14/src/rcl/node.c:428
1787549376.648903 [0]    python3: config: //CycloneDDS/Domain/General: Interfaces: unknown element (file:///home/unitree/robotscene/runtime/go2w/cyclonedds_eth0.xml line 5)
1787549376.649201 [0]    python3: config: //CycloneDDS/Domain/Internal: SocketReceiveBufferSize: unknown element (line 17)
1787549376.649298 [0]    python3: config: //CycloneDDS/Domain/Internal: SocketSendBufferSize: unknown element (line 18)
[ERROR] [1787549376.649483904] [rmw_cyclonedds_cpp]: rmw_create_node: failed to create domain, error Error

>>> [rcutils|error_handling.c:108] rcutils_set_error_state()
This error state is being overwritten:

  'error not set, at /tmp/binarydeb/ros-foxy-rcl-1.1.14/src/rcl/node.c:276'

with this new error message:

  'rcl node's rmw handle is invalid, at /tmp/binarydeb/ros-foxy-rcl-1.1.14/src/rcl/node.c:428'

rcutils_reset_error() should be called after error handling to avoid this.
<<<
[ERROR] [1787549376.649719008] [rcl]: Failed to fini publisher for node: 1
[manual-web-demo-worker] init failure: RCLError: Unknown error creating node: rcl node's rmw handle is invalid, at /tmp/binarydeb/ros-foxy-rcl-1.1.14/src/rcl/node.c:428
1787549378.569595 [0]    python3: config: //CycloneDDS/Domain/General: Interfaces: unknown element (file:///home/unitree/robotscene/runtime/go2w/cyclonedds_eth0.xml line 5)
1787549378.569899 [0]    python3: config: //CycloneDDS/Domain/Internal: SocketReceiveBufferSize: unknown element (line 17)
1787549378.569995 [0]    python3: config: //CycloneDDS/Domain/Internal: SocketSendBufferSize: unknown element (line 18)
[ERROR] [1787549378.570181152] [rmw_cyclonedds_cpp]: rmw_create_node: failed to create domain, error Error

>>> [rcutils|error_handling.c:108] rcutils_set_error_state()
This error state is being overwritten:

  'error not set, at /tmp/binarydeb/ros-foxy-rcl-1.1.14/src/rcl/node.c:276'

with this new error message:

  'rcl node's rmw handle is invalid, at /tmp/binarydeb/ros-foxy-rcl-1.1.14/src/rcl/node.c:428'

rcutils_reset_error() should be called after error handling to avoid this.
<<<
[ERROR] [1787549378.570464320] [rcl]: Failed to fini publisher for node: 1
[manual-web-demo-worker] init failure: RCLError: Unknown error creating node: rcl node's rmw handle is invalid, at /tmp/binarydeb/ros-foxy-rcl-1.1.14/src/rcl/node.c:428
1787549379.687842 [0]    python3: config: //CycloneDDS/Domain/General: Interfaces: unknown element (file:///home/unitree/robotscene/runtime/go2w/cyclonedds_eth0.xml line 5)
1787549379.688125 [0]    python3: config: //CycloneDDS/Domain/Internal: SocketReceiveBufferSize: unknown element (line 17)
1787549379.688216 [0]    python3: config: //CycloneDDS/Domain/Internal: SocketSendBufferSize: unknown element (line 18)
[ERROR] [1787549379.688440640] [rmw_cyclonedds_cpp]: rmw_create_node: failed to create domain, error Error

>>> [rcutils|error_handling.c:108] rcutils_set_error_state()
This error state is being overwritten:

  'error not set, at /tmp/binarydeb/ros-foxy-rcl-1.1.14/src/rcl/node.c:276'

with this new error message:

  'rcl node's rmw handle is invalid, at /tmp/binarydeb/ros-foxy-rcl-1.1.14/src/rcl/node.c:428'

rcutils_reset_error() should be called after error handling to avoid this.
<<<
[ERROR] [1787549379.688659840] [rcl]: Failed to fini publisher for node: 1
[manual-web-demo-worker] init failure: RCLError: Unknown error creating node: rcl node's rmw handle is invalid, at /tmp/binarydeb/ros-foxy-rcl-1.1.14/src/rcl/node.c:428
1787549382.960420 [0]    python3: config: //CycloneDDS/Domain/General: Interfaces: unknown element (file:///home/unitree/robotscene/runtime/go2w/cyclonedds_eth0.xml line 5)
1787549382.960632 [0]    python3: config: //CycloneDDS/Domain/Internal: SocketReceiveBufferSize: unknown element (line 17)
1787549382.960654 [0]    python3: config: //CycloneDDS/Domain/Internal: SocketSendBufferSize: unknown element (line 18)
[ERROR] [1787549382.960765216] [rmw_cyclonedds_cpp]: rmw_create_node: failed to create domain, error Error

>>> [rcutils|error_handling.c:108] rcutils_set_error_state()
This error state is being overwritten:

  'error not set, at /tmp/binarydeb/ros-foxy-rcl-1.1.14/src/rcl/node.c:276'

with this new error message:

  'rcl node's rmw handle is invalid, at /tmp/binarydeb/ros-foxy-rcl-1.1.14/src/rcl/node.c:428'

rcutils_reset_error() should be called after error handling to avoid this.
<<<
[ERROR] [1787549382.960868096] [rcl]: Failed to fini publisher for node: 1
[manual-web-demo-worker] init failure: RCLError: Unknown error creating node: rcl node's rmw handle is invalid, at /tmp/binarydeb/ros-foxy-rcl-1.1.14/src/rcl/node.c:428
1787549384.868730 [0]    python3: config: //CycloneDDS/Domain/General: Interfaces: unknown element (file:///home/unitree/robotscene/runtime/go2w/cyclonedds_eth0.xml line 5)
1787549384.872606 [0]    python3: config: //CycloneDDS/Domain/Internal: SocketReceiveBufferSize: unknown element (line 17)
1787549384.872937 [0]    python3: config: //CycloneDDS/Domain/Internal: SocketSendBufferSize: unknown element (line 18)
[ERROR] [1787549384.873200448] [rmw_cyclonedds_cpp]: rmw_create_node: failed to create domain, error Error

>>> [rcutils|error_handling.c:108] rcutils_set_error_state()
This error state is being overwritten:

  'error not set, at /tmp/binarydeb/ros-foxy-rcl-1.1.14/src/rcl/node.c:276'

with this new error message:

  'rcl node's rmw handle is invalid, at /tmp/binarydeb/ros-foxy-rcl-1.1.14/src/rcl/node.c:428'

rcutils_reset_error() should be called after error handling to avoid this.
<<<
[ERROR] [1787549384.873705184] [rcl]: Failed to fini publisher for node: 1
[manual-web-demo-worker] init failure: RCLError: Unknown error creating node: rcl node's rmw handle is invalid, at /tmp/binarydeb/ros-foxy-rcl-1.1.14/src/rcl/node.c:428
1787549386.739077 [0]    python3: config: //CycloneDDS/Domain/General: Interfaces: unknown element (file:///home/unitree/robotscene/runtime/go2w/cyclonedds_eth0.xml line 5)
1787549386.747616 [0]    python3: config: //CycloneDDS/Domain/Internal: SocketReceiveBufferSize: unknown element (line 17)
1787549386.748032 [0]    python3: config: //CycloneDDS/Domain/Internal: SocketSendBufferSize: unknown element (line 18)
[ERROR] [1787549386.748564448] [rmw_cyclonedds_cpp]: rmw_create_node: failed to create domain, error Error

>>> [rcutils|error_handling.c:108] rcutils_set_error_state()
This error state is being overwritten:

  'error not set, at /tmp/binarydeb/ros-foxy-rcl-1.1.14/src/rcl/node.c:276'

with this new error message:

  'rcl node's rmw handle is invalid, at /tmp/binarydeb/ros-foxy-rcl-1.1.14/src/rcl/node.c:428'

rcutils_reset_error() should be called after error handling to avoid this.
<<<
[ERROR] [1787549386.749039264] [rcl]: Failed to fini publisher for node: 1
[manual-web-demo-worker] init failure: RCLError: Unknown error creating node: rcl node's rmw handle is invalid, at /tmp/binarydeb/ros-foxy-rcl-1.1.14/src/rcl/node.c:428
1787549388.524649 [0]    python3: config: //CycloneDDS/Domain/General: Interfaces: unknown element (file:///home/unitree/robotscene/runtime/go2w/cyclonedds_eth0.xml line 5)
1787549388.527852 [0]    python3: config: //CycloneDDS/Domain/Internal: SocketReceiveBufferSize: unknown element (line 17)
1787549388.528051 [0]    python3: config: //CycloneDDS/Domain/Internal: SocketSendBufferSize: unknown element (line 18)
[ERROR] [1787549388.528307840] [rmw_cyclonedds_cpp]: rmw_create_node: failed to create domain, error Error

>>> [rcutils|error_handling.c:108] rcutils_set_error_state()
This error state is being overwritten:

  'error not set, at /tmp/binarydeb/ros-foxy-rcl-1.1.14/src/rcl/node.c:276'

with this new error message:

  'rcl node's rmw handle is invalid, at /tmp/binarydeb/ros-foxy-rcl-1.1.14/src/rcl/node.c:428'

rcutils_reset_error() should be called after error handling to avoid this.
<<<
[ERROR] [1787549388.528698464] [rcl]: Failed to fini publisher for node: 1
[manual-web-demo-worker] init failure: RCLError: Unknown error creating node: rcl node's rmw handle is invalid, at /tmp/binarydeb/ros-foxy-rcl-1.1.14/src/rcl/node.c:428
1787549390.747595 [0]    python3: config: //CycloneDDS/Domain/General: Interfaces: unknown element (file:///home/unitree/robotscene/runtime/go2w/cyclonedds_eth0.xml line 5)
1787549390.747952 [0]    python3: config: //CycloneDDS/Domain/Internal: SocketReceiveBufferSize: unknown element (line 17)
1787549390.748067 [0]    python3: config: //CycloneDDS/Domain/Internal: SocketSendBufferSize: unknown element (line 18)
[ERROR] [1787549390.748267264] [rmw_cyclonedds_cpp]: rmw_create_node: failed to create domain, error Error

>>> [rcutils|error_handling.c:108] rcutils_set_error_state()
This error state is being overwritten:

  'error not set, at /tmp/binarydeb/ros-foxy-rcl-1.1.14/src/rcl/node.c:276'

with this new error message:

  'rcl node's rmw handle is invalid, at /tmp/binarydeb/ros-foxy-rcl-1.1.14/src/rcl/node.c:428'

rcutils_reset_error() should be called after error handling to avoid this.
<<<
[ERROR] [1787549390.748548928] [rcl]: Failed to fini publisher for node: 1
[manual-web-demo-worker] init failure: RCLError: Unknown error creating node: rcl node's rmw handle is invalid, at /tmp/binarydeb/ros-foxy-rcl-1.1.14/src/rcl/node.c:428
1787549392.280797 [0]    python3: config: //CycloneDDS/Domain/General: Interfaces: unknown element (file:///home/unitree/robotscene/runtime/go2w/cyclonedds_eth0.xml line 5)
1787549392.281096 [0]    python3: config: //CycloneDDS/Domain/Internal: SocketReceiveBufferSize: unknown element (line 17)
1787549392.281201 [0]    python3: config: //CycloneDDS/Domain/Internal: SocketSendBufferSize: unknown element (line 18)
[ERROR] [1787549392.281396896] [rmw_cyclonedds_cpp]: rmw_create_node: failed to create domain, error Error

>>> [rcutils|error_handling.c:108] rcutils_set_error_state()
This error state is being overwritten:

  'error not set, at /tmp/binarydeb/ros-foxy-rcl-1.1.14/src/rcl/node.c:276'

with this new error message:

  'rcl node's rmw handle is invalid, at /tmp/binarydeb/ros-foxy-rcl-1.1.14/src/rcl/node.c:428'

rcutils_reset_error() should be called after error handling to avoid this.
<<<
[ERROR] [1787549392.281633952] [rcl]: Failed to fini publisher for node: 1
[manual-web-demo-worker] init failure: RCLError: Unknown error creating node: rcl node's rmw handle is invalid, at /tmp/binarydeb/ros-foxy-rcl-1.1.14/src/rcl/node.c:428
1787549394.395606 [0]    python3: config: //CycloneDDS/Domain/General: Interfaces: unknown element (file:///home/unitree/robotscene/runtime/go2w/cyclonedds_eth0.xml line 5)
1787549394.395939 [0]    python3: config: //CycloneDDS/Domain/Internal: SocketReceiveBufferSize: unknown element (line 17)
1787549394.396028 [0]    python3: config: //CycloneDDS/Domain/Internal: SocketSendBufferSize: unknown element (line 18)
[ERROR] [1787549394.396217504] [rmw_cyclonedds_cpp]: rmw_create_node: failed to create domain, error Error

>>> [rcutils|error_handling.c:108] rcutils_set_error_state()
This error state is being overwritten:

  'error not set, at /tmp/binarydeb/ros-foxy-rcl-1.1.14/src/rcl/node.c:276'

with this new error message:

  'rcl node's rmw handle is invalid, at /tmp/binarydeb/ros-foxy-rcl-1.1.14/src/rcl/node.c:428'

rcutils_reset_error() should be called after error handling to avoid this.
<<<
[ERROR] [1787549394.396467360] [rcl]: Failed to fini publisher for node: 1
[manual-web-demo-worker] init failure: RCLError: Unknown error creating node: rcl node's rmw handle is invalid, at /tmp/binarydeb/ros-foxy-rcl-1.1.14/src/rcl/node.c:428
1787549396.548780 [0]    python3: config: //CycloneDDS/Domain/General: Interfaces: unknown element (file:///home/unitree/robotscene/runtime/go2w/cyclonedds_eth0.xml line 5)
1787549396.549144 [0]    python3: config: //CycloneDDS/Domain/Internal: SocketReceiveBufferSize: unknown element (line 17)
1787549396.549287 [0]    python3: config: //CycloneDDS/Domain/Internal: SocketSendBufferSize: unknown element (line 18)
[ERROR] [1787549396.549487904] [rmw_cyclonedds_cpp]: rmw_create_node: failed to create domain, error Error

>>> [rcutils|error_handling.c:108] rcutils_set_error_state()
This error state is being overwritten:

  'error not set, at /tmp/binarydeb/ros-foxy-rcl-1.1.14/src/rcl/node.c:276'

with this new error message:

  'rcl node's rmw handle is invalid, at /tmp/binarydeb/ros-foxy-rcl-1.1.14/src/rcl/node.c:428'

rcutils_reset_error() should be called after error handling to avoid this.
<<<
[ERROR] [1787549396.549743456] [rcl]: Failed to fini publisher for node: 1
[manual-web-demo-worker] init failure: RCLError: Unknown error creating node: rcl node's rmw handle is invalid, at /tmp/binarydeb/ros-foxy-rcl-1.1.14/src/rcl/node.c:428
1787549398.422063 [0]    python3: config: //CycloneDDS/Domain/General: Interfaces: unknown element (file:///home/unitree/robotscene/runtime/go2w/cyclonedds_eth0.xml line 5)
1787549398.422352 [0]    python3: config: //CycloneDDS/Domain/Internal: SocketReceiveBufferSize: unknown element (line 17)
1787549398.426221 [0]    python3: config: //CycloneDDS/Domain/Internal: SocketSendBufferSize: unknown element (line 18)
[ERROR] [1787549398.427066720] [rmw_cyclonedds_cpp]: rmw_create_node: failed to create domain, error Error

>>> [rcutils|error_handling.c:108] rcutils_set_error_state()
This error state is being overwritten:

  'error not set, at /tmp/binarydeb/ros-foxy-rcl-1.1.14/src/rcl/node.c:276'

with this new error message:

  'rcl node's rmw handle is invalid, at /tmp/binarydeb/ros-foxy-rcl-1.1.14/src/rcl/node.c:428'

rcutils_reset_error() should be called after error handling to avoid this.
<<<
[ERROR] [1787549398.428397184] [rcl]: Failed to fini publisher for node: 1
[manual-web-demo-worker] init failure: RCLError: Unknown error creating node: rcl node's rmw handle is invalid, at /tmp/binarydeb/ros-foxy-rcl-1.1.14/src/rcl/node.c:428
1787549400.477971 [0]    python3: config: //CycloneDDS/Domain/General: Interfaces: unknown element (file:///home/unitree/robotscene/runtime/go2w/cyclonedds_eth0.xml line 5)
1787549400.480703 [0]    python3: config: //CycloneDDS/Domain/Internal: SocketReceiveBufferSize: unknown element (line 17)
1787549400.480736 [0]    python3: config: //CycloneDDS/Domain/Internal: SocketSendBufferSize: unknown element (line 18)
[ERROR] [1787549400.480882688] [rmw_cyclonedds_cpp]: rmw_create_node: failed to create domain, error Error

>>> [rcutils|error_handling.c:108] rcutils_set_error_state()
This error state is being overwritten:

  'error not set, at /tmp/binarydeb/ros-foxy-rcl-1.1.14/src/rcl/node.c:276'

with this new error message:

  'rcl node's rmw handle is invalid, at /tmp/binarydeb/ros-foxy-rcl-1.1.14/src/rcl/node.c:428'

rcutils_reset_error() should be called after error handling to avoid this.
<<<
[ERROR] [1787549400.485430848] [rcl]: Failed to fini publisher for node: 1
[manual-web-demo-worker] init failure: RCLError: Unknown error creating node: rcl node's rmw handle is invalid, at /tmp/binarydeb/ros-foxy-rcl-1.1.14/src/rcl/node.c:428
1787549402.915293 [0]    python3: config: //CycloneDDS/Domain/General: Interfaces: unknown element (file:///home/unitree/robotscene/runtime/go2w/cyclonedds_eth0.xml line 5)
1787549402.915582 [0]    python3: config: //CycloneDDS/Domain/Internal: SocketReceiveBufferSize: unknown element (line 17)
1787549402.915681 [0]    python3: config: //CycloneDDS/Domain/Internal: SocketSendBufferSize: unknown element (line 18)
[ERROR] [1787549402.915869408] [rmw_cyclonedds_cpp]: rmw_create_node: failed to create domain, error Error

>>> [rcutils|error_handling.c:108] rcutils_set_error_state()
This error state is being overwritten:

  'error not set, at /tmp/binarydeb/ros-foxy-rcl-1.1.14/src/rcl/node.c:276'

with this new error message:

  'rcl node's rmw handle is invalid, at /tmp/binarydeb/ros-foxy-rcl-1.1.14/src/rcl/node.c:428'

rcutils_reset_error() should be called after error handling to avoid this.
<<<
[ERROR] [1787549402.916130976] [rcl]: Failed to fini publisher for node: 1
[manual-web-demo-worker] init failure: RCLError: Unknown error creating node: rcl node's rmw handle is invalid, at /tmp/binarydeb/ros-foxy-rcl-1.1.14/src/rcl/node.c:428
1787549404.518493 [0]    python3: config: //CycloneDDS/Domain/General: Interfaces: unknown element (file:///home/unitree/robotscene/runtime/go2w/cyclonedds_eth0.xml line 5)
1787549404.518693 [0]    python3: config: //CycloneDDS/Domain/Internal: SocketReceiveBufferSize: unknown element (line 17)
1787549404.518714 [0]    python3: config: //CycloneDDS/Domain/Internal: SocketSendBufferSize: unknown element (line 18)
[ERROR] [1787549404.518862048] [rmw_cyclonedds_cpp]: rmw_create_node: failed to create domain, error Error

>>> [rcutils|error_handling.c:108] rcutils_set_error_state()
This error state is being overwritten:

  'error not set, at /tmp/binarydeb/ros-foxy-rcl-1.1.14/src/rcl/node.c:276'

with this new error message:

  'rcl node's rmw handle is invalid, at /tmp/binarydeb/ros-foxy-rcl-1.1.14/src/rcl/node.c:428'

rcutils_reset_error() should be called after error handling to avoid this.
<<<
[ERROR] [1787549404.518967168] [rcl]: Failed to fini publisher for node: 1
[manual-web-demo-worker] init failure: RCLError: Unknown error creating node: rcl node's rmw handle is invalid, at /tmp/binarydeb/ros-foxy-rcl-1.1.14/src/rcl/node.c:428
1787549406.288904 [0]    python3: config: //CycloneDDS/Domain/General: Interfaces: unknown element (file:///home/unitree/robotscene/runtime/go2w/cyclonedds_eth0.xml line 5)
1787549406.289208 [0]    python3: config: //CycloneDDS/Domain/Internal: SocketReceiveBufferSize: unknown element (line 17)
1787549406.289302 [0]    python3: config: //CycloneDDS/Domain/Internal: SocketSendBufferSize: unknown element (line 18)
[ERROR] [1787549406.289481120] [rmw_cyclonedds_cpp]: rmw_create_node: failed to create domain, error Error

>>> [rcutils|error_handling.c:108] rcutils_set_error_state()
This error state is being overwritten:

  'error not set, at /tmp/binarydeb/ros-foxy-rcl-1.1.14/src/rcl/node.c:276'

with this new error message:

  'rcl node's rmw handle is invalid, at /tmp/binarydeb/ros-foxy-rcl-1.1.14/src/rcl/node.c:428'

rcutils_reset_error() should be called after error handling to avoid this.
<<<
[ERROR] [1787549406.289713984] [rcl]: Failed to fini publisher for node: 1
[manual-web-demo-worker] init failure: RCLError: Unknown error creating node: rcl node's rmw handle is invalid, at /tmp/binarydeb/ros-foxy-rcl-1.1.14/src/rcl/node.c:428
1787549408.174430 [0]    python3: config: //CycloneDDS/Domain/General: Interfaces: unknown element (file:///home/unitree/robotscene/runtime/go2w/cyclonedds_eth0.xml line 5)
1787549408.180430 [0]    python3: config: //CycloneDDS/Domain/Internal: SocketReceiveBufferSize: unknown element (line 17)
1787549408.181191 [0]    python3: config: //CycloneDDS/Domain/Internal: SocketSendBufferSize: unknown element (line 18)
[ERROR] [1787549408.181574048] [rmw_cyclonedds_cpp]: rmw_create_node: failed to create domain, error Error

>>> [rcutils|error_handling.c:108] rcutils_set_error_state()
This error state is being overwritten:

  'error not set, at /tmp/binarydeb/ros-foxy-rcl-1.1.14/src/rcl/node.c:276'

with this new error message:

  'rcl node's rmw handle is invalid, at /tmp/binarydeb/ros-foxy-rcl-1.1.14/src/rcl/node.c:428'

rcutils_reset_error() should be called after error handling to avoid this.
<<<
[ERROR] [1787549408.182476800] [rcl]: Failed to fini publisher for node: 1
[manual-web-demo-worker] init failure: RCLError: Unknown error creating node: rcl node's rmw handle is invalid, at /tmp/binarydeb/ros-foxy-rcl-1.1.14/src/rcl/node.c:428
1787549411.587441 [0]    python3: config: //CycloneDDS/Domain/General: Interfaces: unknown element (file:///home/unitree/robotscene/runtime/go2w/cyclonedds_eth0.xml line 5)
1787549411.587598 [0]    python3: config: //CycloneDDS/Domain/Internal: SocketReceiveBufferSize: unknown element (line 17)
1787549411.587618 [0]    python3: config: //CycloneDDS/Domain/Internal: SocketSendBufferSize: unknown element (line 18)
[ERROR] [1787549411.587760832] [rmw_cyclonedds_cpp]: rmw_create_node: failed to create domain, error Error

>>> [rcutils|error_handling.c:108] rcutils_set_error_state()
This error state is being overwritten:

  'error not set, at /tmp/binarydeb/ros-foxy-rcl-1.1.14/src/rcl/node.c:276'

with this new error message:

  'rcl node's rmw handle is invalid, at /tmp/binarydeb/ros-foxy-rcl-1.1.14/src/rcl/node.c:428'

rcutils_reset_error() should be called after error handling to avoid this.
<<<
[ERROR] [1787549411.587859232] [rcl]: Failed to fini publisher for node: 1
[manual-web-demo-worker] init failure: RCLError: Unknown error creating node: rcl node's rmw handle is invalid, at /tmp/binarydeb/ros-foxy-rcl-1.1.14/src/rcl/node.c:428
1787549412.740402 [0]    python3: config: //CycloneDDS/Domain/General: Interfaces: unknown element (file:///home/unitree/robotscene/runtime/go2w/cyclonedds_eth0.xml line 5)
1787549412.740545 [0]    python3: config: //CycloneDDS/Domain/Internal: SocketReceiveBufferSize: unknown element (line 17)
1787549412.740564 [0]    python3: config: //CycloneDDS/Domain/Internal: SocketSendBufferSize: unknown element (line 18)
[ERROR] [1787549412.740670752] [rmw_cyclonedds_cpp]: rmw_create_node: failed to create domain, error Error

>>> [rcutils|error_handling.c:108] rcutils_set_error_state()
This error state is being overwritten:

  'error not set, at /tmp/binarydeb/ros-foxy-rcl-1.1.14/src/rcl/node.c:276'

with this new error message:

  'rcl node's rmw handle is invalid, at /tmp/binarydeb/ros-foxy-rcl-1.1.14/src/rcl/node.c:428'

rcutils_reset_error() should be called after error handling to avoid this.
<<<
[ERROR] [1787549412.740763328] [rcl]: Failed to fini publisher for node: 1
[manual-web-demo-worker] init failure: RCLError: Unknown error creating node: rcl node's rmw handle is invalid, at /tmp/binarydeb/ros-foxy-rcl-1.1.14/src/rcl/node.c:428
1787549414.595647 [0]    python3: config: //CycloneDDS/Domain/General: Interfaces: unknown element (file:///home/unitree/robotscene/runtime/go2w/cyclonedds_eth0.xml line 5)
1787549414.596318 [0]    python3: config: //CycloneDDS/Domain/Internal: SocketReceiveBufferSize: unknown element (line 17)
1787549414.596448 [0]    python3: config: //CycloneDDS/Domain/Internal: SocketSendBufferSize: unknown element (line 18)
[ERROR] [1787549414.596640480] [rmw_cyclonedds_cpp]: rmw_create_node: failed to create domain, error Error

>>> [rcutils|error_handling.c:108] rcutils_set_error_state()
This error state is being overwritten:

  'error not set, at /tmp/binarydeb/ros-foxy-rcl-1.1.14/src/rcl/node.c:276'

with this new error message:

  'rcl node's rmw handle is invalid, at /tmp/binarydeb/ros-foxy-rcl-1.1.14/src/rcl/node.c:428'

rcutils_reset_error() should be called after error handling to avoid this.
<<<
[ERROR] [1787549414.596865568] [rcl]: Failed to fini publisher for node: 1
[manual-web-demo-worker] init failure: RCLError: Unknown error creating node: rcl node's rmw handle is invalid, at /tmp/binarydeb/ros-foxy-rcl-1.1.14/src/rcl/node.c:428
1787549416.955122 [0]    python3: config: //CycloneDDS/Domain/General: Interfaces: unknown element (file:///home/unitree/robotscene/runtime/go2w/cyclonedds_eth0.xml line 5)
1787549416.956583 [0]    python3: config: //CycloneDDS/Domain/Internal: SocketReceiveBufferSize: unknown element (line 17)
1787549416.956760 [0]    python3: config: //CycloneDDS/Domain/Internal: SocketSendBufferSize: unknown element (line 18)
[ERROR] [1787549416.956974144] [rmw_cyclonedds_cpp]: rmw_create_node: failed to create domain, error Error

>>> [rcutils|error_handling.c:108] rcutils_set_error_state()
This error state is being overwritten:

  'error not set, at /tmp/binarydeb/ros-foxy-rcl-1.1.14/src/rcl/node.c:276'

with this new error message:

  'rcl node's rmw handle is invalid, at /tmp/binarydeb/ros-foxy-rcl-1.1.14/src/rcl/node.c:428'

rcutils_reset_error() should be called after error handling to avoid this.
<<<
[ERROR] [1787549416.961779328] [rcl]: Failed to fini publisher for node: 1
[manual-web-demo-worker] init failure: RCLError: Unknown error creating node: rcl node's rmw handle is invalid, at /tmp/binarydeb/ros-foxy-rcl-1.1.14/src/rcl/node.c:428
1787549419.553371 [0]    python3: config: //CycloneDDS/Domain/General: Interfaces: unknown element (file:///home/unitree/robotscene/runtime/go2w/cyclonedds_eth0.xml line 5)
1787549419.554599 [0]    python3: config: //CycloneDDS/Domain/Internal: SocketReceiveBufferSize: unknown element (line 17)
1787549419.554938 [0]    python3: config: //CycloneDDS/Domain/Internal: SocketSendBufferSize: unknown element (line 18)
[ERROR] [1787549419.555253120] [rmw_cyclonedds_cpp]: rmw_create_node: failed to create domain, error Error

>>> [rcutils|error_handling.c:108] rcutils_set_error_state()
This error state is being overwritten:

  'error not set, at /tmp/binarydeb/ros-foxy-rcl-1.1.14/src/rcl/node.c:276'

with this new error message:

  'rcl node's rmw handle is invalid, at /tmp/binarydeb/ros-foxy-rcl-1.1.14/src/rcl/node.c:428'

rcutils_reset_error() should be called after error handling to avoid this.
<<<
[ERROR] [1787549419.556088224] [rcl]: Failed to fini publisher for node: 1
[manual-web-demo-worker] init failure: RCLError: Unknown error creating node: rcl node's rmw handle is invalid, at /tmp/binarydeb/ros-foxy-rcl-1.1.14/src/rcl/node.c:428
1787549421.493088 [0]    python3: config: //CycloneDDS/Domain/General: Interfaces: unknown element (file:///home/unitree/robotscene/runtime/go2w/cyclonedds_eth0.xml line 5)
1787549421.495996 [0]    python3: config: //CycloneDDS/Domain/Internal: SocketReceiveBufferSize: unknown element (line 17)
1787549421.496165 [0]    python3: config: //CycloneDDS/Domain/Internal: SocketSendBufferSize: unknown element (line 18)
[ERROR] [1787549421.496404256] [rmw_cyclonedds_cpp]: rmw_create_node: failed to create domain, error Error

>>> [rcutils|error_handling.c:108] rcutils_set_error_state()
This error state is being overwritten:

  'error not set, at /tmp/binarydeb/ros-foxy-rcl-1.1.14/src/rcl/node.c:276'

with this new error message:

  'rcl node's rmw handle is invalid, at /tmp/binarydeb/ros-foxy-rcl-1.1.14/src/rcl/node.c:428'

rcutils_reset_error() should be called after error handling to avoid this.
<<<
[ERROR] [1787549421.496646976] [rcl]: Failed to fini publisher for node: 1
[manual-web-demo-worker] init failure: RCLError: Unknown error creating node: rcl node's rmw handle is invalid, at /tmp/binarydeb/ros-foxy-rcl-1.1.14/src/rcl/node.c:428
1787549422.936277 [0]    python3: config: //CycloneDDS/Domain/General: Interfaces: unknown element (file:///home/unitree/robotscene/runtime/go2w/cyclonedds_eth0.xml line 5)
1787549422.936473 [0]    python3: config: //CycloneDDS/Domain/Internal: SocketReceiveBufferSize: unknown element (line 17)
1787549422.936539 [0]    python3: config: //CycloneDDS/Domain/Internal: SocketSendBufferSize: unknown element (line 18)
[ERROR] [1787549422.936690880] [rmw_cyclonedds_cpp]: rmw_create_node: failed to create domain, error Error

>>> [rcutils|error_handling.c:108] rcutils_set_error_state()
This error state is being overwritten:

  'error not set, at /tmp/binarydeb/ros-foxy-rcl-1.1.14/src/rcl/node.c:276'

with this new error message:

  'rcl node's rmw handle is invalid, at /tmp/binarydeb/ros-foxy-rcl-1.1.14/src/rcl/node.c:428'

rcutils_reset_error() should be called after error handling to avoid this.
<<<
[ERROR] [1787549422.936821408] [rcl]: Failed to fini publisher for node: 1
[manual-web-demo-worker] init failure: RCLError: Unknown error creating node: rcl node's rmw handle is invalid, at /tmp/binarydeb/ros-foxy-rcl-1.1.14/src/rcl/node.c:428
1787549425.417485 [0]    python3: config: //CycloneDDS/Domain/General: Interfaces: unknown element (file:///home/unitree/robotscene/runtime/go2w/cyclonedds_eth0.xml line 5)
1787549425.419554 [0]    python3: config: //CycloneDDS/Domain/Internal: SocketReceiveBufferSize: unknown element (line 17)
1787549425.419765 [0]    python3: config: //CycloneDDS/Domain/Internal: SocketSendBufferSize: unknown element (line 18)
[ERROR] [1787549425.419997376] [rmw_cyclonedds_cpp]: rmw_create_node: failed to create domain, error Error

>>> [rcutils|error_handling.c:108] rcutils_set_error_state()
This error state is being overwritten:

  'error not set, at /tmp/binarydeb/ros-foxy-rcl-1.1.14/src/rcl/node.c:276'

with this new error message:

  'rcl node's rmw handle is invalid, at /tmp/binarydeb/ros-foxy-rcl-1.1.14/src/rcl/node.c:428'

rcutils_reset_error() should be called after error handling to avoid this.
<<<
[ERROR] [1787549425.420573696] [rcl]: Failed to fini publisher for node: 1
[manual-web-demo-worker] init failure: RCLError: Unknown error creating node: rcl node's rmw handle is invalid, at /tmp/binarydeb/ros-foxy-rcl-1.1.14/src/rcl/node.c:428
1787549427.102883 [0]    python3: config: //CycloneDDS/Domain/General: Interfaces: unknown element (file:///home/unitree/robotscene/runtime/go2w/cyclonedds_eth0.xml line 5)
1787549427.103048 [0]    python3: config: //CycloneDDS/Domain/Internal: SocketReceiveBufferSize: unknown element (line 17)
1787549427.103069 [0]    python3: config: //CycloneDDS/Domain/Internal: SocketSendBufferSize: unknown element (line 18)
[ERROR] [1787549427.103191712] [rmw_cyclonedds_cpp]: rmw_create_node: failed to create domain, error Error

>>> [rcutils|error_handling.c:108] rcutils_set_error_state()
This error state is being overwritten:

  'error not set, at /tmp/binarydeb/ros-foxy-rcl-1.1.14/src/rcl/node.c:276'

with this new error message:

  'rcl node's rmw handle is invalid, at /tmp/binarydeb/ros-foxy-rcl-1.1.14/src/rcl/node.c:428'

rcutils_reset_error() should be called after error handling to avoid this.
<<<
[ERROR] [1787549427.103288032] [rcl]: Failed to fini publisher for node: 1
[manual-web-demo-worker] init failure: RCLError: Unknown error creating node: rcl node's rmw handle is invalid, at /tmp/binarydeb/ros-foxy-rcl-1.1.14/src/rcl/node.c:428
1787549428.939827 [0]    python3: config: //CycloneDDS/Domain/General: Interfaces: unknown element (file:///home/unitree/robotscene/runtime/go2w/cyclonedds_eth0.xml line 5)
1787549428.939964 [0]    python3: config: //CycloneDDS/Domain/Internal: SocketReceiveBufferSize: unknown element (line 17)
1787549428.939985 [0]    python3: config: //CycloneDDS/Domain/Internal: SocketSendBufferSize: unknown element (line 18)
[ERROR] [1787549428.940091712] [rmw_cyclonedds_cpp]: rmw_create_node: failed to create domain, error Error

>>> [rcutils|error_handling.c:108] rcutils_set_error_state()
This error state is being overwritten:

  'error not set, at /tmp/binarydeb/ros-foxy-rcl-1.1.14/src/rcl/node.c:276'

with this new error message:

  'rcl node's rmw handle is invalid, at /tmp/binarydeb/ros-foxy-rcl-1.1.14/src/rcl/node.c:428'

rcutils_reset_error() should be called after error handling to avoid this.
<<<
[ERROR] [1787549428.940186816] [rcl]: Failed to fini publisher for node: 1
[manual-web-demo-worker] init failure: RCLError: Unknown error creating node: rcl node's rmw handle is invalid, at /tmp/binarydeb/ros-foxy-rcl-1.1.14/src/rcl/node.c:428
1787549430.935574 [0]    python3: config: //CycloneDDS/Domain/General: Interfaces: unknown element (file:///home/unitree/robotscene/runtime/go2w/cyclonedds_eth0.xml line 5)
1787549430.935867 [0]    python3: config: //CycloneDDS/Domain/Internal: SocketReceiveBufferSize: unknown element (line 17)
1787549430.935952 [0]    python3: config: //CycloneDDS/Domain/Internal: SocketSendBufferSize: unknown element (line 18)
[ERROR] [1787549430.936134304] [rmw_cyclonedds_cpp]: rmw_create_node: failed to create domain, error Error

>>> [rcutils|error_handling.c:108] rcutils_set_error_state()
This error state is being overwritten:

  'error not set, at /tmp/binarydeb/ros-foxy-rcl-1.1.14/src/rcl/node.c:276'

with this new error message:

  'rcl node's rmw handle is invalid, at /tmp/binarydeb/ros-foxy-rcl-1.1.14/src/rcl/node.c:428'

rcutils_reset_error() should be called after error handling to avoid this.
<<<
[ERROR] [1787549430.936371776] [rcl]: Failed to fini publisher for node: 1
[manual-web-demo-worker] init failure: RCLError: Unknown error creating node: rcl node's rmw handle is invalid, at /tmp/binarydeb/ros-foxy-rcl-1.1.14/src/rcl/node.c:428
1787549433.227725 [0]    python3: config: //CycloneDDS/Domain/General: Interfaces: unknown element (file:///home/unitree/robotscene/runtime/go2w/cyclonedds_eth0.xml line 5)
1787549433.227938 [0]    python3: config: //CycloneDDS/Domain/Internal: SocketReceiveBufferSize: unknown element (line 17)
1787549433.227962 [0]    python3: config: //CycloneDDS/Domain/Internal: SocketSendBufferSize: unknown element (line 18)
[ERROR] [1787549433.228097344] [rmw_cyclonedds_cpp]: rmw_create_node: failed to create domain, error Error

>>> [rcutils|error_handling.c:108] rcutils_set_error_state()
This error state is being overwritten:

  'error not set, at /tmp/binarydeb/ros-foxy-rcl-1.1.14/src/rcl/node.c:276'

with this new error message:

  'rcl node's rmw handle is invalid, at /tmp/binarydeb/ros-foxy-rcl-1.1.14/src/rcl/node.c:428'

rcutils_reset_error() should be called after error handling to avoid this.
<<<
[ERROR] [1787549433.228203168] [rcl]: Failed to fini publisher for node: 1
[manual-web-demo-worker] init failure: RCLError: Unknown error creating node: rcl node's rmw handle is invalid, at /tmp/binarydeb/ros-foxy-rcl-1.1.14/src/rcl/node.c:428
1787549435.793449 [0]    python3: config: //CycloneDDS/Domain/General: Interfaces: unknown element (file:///home/unitree/robotscene/runtime/go2w/cyclonedds_eth0.xml line 5)
1787549435.793745 [0]    python3: config: //CycloneDDS/Domain/Internal: SocketReceiveBufferSize: unknown element (line 17)
1787549435.793840 [0]    python3: config: //CycloneDDS/Domain/Internal: SocketSendBufferSize: unknown element (line 18)
[ERROR] [1787549435.794026976] [rmw_cyclonedds_cpp]: rmw_create_node: failed to create domain, error Error

>>> [rcutils|error_handling.c:108] rcutils_set_error_state()
This error state is being overwritten:

  'error not set, at /tmp/binarydeb/ros-foxy-rcl-1.1.14/src/rcl/node.c:276'

with this new error message:

  'rcl node's rmw handle is invalid, at /tmp/binarydeb/ros-foxy-rcl-1.1.14/src/rcl/node.c:428'

rcutils_reset_error() should be called after error handling to avoid this.
<<<
[ERROR] [1787549435.794247552] [rcl]: Failed to fini publisher for node: 1
[manual-web-demo-worker] init failure: RCLError: Unknown error creating node: rcl node's rmw handle is invalid, at /tmp/binarydeb/ros-foxy-rcl-1.1.14/src/rcl/node.c:428
1787549437.638729 [0]    python3: config: //CycloneDDS/Domain/General: Interfaces: unknown element (file:///home/unitree/robotscene/runtime/go2w/cyclonedds_eth0.xml line 5)
1787549437.639012 [0]    python3: config: //CycloneDDS/Domain/Internal: SocketReceiveBufferSize: unknown element (line 17)
1787549437.639106 [0]    python3: config: //CycloneDDS/Domain/Internal: SocketSendBufferSize: unknown element (line 18)
[ERROR] [1787549437.639288800] [rmw_cyclonedds_cpp]: rmw_create_node: failed to create domain, error Error

>>> [rcutils|error_handling.c:108] rcutils_set_error_state()
This error state is being overwritten:

  'error not set, at /tmp/binarydeb/ros-foxy-rcl-1.1.14/src/rcl/node.c:276'

with this new error message:

  'rcl node's rmw handle is invalid, at /tmp/binarydeb/ros-foxy-rcl-1.1.14/src/rcl/node.c:428'

rcutils_reset_error() should be called after error handling to avoid this.
<<<
[ERROR] [1787549437.639511456] [rcl]: Failed to fini publisher for node: 1
[manual-web-demo-worker] init failure: RCLError: Unknown error creating node: rcl node's rmw handle is invalid, at /tmp/binarydeb/ros-foxy-rcl-1.1.14/src/rcl/node.c:428
1787549439.104061 [0]    python3: config: //CycloneDDS/Domain/General: Interfaces: unknown element (file:///home/unitree/robotscene/runtime/go2w/cyclonedds_eth0.xml line 5)
1787549439.111678 [0]    python3: config: //CycloneDDS/Domain/Internal: SocketReceiveBufferSize: unknown element (line 17)
1787549439.112089 [0]    python3: config: //CycloneDDS/Domain/Internal: SocketSendBufferSize: unknown element (line 18)
[ERROR] [1787549439.112397632] [rmw_cyclonedds_cpp]: rmw_create_node: failed to create domain, error Error

>>> [rcutils|error_handling.c:108] rcutils_set_error_state()
This error state is being overwritten:

  'error not set, at /tmp/binarydeb/ros-foxy-rcl-1.1.14/src/rcl/node.c:276'

with this new error message:

  'rcl node's rmw handle is invalid, at /tmp/binarydeb/ros-foxy-rcl-1.1.14/src/rcl/node.c:428'

rcutils_reset_error() should be called after error handling to avoid this.
<<<
[ERROR] [1787549439.113022208] [rcl]: Failed to fini publisher for node: 1
[manual-web-demo-worker] init failure: RCLError: Unknown error creating node: rcl node's rmw handle is invalid, at /tmp/binarydeb/ros-foxy-rcl-1.1.14/src/rcl/node.c:428
1787549441.248904 [0]    python3: config: //CycloneDDS/Domain/General: Interfaces: unknown element (file:///home/unitree/robotscene/runtime/go2w/cyclonedds_eth0.xml line 5)
1787549441.249234 [0]    python3: config: //CycloneDDS/Domain/Internal: SocketReceiveBufferSize: unknown element (line 17)
1787549441.249336 [0]    python3: config: //CycloneDDS/Domain/Internal: SocketSendBufferSize: unknown element (line 18)
[ERROR] [1787549441.249549472] [rmw_cyclonedds_cpp]: rmw_create_node: failed to create domain, error Error

>>> [rcutils|error_handling.c:108] rcutils_set_error_state()
This error state is being overwritten:

  'error not set, at /tmp/binarydeb/ros-foxy-rcl-1.1.14/src/rcl/node.c:276'

with this new error message:

  'rcl node's rmw handle is invalid, at /tmp/binarydeb/ros-foxy-rcl-1.1.14/src/rcl/node.c:428'

rcutils_reset_error() should be called after error handling to avoid this.
<<<
[ERROR] [1787549441.249809760] [rcl]: Failed to fini publisher for node: 1
[manual-web-demo-worker] init failure: RCLError: Unknown error creating node: rcl node's rmw handle is invalid, at /tmp/binarydeb/ros-foxy-rcl-1.1.14/src/rcl/node.c:428
1787549442.997607 [0]    python3: config: //CycloneDDS/Domain/General: Interfaces: unknown element (file:///home/unitree/robotscene/runtime/go2w/cyclonedds_eth0.xml line 5)
1787549442.997770 [0]    python3: config: //CycloneDDS/Domain/Internal: SocketReceiveBufferSize: unknown element (line 17)
1787549442.997801 [0]    python3: config: //CycloneDDS/Domain/Internal: SocketSendBufferSize: unknown element (line 18)
[ERROR] [1787549442.997930336] [rmw_cyclonedds_cpp]: rmw_create_node: failed to create domain, error Error

>>> [rcutils|error_handling.c:108] rcutils_set_error_state()
This error state is being overwritten:

  'error not set, at /tmp/binarydeb/ros-foxy-rcl-1.1.14/src/rcl/node.c:276'

with this new error message:

  'rcl node's rmw handle is invalid, at /tmp/binarydeb/ros-foxy-rcl-1.1.14/src/rcl/node.c:428'

rcutils_reset_error() should be called after error handling to avoid this.
<<<
[ERROR] [1787549442.998057216] [rcl]: Failed to fini publisher for node: 1
[manual-web-demo-worker] init failure: RCLError: Unknown error creating node: rcl node's rmw handle is invalid, at /tmp/binarydeb/ros-foxy-rcl-1.1.14/src/rcl/node.c:428
1787549445.531527 [0]    python3: config: //CycloneDDS/Domain/General: Interfaces: unknown element (file:///home/unitree/robotscene/runtime/go2w/cyclonedds_eth0.xml line 5)
1787549445.531716 [0]    python3: config: //CycloneDDS/Domain/Internal: SocketReceiveBufferSize: unknown element (line 17)
1787549445.531736 [0]    python3: config: //CycloneDDS/Domain/Internal: SocketSendBufferSize: unknown element (line 18)
[ERROR] [1787549445.531944032] [rmw_cyclonedds_cpp]: rmw_create_node: failed to create domain, error Error

>>> [rcutils|error_handling.c:108] rcutils_set_error_state()
This error state is being overwritten:

  'error not set, at /tmp/binarydeb/ros-foxy-rcl-1.1.14/src/rcl/node.c:276'

with this new error message:

  'rcl node's rmw handle is invalid, at /tmp/binarydeb/ros-foxy-rcl-1.1.14/src/rcl/node.c:428'

rcutils_reset_error() should be called after error handling to avoid this.
<<<
[ERROR] [1787549445.532043200] [rcl]: Failed to fini publisher for node: 1
[manual-web-demo-worker] init failure: RCLError: Unknown error creating node: rcl node's rmw handle is invalid, at /tmp/binarydeb/ros-foxy-rcl-1.1.14/src/rcl/node.c:428
1787549447.978008 [0]    python3: config: //CycloneDDS/Domain/General: Interfaces: unknown element (file:///home/unitree/robotscene/runtime/go2w/cyclonedds_eth0.xml line 5)
1787549447.978365 [0]    python3: config: //CycloneDDS/Domain/Internal: SocketReceiveBufferSize: unknown element (line 17)
1787549447.978473 [0]    python3: config: //CycloneDDS/Domain/Internal: SocketSendBufferSize: unknown element (line 18)
[ERROR] [1787549447.978721600] [rmw_cyclonedds_cpp]: rmw_create_node: failed to create domain, error Error

>>> [rcutils|error_handling.c:108] rcutils_set_error_state()
This error state is being overwritten:

  'error not set, at /tmp/binarydeb/ros-foxy-rcl-1.1.14/src/rcl/node.c:276'

with this new error message:

  'rcl node's rmw handle is invalid, at /tmp/binarydeb/ros-foxy-rcl-1.1.14/src/rcl/node.c:428'

rcutils_reset_error() should be called after error handling to avoid this.
<<<
[ERROR] [1787549447.978999840] [rcl]: Failed to fini publisher for node: 1
[manual-web-demo-worker] init failure: RCLError: Unknown error creating node: rcl node's rmw handle is invalid, at /tmp/binarydeb/ros-foxy-rcl-1.1.14/src/rcl/node.c:428
1787549449.609708 [0]    python3: config: //CycloneDDS/Domain/General: Interfaces: unknown element (file:///home/unitree/robotscene/runtime/go2w/cyclonedds_eth0.xml line 5)
1787549449.609855 [0]    python3: config: //CycloneDDS/Domain/Internal: SocketReceiveBufferSize: unknown element (line 17)
1787549449.609876 [0]    python3: config: //CycloneDDS/Domain/Internal: SocketSendBufferSize: unknown element (line 18)
[ERROR] [1787549449.610035168] [rmw_cyclonedds_cpp]: rmw_create_node: failed to create domain, error Error

>>> [rcutils|error_handling.c:108] rcutils_set_error_state()
This error state is being overwritten:

  'error not set, at /tmp/binarydeb/ros-foxy-rcl-1.1.14/src/rcl/node.c:276'

with this new error message:

  'rcl node's rmw handle is invalid, at /tmp/binarydeb/ros-foxy-rcl-1.1.14/src/rcl/node.c:428'

rcutils_reset_error() should be called after error handling to avoid this.
<<<
[ERROR] [1787549449.610166272] [rcl]: Failed to fini publisher for node: 1
[manual-web-demo-worker] init failure: RCLError: Unknown error creating node: rcl node's rmw handle is invalid, at /tmp/binarydeb/ros-foxy-rcl-1.1.14/src/rcl/node.c:428
1787549451.478563 [0]    python3: config: //CycloneDDS/Domain/General: Interfaces: unknown element (file:///home/unitree/robotscene/runtime/go2w/cyclonedds_eth0.xml line 5)
1787549451.478720 [0]    python3: config: //CycloneDDS/Domain/Internal: SocketReceiveBufferSize: unknown element (line 17)
1787549451.478741 [0]    python3: config: //CycloneDDS/Domain/Internal: SocketSendBufferSize: unknown element (line 18)
[ERROR] [1787549451.478845248] [rmw_cyclonedds_cpp]: rmw_create_node: failed to create domain, error Error

>>> [rcutils|error_handling.c:108] rcutils_set_error_state()
This error state is being overwritten:

  'error not set, at /tmp/binarydeb/ros-foxy-rcl-1.1.14/src/rcl/node.c:276'

with this new error message:

  'rcl node's rmw handle is invalid, at /tmp/binarydeb/ros-foxy-rcl-1.1.14/src/rcl/node.c:428'

rcutils_reset_error() should be called after error handling to avoid this.
<<<
[ERROR] [1787549451.478939840] [rcl]: Failed to fini publisher for node: 1
[manual-web-demo-worker] init failure: RCLError: Unknown error creating node: rcl node's rmw handle is invalid, at /tmp/binarydeb/ros-foxy-rcl-1.1.14/src/rcl/node.c:428
1787549453.829217 [0]    python3: config: //CycloneDDS/Domain/General: Interfaces: unknown element (file:///home/unitree/robotscene/runtime/go2w/cyclonedds_eth0.xml line 5)
1787549453.829518 [0]    python3: config: //CycloneDDS/Domain/Internal: SocketReceiveBufferSize: unknown element (line 17)
1787549453.829614 [0]    python3: config: //CycloneDDS/Domain/Internal: SocketSendBufferSize: unknown element (line 18)
[ERROR] [1787549453.829806240] [rmw_cyclonedds_cpp]: rmw_create_node: failed to create domain, error Error

>>> [rcutils|error_handling.c:108] rcutils_set_error_state()
This error state is being overwritten:

  'error not set, at /tmp/binarydeb/ros-foxy-rcl-1.1.14/src/rcl/node.c:276'

with this new error message:

  'rcl node's rmw handle is invalid, at /tmp/binarydeb/ros-foxy-rcl-1.1.14/src/rcl/node.c:428'

rcutils_reset_error() should be called after error handling to avoid this.
<<<
[ERROR] [1787549453.830070816] [rcl]: Failed to fini publisher for node: 1
[manual-web-demo-worker] init failure: RCLError: Unknown error creating node: rcl node's rmw handle is invalid, at /tmp/binarydeb/ros-foxy-rcl-1.1.14/src/rcl/node.c:428
1787549456.147206 [0]    python3: config: //CycloneDDS/Domain/General: Interfaces: unknown element (file:///home/unitree/robotscene/runtime/go2w/cyclonedds_eth0.xml line 5)
1787549456.147356 [0]    python3: config: //CycloneDDS/Domain/Internal: SocketReceiveBufferSize: unknown element (line 17)
1787549456.147377 [0]    python3: config: //CycloneDDS/Domain/Internal: SocketSendBufferSize: unknown element (line 18)
[ERROR] [1787549456.149300256] [rmw_cyclonedds_cpp]: rmw_create_node: failed to create domain, error Error

>>> [rcutils|error_handling.c:108] rcutils_set_error_state()
This error state is being overwritten:

  'error not set, at /tmp/binarydeb/ros-foxy-rcl-1.1.14/src/rcl/node.c:276'

with this new error message:

  'rcl node's rmw handle is invalid, at /tmp/binarydeb/ros-foxy-rcl-1.1.14/src/rcl/node.c:428'

rcutils_reset_error() should be called after error handling to avoid this.
<<<
[ERROR] [1787549456.149433952] [rcl]: Failed to fini publisher for node: 1
[manual-web-demo-worker] init failure: RCLError: Unknown error creating node: rcl node's rmw handle is invalid, at /tmp/binarydeb/ros-foxy-rcl-1.1.14/src/rcl/node.c:428
1787549457.664445 [0]    python3: config: //CycloneDDS/Domain/General: Interfaces: unknown element (file:///home/unitree/robotscene/runtime/go2w/cyclonedds_eth0.xml line 5)
1787549457.664628 [0]    python3: config: //CycloneDDS/Domain/Internal: SocketReceiveBufferSize: unknown element (line 17)
1787549457.664651 [0]    python3: config: //CycloneDDS/Domain/Internal: SocketSendBufferSize: unknown element (line 18)
[ERROR] [1787549457.664800672] [rmw_cyclonedds_cpp]: rmw_create_node: failed to create domain, error Error

>>> [rcutils|error_handling.c:108] rcutils_set_error_state()
This error state is being overwritten:

  'error not set, at /tmp/binarydeb/ros-foxy-rcl-1.1.14/src/rcl/node.c:276'

with this new error message:

  'rcl node's rmw handle is invalid, at /tmp/binarydeb/ros-foxy-rcl-1.1.14/src/rcl/node.c:428'

rcutils_reset_error() should be called after error handling to avoid this.
<<<
[ERROR] [1787549457.664897024] [rcl]: Failed to fini publisher for node: 1
[manual-web-demo-worker] init failure: RCLError: Unknown error creating node: rcl node's rmw handle is invalid, at /tmp/binarydeb/ros-foxy-rcl-1.1.14/src/rcl/node.c:428
1787549460.073389 [0]    python3: config: //CycloneDDS/Domain/General: Interfaces: unknown element (file:///home/unitree/robotscene/runtime/go2w/cyclonedds_eth0.xml line 5)
1787549460.073841 [0]    python3: config: //CycloneDDS/Domain/Internal: SocketReceiveBufferSize: unknown element (line 17)
1787549460.073948 [0]    python3: config: //CycloneDDS/Domain/Internal: SocketSendBufferSize: unknown element (line 18)
[ERROR] [1787549460.074204320] [rmw_cyclonedds_cpp]: rmw_create_node: failed to create domain, error Error

>>> [rcutils|error_handling.c:108] rcutils_set_error_state()
This error state is being overwritten:

  'error not set, at /tmp/binarydeb/ros-foxy-rcl-1.1.14/src/rcl/node.c:276'

with this new error message:

  'rcl node's rmw handle is invalid, at /tmp/binarydeb/ros-foxy-rcl-1.1.14/src/rcl/node.c:428'

rcutils_reset_error() should be called after error handling to avoid this.
<<<
[ERROR] [1787549460.074571584] [rcl]: Failed to fini publisher for node: 1
[manual-web-demo-worker] init failure: RCLError: Unknown error creating node: rcl node's rmw handle is invalid, at /tmp/binarydeb/ros-foxy-rcl-1.1.14/src/rcl/node.c:428
1787549461.344451 [0]    python3: config: //CycloneDDS/Domain/General: Interfaces: unknown element (file:///home/unitree/robotscene/runtime/go2w/cyclonedds_eth0.xml line 5)
1787549461.344639 [0]    python3: config: //CycloneDDS/Domain/Internal: SocketReceiveBufferSize: unknown element (line 17)
1787549461.344693 [0]    python3: config: //CycloneDDS/Domain/Internal: SocketSendBufferSize: unknown element (line 18)
[ERROR] [1787549461.344807616] [rmw_cyclonedds_cpp]: rmw_create_node: failed to create domain, error Error

>>> [rcutils|error_handling.c:108] rcutils_set_error_state()
This error state is being overwritten:

  'error not set, at /tmp/binarydeb/ros-foxy-rcl-1.1.14/src/rcl/node.c:276'

with this new error message:

  'rcl node's rmw handle is invalid, at /tmp/binarydeb/ros-foxy-rcl-1.1.14/src/rcl/node.c:428'

rcutils_reset_error() should be called after error handling to avoid this.
<<<
[ERROR] [1787549461.344919296] [rcl]: Failed to fini publisher for node: 1
[manual-web-demo-worker] init failure: RCLError: Unknown error creating node: rcl node's rmw handle is invalid, at /tmp/binarydeb/ros-foxy-rcl-1.1.14/src/rcl/node.c:428
1787549463.713561 [0]    python3: config: //CycloneDDS/Domain/General: Interfaces: unknown element (file:///home/unitree/robotscene/runtime/go2w/cyclonedds_eth0.xml line 5)
1787549463.713711 [0]    python3: config: //CycloneDDS/Domain/Internal: SocketReceiveBufferSize: unknown element (line 17)
1787549463.713730 [0]    python3: config: //CycloneDDS/Domain/Internal: SocketSendBufferSize: unknown element (line 18)
[ERROR] [1787549463.713836736] [rmw_cyclonedds_cpp]: rmw_create_node: failed to create domain, error Error

>>> [rcutils|error_handling.c:108] rcutils_set_error_state()
This error state is being overwritten:

  'error not set, at /tmp/binarydeb/ros-foxy-rcl-1.1.14/src/rcl/node.c:276'

with this new error message:

  'rcl node's rmw handle is invalid, at /tmp/binarydeb/ros-foxy-rcl-1.1.14/src/rcl/node.c:428'

rcutils_reset_error() should be called after error handling to avoid this.
<<<
[ERROR] [1787549463.713939168] [rcl]: Failed to fini publisher for node: 1
[manual-web-demo-worker] init failure: RCLError: Unknown error creating node: rcl node's rmw handle is invalid, at /tmp/binarydeb/ros-foxy-rcl-1.1.14/src/rcl/node.c:428
1787549466.129286 [0]    python3: config: //CycloneDDS/Domain/General: Interfaces: unknown element (file:///home/unitree/robotscene/runtime/go2w/cyclonedds_eth0.xml line 5)
1787549466.143279 [0]    python3: config: //CycloneDDS/Domain/Internal: SocketReceiveBufferSize: unknown element (line 17)
1787549466.143538 [0]    python3: config: //CycloneDDS/Domain/Internal: SocketSendBufferSize: unknown element (line 18)
[ERROR] [1787549466.143786144] [rmw_cyclonedds_cpp]: rmw_create_node: failed to create domain, error Error

>>> [rcutils|error_handling.c:108] rcutils_set_error_state()
This error state is being overwritten:

  'error not set, at /tmp/binarydeb/ros-foxy-rcl-1.1.14/src/rcl/node.c:276'

with this new error message:

  'rcl node's rmw handle is invalid, at /tmp/binarydeb/ros-foxy-rcl-1.1.14/src/rcl/node.c:428'

rcutils_reset_error() should be called after error handling to avoid this.
<<<
[ERROR] [1787549466.144517024] [rcl]: Failed to fini publisher for node: 1
[manual-web-demo-worker] init failure: RCLError: Unknown error creating node: rcl node's rmw handle is invalid, at /tmp/binarydeb/ros-foxy-rcl-1.1.14/src/rcl/node.c:428
1787549467.932907 [0]    python3: config: //CycloneDDS/Domain/General: Interfaces: unknown element (file:///home/unitree/robotscene/runtime/go2w/cyclonedds_eth0.xml line 5)
1787549467.933057 [0]    python3: config: //CycloneDDS/Domain/Internal: SocketReceiveBufferSize: unknown element (line 17)
1787549467.933078 [0]    python3: config: //CycloneDDS/Domain/Internal: SocketSendBufferSize: unknown element (line 18)
[ERROR] [1787549467.933208896] [rmw_cyclonedds_cpp]: rmw_create_node: failed to create domain, error Error

>>> [rcutils|error_handling.c:108] rcutils_set_error_state()
This error state is being overwritten:

  'error not set, at /tmp/binarydeb/ros-foxy-rcl-1.1.14/src/rcl/node.c:276'

with this new error message:

  'rcl node's rmw handle is invalid, at /tmp/binarydeb/ros-foxy-rcl-1.1.14/src/rcl/node.c:428'

rcutils_reset_error() should be called after error handling to avoid this.
<<<
[ERROR] [1787549467.933330528] [rcl]: Failed to fini publisher for node: 1
[manual-web-demo-worker] init failure: RCLError: Unknown error creating node: rcl node's rmw handle is invalid, at /tmp/binarydeb/ros-foxy-rcl-1.1.14/src/rcl/node.c:428
1787549469.508147 [0]    python3: config: //CycloneDDS/Domain/General: Interfaces: unknown element (file:///home/unitree/robotscene/runtime/go2w/cyclonedds_eth0.xml line 5)
1787549469.508353 [0]    python3: config: //CycloneDDS/Domain/Internal: SocketReceiveBufferSize: unknown element (line 17)
1787549469.508381 [0]    python3: config: //CycloneDDS/Domain/Internal: SocketSendBufferSize: unknown element (line 18)
[ERROR] [1787549469.508507296] [rmw_cyclonedds_cpp]: rmw_create_node: failed to create domain, error Error

>>> [rcutils|error_handling.c:108] rcutils_set_error_state()
This error state is being overwritten:

  'error not set, at /tmp/binarydeb/ros-foxy-rcl-1.1.14/src/rcl/node.c:276'

with this new error message:

  'rcl node's rmw handle is invalid, at /tmp/binarydeb/ros-foxy-rcl-1.1.14/src/rcl/node.c:428'

rcutils_reset_error() should be called after error handling to avoid this.
<<<
[ERROR] [1787549469.508602624] [rcl]: Failed to fini publisher for node: 1
[manual-web-demo-worker] init failure: RCLError: Unknown error creating node: rcl node's rmw handle is invalid, at /tmp/binarydeb/ros-foxy-rcl-1.1.14/src/rcl/node.c:428
1787549472.193718 [0]    python3: config: //CycloneDDS/Domain/General: Interfaces: unknown element (file:///home/unitree/robotscene/runtime/go2w/cyclonedds_eth0.xml line 5)
1787549472.193878 [0]    python3: config: //CycloneDDS/Domain/Internal: SocketReceiveBufferSize: unknown element (line 17)
1787549472.193898 [0]    python3: config: //CycloneDDS/Domain/Internal: SocketSendBufferSize: unknown element (line 18)
[ERROR] [1787549472.196104512] [rmw_cyclonedds_cpp]: rmw_create_node: failed to create domain, error Error

>>> [rcutils|error_handling.c:108] rcutils_set_error_state()
This error state is being overwritten:

  'error not set, at /tmp/binarydeb/ros-foxy-rcl-1.1.14/src/rcl/node.c:276'

with this new error message:

  'rcl node's rmw handle is invalid, at /tmp/binarydeb/ros-foxy-rcl-1.1.14/src/rcl/node.c:428'

rcutils_reset_error() should be called after error handling to avoid this.
<<<
[ERROR] [1787549472.196209184] [rcl]: Failed to fini publisher for node: 1
[manual-web-demo-worker] init failure: RCLError: Unknown error creating node: rcl node's rmw handle is invalid, at /tmp/binarydeb/ros-foxy-rcl-1.1.14/src/rcl/node.c:428
1787549474.081989 [0]    python3: config: //CycloneDDS/Domain/General: Interfaces: unknown element (file:///home/unitree/robotscene/runtime/go2w/cyclonedds_eth0.xml line 5)
1787549474.083117 [0]    python3: config: //CycloneDDS/Domain/Internal: SocketReceiveBufferSize: unknown element (line 17)
1787549474.083158 [0]    python3: config: //CycloneDDS/Domain/Internal: SocketSendBufferSize: unknown element (line 18)
[ERROR] [1787549474.083492896] [rmw_cyclonedds_cpp]: rmw_create_node: failed to create domain, error Error

>>> [rcutils|error_handling.c:108] rcutils_set_error_state()
This error state is being overwritten:

  'error not set, at /tmp/binarydeb/ros-foxy-rcl-1.1.14/src/rcl/node.c:276'

with this new error message:

  'rcl node's rmw handle is invalid, at /tmp/binarydeb/ros-foxy-rcl-1.1.14/src/rcl/node.c:428'

rcutils_reset_error() should be called after error handling to avoid this.
<<<
[ERROR] [1787549474.083600416] [rcl]: Failed to fini publisher for node: 1
[manual-web-demo-worker] init failure: RCLError: Unknown error creating node: rcl node's rmw handle is invalid, at /tmp/binarydeb/ros-foxy-rcl-1.1.14/src/rcl/node.c:428
1787549475.566367 [0]    python3: config: //CycloneDDS/Domain/General: Interfaces: unknown element (file:///home/unitree/robotscene/runtime/go2w/cyclonedds_eth0.xml line 5)
1787549475.566693 [0]    python3: config: //CycloneDDS/Domain/Internal: SocketReceiveBufferSize: unknown element (line 17)
1787549475.566797 [0]    python3: config: //CycloneDDS/Domain/Internal: SocketSendBufferSize: unknown element (line 18)
[ERROR] [1787549475.567035680] [rmw_cyclonedds_cpp]: rmw_create_node: failed to create domain, error Error

>>> [rcutils|error_handling.c:108] rcutils_set_error_state()
This error state is being overwritten:

  'error not set, at /tmp/binarydeb/ros-foxy-rcl-1.1.14/src/rcl/node.c:276'

with this new error message:

  'rcl node's rmw handle is invalid, at /tmp/binarydeb/ros-foxy-rcl-1.1.14/src/rcl/node.c:428'

rcutils_reset_error() should be called after error handling to avoid this.
<<<
[ERROR] [1787549475.567266848] [rcl]: Failed to fini publisher for node: 1
[manual-web-demo-worker] init failure: RCLError: Unknown error creating node: rcl node's rmw handle is invalid, at /tmp/binarydeb/ros-foxy-rcl-1.1.14/src/rcl/node.c:428
1787549478.557202 [0]    python3: config: //CycloneDDS/Domain/General: Interfaces: unknown element (file:///home/unitree/robotscene/runtime/go2w/cyclonedds_eth0.xml line 5)
1787549478.557417 [0]    python3: config: //CycloneDDS/Domain/Internal: SocketReceiveBufferSize: unknown element (line 17)
1787549478.557437 [0]    python3: config: //CycloneDDS/Domain/Internal: SocketSendBufferSize: unknown element (line 18)
[ERROR] [1787549478.557578016] [rmw_cyclonedds_cpp]: rmw_create_node: failed to create domain, error Error

>>> [rcutils|error_handling.c:108] rcutils_set_error_state()
This error state is being overwritten:

  'error not set, at /tmp/binarydeb/ros-foxy-rcl-1.1.14/src/rcl/node.c:276'

with this new error message:

  'rcl node's rmw handle is invalid, at /tmp/binarydeb/ros-foxy-rcl-1.1.14/src/rcl/node.c:428'

rcutils_reset_error() should be called after error handling to avoid this.
<<<
[ERROR] [1787549478.557711808] [rcl]: Failed to fini publisher for node: 1
[manual-web-demo-worker] init failure: RCLError: Unknown error creating node: rcl node's rmw handle is invalid, at /tmp/binarydeb/ros-foxy-rcl-1.1.14/src/rcl/node.c:428
1787549479.879327 [0]    python3: config: //CycloneDDS/Domain/General: Interfaces: unknown element (file:///home/unitree/robotscene/runtime/go2w/cyclonedds_eth0.xml line 5)
1787549479.891415 [0]    python3: config: //CycloneDDS/Domain/Internal: SocketReceiveBufferSize: unknown element (line 17)
1787549479.891665 [0]    python3: config: //CycloneDDS/Domain/Internal: SocketSendBufferSize: unknown element (line 18)
[ERROR] [1787549479.891897984] [rmw_cyclonedds_cpp]: rmw_create_node: failed to create domain, error Error

>>> [rcutils|error_handling.c:108] rcutils_set_error_state()
This error state is being overwritten:

  'error not set, at /tmp/binarydeb/ros-foxy-rcl-1.1.14/src/rcl/node.c:276'

with this new error message:

  'rcl node's rmw handle is invalid, at /tmp/binarydeb/ros-foxy-rcl-1.1.14/src/rcl/node.c:428'

rcutils_reset_error() should be called after error handling to avoid this.
<<<
[ERROR] [1787549479.892147136] [rcl]: Failed to fini publisher for node: 1
[manual-web-demo-worker] init failure: RCLError: Unknown error creating node: rcl node's rmw handle is invalid, at /tmp/binarydeb/ros-foxy-rcl-1.1.14/src/rcl/node.c:428
1787549482.447657 [0]    python3: config: //CycloneDDS/Domain/General: Interfaces: unknown element (file:///home/unitree/robotscene/runtime/go2w/cyclonedds_eth0.xml line 5)
1787549482.453201 [0]    python3: config: //CycloneDDS/Domain/Internal: SocketReceiveBufferSize: unknown element (line 17)
1787549482.453674 [0]    python3: config: //CycloneDDS/Domain/Internal: SocketSendBufferSize: unknown element (line 18)
[ERROR] [1787549482.454061120] [rmw_cyclonedds_cpp]: rmw_create_node: failed to create domain, error Error

>>> [rcutils|error_handling.c:108] rcutils_set_error_state()
This error state is being overwritten:

  'error not set, at /tmp/binarydeb/ros-foxy-rcl-1.1.14/src/rcl/node.c:276'

with this new error message:

  'rcl node's rmw handle is invalid, at /tmp/binarydeb/ros-foxy-rcl-1.1.14/src/rcl/node.c:428'

rcutils_reset_error() should be called after error handling to avoid this.
<<<
[ERROR] [1787549482.454692960] [rcl]: Failed to fini publisher for node: 1
[manual-web-demo-worker] init failure: RCLError: Unknown error creating node: rcl node's rmw handle is invalid, at /tmp/binarydeb/ros-foxy-rcl-1.1.14/src/rcl/node.c:428
1787549484.121152 [0]    python3: config: //CycloneDDS/Domain/General: Interfaces: unknown element (file:///home/unitree/robotscene/runtime/go2w/cyclonedds_eth0.xml line 5)
1787549484.121323 [0]    python3: config: //CycloneDDS/Domain/Internal: SocketReceiveBufferSize: unknown element (line 17)
1787549484.121346 [0]    python3: config: //CycloneDDS/Domain/Internal: SocketSendBufferSize: unknown element (line 18)
[ERROR] [1787549484.121463456] [rmw_cyclonedds_cpp]: rmw_create_node: failed to create domain, error Error

>>> [rcutils|error_handling.c:108] rcutils_set_error_state()
This error state is being overwritten:

  'error not set, at /tmp/binarydeb/ros-foxy-rcl-1.1.14/src/rcl/node.c:276'

with this new error message:

  'rcl node's rmw handle is invalid, at /tmp/binarydeb/ros-foxy-rcl-1.1.14/src/rcl/node.c:428'

rcutils_reset_error() should be called after error handling to avoid this.
<<<
[ERROR] [1787549484.124905152] [rcl]: Failed to fini publisher for node: 1
[manual-web-demo-worker] init failure: RCLError: Unknown error creating node: rcl node's rmw handle is invalid, at /tmp/binarydeb/ros-foxy-rcl-1.1.14/src/rcl/node.c:428
1787549486.070099 [0]    python3: config: //CycloneDDS/Domain/General: Interfaces: unknown element (file:///home/unitree/robotscene/runtime/go2w/cyclonedds_eth0.xml line 5)
1787549486.070246 [0]    python3: config: //CycloneDDS/Domain/Internal: SocketReceiveBufferSize: unknown element (line 17)
1787549486.070268 [0]    python3: config: //CycloneDDS/Domain/Internal: SocketSendBufferSize: unknown element (line 18)
[ERROR] [1787549486.070412608] [rmw_cyclonedds_cpp]: rmw_create_node: failed to create domain, error Error

>>> [rcutils|error_handling.c:108] rcutils_set_error_state()
This error state is being overwritten:

  'error not set, at /tmp/binarydeb/ros-foxy-rcl-1.1.14/src/rcl/node.c:276'

with this new error message:

  'rcl node's rmw handle is invalid, at /tmp/binarydeb/ros-foxy-rcl-1.1.14/src/rcl/node.c:428'

rcutils_reset_error() should be called after error handling to avoid this.
<<<
[ERROR] [1787549486.070513088] [rcl]: Failed to fini publisher for node: 1
[manual-web-demo-worker] init failure: RCLError: Unknown error creating node: rcl node's rmw handle is invalid, at /tmp/binarydeb/ros-foxy-rcl-1.1.14/src/rcl/node.c:428
1787549488.629702 [0]    python3: config: //CycloneDDS/Domain/General: Interfaces: unknown element (file:///home/unitree/robotscene/runtime/go2w/cyclonedds_eth0.xml line 5)
1787549488.630043 [0]    python3: config: //CycloneDDS/Domain/Internal: SocketReceiveBufferSize: unknown element (line 17)
1787549488.630148 [0]    python3: config: //CycloneDDS/Domain/Internal: SocketSendBufferSize: unknown element (line 18)
[ERROR] [1787549488.630380064] [rmw_cyclonedds_cpp]: rmw_create_node: failed to create domain, error Error

>>> [rcutils|error_handling.c:108] rcutils_set_error_state()
This error state is being overwritten:

  'error not set, at /tmp/binarydeb/ros-foxy-rcl-1.1.14/src/rcl/node.c:276'

with this new error message:

  'rcl node's rmw handle is invalid, at /tmp/binarydeb/ros-foxy-rcl-1.1.14/src/rcl/node.c:428'

rcutils_reset_error() should be called after error handling to avoid this.
<<<
[ERROR] [1787549488.630625888] [rcl]: Failed to fini publisher for node: 1
[manual-web-demo-worker] init failure: RCLError: Unknown error creating node: rcl node's rmw handle is invalid, at /tmp/binarydeb/ros-foxy-rcl-1.1.14/src/rcl/node.c:428
1787549489.977308 [0]    python3: config: //CycloneDDS/Domain/General: Interfaces: unknown element (file:///home/unitree/robotscene/runtime/go2w/cyclonedds_eth0.xml line 5)
1787549489.977457 [0]    python3: config: //CycloneDDS/Domain/Internal: SocketReceiveBufferSize: unknown element (line 17)
1787549489.977478 [0]    python3: config: //CycloneDDS/Domain/Internal: SocketSendBufferSize: unknown element (line 18)
[ERROR] [1787549489.977591040] [rmw_cyclonedds_cpp]: rmw_create_node: failed to create domain, error Error

>>> [rcutils|error_handling.c:108] rcutils_set_error_state()
This error state is being overwritten:

  'error not set, at /tmp/binarydeb/ros-foxy-rcl-1.1.14/src/rcl/node.c:276'

with this new error message:

  'rcl node's rmw handle is invalid, at /tmp/binarydeb/ros-foxy-rcl-1.1.14/src/rcl/node.c:428'

rcutils_reset_error() should be called after error handling to avoid this.
<<<
[ERROR] [1787549489.977724736] [rcl]: Failed to fini publisher for node: 1
[manual-web-demo-worker] init failure: RCLError: Unknown error creating node: rcl node's rmw handle is invalid, at /tmp/binarydeb/ros-foxy-rcl-1.1.14/src/rcl/node.c:428
1787549492.181870 [0]    python3: config: //CycloneDDS/Domain/General: Interfaces: unknown element (file:///home/unitree/robotscene/runtime/go2w/cyclonedds_eth0.xml line 5)
1787549492.182168 [0]    python3: config: //CycloneDDS/Domain/Internal: SocketReceiveBufferSize: unknown element (line 17)
1787549492.182259 [0]    python3: config: //CycloneDDS/Domain/Internal: SocketSendBufferSize: unknown element (line 18)
[ERROR] [1787549492.182452800] [rmw_cyclonedds_cpp]: rmw_create_node: failed to create domain, error Error

>>> [rcutils|error_handling.c:108] rcutils_set_error_state()
This error state is being overwritten:

  'error not set, at /tmp/binarydeb/ros-foxy-rcl-1.1.14/src/rcl/node.c:276'

with this new error message:

  'rcl node's rmw handle is invalid, at /tmp/binarydeb/ros-foxy-rcl-1.1.14/src/rcl/node.c:428'

rcutils_reset_error() should be called after error handling to avoid this.
<<<
[ERROR] [1787549492.182669152] [rcl]: Failed to fini publisher for node: 1
[manual-web-demo-worker] init failure: RCLError: Unknown error creating node: rcl node's rmw handle is invalid, at /tmp/binarydeb/ros-foxy-rcl-1.1.14/src/rcl/node.c:428
1787549494.717968 [0]    python3: config: //CycloneDDS/Domain/General: Interfaces: unknown element (file:///home/unitree/robotscene/runtime/go2w/cyclonedds_eth0.xml line 5)
1787549494.719937 [0]    python3: config: //CycloneDDS/Domain/Internal: SocketReceiveBufferSize: unknown element (line 17)
1787549494.720226 [0]    python3: config: //CycloneDDS/Domain/Internal: SocketSendBufferSize: unknown element (line 18)
[ERROR] [1787549494.720578496] [rmw_cyclonedds_cpp]: rmw_create_node: failed to create domain, error Error

>>> [rcutils|error_handling.c:108] rcutils_set_error_state()
This error state is being overwritten:

  'error not set, at /tmp/binarydeb/ros-foxy-rcl-1.1.14/src/rcl/node.c:276'

with this new error message:

  'rcl node's rmw handle is invalid, at /tmp/binarydeb/ros-foxy-rcl-1.1.14/src/rcl/node.c:428'

rcutils_reset_error() should be called after error handling to avoid this.
<<<
[ERROR] [1787549494.722631136] [rcl]: Failed to fini publisher for node: 1
[manual-web-demo-worker] init failure: RCLError: Unknown error creating node: rcl node's rmw handle is invalid, at /tmp/binarydeb/ros-foxy-rcl-1.1.14/src/rcl/node.c:428
1787549496.529487 [0]    python3: config: //CycloneDDS/Domain/General: Interfaces: unknown element (file:///home/unitree/robotscene/runtime/go2w/cyclonedds_eth0.xml line 5)
1787549496.533794 [0]    python3: config: //CycloneDDS/Domain/Internal: SocketReceiveBufferSize: unknown element (line 17)
1787549496.540525 [0]    python3: config: //CycloneDDS/Domain/Internal: SocketSendBufferSize: unknown element (line 18)
[ERROR] [1787549496.541091648] [rmw_cyclonedds_cpp]: rmw_create_node: failed to create domain, error Error

>>> [rcutils|error_handling.c:108] rcutils_set_error_state()
This error state is being overwritten:

  'error not set, at /tmp/binarydeb/ros-foxy-rcl-1.1.14/src/rcl/node.c:276'

with this new error message:

  'rcl node's rmw handle is invalid, at /tmp/binarydeb/ros-foxy-rcl-1.1.14/src/rcl/node.c:428'

rcutils_reset_error() should be called after error handling to avoid this.
<<<
[ERROR] [1787549496.541215008] [rcl]: Failed to fini publisher for node: 1
[manual-web-demo-worker] init failure: RCLError: Unknown error creating node: rcl node's rmw handle is invalid, at /tmp/binarydeb/ros-foxy-rcl-1.1.14/src/rcl/node.c:428
1787549498.520504 [0]    python3: config: //CycloneDDS/Domain/General: Interfaces: unknown element (file:///home/unitree/robotscene/runtime/go2w/cyclonedds_eth0.xml line 5)
1787549498.520798 [0]    python3: config: //CycloneDDS/Domain/Internal: SocketReceiveBufferSize: unknown element (line 17)
1787549498.520836 [0]    python3: config: //CycloneDDS/Domain/Internal: SocketSendBufferSize: unknown element (line 18)
[ERROR] [1787549498.520954048] [rmw_cyclonedds_cpp]: rmw_create_node: failed to create domain, error Error

>>> [rcutils|error_handling.c:108] rcutils_set_error_state()
This error state is being overwritten:

  'error not set, at /tmp/binarydeb/ros-foxy-rcl-1.1.14/src/rcl/node.c:276'

with this new error message:

  'rcl node's rmw handle is invalid, at /tmp/binarydeb/ros-foxy-rcl-1.1.14/src/rcl/node.c:428'

rcutils_reset_error() should be called after error handling to avoid this.
<<<
[ERROR] [1787549498.521097888] [rcl]: Failed to fini publisher for node: 1
[manual-web-demo-worker] init failure: RCLError: Unknown error creating node: rcl node's rmw handle is invalid, at /tmp/binarydeb/ros-foxy-rcl-1.1.14/src/rcl/node.c:428
1787549500.814308 [0]    python3: config: //CycloneDDS/Domain/General: Interfaces: unknown element (file:///home/unitree/robotscene/runtime/go2w/cyclonedds_eth0.xml line 5)
1787549500.820830 [0]    python3: config: //CycloneDDS/Domain/Internal: SocketReceiveBufferSize: unknown element (line 17)
1787549500.822540 [0]    python3: config: //CycloneDDS/Domain/Internal: SocketSendBufferSize: unknown element (line 18)
[ERROR] [1787549500.823504480] [rmw_cyclonedds_cpp]: rmw_create_node: failed to create domain, error Error

>>> [rcutils|error_handling.c:108] rcutils_set_error_state()
This error state is being overwritten:

  'error not set, at /tmp/binarydeb/ros-foxy-rcl-1.1.14/src/rcl/node.c:276'

with this new error message:

  'rcl node's rmw handle is invalid, at /tmp/binarydeb/ros-foxy-rcl-1.1.14/src/rcl/node.c:428'

rcutils_reset_error() should be called after error handling to avoid this.
<<<
[ERROR] [1787549500.824930880] [rcl]: Failed to fini publisher for node: 1
[manual-web-demo-worker] init failure: RCLError: Unknown error creating node: rcl node's rmw handle is invalid, at /tmp/binarydeb/ros-foxy-rcl-1.1.14/src/rcl/node.c:428
1787549502.827533 [0]    python3: config: //CycloneDDS/Domain/General: Interfaces: unknown element (file:///home/unitree/robotscene/runtime/go2w/cyclonedds_eth0.xml line 5)
1787549502.827713 [0]    python3: config: //CycloneDDS/Domain/Internal: SocketReceiveBufferSize: unknown element (line 17)
1787549502.827781 [0]    python3: config: //CycloneDDS/Domain/Internal: SocketSendBufferSize: unknown element (line 18)
[ERROR] [1787549502.828280672] [rmw_cyclonedds_cpp]: rmw_create_node: failed to create domain, error Error

>>> [rcutils|error_handling.c:108] rcutils_set_error_state()
This error state is being overwritten:

  'error not set, at /tmp/binarydeb/ros-foxy-rcl-1.1.14/src/rcl/node.c:276'

with this new error message:

  'rcl node's rmw handle is invalid, at /tmp/binarydeb/ros-foxy-rcl-1.1.14/src/rcl/node.c:428'

rcutils_reset_error() should be called after error handling to avoid this.
<<<
[ERROR] [1787549502.828508512] [rcl]: Failed to fini publisher for node: 1
[manual-web-demo-worker] init failure: RCLError: Unknown error creating node: rcl node's rmw handle is invalid, at /tmp/binarydeb/ros-foxy-rcl-1.1.14/src/rcl/node.c:428
1787549504.795930 [0]    python3: config: //CycloneDDS/Domain/General: Interfaces: unknown element (file:///home/unitree/robotscene/runtime/go2w/cyclonedds_eth0.xml line 5)
1787549504.796282 [0]    python3: config: //CycloneDDS/Domain/Internal: SocketReceiveBufferSize: unknown element (line 17)
1787549504.796427 [0]    python3: config: //CycloneDDS/Domain/Internal: SocketSendBufferSize: unknown element (line 18)
[ERROR] [1787549504.796645312] [rmw_cyclonedds_cpp]: rmw_create_node: failed to create domain, error Error

>>> [rcutils|error_handling.c:108] rcutils_set_error_state()
This error state is being overwritten:

  'error not set, at /tmp/binarydeb/ros-foxy-rcl-1.1.14/src/rcl/node.c:276'

with this new error message:

  'rcl node's rmw handle is invalid, at /tmp/binarydeb/ros-foxy-rcl-1.1.14/src/rcl/node.c:428'

rcutils_reset_error() should be called after error handling to avoid this.
<<<
[ERROR] [1787549504.796918368] [rcl]: Failed to fini publisher for node: 1
[manual-web-demo-worker] init failure: RCLError: Unknown error creating node: rcl node's rmw handle is invalid, at /tmp/binarydeb/ros-foxy-rcl-1.1.14/src/rcl/node.c:428
1787549506.383223 [0]    python3: config: //CycloneDDS/Domain/General: Interfaces: unknown element (file:///home/unitree/robotscene/runtime/go2w/cyclonedds_eth0.xml line 5)
1787549506.383532 [0]    python3: config: //CycloneDDS/Domain/Internal: SocketReceiveBufferSize: unknown element (line 17)
1787549506.383625 [0]    python3: config: //CycloneDDS/Domain/Internal: SocketSendBufferSize: unknown element (line 18)
[ERROR] [1787549506.383806208] [rmw_cyclonedds_cpp]: rmw_create_node: failed to create domain, error Error

>>> [rcutils|error_handling.c:108] rcutils_set_error_state()
This error state is being overwritten:

  'error not set, at /tmp/binarydeb/ros-foxy-rcl-1.1.14/src/rcl/node.c:276'

with this new error message:

  'rcl node's rmw handle is invalid, at /tmp/binarydeb/ros-foxy-rcl-1.1.14/src/rcl/node.c:428'

rcutils_reset_error() should be called after error handling to avoid this.
<<<
[ERROR] [1787549506.384043264] [rcl]: Failed to fini publisher for node: 1
[manual-web-demo-worker] init failure: RCLError: Unknown error creating node: rcl node's rmw handle is invalid, at /tmp/binarydeb/ros-foxy-rcl-1.1.14/src/rcl/node.c:428
1787549508.693292 [0]    python3: config: //CycloneDDS/Domain/General: Interfaces: unknown element (file:///home/unitree/robotscene/runtime/go2w/cyclonedds_eth0.xml line 5)
1787549508.693436 [0]    python3: config: //CycloneDDS/Domain/Internal: SocketReceiveBufferSize: unknown element (line 17)
1787549508.693457 [0]    python3: config: //CycloneDDS/Domain/Internal: SocketSendBufferSize: unknown element (line 18)
[ERROR] [1787549508.693624448] [rmw_cyclonedds_cpp]: rmw_create_node: failed to create domain, error Error

>>> [rcutils|error_handling.c:108] rcutils_set_error_state()
This error state is being overwritten:

  'error not set, at /tmp/binarydeb/ros-foxy-rcl-1.1.14/src/rcl/node.c:276'

with this new error message:

  'rcl node's rmw handle is invalid, at /tmp/binarydeb/ros-foxy-rcl-1.1.14/src/rcl/node.c:428'

rcutils_reset_error() should be called after error handling to avoid this.
<<<
[ERROR] [1787549508.693765600] [rcl]: Failed to fini publisher for node: 1
[manual-web-demo-worker] init failure: RCLError: Unknown error creating node: rcl node's rmw handle is invalid, at /tmp/binarydeb/ros-foxy-rcl-1.1.14/src/rcl/node.c:428
1787549510.726073 [0]    python3: config: //CycloneDDS/Domain/General: Interfaces: unknown element (file:///home/unitree/robotscene/runtime/go2w/cyclonedds_eth0.xml line 5)
1787549510.726232 [0]    python3: config: //CycloneDDS/Domain/Internal: SocketReceiveBufferSize: unknown element (line 17)
1787549510.726253 [0]    python3: config: //CycloneDDS/Domain/Internal: SocketSendBufferSize: unknown element (line 18)
[ERROR] [1787549510.726384032] [rmw_cyclonedds_cpp]: rmw_create_node: failed to create domain, error Error

>>> [rcutils|error_handling.c:108] rcutils_set_error_state()
This error state is being overwritten:

  'error not set, at /tmp/binarydeb/ros-foxy-rcl-1.1.14/src/rcl/node.c:276'

with this new error message:

  'rcl node's rmw handle is invalid, at /tmp/binarydeb/ros-foxy-rcl-1.1.14/src/rcl/node.c:428'

rcutils_reset_error() should be called after error handling to avoid this.
<<<
[ERROR] [1787549510.726519008] [rcl]: Failed to fini publisher for node: 1
[manual-web-demo-worker] init failure: RCLError: Unknown error creating node: rcl node's rmw handle is invalid, at /tmp/binarydeb/ros-foxy-rcl-1.1.14/src/rcl/node.c:428
1787549512.405159 [0]    python3: config: //CycloneDDS/Domain/General: Interfaces: unknown element (file:///home/unitree/robotscene/runtime/go2w/cyclonedds_eth0.xml line 5)
1787549512.405313 [0]    python3: config: //CycloneDDS/Domain/Internal: SocketReceiveBufferSize: unknown element (line 17)
1787549512.405372 [0]    python3: config: //CycloneDDS/Domain/Internal: SocketSendBufferSize: unknown element (line 18)
[ERROR] [1787549512.405480352] [rmw_cyclonedds_cpp]: rmw_create_node: failed to create domain, error Error

>>> [rcutils|error_handling.c:108] rcutils_set_error_state()
This error state is being overwritten:

  'error not set, at /tmp/binarydeb/ros-foxy-rcl-1.1.14/src/rcl/node.c:276'

with this new error message:

  'rcl node's rmw handle is invalid, at /tmp/binarydeb/ros-foxy-rcl-1.1.14/src/rcl/node.c:428'

rcutils_reset_error() should be called after error handling to avoid this.
<<<
[ERROR] [1787549512.405570880] [rcl]: Failed to fini publisher for node: 1
[manual-web-demo-worker] init failure: RCLError: Unknown error creating node: rcl node's rmw handle is invalid, at /tmp/binarydeb/ros-foxy-rcl-1.1.14/src/rcl/node.c:428
1787549514.582335 [0]    python3: config: //CycloneDDS/Domain/General: Interfaces: unknown element (file:///home/unitree/robotscene/runtime/go2w/cyclonedds_eth0.xml line 5)
1787549514.582483 [0]    python3: config: //CycloneDDS/Domain/Internal: SocketReceiveBufferSize: unknown element (line 17)
1787549514.582505 [0]    python3: config: //CycloneDDS/Domain/Internal: SocketSendBufferSize: unknown element (line 18)
[ERROR] [1787549514.582617312] [rmw_cyclonedds_cpp]: rmw_create_node: failed to create domain, error Error

>>> [rcutils|error_handling.c:108] rcutils_set_error_state()
This error state is being overwritten:

  'error not set, at /tmp/binarydeb/ros-foxy-rcl-1.1.14/src/rcl/node.c:276'

with this new error message:

  'rcl node's rmw handle is invalid, at /tmp/binarydeb/ros-foxy-rcl-1.1.14/src/rcl/node.c:428'

rcutils_reset_error() should be called after error handling to avoid this.
<<<
[ERROR] [1787549514.582711456] [rcl]: Failed to fini publisher for node: 1
[manual-web-demo-worker] init failure: RCLError: Unknown error creating node: rcl node's rmw handle is invalid, at /tmp/binarydeb/ros-foxy-rcl-1.1.14/src/rcl/node.c:428
1787549516.344451 [0]    python3: config: //CycloneDDS/Domain/General: Interfaces: unknown element (file:///home/unitree/robotscene/runtime/go2w/cyclonedds_eth0.xml line 5)
1787549516.344618 [0]    python3: config: //CycloneDDS/Domain/Internal: SocketReceiveBufferSize: unknown element (line 17)
1787549516.344641 [0]    python3: config: //CycloneDDS/Domain/Internal: SocketSendBufferSize: unknown element (line 18)
[ERROR] [1787549516.344754176] [rmw_cyclonedds_cpp]: rmw_create_node: failed to create domain, error Error

>>> [rcutils|error_handling.c:108] rcutils_set_error_state()
This error state is being overwritten:

  'error not set, at /tmp/binarydeb/ros-foxy-rcl-1.1.14/src/rcl/node.c:276'

with this new error message:

  'rcl node's rmw handle is invalid, at /tmp/binarydeb/ros-foxy-rcl-1.1.14/src/rcl/node.c:428'

rcutils_reset_error() should be called after error handling to avoid this.
<<<
[ERROR] [1787549516.344886304] [rcl]: Failed to fini publisher for node: 1
[manual-web-demo-worker] init failure: RCLError: Unknown error creating node: rcl node's rmw handle is invalid, at /tmp/binarydeb/ros-foxy-rcl-1.1.14/src/rcl/node.c:428
1787549519.052110 [0]    python3: config: //CycloneDDS/Domain/General: Interfaces: unknown element (file:///home/unitree/robotscene/runtime/go2w/cyclonedds_eth0.xml line 5)
1787549519.052309 [0]    python3: config: //CycloneDDS/Domain/Internal: SocketReceiveBufferSize: unknown element (line 17)
1787549519.052347 [0]    python3: config: //CycloneDDS/Domain/Internal: SocketSendBufferSize: unknown element (line 18)
[ERROR] [1787549519.052483584] [rmw_cyclonedds_cpp]: rmw_create_node: failed to create domain, error Error

>>> [rcutils|error_handling.c:108] rcutils_set_error_state()
This error state is being overwritten:

  'error not set, at /tmp/binarydeb/ros-foxy-rcl-1.1.14/src/rcl/node.c:276'

with this new error message:

  'rcl node's rmw handle is invalid, at /tmp/binarydeb/ros-foxy-rcl-1.1.14/src/rcl/node.c:428'

rcutils_reset_error() should be called after error handling to avoid this.
<<<
[ERROR] [1787549519.052632384] [rcl]: Failed to fini publisher for node: 1
[manual-web-demo-worker] init failure: RCLError: Unknown error creating node: rcl node's rmw handle is invalid, at /tmp/binarydeb/ros-foxy-rcl-1.1.14/src/rcl/node.c:428
1787549521.273452 [0]    python3: config: //CycloneDDS/Domain/General: Interfaces: unknown element (file:///home/unitree/robotscene/runtime/go2w/cyclonedds_eth0.xml line 5)
1787549521.292552 [0]    python3: config: //CycloneDDS/Domain/Internal: SocketReceiveBufferSize: unknown element (line 17)
1787549521.292795 [0]    python3: config: //CycloneDDS/Domain/Internal: SocketSendBufferSize: unknown element (line 18)
[ERROR] [1787549521.293043424] [rmw_cyclonedds_cpp]: rmw_create_node: failed to create domain, error Error

>>> [rcutils|error_handling.c:108] rcutils_set_error_state()
This error state is being overwritten:

  'error not set, at /tmp/binarydeb/ros-foxy-rcl-1.1.14/src/rcl/node.c:276'

with this new error message:

  'rcl node's rmw handle is invalid, at /tmp/binarydeb/ros-foxy-rcl-1.1.14/src/rcl/node.c:428'

rcutils_reset_error() should be called after error handling to avoid this.
<<<
[ERROR] [1787549521.293301120] [rcl]: Failed to fini publisher for node: 1
[manual-web-demo-worker] init failure: RCLError: Unknown error creating node: rcl node's rmw handle is invalid, at /tmp/binarydeb/ros-foxy-rcl-1.1.14/src/rcl/node.c:428
1787549523.155918 [0]    python3: config: //CycloneDDS/Domain/General: Interfaces: unknown element (file:///home/unitree/robotscene/runtime/go2w/cyclonedds_eth0.xml line 5)
1787549523.158199 [0]    python3: config: //CycloneDDS/Domain/Internal: SocketReceiveBufferSize: unknown element (line 17)
1787549523.158377 [0]    python3: config: //CycloneDDS/Domain/Internal: SocketSendBufferSize: unknown element (line 18)
[ERROR] [1787549523.158621216] [rmw_cyclonedds_cpp]: rmw_create_node: failed to create domain, error Error

>>> [rcutils|error_handling.c:108] rcutils_set_error_state()
This error state is being overwritten:

  'error not set, at /tmp/binarydeb/ros-foxy-rcl-1.1.14/src/rcl/node.c:276'

with this new error message:

  'rcl node's rmw handle is invalid, at /tmp/binarydeb/ros-foxy-rcl-1.1.14/src/rcl/node.c:428'

rcutils_reset_error() should be called after error handling to avoid this.
<<<
[ERROR] [1787549523.158858720] [rcl]: Failed to fini publisher for node: 1
[manual-web-demo-worker] init failure: RCLError: Unknown error creating node: rcl node's rmw handle is invalid, at /tmp/binarydeb/ros-foxy-rcl-1.1.14/src/rcl/node.c:428
1787549524.966848 [0]    python3: config: //CycloneDDS/Domain/General: Interfaces: unknown element (file:///home/unitree/robotscene/runtime/go2w/cyclonedds_eth0.xml line 5)
1787549524.967149 [0]    python3: config: //CycloneDDS/Domain/Internal: SocketReceiveBufferSize: unknown element (line 17)
1787549524.967254 [0]    python3: config: //CycloneDDS/Domain/Internal: SocketSendBufferSize: unknown element (line 18)
[ERROR] [1787549524.967454176] [rmw_cyclonedds_cpp]: rmw_create_node: failed to create domain, error Error

>>> [rcutils|error_handling.c:108] rcutils_set_error_state()
This error state is being overwritten:

  'error not set, at /tmp/binarydeb/ros-foxy-rcl-1.1.14/src/rcl/node.c:276'

with this new error message:

  'rcl node's rmw handle is invalid, at /tmp/binarydeb/ros-foxy-rcl-1.1.14/src/rcl/node.c:428'

rcutils_reset_error() should be called after error handling to avoid this.
<<<
[ERROR] [1787549524.967695072] [rcl]: Failed to fini publisher for node: 1
[manual-web-demo-worker] init failure: RCLError: Unknown error creating node: rcl node's rmw handle is invalid, at /tmp/binarydeb/ros-foxy-rcl-1.1.14/src/rcl/node.c:428
1787549527.169118 [0]    python3: config: //CycloneDDS/Domain/General: Interfaces: unknown element (file:///home/unitree/robotscene/runtime/go2w/cyclonedds_eth0.xml line 5)
1787549527.169281 [0]    python3: config: //CycloneDDS/Domain/Internal: SocketReceiveBufferSize: unknown element (line 17)
1787549527.169303 [0]    python3: config: //CycloneDDS/Domain/Internal: SocketSendBufferSize: unknown element (line 18)
[ERROR] [1787549527.169492768] [rmw_cyclonedds_cpp]: rmw_create_node: failed to create domain, error Error

>>> [rcutils|error_handling.c:108] rcutils_set_error_state()
This error state is being overwritten:

  'error not set, at /tmp/binarydeb/ros-foxy-rcl-1.1.14/src/rcl/node.c:276'

with this new error message:

  'rcl node's rmw handle is invalid, at /tmp/binarydeb/ros-foxy-rcl-1.1.14/src/rcl/node.c:428'

rcutils_reset_error() should be called after error handling to avoid this.
<<<
[ERROR] [1787549527.169616320] [rcl]: Failed to fini publisher for node: 1
[manual-web-demo-worker] init failure: RCLError: Unknown error creating node: rcl node's rmw handle is invalid, at /tmp/binarydeb/ros-foxy-rcl-1.1.14/src/rcl/node.c:428
1787549529.637607 [0]    python3: config: //CycloneDDS/Domain/General: Interfaces: unknown element (file:///home/unitree/robotscene/runtime/go2w/cyclonedds_eth0.xml line 5)
1787549529.637754 [0]    python3: config: //CycloneDDS/Domain/Internal: SocketReceiveBufferSize: unknown element (line 17)
1787549529.637775 [0]    python3: config: //CycloneDDS/Domain/Internal: SocketSendBufferSize: unknown element (line 18)
[ERROR] [1787549529.637880960] [rmw_cyclonedds_cpp]: rmw_create_node: failed to create domain, error Error

>>> [rcutils|error_handling.c:108] rcutils_set_error_state()
This error state is being overwritten:

  'error not set, at /tmp/binarydeb/ros-foxy-rcl-1.1.14/src/rcl/node.c:276'

with this new error message:

  'rcl node's rmw handle is invalid, at /tmp/binarydeb/ros-foxy-rcl-1.1.14/src/rcl/node.c:428'

rcutils_reset_error() should be called after error handling to avoid this.
<<<
[ERROR] [1787549529.637976608] [rcl]: Failed to fini publisher for node: 1
[manual-web-demo-worker] init failure: RCLError: Unknown error creating node: rcl node's rmw handle is invalid, at /tmp/binarydeb/ros-foxy-rcl-1.1.14/src/rcl/node.c:428
1787549532.607800 [0]    python3: config: //CycloneDDS/Domain/General: Interfaces: unknown element (file:///home/unitree/robotscene/runtime/go2w/cyclonedds_eth0.xml line 5)
1787549532.614779 [0]    python3: config: //CycloneDDS/Domain/Internal: SocketReceiveBufferSize: unknown element (line 17)
1787549532.615019 [0]    python3: config: //CycloneDDS/Domain/Internal: SocketSendBufferSize: unknown element (line 18)
[ERROR] [1787549532.615256256] [rmw_cyclonedds_cpp]: rmw_create_node: failed to create domain, error Error

>>> [rcutils|error_handling.c:108] rcutils_set_error_state()
This error state is being overwritten:

  'error not set, at /tmp/binarydeb/ros-foxy-rcl-1.1.14/src/rcl/node.c:276'

with this new error message:

  'rcl node's rmw handle is invalid, at /tmp/binarydeb/ros-foxy-rcl-1.1.14/src/rcl/node.c:428'

rcutils_reset_error() should be called after error handling to avoid this.
<<<
[ERROR] [1787549532.615506656] [rcl]: Failed to fini publisher for node: 1
[manual-web-demo-worker] init failure: RCLError: Unknown error creating node: rcl node's rmw handle is invalid, at /tmp/binarydeb/ros-foxy-rcl-1.1.14/src/rcl/node.c:428
1787549536.675605 [0]    python3: config: //CycloneDDS/Domain/General: Interfaces: unknown element (file:///home/unitree/robotscene/runtime/go2w/cyclonedds_eth0.xml line 5)
1787549536.675914 [0]    python3: config: //CycloneDDS/Domain/Internal: SocketReceiveBufferSize: unknown element (line 17)
1787549536.676012 [0]    python3: config: //CycloneDDS/Domain/Internal: SocketSendBufferSize: unknown element (line 18)
[ERROR] [1787549536.676201376] [rmw_cyclonedds_cpp]: rmw_create_node: failed to create domain, error Error

>>> [rcutils|error_handling.c:108] rcutils_set_error_state()
This error state is being overwritten:

  'error not set, at /tmp/binarydeb/ros-foxy-rcl-1.1.14/src/rcl/node.c:276'

with this new error message:

  'rcl node's rmw handle is invalid, at /tmp/binarydeb/ros-foxy-rcl-1.1.14/src/rcl/node.c:428'

rcutils_reset_error() should be called after error handling to avoid this.
<<<
[ERROR] [1787549536.676461792] [rcl]: Failed to fini publisher for node: 1
[manual-web-demo-worker] init failure: RCLError: Unknown error creating node: rcl node's rmw handle is invalid, at /tmp/binarydeb/ros-foxy-rcl-1.1.14/src/rcl/node.c:428
1787549538.285883 [0]    python3: config: //CycloneDDS/Domain/General: Interfaces: unknown element (file:///home/unitree/robotscene/runtime/go2w/cyclonedds_eth0.xml line 5)
1787549538.295373 [0]    python3: config: //CycloneDDS/Domain/Internal: SocketReceiveBufferSize: unknown element (line 17)
1787549538.295608 [0]    python3: config: //CycloneDDS/Domain/Internal: SocketSendBufferSize: unknown element (line 18)
[ERROR] [1787549538.295843488] [rmw_cyclonedds_cpp]: rmw_create_node: failed to create domain, error Error

>>> [rcutils|error_handling.c:108] rcutils_set_error_state()
This error state is being overwritten:

  'error not set, at /tmp/binarydeb/ros-foxy-rcl-1.1.14/src/rcl/node.c:276'

with this new error message:

  'rcl node's rmw handle is invalid, at /tmp/binarydeb/ros-foxy-rcl-1.1.14/src/rcl/node.c:428'

rcutils_reset_error() should be called after error handling to avoid this.
<<<
[ERROR] [1787549538.296086688] [rcl]: Failed to fini publisher for node: 1
[manual-web-demo-worker] init failure: RCLError: Unknown error creating node: rcl node's rmw handle is invalid, at /tmp/binarydeb/ros-foxy-rcl-1.1.14/src/rcl/node.c:428
1787549541.407108 [0]    python3: config: //CycloneDDS/Domain/General: Interfaces: unknown element (file:///home/unitree/robotscene/runtime/go2w/cyclonedds_eth0.xml line 5)
1787549541.411321 [0]    python3: config: //CycloneDDS/Domain/Internal: SocketReceiveBufferSize: unknown element (line 17)
1787549541.412117 [0]    python3: config: //CycloneDDS/Domain/Internal: SocketSendBufferSize: unknown element (line 18)
[ERROR] [1787549541.412590944] [rmw_cyclonedds_cpp]: rmw_create_node: failed to create domain, error Error

>>> [rcutils|error_handling.c:108] rcutils_set_error_state()
This error state is being overwritten:

  'error not set, at /tmp/binarydeb/ros-foxy-rcl-1.1.14/src/rcl/node.c:276'

with this new error message:

  'rcl node's rmw handle is invalid, at /tmp/binarydeb/ros-foxy-rcl-1.1.14/src/rcl/node.c:428'

rcutils_reset_error() should be called after error handling to avoid this.
<<<
[ERROR] [1787549541.413947904] [rcl]: Failed to fini publisher for node: 1
[manual-web-demo-worker] init failure: RCLError: Unknown error creating node: rcl node's rmw handle is invalid, at /tmp/binarydeb/ros-foxy-rcl-1.1.14/src/rcl/node.c:428
1787549543.954079 [0]    python3: config: //CycloneDDS/Domain/General: Interfaces: unknown element (file:///home/unitree/robotscene/runtime/go2w/cyclonedds_eth0.xml line 5)
1787549543.954378 [0]    python3: config: //CycloneDDS/Domain/Internal: SocketReceiveBufferSize: unknown element (line 17)
1787549543.954468 [0]    python3: config: //CycloneDDS/Domain/Internal: SocketSendBufferSize: unknown element (line 18)
[ERROR] [1787549543.954703264] [rmw_cyclonedds_cpp]: rmw_create_node: failed to create domain, error Error

>>> [rcutils|error_handling.c:108] rcutils_set_error_state()
This error state is being overwritten:

  'error not set, at /tmp/binarydeb/ros-foxy-rcl-1.1.14/src/rcl/node.c:276'

with this new error message:

  'rcl node's rmw handle is invalid, at /tmp/binarydeb/ros-foxy-rcl-1.1.14/src/rcl/node.c:428'

rcutils_reset_error() should be called after error handling to avoid this.
<<<
[ERROR] [1787549543.954938336] [rcl]: Failed to fini publisher for node: 1
[manual-web-demo-worker] init failure: RCLError: Unknown error creating node: rcl node's rmw handle is invalid, at /tmp/binarydeb/ros-foxy-rcl-1.1.14/src/rcl/node.c:428
1787549545.118096 [0]    python3: config: //CycloneDDS/Domain/General: Interfaces: unknown element (file:///home/unitree/robotscene/runtime/go2w/cyclonedds_eth0.xml line 5)
1787549545.118248 [0]    python3: config: //CycloneDDS/Domain/Internal: SocketReceiveBufferSize: unknown element (line 17)
1787549545.118268 [0]    python3: config: //CycloneDDS/Domain/Internal: SocketSendBufferSize: unknown element (line 18)
[ERROR] [1787549545.118373728] [rmw_cyclonedds_cpp]: rmw_create_node: failed to create domain, error Error

>>> [rcutils|error_handling.c:108] rcutils_set_error_state()
This error state is being overwritten:

  'error not set, at /tmp/binarydeb/ros-foxy-rcl-1.1.14/src/rcl/node.c:276'

with this new error message:

  'rcl node's rmw handle is invalid, at /tmp/binarydeb/ros-foxy-rcl-1.1.14/src/rcl/node.c:428'

rcutils_reset_error() should be called after error handling to avoid this.
<<<
[ERROR] [1787549545.118526272] [rcl]: Failed to fini publisher for node: 1
[manual-web-demo-worker] init failure: RCLError: Unknown error creating node: rcl node's rmw handle is invalid, at /tmp/binarydeb/ros-foxy-rcl-1.1.14/src/rcl/node.c:428
1787549547.757088 [0]    python3: config: //CycloneDDS/Domain/General: Interfaces: unknown element (file:///home/unitree/robotscene/runtime/go2w/cyclonedds_eth0.xml line 5)
1787549547.757269 [0]    python3: config: //CycloneDDS/Domain/Internal: SocketReceiveBufferSize: unknown element (line 17)
1787549547.757292 [0]    python3: config: //CycloneDDS/Domain/Internal: SocketSendBufferSize: unknown element (line 18)
[ERROR] [1787549547.757428320] [rmw_cyclonedds_cpp]: rmw_create_node: failed to create domain, error Error

>>> [rcutils|error_handling.c:108] rcutils_set_error_state()
This error state is being overwritten:

  'error not set, at /tmp/binarydeb/ros-foxy-rcl-1.1.14/src/rcl/node.c:276'

with this new error message:

  'rcl node's rmw handle is invalid, at /tmp/binarydeb/ros-foxy-rcl-1.1.14/src/rcl/node.c:428'

rcutils_reset_error() should be called after error handling to avoid this.
<<<
[ERROR] [1787549547.757520448] [rcl]: Failed to fini publisher for node: 1
[manual-web-demo-worker] init failure: RCLError: Unknown error creating node: rcl node's rmw handle is invalid, at /tmp/binarydeb/ros-foxy-rcl-1.1.14/src/rcl/node.c:428
1787549549.755200 [0]    python3: config: //CycloneDDS/Domain/General: Interfaces: unknown element (file:///home/unitree/robotscene/runtime/go2w/cyclonedds_eth0.xml line 5)
1787549549.756358 [0]    python3: config: //CycloneDDS/Domain/Internal: SocketReceiveBufferSize: unknown element (line 17)
1787549549.756716 [0]    python3: config: //CycloneDDS/Domain/Internal: SocketSendBufferSize: unknown element (line 18)
[ERROR] [1787549549.756976608] [rmw_cyclonedds_cpp]: rmw_create_node: failed to create domain, error Error

>>> [rcutils|error_handling.c:108] rcutils_set_error_state()
This error state is being overwritten:

  'error not set, at /tmp/binarydeb/ros-foxy-rcl-1.1.14/src/rcl/node.c:276'

with this new error message:

  'rcl node's rmw handle is invalid, at /tmp/binarydeb/ros-foxy-rcl-1.1.14/src/rcl/node.c:428'

rcutils_reset_error() should be called after error handling to avoid this.
<<<
[ERROR] [1787549549.757489344] [rcl]: Failed to fini publisher for node: 1
[manual-web-demo-worker] init failure: RCLError: Unknown error creating node: rcl node's rmw handle is invalid, at /tmp/binarydeb/ros-foxy-rcl-1.1.14/src/rcl/node.c:428
1787549551.914140 [0]    python3: config: //CycloneDDS/Domain/General: Interfaces: unknown element (file:///home/unitree/robotscene/runtime/go2w/cyclonedds_eth0.xml line 5)
1787549551.915214 [0]    python3: config: //CycloneDDS/Domain/Internal: SocketReceiveBufferSize: unknown element (line 17)
1787549551.915473 [0]    python3: config: //CycloneDDS/Domain/Internal: SocketSendBufferSize: unknown element (line 18)
[ERROR] [1787549551.915715264] [rmw_cyclonedds_cpp]: rmw_create_node: failed to create domain, error Error

>>> [rcutils|error_handling.c:108] rcutils_set_error_state()
This error state is being overwritten:

  'error not set, at /tmp/binarydeb/ros-foxy-rcl-1.1.14/src/rcl/node.c:276'

with this new error message:

  'rcl node's rmw handle is invalid, at /tmp/binarydeb/ros-foxy-rcl-1.1.14/src/rcl/node.c:428'

rcutils_reset_error() should be called after error handling to avoid this.
<<<
[ERROR] [1787549551.916203200] [rcl]: Failed to fini publisher for node: 1
[manual-web-demo-worker] init failure: RCLError: Unknown error creating node: rcl node's rmw handle is invalid, at /tmp/binarydeb/ros-foxy-rcl-1.1.14/src/rcl/node.c:428
1787549554.069863 [0]    python3: config: //CycloneDDS/Domain/General: Interfaces: unknown element (file:///home/unitree/robotscene/runtime/go2w/cyclonedds_eth0.xml line 5)
1787549554.070463 [0]    python3: config: //CycloneDDS/Domain/Internal: SocketReceiveBufferSize: unknown element (line 17)
1787549554.070499 [0]    python3: config: //CycloneDDS/Domain/Internal: SocketSendBufferSize: unknown element (line 18)
[ERROR] [1787549554.070716352] [rmw_cyclonedds_cpp]: rmw_create_node: failed to create domain, error Error

>>> [rcutils|error_handling.c:108] rcutils_set_error_state()
This error state is being overwritten:

  'error not set, at /tmp/binarydeb/ros-foxy-rcl-1.1.14/src/rcl/node.c:276'

with this new error message:

  'rcl node's rmw handle is invalid, at /tmp/binarydeb/ros-foxy-rcl-1.1.14/src/rcl/node.c:428'

rcutils_reset_error() should be called after error handling to avoid this.
<<<
[ERROR] [1787549554.070824320] [rcl]: Failed to fini publisher for node: 1
[manual-web-demo-worker] init failure: RCLError: Unknown error creating node: rcl node's rmw handle is invalid, at /tmp/binarydeb/ros-foxy-rcl-1.1.14/src/rcl/node.c:428
1787549555.625402 [0]    python3: config: //CycloneDDS/Domain/General: Interfaces: unknown element (file:///home/unitree/robotscene/runtime/go2w/cyclonedds_eth0.xml line 5)
1787549555.625548 [0]    python3: config: //CycloneDDS/Domain/Internal: SocketReceiveBufferSize: unknown element (line 17)
1787549555.625571 [0]    python3: config: //CycloneDDS/Domain/Internal: SocketSendBufferSize: unknown element (line 18)
[ERROR] [1787549555.625682560] [rmw_cyclonedds_cpp]: rmw_create_node: failed to create domain, error Error

>>> [rcutils|error_handling.c:108] rcutils_set_error_state()
This error state is being overwritten:

  'error not set, at /tmp/binarydeb/ros-foxy-rcl-1.1.14/src/rcl/node.c:276'

with this new error message:

  'rcl node's rmw handle is invalid, at /tmp/binarydeb/ros-foxy-rcl-1.1.14/src/rcl/node.c:428'

rcutils_reset_error() should be called after error handling to avoid this.
<<<
[ERROR] [1787549555.625771136] [rcl]: Failed to fini publisher for node: 1
[manual-web-demo-worker] init failure: RCLError: Unknown error creating node: rcl node's rmw handle is invalid, at /tmp/binarydeb/ros-foxy-rcl-1.1.14/src/rcl/node.c:428
1787549558.250730 [0]    python3: config: //CycloneDDS/Domain/General: Interfaces: unknown element (file:///home/unitree/robotscene/runtime/go2w/cyclonedds_eth0.xml line 5)
1787549558.250880 [0]    python3: config: //CycloneDDS/Domain/Internal: SocketReceiveBufferSize: unknown element (line 17)
1787549558.250901 [0]    python3: config: //CycloneDDS/Domain/Internal: SocketSendBufferSize: unknown element (line 18)
[ERROR] [1787549558.251006048] [rmw_cyclonedds_cpp]: rmw_create_node: failed to create domain, error Error

>>> [rcutils|error_handling.c:108] rcutils_set_error_state()
This error state is being overwritten:

  'error not set, at /tmp/binarydeb/ros-foxy-rcl-1.1.14/src/rcl/node.c:276'

with this new error message:

  'rcl node's rmw handle is invalid, at /tmp/binarydeb/ros-foxy-rcl-1.1.14/src/rcl/node.c:428'

rcutils_reset_error() should be called after error handling to avoid this.
<<<
[ERROR] [1787549558.251124576] [rcl]: Failed to fini publisher for node: 1
[manual-web-demo-worker] init failure: RCLError: Unknown error creating node: rcl node's rmw handle is invalid, at /tmp/binarydeb/ros-foxy-rcl-1.1.14/src/rcl/node.c:428
1787549559.946366 [0]    python3: config: //CycloneDDS/Domain/General: Interfaces: unknown element (file:///home/unitree/robotscene/runtime/go2w/cyclonedds_eth0.xml line 5)
1787549559.946529 [0]    python3: config: //CycloneDDS/Domain/Internal: SocketReceiveBufferSize: unknown element (line 17)
1787549559.946549 [0]    python3: config: //CycloneDDS/Domain/Internal: SocketSendBufferSize: unknown element (line 18)
[ERROR] [1787549559.946675520] [rmw_cyclonedds_cpp]: rmw_create_node: failed to create domain, error Error

>>> [rcutils|error_handling.c:108] rcutils_set_error_state()
This error state is being overwritten:

  'error not set, at /tmp/binarydeb/ros-foxy-rcl-1.1.14/src/rcl/node.c:276'

with this new error message:

  'rcl node's rmw handle is invalid, at /tmp/binarydeb/ros-foxy-rcl-1.1.14/src/rcl/node.c:428'

rcutils_reset_error() should be called after error handling to avoid this.
<<<
[ERROR] [1787549559.946908704] [rcl]: Failed to fini publisher for node: 1
[manual-web-demo-worker] init failure: RCLError: Unknown error creating node: rcl node's rmw handle is invalid, at /tmp/binarydeb/ros-foxy-rcl-1.1.14/src/rcl/node.c:428
1787549562.386697 [0]    python3: config: //CycloneDDS/Domain/General: Interfaces: unknown element (file:///home/unitree/robotscene/runtime/go2w/cyclonedds_eth0.xml line 5)
1787549562.387043 [0]    python3: config: //CycloneDDS/Domain/Internal: SocketReceiveBufferSize: unknown element (line 17)
1787549562.387144 [0]    python3: config: //CycloneDDS/Domain/Internal: SocketSendBufferSize: unknown element (line 18)
[ERROR] [1787549562.387325440] [rmw_cyclonedds_cpp]: rmw_create_node: failed to create domain, error Error

>>> [rcutils|error_handling.c:108] rcutils_set_error_state()
This error state is being overwritten:

  'error not set, at /tmp/binarydeb/ros-foxy-rcl-1.1.14/src/rcl/node.c:276'

with this new error message:

  'rcl node's rmw handle is invalid, at /tmp/binarydeb/ros-foxy-rcl-1.1.14/src/rcl/node.c:428'

rcutils_reset_error() should be called after error handling to avoid this.
<<<
[ERROR] [1787549562.387550912] [rcl]: Failed to fini publisher for node: 1
[manual-web-demo-worker] init failure: RCLError: Unknown error creating node: rcl node's rmw handle is invalid, at /tmp/binarydeb/ros-foxy-rcl-1.1.14/src/rcl/node.c:428
1787549564.088718 [0]    python3: config: //CycloneDDS/Domain/General: Interfaces: unknown element (file:///home/unitree/robotscene/runtime/go2w/cyclonedds_eth0.xml line 5)
1787549564.089010 [0]    python3: config: //CycloneDDS/Domain/Internal: SocketReceiveBufferSize: unknown element (line 17)
1787549564.089116 [0]    python3: config: //CycloneDDS/Domain/Internal: SocketSendBufferSize: unknown element (line 18)
[ERROR] [1787549564.089313696] [rmw_cyclonedds_cpp]: rmw_create_node: failed to create domain, error Error

>>> [rcutils|error_handling.c:108] rcutils_set_error_state()
This error state is being overwritten:

  'error not set, at /tmp/binarydeb/ros-foxy-rcl-1.1.14/src/rcl/node.c:276'

with this new error message:

  'rcl node's rmw handle is invalid, at /tmp/binarydeb/ros-foxy-rcl-1.1.14/src/rcl/node.c:428'

rcutils_reset_error() should be called after error handling to avoid this.
<<<
[ERROR] [1787549564.089550048] [rcl]: Failed to fini publisher for node: 1
[manual-web-demo-worker] init failure: RCLError: Unknown error creating node: rcl node's rmw handle is invalid, at /tmp/binarydeb/ros-foxy-rcl-1.1.14/src/rcl/node.c:428
1787549566.129657 [0]    python3: config: //CycloneDDS/Domain/General: Interfaces: unknown element (file:///home/unitree/robotscene/runtime/go2w/cyclonedds_eth0.xml line 5)
1787549566.129937 [0]    python3: config: //CycloneDDS/Domain/Internal: SocketReceiveBufferSize: unknown element (line 17)
1787549566.130032 [0]    python3: config: //CycloneDDS/Domain/Internal: SocketSendBufferSize: unknown element (line 18)
[ERROR] [1787549566.130247872] [rmw_cyclonedds_cpp]: rmw_create_node: failed to create domain, error Error

>>> [rcutils|error_handling.c:108] rcutils_set_error_state()
This error state is being overwritten:

  'error not set, at /tmp/binarydeb/ros-foxy-rcl-1.1.14/src/rcl/node.c:276'

with this new error message:

  'rcl node's rmw handle is invalid, at /tmp/binarydeb/ros-foxy-rcl-1.1.14/src/rcl/node.c:428'

rcutils_reset_error() should be called after error handling to avoid this.
<<<
[ERROR] [1787549566.130473312] [rcl]: Failed to fini publisher for node: 1
[manual-web-demo-worker] init failure: RCLError: Unknown error creating node: rcl node's rmw handle is invalid, at /tmp/binarydeb/ros-foxy-rcl-1.1.14/src/rcl/node.c:428
1787549568.743980 [0]    python3: config: //CycloneDDS/Domain/General: Interfaces: unknown element (file:///home/unitree/robotscene/runtime/go2w/cyclonedds_eth0.xml line 5)
1787549568.744682 [0]    python3: config: //CycloneDDS/Domain/Internal: SocketReceiveBufferSize: unknown element (line 17)
1787549568.744827 [0]    python3: config: //CycloneDDS/Domain/Internal: SocketSendBufferSize: unknown element (line 18)
[ERROR] [1787549568.745058048] [rmw_cyclonedds_cpp]: rmw_create_node: failed to create domain, error Error

>>> [rcutils|error_handling.c:108] rcutils_set_error_state()
This error state is being overwritten:

  'error not set, at /tmp/binarydeb/ros-foxy-rcl-1.1.14/src/rcl/node.c:276'

with this new error message:

  'rcl node's rmw handle is invalid, at /tmp/binarydeb/ros-foxy-rcl-1.1.14/src/rcl/node.c:428'

rcutils_reset_error() should be called after error handling to avoid this.
<<<
[ERROR] [1787549568.745355360] [rcl]: Failed to fini publisher for node: 1
[manual-web-demo-worker] init failure: RCLError: Unknown error creating node: rcl node's rmw handle is invalid, at /tmp/binarydeb/ros-foxy-rcl-1.1.14/src/rcl/node.c:428
1787549570.261410 [0]    python3: config: //CycloneDDS/Domain/General: Interfaces: unknown element (file:///home/unitree/robotscene/runtime/go2w/cyclonedds_eth0.xml line 5)
1787549570.261586 [0]    python3: config: //CycloneDDS/Domain/Internal: SocketReceiveBufferSize: unknown element (line 17)
1787549570.261605 [0]    python3: config: //CycloneDDS/Domain/Internal: SocketSendBufferSize: unknown element (line 18)
[ERROR] [1787549570.261709120] [rmw_cyclonedds_cpp]: rmw_create_node: failed to create domain, error Error

>>> [rcutils|error_handling.c:108] rcutils_set_error_state()
This error state is being overwritten:

  'error not set, at /tmp/binarydeb/ros-foxy-rcl-1.1.14/src/rcl/node.c:276'

with this new error message:

  'rcl node's rmw handle is invalid, at /tmp/binarydeb/ros-foxy-rcl-1.1.14/src/rcl/node.c:428'

rcutils_reset_error() should be called after error handling to avoid this.
<<<
[ERROR] [1787549570.261841312] [rcl]: Failed to fini publisher for node: 1
[manual-web-demo-worker] init failure: RCLError: Unknown error creating node: rcl node's rmw handle is invalid, at /tmp/binarydeb/ros-foxy-rcl-1.1.14/src/rcl/node.c:428
1787549572.450795 [0]    python3: config: //CycloneDDS/Domain/General: Interfaces: unknown element (file:///home/unitree/robotscene/runtime/go2w/cyclonedds_eth0.xml line 5)
1787549572.451210 [0]    python3: config: //CycloneDDS/Domain/Internal: SocketReceiveBufferSize: unknown element (line 17)
1787549572.451334 [0]    python3: config: //CycloneDDS/Domain/Internal: SocketSendBufferSize: unknown element (line 18)
[ERROR] [1787549572.451597792] [rmw_cyclonedds_cpp]: rmw_create_node: failed to create domain, error Error

>>> [rcutils|error_handling.c:108] rcutils_set_error_state()
This error state is being overwritten:

  'error not set, at /tmp/binarydeb/ros-foxy-rcl-1.1.14/src/rcl/node.c:276'

with this new error message:

  'rcl node's rmw handle is invalid, at /tmp/binarydeb/ros-foxy-rcl-1.1.14/src/rcl/node.c:428'

rcutils_reset_error() should be called after error handling to avoid this.
<<<
[ERROR] [1787549572.451910016] [rcl]: Failed to fini publisher for node: 1
[manual-web-demo-worker] init failure: RCLError: Unknown error creating node: rcl node's rmw handle is invalid, at /tmp/binarydeb/ros-foxy-rcl-1.1.14/src/rcl/node.c:428
1787549573.816933 [0]    python3: config: //CycloneDDS/Domain/General: Interfaces: unknown element (file:///home/unitree/robotscene/runtime/go2w/cyclonedds_eth0.xml line 5)
1787549573.817226 [0]    python3: config: //CycloneDDS/Domain/Internal: SocketReceiveBufferSize: unknown element (line 17)
1787549573.817323 [0]    python3: config: //CycloneDDS/Domain/Internal: SocketSendBufferSize: unknown element (line 18)
[ERROR] [1787549573.817514944] [rmw_cyclonedds_cpp]: rmw_create_node: failed to create domain, error Error

>>> [rcutils|error_handling.c:108] rcutils_set_error_state()
This error state is being overwritten:

  'error not set, at /tmp/binarydeb/ros-foxy-rcl-1.1.14/src/rcl/node.c:276'

with this new error message:

  'rcl node's rmw handle is invalid, at /tmp/binarydeb/ros-foxy-rcl-1.1.14/src/rcl/node.c:428'

rcutils_reset_error() should be called after error handling to avoid this.
<<<
[ERROR] [1787549573.817779008] [rcl]: Failed to fini publisher for node: 1
[manual-web-demo-worker] init failure: RCLError: Unknown error creating node: rcl node's rmw handle is invalid, at /tmp/binarydeb/ros-foxy-rcl-1.1.14/src/rcl/node.c:428
1787549576.478804 [0]    python3: config: //CycloneDDS/Domain/General: Interfaces: unknown element (file:///home/unitree/robotscene/runtime/go2w/cyclonedds_eth0.xml line 5)
1787549576.483843 [0]    python3: config: //CycloneDDS/Domain/Internal: SocketReceiveBufferSize: unknown element (line 17)
1787549576.484647 [0]    python3: config: //CycloneDDS/Domain/Internal: SocketSendBufferSize: unknown element (line 18)
[ERROR] [1787549576.485191872] [rmw_cyclonedds_cpp]: rmw_create_node: failed to create domain, error Error

>>> [rcutils|error_handling.c:108] rcutils_set_error_state()
This error state is being overwritten:

  'error not set, at /tmp/binarydeb/ros-foxy-rcl-1.1.14/src/rcl/node.c:276'

with this new error message:

  'rcl node's rmw handle is invalid, at /tmp/binarydeb/ros-foxy-rcl-1.1.14/src/rcl/node.c:428'

rcutils_reset_error() should be called after error handling to avoid this.
<<<
[ERROR] [1787549576.486624736] [rcl]: Failed to fini publisher for node: 1
[manual-web-demo-worker] init failure: RCLError: Unknown error creating node: rcl node's rmw handle is invalid, at /tmp/binarydeb/ros-foxy-rcl-1.1.14/src/rcl/node.c:428
1787549578.004719 [0]    python3: config: //CycloneDDS/Domain/General: Interfaces: unknown element (file:///home/unitree/robotscene/runtime/go2w/cyclonedds_eth0.xml line 5)
1787549578.005052 [0]    python3: config: //CycloneDDS/Domain/Internal: SocketReceiveBufferSize: unknown element (line 17)
1787549578.005156 [0]    python3: config: //CycloneDDS/Domain/Internal: SocketSendBufferSize: unknown element (line 18)
[ERROR] [1787549578.005378304] [rmw_cyclonedds_cpp]: rmw_create_node: failed to create domain, error Error

>>> [rcutils|error_handling.c:108] rcutils_set_error_state()
This error state is being overwritten:

  'error not set, at /tmp/binarydeb/ros-foxy-rcl-1.1.14/src/rcl/node.c:276'

with this new error message:

  'rcl node's rmw handle is invalid, at /tmp/binarydeb/ros-foxy-rcl-1.1.14/src/rcl/node.c:428'

rcutils_reset_error() should be called after error handling to avoid this.
<<<
[ERROR] [1787549578.005629376] [rcl]: Failed to fini publisher for node: 1
[manual-web-demo-worker] init failure: RCLError: Unknown error creating node: rcl node's rmw handle is invalid, at /tmp/binarydeb/ros-foxy-rcl-1.1.14/src/rcl/node.c:428
1787549580.495010 [0]    python3: config: //CycloneDDS/Domain/General: Interfaces: unknown element (file:///home/unitree/robotscene/runtime/go2w/cyclonedds_eth0.xml line 5)
1787549580.495158 [0]    python3: config: //CycloneDDS/Domain/Internal: SocketReceiveBufferSize: unknown element (line 17)
1787549580.495178 [0]    python3: config: //CycloneDDS/Domain/Internal: SocketSendBufferSize: unknown element (line 18)
[ERROR] [1787549580.495350176] [rmw_cyclonedds_cpp]: rmw_create_node: failed to create domain, error Error

>>> [rcutils|error_handling.c:108] rcutils_set_error_state()
This error state is being overwritten:

  'error not set, at /tmp/binarydeb/ros-foxy-rcl-1.1.14/src/rcl/node.c:276'

with this new error message:

  'rcl node's rmw handle is invalid, at /tmp/binarydeb/ros-foxy-rcl-1.1.14/src/rcl/node.c:428'

rcutils_reset_error() should be called after error handling to avoid this.
<<<
[ERROR] [1787549580.496693184] [rcl]: Failed to fini publisher for node: 1
[manual-web-demo-worker] init failure: RCLError: Unknown error creating node: rcl node's rmw handle is invalid, at /tmp/binarydeb/ros-foxy-rcl-1.1.14/src/rcl/node.c:428
1787549582.694775 [0]    python3: config: //CycloneDDS/Domain/General: Interfaces: unknown element (file:///home/unitree/robotscene/runtime/go2w/cyclonedds_eth0.xml line 5)
1787549582.694918 [0]    python3: config: //CycloneDDS/Domain/Internal: SocketReceiveBufferSize: unknown element (line 17)
1787549582.694972 [0]    python3: config: //CycloneDDS/Domain/Internal: SocketSendBufferSize: unknown element (line 18)
[ERROR] [1787549582.695074336] [rmw_cyclonedds_cpp]: rmw_create_node: failed to create domain, error Error

>>> [rcutils|error_handling.c:108] rcutils_set_error_state()
This error state is being overwritten:

  'error not set, at /tmp/binarydeb/ros-foxy-rcl-1.1.14/src/rcl/node.c:276'

with this new error message:

  'rcl node's rmw handle is invalid, at /tmp/binarydeb/ros-foxy-rcl-1.1.14/src/rcl/node.c:428'

rcutils_reset_error() should be called after error handling to avoid this.
<<<
[ERROR] [1787549582.695169056] [rcl]: Failed to fini publisher for node: 1
[manual-web-demo-worker] init failure: RCLError: Unknown error creating node: rcl node's rmw handle is invalid, at /tmp/binarydeb/ros-foxy-rcl-1.1.14/src/rcl/node.c:428
1787549583.925708 [0]    python3: config: //CycloneDDS/Domain/General: Interfaces: unknown element (file:///home/unitree/robotscene/runtime/go2w/cyclonedds_eth0.xml line 5)
1787549583.925892 [0]    python3: config: //CycloneDDS/Domain/Internal: SocketReceiveBufferSize: unknown element (line 17)
1787549583.925914 [0]    python3: config: //CycloneDDS/Domain/Internal: SocketSendBufferSize: unknown element (line 18)
[ERROR] [1787549583.926018816] [rmw_cyclonedds_cpp]: rmw_create_node: failed to create domain, error Error

>>> [rcutils|error_handling.c:108] rcutils_set_error_state()
This error state is being overwritten:

  'error not set, at /tmp/binarydeb/ros-foxy-rcl-1.1.14/src/rcl/node.c:276'

with this new error message:

  'rcl node's rmw handle is invalid, at /tmp/binarydeb/ros-foxy-rcl-1.1.14/src/rcl/node.c:428'

rcutils_reset_error() should be called after error handling to avoid this.
<<<
[ERROR] [1787549583.926140160] [rcl]: Failed to fini publisher for node: 1
[manual-web-demo-worker] init failure: RCLError: Unknown error creating node: rcl node's rmw handle is invalid, at /tmp/binarydeb/ros-foxy-rcl-1.1.14/src/rcl/node.c:428
1787549587.815611 [0]    python3: config: //CycloneDDS/Domain/General: Interfaces: unknown element (file:///home/unitree/robotscene/runtime/go2w/cyclonedds_eth0.xml line 5)
1787549587.816000 [0]    python3: config: //CycloneDDS/Domain/Internal: SocketReceiveBufferSize: unknown element (line 17)
1787549587.816104 [0]    python3: config: //CycloneDDS/Domain/Internal: SocketSendBufferSize: unknown element (line 18)
[ERROR] [1787549587.816382784] [rmw_cyclonedds_cpp]: rmw_create_node: failed to create domain, error Error

>>> [rcutils|error_handling.c:108] rcutils_set_error_state()
This error state is being overwritten:

  'error not set, at /tmp/binarydeb/ros-foxy-rcl-1.1.14/src/rcl/node.c:276'

with this new error message:

  'rcl node's rmw handle is invalid, at /tmp/binarydeb/ros-foxy-rcl-1.1.14/src/rcl/node.c:428'

rcutils_reset_error() should be called after error handling to avoid this.
<<<
[ERROR] [1787549587.816716864] [rcl]: Failed to fini publisher for node: 1
[manual-web-demo-worker] init failure: RCLError: Unknown error creating node: rcl node's rmw handle is invalid, at /tmp/binarydeb/ros-foxy-rcl-1.1.14/src/rcl/node.c:428
1787549589.384450 [0]    python3: config: //CycloneDDS/Domain/General: Interfaces: unknown element (file:///home/unitree/robotscene/runtime/go2w/cyclonedds_eth0.xml line 5)
1787549589.384745 [0]    python3: config: //CycloneDDS/Domain/Internal: SocketReceiveBufferSize: unknown element (line 17)
1787549589.384840 [0]    python3: config: //CycloneDDS/Domain/Internal: SocketSendBufferSize: unknown element (line 18)
[ERROR] [1787549589.385035520] [rmw_cyclonedds_cpp]: rmw_create_node: failed to create domain, error Error

>>> [rcutils|error_handling.c:108] rcutils_set_error_state()
This error state is being overwritten:

  'error not set, at /tmp/binarydeb/ros-foxy-rcl-1.1.14/src/rcl/node.c:276'

with this new error message:

  'rcl node's rmw handle is invalid, at /tmp/binarydeb/ros-foxy-rcl-1.1.14/src/rcl/node.c:428'

rcutils_reset_error() should be called after error handling to avoid this.
<<<
[ERROR] [1787549589.385303136] [rcl]: Failed to fini publisher for node: 1
[manual-web-demo-worker] init failure: RCLError: Unknown error creating node: rcl node's rmw handle is invalid, at /tmp/binarydeb/ros-foxy-rcl-1.1.14/src/rcl/node.c:428
1787549591.980535 [0]    python3: config: //CycloneDDS/Domain/General: Interfaces: unknown element (file:///home/unitree/robotscene/runtime/go2w/cyclonedds_eth0.xml line 5)
1787549591.980687 [0]    python3: config: //CycloneDDS/Domain/Internal: SocketReceiveBufferSize: unknown element (line 17)
1787549591.980706 [0]    python3: config: //CycloneDDS/Domain/Internal: SocketSendBufferSize: unknown element (line 18)
[ERROR] [1787549591.980812000] [rmw_cyclonedds_cpp]: rmw_create_node: failed to create domain, error Error

>>> [rcutils|error_handling.c:108] rcutils_set_error_state()
This error state is being overwritten:

  'error not set, at /tmp/binarydeb/ros-foxy-rcl-1.1.14/src/rcl/node.c:276'

with this new error message:

  'rcl node's rmw handle is invalid, at /tmp/binarydeb/ros-foxy-rcl-1.1.14/src/rcl/node.c:428'

rcutils_reset_error() should be called after error handling to avoid this.
<<<
[ERROR] [1787549591.980906944] [rcl]: Failed to fini publisher for node: 1
[manual-web-demo-worker] init failure: RCLError: Unknown error creating node: rcl node's rmw handle is invalid, at /tmp/binarydeb/ros-foxy-rcl-1.1.14/src/rcl/node.c:428
1787549593.848123 [0]    python3: config: //CycloneDDS/Domain/General: Interfaces: unknown element (file:///home/unitree/robotscene/runtime/go2w/cyclonedds_eth0.xml line 5)
1787549593.848248 [0]    python3: config: //CycloneDDS/Domain/Internal: SocketReceiveBufferSize: unknown element (line 17)
1787549593.848266 [0]    python3: config: //CycloneDDS/Domain/Internal: SocketSendBufferSize: unknown element (line 18)
[ERROR] [1787549593.848454432] [rmw_cyclonedds_cpp]: rmw_create_node: failed to create domain, error Error

>>> [rcutils|error_handling.c:108] rcutils_set_error_state()
This error state is being overwritten:

  'error not set, at /tmp/binarydeb/ros-foxy-rcl-1.1.14/src/rcl/node.c:276'

with this new error message:

  'rcl node's rmw handle is invalid, at /tmp/binarydeb/ros-foxy-rcl-1.1.14/src/rcl/node.c:428'

rcutils_reset_error() should be called after error handling to avoid this.
<<<
[ERROR] [1787549593.848560736] [rcl]: Failed to fini publisher for node: 1
[manual-web-demo-worker] init failure: RCLError: Unknown error creating node: rcl node's rmw handle is invalid, at /tmp/binarydeb/ros-foxy-rcl-1.1.14/src/rcl/node.c:428
1787549596.850617 [0]    python3: config: //CycloneDDS/Domain/General: Interfaces: unknown element (file:///home/unitree/robotscene/runtime/go2w/cyclonedds_eth0.xml line 5)
1787549596.850760 [0]    python3: config: //CycloneDDS/Domain/Internal: SocketReceiveBufferSize: unknown element (line 17)
1787549596.850779 [0]    python3: config: //CycloneDDS/Domain/Internal: SocketSendBufferSize: unknown element (line 18)
[ERROR] [1787549596.850880320] [rmw_cyclonedds_cpp]: rmw_create_node: failed to create domain, error Error

>>> [rcutils|error_handling.c:108] rcutils_set_error_state()
This error state is being overwritten:

  'error not set, at /tmp/binarydeb/ros-foxy-rcl-1.1.14/src/rcl/node.c:276'

with this new error message:

  'rcl node's rmw handle is invalid, at /tmp/binarydeb/ros-foxy-rcl-1.1.14/src/rcl/node.c:428'

rcutils_reset_error() should be called after error handling to avoid this.
<<<
[ERROR] [1787549596.851037376] [rcl]: Failed to fini publisher for node: 1
[manual-web-demo-worker] init failure: RCLError: Unknown error creating node: rcl node's rmw handle is invalid, at /tmp/binarydeb/ros-foxy-rcl-1.1.14/src/rcl/node.c:428
1787549599.196657 [0]    python3: config: //CycloneDDS/Domain/General: Interfaces: unknown element (file:///home/unitree/robotscene/runtime/go2w/cyclonedds_eth0.xml line 5)
1787549599.199125 [0]    python3: config: //CycloneDDS/Domain/Internal: SocketReceiveBufferSize: unknown element (line 17)
1787549599.199416 [0]    python3: config: //CycloneDDS/Domain/Internal: SocketSendBufferSize: unknown element (line 18)
[ERROR] [1787549599.199779136] [rmw_cyclonedds_cpp]: rmw_create_node: failed to create domain, error Error

>>> [rcutils|error_handling.c:108] rcutils_set_error_state()
This error state is being overwritten:

  'error not set, at /tmp/binarydeb/ros-foxy-rcl-1.1.14/src/rcl/node.c:276'

with this new error message:

  'rcl node's rmw handle is invalid, at /tmp/binarydeb/ros-foxy-rcl-1.1.14/src/rcl/node.c:428'

rcutils_reset_error() should be called after error handling to avoid this.
<<<
[ERROR] [1787549599.200303072] [rcl]: Failed to fini publisher for node: 1
[manual-web-demo-worker] init failure: RCLError: Unknown error creating node: rcl node's rmw handle is invalid, at /tmp/binarydeb/ros-foxy-rcl-1.1.14/src/rcl/node.c:428
1787549600.659155 [0]    python3: config: //CycloneDDS/Domain/General: Interfaces: unknown element (file:///home/unitree/robotscene/runtime/go2w/cyclonedds_eth0.xml line 5)
1787549600.659477 [0]    python3: config: //CycloneDDS/Domain/Internal: SocketReceiveBufferSize: unknown element (line 17)
1787549600.659609 [0]    python3: config: //CycloneDDS/Domain/Internal: SocketSendBufferSize: unknown element (line 18)
[ERROR] [1787549600.659836192] [rmw_cyclonedds_cpp]: rmw_create_node: failed to create domain, error Error

>>> [rcutils|error_handling.c:108] rcutils_set_error_state()
This error state is being overwritten:

  'error not set, at /tmp/binarydeb/ros-foxy-rcl-1.1.14/src/rcl/node.c:276'

with this new error message:

  'rcl node's rmw handle is invalid, at /tmp/binarydeb/ros-foxy-rcl-1.1.14/src/rcl/node.c:428'

rcutils_reset_error() should be called after error handling to avoid this.
<<<
[ERROR] [1787549600.660079808] [rcl]: Failed to fini publisher for node: 1
[manual-web-demo-worker] init failure: RCLError: Unknown error creating node: rcl node's rmw handle is invalid, at /tmp/binarydeb/ros-foxy-rcl-1.1.14/src/rcl/node.c:428
1787549603.287220 [0]    python3: config: //CycloneDDS/Domain/General: Interfaces: unknown element (file:///home/unitree/robotscene/runtime/go2w/cyclonedds_eth0.xml line 5)
1787549603.287514 [0]    python3: config: //CycloneDDS/Domain/Internal: SocketReceiveBufferSize: unknown element (line 17)
1787549603.287599 [0]    python3: config: //CycloneDDS/Domain/Internal: SocketSendBufferSize: unknown element (line 18)
[ERROR] [1787549603.287777280] [rmw_cyclonedds_cpp]: rmw_create_node: failed to create domain, error Error

>>> [rcutils|error_handling.c:108] rcutils_set_error_state()
This error state is being overwritten:

  'error not set, at /tmp/binarydeb/ros-foxy-rcl-1.1.14/src/rcl/node.c:276'

with this new error message:

  'rcl node's rmw handle is invalid, at /tmp/binarydeb/ros-foxy-rcl-1.1.14/src/rcl/node.c:428'

rcutils_reset_error() should be called after error handling to avoid this.
<<<
[ERROR] [1787549603.287997376] [rcl]: Failed to fini publisher for node: 1
[manual-web-demo-worker] init failure: RCLError: Unknown error creating node: rcl node's rmw handle is invalid, at /tmp/binarydeb/ros-foxy-rcl-1.1.14/src/rcl/node.c:428
1787549605.944368 [0]    python3: config: //CycloneDDS/Domain/General: Interfaces: unknown element (file:///home/unitree/robotscene/runtime/go2w/cyclonedds_eth0.xml line 5)
1787549605.944506 [0]    python3: config: //CycloneDDS/Domain/Internal: SocketReceiveBufferSize: unknown element (line 17)
1787549605.944527 [0]    python3: config: //CycloneDDS/Domain/Internal: SocketSendBufferSize: unknown element (line 18)
[ERROR] [1787549605.944641248] [rmw_cyclonedds_cpp]: rmw_create_node: failed to create domain, error Error

>>> [rcutils|error_handling.c:108] rcutils_set_error_state()
This error state is being overwritten:

  'error not set, at /tmp/binarydeb/ros-foxy-rcl-1.1.14/src/rcl/node.c:276'

with this new error message:

  'rcl node's rmw handle is invalid, at /tmp/binarydeb/ros-foxy-rcl-1.1.14/src/rcl/node.c:428'

rcutils_reset_error() should be called after error handling to avoid this.
<<<
[ERROR] [1787549605.944740704] [rcl]: Failed to fini publisher for node: 1
[manual-web-demo-worker] init failure: RCLError: Unknown error creating node: rcl node's rmw handle is invalid, at /tmp/binarydeb/ros-foxy-rcl-1.1.14/src/rcl/node.c:428
1787549608.191912 [0]    python3: config: //CycloneDDS/Domain/General: Interfaces: unknown element (file:///home/unitree/robotscene/runtime/go2w/cyclonedds_eth0.xml line 5)
1787549608.192061 [0]    python3: config: //CycloneDDS/Domain/Internal: SocketReceiveBufferSize: unknown element (line 17)
1787549608.192082 [0]    python3: config: //CycloneDDS/Domain/Internal: SocketSendBufferSize: unknown element (line 18)
[ERROR] [1787549608.192188928] [rmw_cyclonedds_cpp]: rmw_create_node: failed to create domain, error Error

>>> [rcutils|error_handling.c:108] rcutils_set_error_state()
This error state is being overwritten:

  'error not set, at /tmp/binarydeb/ros-foxy-rcl-1.1.14/src/rcl/node.c:276'

with this new error message:

  'rcl node's rmw handle is invalid, at /tmp/binarydeb/ros-foxy-rcl-1.1.14/src/rcl/node.c:428'

rcutils_reset_error() should be called after error handling to avoid this.
<<<
[ERROR] [1787549608.192309888] [rcl]: Failed to fini publisher for node: 1
[manual-web-demo-worker] init failure: RCLError: Unknown error creating node: rcl node's rmw handle is invalid, at /tmp/binarydeb/ros-foxy-rcl-1.1.14/src/rcl/node.c:428
1787549611.100968 [0]    python3: config: //CycloneDDS/Domain/General: Interfaces: unknown element (file:///home/unitree/robotscene/runtime/go2w/cyclonedds_eth0.xml line 5)
1787549611.101276 [0]    python3: config: //CycloneDDS/Domain/Internal: SocketReceiveBufferSize: unknown element (line 17)
1787549611.101393 [0]    python3: config: //CycloneDDS/Domain/Internal: SocketSendBufferSize: unknown element (line 18)
[ERROR] [1787549611.101610176] [rmw_cyclonedds_cpp]: rmw_create_node: failed to create domain, error Error

>>> [rcutils|error_handling.c:108] rcutils_set_error_state()
This error state is being overwritten:

  'error not set, at /tmp/binarydeb/ros-foxy-rcl-1.1.14/src/rcl/node.c:276'

with this new error message:

  'rcl node's rmw handle is invalid, at /tmp/binarydeb/ros-foxy-rcl-1.1.14/src/rcl/node.c:428'

rcutils_reset_error() should be called after error handling to avoid this.
<<<
[ERROR] [1787549611.102553952] [rcl]: Failed to fini publisher for node: 1
[manual-web-demo-worker] init failure: RCLError: Unknown error creating node: rcl node's rmw handle is invalid, at /tmp/binarydeb/ros-foxy-rcl-1.1.14/src/rcl/node.c:428
1787549614.483371 [0]    python3: config: //CycloneDDS/Domain/General: Interfaces: unknown element (file:///home/unitree/robotscene/runtime/go2w/cyclonedds_eth0.xml line 5)
1787549614.483597 [0]    python3: config: //CycloneDDS/Domain/Internal: SocketReceiveBufferSize: unknown element (line 17)
1787549614.483621 [0]    python3: config: //CycloneDDS/Domain/Internal: SocketSendBufferSize: unknown element (line 18)
[ERROR] [1787549614.483762400] [rmw_cyclonedds_cpp]: rmw_create_node: failed to create domain, error Error

>>> [rcutils|error_handling.c:108] rcutils_set_error_state()
This error state is being overwritten:

  'error not set, at /tmp/binarydeb/ros-foxy-rcl-1.1.14/src/rcl/node.c:276'

with this new error message:

  'rcl node's rmw handle is invalid, at /tmp/binarydeb/ros-foxy-rcl-1.1.14/src/rcl/node.c:428'

rcutils_reset_error() should be called after error handling to avoid this.
<<<
[ERROR] [1787549614.484122624] [rcl]: Failed to fini publisher for node: 1
[manual-web-demo-worker] init failure: RCLError: Unknown error creating node: rcl node's rmw handle is invalid, at /tmp/binarydeb/ros-foxy-rcl-1.1.14/src/rcl/node.c:428
1787549615.541818 [0]    python3: config: //CycloneDDS/Domain/General: Interfaces: unknown element (file:///home/unitree/robotscene/runtime/go2w/cyclonedds_eth0.xml line 5)
1787549615.545888 [0]    python3: config: //CycloneDDS/Domain/Internal: SocketReceiveBufferSize: unknown element (line 17)
1787549615.546120 [0]    python3: config: //CycloneDDS/Domain/Internal: SocketSendBufferSize: unknown element (line 18)
[ERROR] [1787549615.546343680] [rmw_cyclonedds_cpp]: rmw_create_node: failed to create domain, error Error

>>> [rcutils|error_handling.c:108] rcutils_set_error_state()
This error state is being overwritten:

  'error not set, at /tmp/binarydeb/ros-foxy-rcl-1.1.14/src/rcl/node.c:276'

with this new error message:

  'rcl node's rmw handle is invalid, at /tmp/binarydeb/ros-foxy-rcl-1.1.14/src/rcl/node.c:428'

rcutils_reset_error() should be called after error handling to avoid this.
<<<
[ERROR] [1787549615.548558464] [rcl]: Failed to fini publisher for node: 1
[manual-web-demo-worker] init failure: RCLError: Unknown error creating node: rcl node's rmw handle is invalid, at /tmp/binarydeb/ros-foxy-rcl-1.1.14/src/rcl/node.c:428
1787549618.913663 [0]    python3: config: //CycloneDDS/Domain/General: Interfaces: unknown element (file:///home/unitree/robotscene/runtime/go2w/cyclonedds_eth0.xml line 5)
1787549618.913937 [0]    python3: config: //CycloneDDS/Domain/Internal: SocketReceiveBufferSize: unknown element (line 17)
1787549618.913964 [0]    python3: config: //CycloneDDS/Domain/Internal: SocketSendBufferSize: unknown element (line 18)
[ERROR] [1787549618.914202848] [rmw_cyclonedds_cpp]: rmw_create_node: failed to create domain, error Error

>>> [rcutils|error_handling.c:108] rcutils_set_error_state()
This error state is being overwritten:

  'error not set, at /tmp/binarydeb/ros-foxy-rcl-1.1.14/src/rcl/node.c:276'

with this new error message:

  'rcl node's rmw handle is invalid, at /tmp/binarydeb/ros-foxy-rcl-1.1.14/src/rcl/node.c:428'

rcutils_reset_error() should be called after error handling to avoid this.
<<<
[ERROR] [1787549618.914366272] [rcl]: Failed to fini publisher for node: 1
[manual-web-demo-worker] init failure: RCLError: Unknown error creating node: rcl node's rmw handle is invalid, at /tmp/binarydeb/ros-foxy-rcl-1.1.14/src/rcl/node.c:428
1787549621.241389 [0]    python3: config: //CycloneDDS/Domain/General: Interfaces: unknown element (file:///home/unitree/robotscene/runtime/go2w/cyclonedds_eth0.xml line 5)
1787549621.241737 [0]    python3: config: //CycloneDDS/Domain/Internal: SocketReceiveBufferSize: unknown element (line 17)
1787549621.241834 [0]    python3: config: //CycloneDDS/Domain/Internal: SocketSendBufferSize: unknown element (line 18)
[ERROR] [1787549621.242029120] [rmw_cyclonedds_cpp]: rmw_create_node: failed to create domain, error Error

>>> [rcutils|error_handling.c:108] rcutils_set_error_state()
This error state is being overwritten:

  'error not set, at /tmp/binarydeb/ros-foxy-rcl-1.1.14/src/rcl/node.c:276'

with this new error message:

  'rcl node's rmw handle is invalid, at /tmp/binarydeb/ros-foxy-rcl-1.1.14/src/rcl/node.c:428'

rcutils_reset_error() should be called after error handling to avoid this.
<<<
[ERROR] [1787549621.242288224] [rcl]: Failed to fini publisher for node: 1
[manual-web-demo-worker] init failure: RCLError: Unknown error creating node: rcl node's rmw handle is invalid, at /tmp/binarydeb/ros-foxy-rcl-1.1.14/src/rcl/node.c:428
1787549623.470736 [0]    python3: config: //CycloneDDS/Domain/General: Interfaces: unknown element (file:///home/unitree/robotscene/runtime/go2w/cyclonedds_eth0.xml line 5)
1787549623.471045 [0]    python3: config: //CycloneDDS/Domain/Internal: SocketReceiveBufferSize: unknown element (line 17)
1787549623.471139 [0]    python3: config: //CycloneDDS/Domain/Internal: SocketSendBufferSize: unknown element (line 18)
[ERROR] [1787549623.471330048] [rmw_cyclonedds_cpp]: rmw_create_node: failed to create domain, error Error

>>> [rcutils|error_handling.c:108] rcutils_set_error_state()
This error state is being overwritten:

  'error not set, at /tmp/binarydeb/ros-foxy-rcl-1.1.14/src/rcl/node.c:276'

with this new error message:

  'rcl node's rmw handle is invalid, at /tmp/binarydeb/ros-foxy-rcl-1.1.14/src/rcl/node.c:428'

rcutils_reset_error() should be called after error handling to avoid this.
<<<
[ERROR] [1787549623.471557344] [rcl]: Failed to fini publisher for node: 1
[manual-web-demo-worker] init failure: RCLError: Unknown error creating node: rcl node's rmw handle is invalid, at /tmp/binarydeb/ros-foxy-rcl-1.1.14/src/rcl/node.c:428
1787549625.893808 [0]    python3: config: //CycloneDDS/Domain/General: Interfaces: unknown element (file:///home/unitree/robotscene/runtime/go2w/cyclonedds_eth0.xml line 5)
1787549625.894373 [0]    python3: config: //CycloneDDS/Domain/Internal: SocketReceiveBufferSize: unknown element (line 17)
1787549625.894643 [0]    python3: config: //CycloneDDS/Domain/Internal: SocketSendBufferSize: unknown element (line 18)
[ERROR] [1787549625.894917184] [rmw_cyclonedds_cpp]: rmw_create_node: failed to create domain, error Error

>>> [rcutils|error_handling.c:108] rcutils_set_error_state()
This error state is being overwritten:

  'error not set, at /tmp/binarydeb/ros-foxy-rcl-1.1.14/src/rcl/node.c:276'

with this new error message:

  'rcl node's rmw handle is invalid, at /tmp/binarydeb/ros-foxy-rcl-1.1.14/src/rcl/node.c:428'

rcutils_reset_error() should be called after error handling to avoid this.
<<<
[ERROR] [1787549625.895407936] [rcl]: Failed to fini publisher for node: 1
[manual-web-demo-worker] init failure: RCLError: Unknown error creating node: rcl node's rmw handle is invalid, at /tmp/binarydeb/ros-foxy-rcl-1.1.14/src/rcl/node.c:428
1787549628.329994 [0]    python3: config: //CycloneDDS/Domain/General: Interfaces: unknown element (file:///home/unitree/robotscene/runtime/go2w/cyclonedds_eth0.xml line 5)
1787549628.330142 [0]    python3: config: //CycloneDDS/Domain/Internal: SocketReceiveBufferSize: unknown element (line 17)
1787549628.336389 [0]    python3: config: //CycloneDDS/Domain/Internal: SocketSendBufferSize: unknown element (line 18)
[ERROR] [1787549628.336791168] [rmw_cyclonedds_cpp]: rmw_create_node: failed to create domain, error Error

>>> [rcutils|error_handling.c:108] rcutils_set_error_state()
This error state is being overwritten:

  'error not set, at /tmp/binarydeb/ros-foxy-rcl-1.1.14/src/rcl/node.c:276'

with this new error message:

  'rcl node's rmw handle is invalid, at /tmp/binarydeb/ros-foxy-rcl-1.1.14/src/rcl/node.c:428'

rcutils_reset_error() should be called after error handling to avoid this.
<<<
[ERROR] [1787549628.337048800] [rcl]: Failed to fini publisher for node: 1
[manual-web-demo-worker] init failure: RCLError: Unknown error creating node: rcl node's rmw handle is invalid, at /tmp/binarydeb/ros-foxy-rcl-1.1.14/src/rcl/node.c:428
1787549629.944897 [0]    python3: config: //CycloneDDS/Domain/General: Interfaces: unknown element (file:///home/unitree/robotscene/runtime/go2w/cyclonedds_eth0.xml line 5)
1787549629.945037 [0]    python3: config: //CycloneDDS/Domain/Internal: SocketReceiveBufferSize: unknown element (line 17)
1787549629.945069 [0]    python3: config: //CycloneDDS/Domain/Internal: SocketSendBufferSize: unknown element (line 18)
[ERROR] [1787549629.945205120] [rmw_cyclonedds_cpp]: rmw_create_node: failed to create domain, error Error

>>> [rcutils|error_handling.c:108] rcutils_set_error_state()
This error state is being overwritten:

  'error not set, at /tmp/binarydeb/ros-foxy-rcl-1.1.14/src/rcl/node.c:276'

with this new error message:

  'rcl node's rmw handle is invalid, at /tmp/binarydeb/ros-foxy-rcl-1.1.14/src/rcl/node.c:428'

rcutils_reset_error() should be called after error handling to avoid this.
<<<
[ERROR] [1787549629.945322304] [rcl]: Failed to fini publisher for node: 1
[manual-web-demo-worker] init failure: RCLError: Unknown error creating node: rcl node's rmw handle is invalid, at /tmp/binarydeb/ros-foxy-rcl-1.1.14/src/rcl/node.c:428
1787549632.875672 [0]    python3: config: //CycloneDDS/Domain/General: Interfaces: unknown element (file:///home/unitree/robotscene/runtime/go2w/cyclonedds_eth0.xml line 5)
1787549632.885187 [0]    python3: config: //CycloneDDS/Domain/Internal: SocketReceiveBufferSize: unknown element (line 17)
1787549632.885278 [0]    python3: config: //CycloneDDS/Domain/Internal: SocketSendBufferSize: unknown element (line 18)
[ERROR] [1787549632.885444960] [rmw_cyclonedds_cpp]: rmw_create_node: failed to create domain, error Error

>>> [rcutils|error_handling.c:108] rcutils_set_error_state()
This error state is being overwritten:

  'error not set, at /tmp/binarydeb/ros-foxy-rcl-1.1.14/src/rcl/node.c:276'

with this new error message:

  'rcl node's rmw handle is invalid, at /tmp/binarydeb/ros-foxy-rcl-1.1.14/src/rcl/node.c:428'

rcutils_reset_error() should be called after error handling to avoid this.
<<<
[ERROR] [1787549632.886794656] [rcl]: Failed to fini publisher for node: 1
[manual-web-demo-worker] init failure: RCLError: Unknown error creating node: rcl node's rmw handle is invalid, at /tmp/binarydeb/ros-foxy-rcl-1.1.14/src/rcl/node.c:428
1787549634.499597 [0]    python3: config: //CycloneDDS/Domain/General: Interfaces: unknown element (file:///home/unitree/robotscene/runtime/go2w/cyclonedds_eth0.xml line 5)
1787549634.501045 [0]    python3: config: //CycloneDDS/Domain/Internal: SocketReceiveBufferSize: unknown element (line 17)
1787549634.501238 [0]    python3: config: //CycloneDDS/Domain/Internal: SocketSendBufferSize: unknown element (line 18)
[ERROR] [1787549634.501984032] [rmw_cyclonedds_cpp]: rmw_create_node: failed to create domain, error Error

>>> [rcutils|error_handling.c:108] rcutils_set_error_state()
This error state is being overwritten:

  'error not set, at /tmp/binarydeb/ros-foxy-rcl-1.1.14/src/rcl/node.c:276'

with this new error message:

  'rcl node's rmw handle is invalid, at /tmp/binarydeb/ros-foxy-rcl-1.1.14/src/rcl/node.c:428'

rcutils_reset_error() should be called after error handling to avoid this.
<<<
[ERROR] [1787549634.503804032] [rcl]: Failed to fini publisher for node: 1
[manual-web-demo-worker] init failure: RCLError: Unknown error creating node: rcl node's rmw handle is invalid, at /tmp/binarydeb/ros-foxy-rcl-1.1.14/src/rcl/node.c:428
1787549636.023263 [0]    python3: config: //CycloneDDS/Domain/General: Interfaces: unknown element (file:///home/unitree/robotscene/runtime/go2w/cyclonedds_eth0.xml line 5)
1787549636.023420 [0]    python3: config: //CycloneDDS/Domain/Internal: SocketReceiveBufferSize: unknown element (line 17)
1787549636.023446 [0]    python3: config: //CycloneDDS/Domain/Internal: SocketSendBufferSize: unknown element (line 18)
[ERROR] [1787549636.023569088] [rmw_cyclonedds_cpp]: rmw_create_node: failed to create domain, error Error

>>> [rcutils|error_handling.c:108] rcutils_set_error_state()
This error state is being overwritten:

  'error not set, at /tmp/binarydeb/ros-foxy-rcl-1.1.14/src/rcl/node.c:276'

with this new error message:

  'rcl node's rmw handle is invalid, at /tmp/binarydeb/ros-foxy-rcl-1.1.14/src/rcl/node.c:428'

rcutils_reset_error() should be called after error handling to avoid this.
<<<
[ERROR] [1787549636.023669632] [rcl]: Failed to fini publisher for node: 1
[manual-web-demo-worker] init failure: RCLError: Unknown error creating node: rcl node's rmw handle is invalid, at /tmp/binarydeb/ros-foxy-rcl-1.1.14/src/rcl/node.c:428
1787549638.711702 [0]    python3: config: //CycloneDDS/Domain/General: Interfaces: unknown element (file:///home/unitree/robotscene/runtime/go2w/cyclonedds_eth0.xml line 5)
1787549638.714637 [0]    python3: config: //CycloneDDS/Domain/Internal: SocketReceiveBufferSize: unknown element (line 17)
1787549638.714884 [0]    python3: config: //CycloneDDS/Domain/Internal: SocketSendBufferSize: unknown element (line 18)
[ERROR] [1787549638.715121728] [rmw_cyclonedds_cpp]: rmw_create_node: failed to create domain, error Error

>>> [rcutils|error_handling.c:108] rcutils_set_error_state()
This error state is being overwritten:

  'error not set, at /tmp/binarydeb/ros-foxy-rcl-1.1.14/src/rcl/node.c:276'

with this new error message:

  'rcl node's rmw handle is invalid, at /tmp/binarydeb/ros-foxy-rcl-1.1.14/src/rcl/node.c:428'

rcutils_reset_error() should be called after error handling to avoid this.
<<<
[ERROR] [1787549638.715585888] [rcl]: Failed to fini publisher for node: 1
[manual-web-demo-worker] init failure: RCLError: Unknown error creating node: rcl node's rmw handle is invalid, at /tmp/binarydeb/ros-foxy-rcl-1.1.14/src/rcl/node.c:428
1787549640.327770 [0]    python3: config: //CycloneDDS/Domain/General: Interfaces: unknown element (file:///home/unitree/robotscene/runtime/go2w/cyclonedds_eth0.xml line 5)
1787549640.328136 [0]    python3: config: //CycloneDDS/Domain/Internal: SocketReceiveBufferSize: unknown element (line 17)
1787549640.328241 [0]    python3: config: //CycloneDDS/Domain/Internal: SocketSendBufferSize: unknown element (line 18)
[ERROR] [1787549640.328477344] [rmw_cyclonedds_cpp]: rmw_create_node: failed to create domain, error Error

>>> [rcutils|error_handling.c:108] rcutils_set_error_state()
This error state is being overwritten:

  'error not set, at /tmp/binarydeb/ros-foxy-rcl-1.1.14/src/rcl/node.c:276'

with this new error message:

  'rcl node's rmw handle is invalid, at /tmp/binarydeb/ros-foxy-rcl-1.1.14/src/rcl/node.c:428'

rcutils_reset_error() should be called after error handling to avoid this.
<<<
[ERROR] [1787549640.328720544] [rcl]: Failed to fini publisher for node: 1
[manual-web-demo-worker] init failure: RCLError: Unknown error creating node: rcl node's rmw handle is invalid, at /tmp/binarydeb/ros-foxy-rcl-1.1.14/src/rcl/node.c:428
1787549642.607188 [0]    python3: config: //CycloneDDS/Domain/General: Interfaces: unknown element (file:///home/unitree/robotscene/runtime/go2w/cyclonedds_eth0.xml line 5)
1787549642.612342 [0]    python3: config: //CycloneDDS/Domain/Internal: SocketReceiveBufferSize: unknown element (line 17)
1787549642.612606 [0]    python3: config: //CycloneDDS/Domain/Internal: SocketSendBufferSize: unknown element (line 18)
[ERROR] [1787549642.612854208] [rmw_cyclonedds_cpp]: rmw_create_node: failed to create domain, error Error

>>> [rcutils|error_handling.c:108] rcutils_set_error_state()
This error state is being overwritten:

  'error not set, at /tmp/binarydeb/ros-foxy-rcl-1.1.14/src/rcl/node.c:276'

with this new error message:

  'rcl node's rmw handle is invalid, at /tmp/binarydeb/ros-foxy-rcl-1.1.14/src/rcl/node.c:428'

rcutils_reset_error() should be called after error handling to avoid this.
<<<
[ERROR] [1787549642.613343264] [rcl]: Failed to fini publisher for node: 1
[manual-web-demo-worker] init failure: RCLError: Unknown error creating node: rcl node's rmw handle is invalid, at /tmp/binarydeb/ros-foxy-rcl-1.1.14/src/rcl/node.c:428
1787549644.615425 [0]    python3: config: //CycloneDDS/Domain/General: Interfaces: unknown element (file:///home/unitree/robotscene/runtime/go2w/cyclonedds_eth0.xml line 5)
1787549644.615705 [0]    python3: config: //CycloneDDS/Domain/Internal: SocketReceiveBufferSize: unknown element (line 17)
1787549644.615794 [0]    python3: config: //CycloneDDS/Domain/Internal: SocketSendBufferSize: unknown element (line 18)
[ERROR] [1787549644.615976608] [rmw_cyclonedds_cpp]: rmw_create_node: failed to create domain, error Error

>>> [rcutils|error_handling.c:108] rcutils_set_error_state()
This error state is being overwritten:

  'error not set, at /tmp/binarydeb/ros-foxy-rcl-1.1.14/src/rcl/node.c:276'

with this new error message:

  'rcl node's rmw handle is invalid, at /tmp/binarydeb/ros-foxy-rcl-1.1.14/src/rcl/node.c:428'

rcutils_reset_error() should be called after error handling to avoid this.
<<<
[ERROR] [1787549644.616199872] [rcl]: Failed to fini publisher for node: 1
[manual-web-demo-worker] init failure: RCLError: Unknown error creating node: rcl node's rmw handle is invalid, at /tmp/binarydeb/ros-foxy-rcl-1.1.14/src/rcl/node.c:428
[INFO] [1787550251.136373280] [manual_web_demo_ros_worker]: manual web demo ROS worker ready
[INFO] [1787565376.233080512] [manual_web_demo_ros_worker]: manual web demo ROS worker ready
[INFO] [1787566959.968976608] [manual_web_demo_ros_worker]: manual web demo ROS worker ready
[INFO] [1787567300.382207840] [manual_web_demo_ros_worker]: manual web demo ROS worker ready
[INFO] [1787567645.832294336] [manual_web_demo_ros_worker]: manual web demo ROS worker ready
[INFO] [1787569721.117536736] [manual_web_demo_ros_worker]: manual web demo ROS worker ready
[INFO] [1787570699.809061024] [manual_web_demo_ros_worker]: manual web demo ROS worker ready
[INFO] [1787626566.144957312] [manual_web_demo_ros_worker]: manual web demo ROS worker ready
[INFO] [1787644835.821402624] [manual_web_demo_ros_worker]: manual web demo ROS worker ready
[INFO] [1787645064.837122912] [manual_web_demo_ros_worker]: manual web demo ROS worker ready
[INFO] [1787645130.961514784] [manual_web_demo_ros_worker]: manual web demo ROS worker ready
[INFO] [1787645182.562756352] [manual_web_demo_ros_worker]: manual web demo ROS worker ready
[ERROR] [1787645345.880200768] [manual_web_demo_ros_worker]: worker watchdog: Web keepalive expired; stopping motion
[ERROR] [1787645368.263261728] [manual_web_demo_ros_worker]: worker watchdog: Web keepalive expired; stopping motion
[ERROR] [1787645368.364131520] [manual_web_demo_ros_worker]: worker watchdog: Web keepalive expired; stopping motion
[ERROR] [1787645368.466564640] [manual_web_demo_ros_worker]: worker watchdog: Web keepalive expired; stopping motion
[ERROR] [1787645368.563121568] [manual_web_demo_ros_worker]: worker watchdog: Web keepalive expired; stopping motion
[ERROR] [1787645368.663226240] [manual_web_demo_ros_worker]: worker watchdog: Web keepalive expired; stopping motion
[ERROR] [1787645373.163496928] [manual_web_demo_ros_worker]: worker watchdog: Web keepalive expired; stopping motion
[ERROR] [1787645373.263192576] [manual_web_demo_ros_worker]: worker watchdog: Web keepalive expired; stopping motion
[ERROR] [1787645373.362879136] [manual_web_demo_ros_worker]: worker watchdog: Web keepalive expired; stopping motion
[ERROR] [1787645398.664209376] [manual_web_demo_ros_worker]: worker watchdog: Web keepalive expired; stopping motion
[INFO] [1787645453.496363072] [manual_web_demo_ros_worker]: manual web demo ROS worker ready
Exception ignored in: <function ActionClient.__del__ at 0xffff9e2ba310>
Traceback (most recent call last):
  File "/opt/ros/foxy/lib/python3.8/site-packages/rclpy/action/client.py", line 605, in __del__
    self.destroy()
  File "/opt/ros/foxy/lib/python3.8/site-packages/rclpy/action/client.py", line 598, in destroy
    with self._node.handle as node_capsule:
  File "/opt/ros/foxy/lib/python3.8/site-packages/rclpy/handle.py", line 124, in __enter__
    return self._get_capsule()
  File "/opt/ros/foxy/lib/python3.8/site-packages/rclpy/handle.py", line 106, in _get_capsule
    raise InvalidHandle('Tried to use a handle that has been destroyed.')
rclpy.handle.InvalidHandle: Tried to use a handle that has been destroyed.
[INFO] [1787645782.921575008] [manual_web_demo_ros_worker]: manual web demo ROS worker ready
[INFO] [1787646919.313176896] [manual_web_demo_ros_worker]: manual web demo ROS worker ready
Exception ignored in: <function ActionClient.__del__ at 0xffff80578310>
Traceback (most recent call last):
  File "/opt/ros/foxy/lib/python3.8/site-packages/rclpy/action/client.py", line 605, in __del__
    self.destroy()
  File "/opt/ros/foxy/lib/python3.8/site-packages/rclpy/action/client.py", line 598, in destroy
    with self._node.handle as node_capsule:
  File "/opt/ros/foxy/lib/python3.8/site-packages/rclpy/handle.py", line 124, in __enter__
    return self._get_capsule()
  File "/opt/ros/foxy/lib/python3.8/site-packages/rclpy/handle.py", line 106, in _get_capsule
    raise InvalidHandle('Tried to use a handle that has been destroyed.')
rclpy.handle.InvalidHandle: Tried to use a handle that has been destroyed.
[INFO] [1787647097.583600288] [manual_web_demo_ros_worker]: manual web demo ROS worker ready
[INFO] [1787647706.359904768] [manual_web_demo_ros_worker]: manual web demo ROS worker ready
[INFO] [1787647749.224712928] [manual_web_demo_ros_worker]: manual web demo ROS worker ready
[INFO] [1788140601.755723072] [manual_web_demo_ros_worker]: manual web demo ROS worker ready
